ticker,direction,entry_date,hold_days,ret_pct,max_hold_used
AAPL,long,2021-11-19,10,4.865216444455189,True
AAPL,long,2022-01-07,1,-0.4048799529836167,False
AAPL,long,2022-06-10,2,-5.3607102494292125,False
AAPL,short,2022-09-30,10,2.0526570792335996,True
AAPL,short,2022-12-12,10,8.87876555003766,True
AAPL,long,2023-08-01,3,-7.261516307130556,False
AAPL,short,2023-10-06,2,-2.640964474853158,False
AAPL,short,2024-04-09,10,1.0669846380080616,True
AAPL,short,2024-09-17,8,-5.580529912460164,False
AAPL,long,2024-10-21,10,-5.3060365124050435,True
AAPL,long,2025-07-03,10,-0.4572242510534452,True
AAPL,short,2025-08-05,3,-12.758118478724189,False
AAPL,long,2025-12-02,10,-2.9646694870803847,True
AAPL,short,2026-01-06,10,7.247193297196864,True
AAPL,long,2026-04-14,10,4.420440291254812,True
ABBV,long,2021-11-01,10,1.3796063669333058,True
ABBV,long,2021-12-08,10,8.27320764433308,True
ABBV,long,2022-02-07,10,3.109725470418079,True
ABBV,short,2022-05-13,2,-0.8864558900945507,False
ABBV,short,2022-06-07,10,-0.43561080698659715,True
ABBV,short,2022-08-02,10,-0.9703998066658004,True
ABBV,short,2022-08-30,8,-5.253815402976447,False
ABBV,long,2022-10-25,10,0.33776937385878725,True
ABBV,long,2022-11-21,10,5.353930277346675,True
ABBV,short,2023-01-13,10,4.234336640457814,True
ABBV,long,2023-03-13,10,5.731539118209938,True
ABBV,short,2023-07-07,7,0.41559758716424033,False
ABBV,long,2023-07-21,10,3.888888113907396,True
ABBV,short,2023-08-28,10,-1.482091229074789,True
ABBV,short,2023-10-30,10,1.4430929165569761,True
ABBV,short,2023-11-29,2,-3.905230562816242,False
ABBV,long,2024-02-06,10,2.0332103799949763,True
ABBV,long,2024-03-07,9,-3.249354020316908,False
ABBV,short,2024-04-05,10,0.9464263916015625,True
ABBV,short,2024-05-28,7,-7.815798364991777,False
ABBV,short,2024-07-18,2,0.48151123679288643,False
ABBV,short,2024-10-21,9,-7.86391596095477,False
ABBV,long,2025-01-06,8,-5.100122404558293,False
ABBV,long,2025-06-11,10,-1.3467852017949533,True
ABBV,long,2025-07-11,10,-1.8618807683302818,True
ABBV,long,2025-08-08,10,5.786620537725917,True
ABBV,short,2025-11-03,9,-7.236481661706695,False
ABBV,short,2025-12-15,9,-2.943270907531148,False
ABBV,short,2026-01-13,10,0.39174628302902637,True
ABBV,long,2026-03-05,6,-5.886387456493458,False
ABBV,short,2026-03-18,10,1.6109859370530555,True
ABBV,short,2026-04-24,10,-1.3170514615393758,True
ABBV,long,2026-05-18,10,2.3910248115444954,True
ABBV,long,2026-07-29,4,-7.724911647329014,False
ABNB,long,2021-11-08,10,-10.631920200174893,True
ABNB,short,2022-01-25,10,-12.758861284983091,True
ABNB,short,2022-04-25,10,22.652756216994952,True
ABNB,long,2022-06-13,3,-9.324255206774401,False
ABNB,long,2022-07-22,10,8.124829886545948,True
ABNB,long,2022-10-20,10,-20.911046110985755,True
ABNB,short,2022-12-19,10,0.8825839533832203,True
ABNB,short,2023-04-11,10,0.9290245930407282,True
ABNB,long,2023-07-13,10,6.865279810885894,True
ABNB,long,2023-11-17,10,5.566518229313022,True
ABNB,short,2024-01-23,10,-1.246934346267503,True
ABNB,long,2024-03-04,10,1.2257703493947947,True
ABNB,short,2024-04-09,10,0.3714058137921472,True
ABNB,short,2024-05-13,10,0.027207442428811568,True
ABNB,long,2024-07-03,8,-1.7217913665256046,False
ABNB,short,2024-07-25,10,18.838938485204647,True
ABNB,long,2024-09-20,10,0.015408050665333128,True
ABNB,long,2024-11-08,3,-1.4182844643045533,False
ABNB,long,2024-12-11,4,-4.6437752543535105,False
ABNB,long,2025-02-14,10,-10.87650668305743,True
ABNB,long,2025-07-31,1,-4.994430966633812,False
ABNB,short,2025-10-09,7,-5.603519883199204,False
ABNB,short,2026-01-21,10,4.6814008392859545,True
ABNB,short,2026-03-31,10,-9.94642587540242,True
ABNB,short,2026-05-18,10,-0.6367086917720144,True
ABNB,long,2026-06-22,10,5.546891446451641,True
ABNB,short,2026-07-29,2,0.32234080131682274,False
ADBE,long,2021-11-30,1,-4.337766483720462,False
ADBE,short,2021-12-07,10,13.454102451402061,True
ADBE,short,2022-02-15,10,2.352186627200137,True
ADBE,long,2022-06-03,8,-12.488676625685823,False
ADBE,long,2022-07-21,10,6.55003502438114,True
ADBE,long,2022-10-21,10,-5.063288059017479,True
ADBE,long,2023-01-24,10,5.416094724012899,True
ADBE,short,2023-05-04,10,-3.5807659888402954,True
ADBE,long,2023-07-14,10,2.228702142341654,True
ADBE,short,2023-08-17,9,-3.878092447916659,False
ADBE,long,2023-12-13,1,-7.260348098205016,False
ADBE,long,2024-05-07,10,-2.1644237580434655,True
ADBE,short,2024-05-31,10,-17.330026830684897,True
ADBE,short,2024-09-17,10,4.0988748850839585,True
ADBE,short,2025-06-18,10,1.2187798627054658,True
ADBE,short,2025-10-13,10,-5.467940395864046,True
ADBE,long,2026-03-06,9,-12.234192034920788,False
ADBE,long,2026-05-06,6,-5.955880291707938,False
ADBE,short,2026-06-01,1,2.922227647569442,False
AMAT,short,2021-12-06,10,0.5281961029693027,True
AMAT,long,2021-12-29,10,-0.2188810869831137,True
AMAT,short,2022-03-08,10,-13.097916931377164,True
AMAT,short,2022-05-12,4,-8.065609683636698,False
AMAT,long,2022-05-31,9,-18.06040221673658,False
AMAT,short,2022-08-25,10,5.3545150721878265,True
AMAT,short,2022-12-23,10,-11.738543993727934,True
AMAT,long,2023-03-10,10,1.0055792447453582,True
AMAT,short,2023-04-14,10,0.29110958828325595,True
AMAT,long,2023-05-16,10,10.320285551380493,True
AMAT,long,2023-06-28,8,-3.6694715554486557,False
AMAT,short,2023-10-26,10,-9.198381132218202,True
AMAT,short,2023-12-14,10,-2.7254883281437436,True
AMAT,short,2024-04-04,1,1.7768510448423536,False
AMAT,short,2024-04-22,10,-9.036803593219723,True
AMAT,long,2024-06-11,10,2.156023146200181,True
AMAT,short,2024-11-18,10,-9.231877184214587,True
AMAT,short,2025-01-07,10,-5.903253841093026,True
AMAT,short,2025-04-04,10,-4.995737679304946,True
AMAT,long,2025-09-16,10,18.717382304671638,True
AMAT,long,2025-10-30,10,-6.119103005489901,True
AMAT,long,2025-12-01,10,4.411938406518456,True
AMAT,long,2026-02-18,10,-1.0701532132107228,True
AMAT,short,2026-04-01,10,-12.919570288046378,True
AMAT,long,2026-05-07,10,0.23454358625503158,True
AMD,short,2021-12-09,10,-0.675114151843248,True
AMD,short,2022-03-15,7,-17.406969101622096,False
AMD,long,2022-05-18,10,8.589996337890614,True
AMD,short,2022-08-29,10,14.458638346716612,True
AMD,long,2022-11-11,10,5.188273232755747,True
AMD,short,2022-12-13,10,16.42847949851228,True
AMD,short,2023-04-19,10,7.784430260258802,True
AMD,short,2023-08-23,10,-0.8897253179702691,True
AMD,short,2023-09-22,10,-10.64795696429439,True
AMD,long,2024-03-01,10,-3.4611722382717924,True
AMD,long,2024-05-17,10,-2.897340044072294,True
AMD,long,2024-07-09,10,-13.468562710733245,True
AMD,short,2025-01-13,10,0.9628735445050274,True
AMD,short,2025-02-26,10,3.963788617132036,True
AMD,long,2025-06-11,10,15.46125832280849,True
AMD,short,2025-08-26,10,5.401720094898543,True
AMD,long,2025-10-07,10,10.788918788586411,True
AMD,short,2025-12-26,10,3.5928099603213415,True
AMD,long,2026-04-07,10,30.344542011552523,True
AMD,long,2026-07-01,10,-10.150130734094597,True
AMD,short,2026-07-30,10,-5.002176036005435,True
AMZN,short,2021-12-07,10,2.395760888316678,True
AMZN,short,2022-01-11,10,14.010837425019352,True
AMZN,short,2022-03-08,8,-17.97364052562658,False
AMZN,long,2022-07-21,10,15.72241140891759,True
AMZN,long,2022-10-31,10,-4.895712451089662,True
AMZN,long,2023-03-21,10,5.920111671823158,True
AMZN,long,2023-04-18,10,-0.3078400232984668,True
AMZN,long,2023-05-09,10,9.015921695276297,True
AMZN,long,2023-06-28,10,4.156972629799105,True
AMZN,long,2023-07-17,7,-4.763677005358269,False
AMZN,short,2023-08-01,4,-6.491949060896096,False
AMZN,short,2023-10-27,1,-5.158486468343515,False
AMZN,long,2023-12-20,10,-5.009802949048014,True
AMZN,long,2024-03-05,10,-0.5821504673796718,True
AMZN,long,2024-04-03,10,0.7670955695565862,True
AMZN,long,2024-09-12,10,3.4415587150019133,True
AMZN,long,2024-11-04,10,2.672435775798565,True
AMZN,short,2025-01-13,7,-7.961111989688452,False
AMZN,short,2025-02-20,10,10.712697731926735,True
AMZN,short,2025-04-04,10,-0.10171309239752624,True
AMZN,long,2025-05-07,10,8.385426688573006,True
AMZN,long,2025-06-11,10,-0.1333924566657041,True
AMZN,short,2025-09-24,10,-0.4773621919940352,True
AMZN,long,2025-10-29,10,5.408554788419084,True
AMZN,short,2026-02-05,10,6.580411191488134,True
AMZN,long,2026-03-10,10,-3.2447812078173155,True
AMZN,short,2026-03-30,6,-9.812390654998747,False
AMZN,short,2026-06-03,10,6.753041678181648,True
AMZN,long,2026-07-15,8,-7.351351595736366,False
ARKK,short,2022-01-07,10,14.33896071914843,True
ARKK,long,2022-02-23,10,-3.6985060531528724,True
ARKK,long,2022-06-15,1,-1.2022462176609405,False
ARKK,long,2022-07-21,10,5.200250814952612,True
ARKK,long,2022-11-14,6,-11.281401884019592,False
ARKK,short,2022-12-16,10,8.965929713345899,True
ARKK,short,2023-04-26,10,-6.419753370669579,True
ARKK,long,2023-07-05,10,13.209654952374695,True
ARKK,short,2023-10-23,10,-11.494259880248237,True
ARKK,long,2024-02-13,10,6.428126008331536,True
ARKK,short,2024-03-19,10,0.2705537360653376,True
ARKK,short,2024-04-08,10,10.673097712645385,True
ARKK,long,2024-05-15,9,-5.625974850088989,False
ARKK,short,2024-05-31,10,-1.55092165998314,True
ARKK,long,2024-07-08,10,3.563666608725047,True
ARKK,long,2024-10-30,10,16.260673686832327,True
ARKK,long,2025-01-23,10,1.983741822281515,True
ARKK,long,2025-02-18,4,-12.989689980290542,False
ARKK,long,2025-09-16,10,7.612698273166285,True
ARKK,short,2025-11-10,10,8.046941742069102,True
ARKK,short,2026-03-27,10,-7.91841444980772,True
ARKK,short,2026-05-20,6,-10.19227366104747,False
ARKK,short,2026-07-20,10,2.8661975897320446,True
AVGO,short,2021-12-08,10,-10.874191424800417,True
AVGO,long,2022-03-28,10,-7.23301645162826,True
AVGO,short,2022-05-24,9,-8.796945634661135,False
AVGO,long,2022-07-21,10,7.8528877715418055,True
AVGO,short,2022-08-25,10,2.0714209709446596,True
AVGO,long,2023-01-13,10,0.7450408109485274,True
AVGO,long,2023-02-03,10,-0.40301192679786935,True
AVGO,short,2023-02-23,7,-8.052921882229903,False
AVGO,long,2023-05-18,10,23.780486031985546,True
AVGO,short,2023-08-11,10,-2.1354638543019,True
AVGO,short,2023-09-21,10,-3.615851822539695,True
AVGO,short,2024-04-22,10,-7.007765720696479,True
AVGO,short,2025-01-16,10,5.930616816532163,True
AVGO,short,2025-03-31,10,-8.43212028329825,True
AVGO,short,2025-08-29,4,-9.081138723814398,False
AVGO,long,2025-10-29,10,-4.815241861556718,True
AVGO,short,2026-01-26,10,-7.5484726610012265,True
AVGO,short,2026-03-27,8,-15.583275738932677,False
AVGO,long,2026-06-03,3,-19.84316118638735,False
AVGO,short,2026-07-13,1,1.1106093099396253,False
AVGO,long,2026-07-24,10,10.338428045566662,True
AXP,long,2021-10-25,6,-7.261820740562419,False
AXP,long,2022-01-05,10,-7.893084548675322,True
AXP,long,2022-07-22,10,-0.9433369296390492,True
AXP,long,2022-11-01,10,2.620693851581324,True
AXP,short,2022-12-20,10,-0.9931630650811263,True
AXP,long,2023-02-28,1,1.091896566434758,False
AXP,short,2023-03-07,10,7.897241145662037,True
AXP,short,2023-05-03,10,0.7634074193400342,True
AXP,short,2023-09-25,10,2.2271856252008115,True
AXP,short,2023-10-23,10,-8.120145224850916,True
AXP,short,2024-06-07,10,0.4044586836171149,True
AXP,long,2024-09-17,10,2.707256572067851,True
AXP,long,2024-10-16,6,-3.1913345312168273,False
AXP,long,2025-01-17,10,1.1213372592226767,True
AXP,short,2025-02-14,10,3.8838118354959206,True
AXP,long,2025-06-26,10,3.1946556875144916,True
AXP,short,2026-01-13,10,0.7258108522916196,True
AXP,short,2026-02-19,10,10.629820667613632,True
AXP,long,2026-04-10,10,-1.0366476338467545,True
AXP,short,2026-05-12,10,-0.06724361466574624,True
AXP,long,2026-06-16,10,3.3162170451050077,True
BA,short,2021-10-22,10,-4.59459474833166,True
BA,long,2022-07-20,10,6.820512429261827,True
BA,short,2022-09-02,10,6.643467618016441,True
BA,long,2022-12-13,10,-1.4284944371410258,True
BA,short,2023-02-27,10,-1.751138282636111,True
BA,long,2023-04-04,10,-1.551883625534345,True
BA,short,2023-05-01,10,1.6872706557765182,True
BA,long,2023-06-05,10,-0.426670886776892,True
BA,long,2023-07-27,10,1.2794875693245222,True
BA,short,2024-02-27,10,8.306369278352587,True
BA,short,2024-08-06,10,-1.9006493726495544,True
BA,long,2024-10-23,10,-8.024997711181637,True
BA,short,2024-11-14,10,-10.397726613874303,True
BA,short,2025-01-17,8,-5.730268287788665,False
BA,long,2025-02-07,10,-2.887828459116759,True
BA,short,2025-02-28,10,7.197753502997372,True
BA,short,2025-08-15,6,2.7811130768724324,False
BA,long,2025-08-27,10,-6.530419390435494,True
BA,long,2025-10-28,2,-10.821892812107903,False
BA,short,2026-03-02,10,5.5442472474764966,True
BA,long,2026-05-12,3,-7.744767576081979,False
BA,short,2026-06-16,2,2.941560972716384,False
BA,long,2026-07-07,5,-7.965236868288383,False
BAC,short,2021-12-01,10,2.830611586556342,True
BAC,long,2022-01-05,10,-4.964685126610869,True
BAC,long,2022-06-08,3,-10.857455205978795,False
BAC,long,2022-07-22,10,1.071430436608023,True
BAC,short,2022-09-26,10,2.1072792268295504,True
BAC,short,2022-12-06,10,6.884585158013657,True
BAC,long,2023-01-06,10,0.6746833124284146,True
BAC,long,2023-04-18,10,-8.571426802088421,True
BAC,long,2023-06-07,10,-4.573379479453954,True
BAC,short,2023-08-16,10,2.386551544445903,True
BAC,short,2023-09-25,10,4.327274669300429,True
BAC,short,2024-01-18,10,-5.669288935623773,True
BAC,long,2024-03-05,10,3.149151057860422,True
BAC,long,2024-07-09,10,4.048090269442484,True
BAC,long,2024-09-16,10,2.2416874545217125,True
BAC,long,2024-10-10,10,6.598358698067885,True
BAC,short,2025-02-24,10,11.547850520113611,True
BAC,long,2025-06-24,10,0.19251369537516272,True
BAC,short,2025-11-24,8,-4.453047762076334,False
BAC,long,2026-04-07,10,7.3895589589430655,True
BAC,short,2026-05-12,10,-0.47187939616477603,True
BKNG,short,2021-10-26,9,-8.95455662587359,False
BKNG,long,2022-02-10,10,-11.598731045594047,True
BKNG,short,2022-05-16,9,-8.622270148257005,False
BKNG,long,2022-06-03,8,-14.849649866168878,False
BKNG,long,2022-07-28,10,9.390442045705804,True
BKNG,long,2022-10-24,10,1.1472581086673816,True
BKNG,short,2023-01-05,10,-12.409550269645786,True
BKNG,long,2023-03-03,9,-6.157310192401589,False
BKNG,long,2023-05-22,4,-6.265527269967331,False
BKNG,long,2023-06-23,10,3.441173365878636,True
BKNG,long,2023-07-12,10,5.490337288237512,True
BKNG,long,2023-09-22,10,0.14581037885768033,True
BKNG,short,2023-10-19,10,-0.05921847745582465,True
BKNG,long,2023-12-12,10,5.199192044148515,True
BKNG,long,2024-02-01,10,4.409767663728537,True
BKNG,long,2024-03-25,10,-0.7471370266052157,True
BKNG,short,2024-04-18,10,-0.08385737781673175,True
BKNG,long,2024-05-09,10,3.09559526147547,True
BKNG,long,2024-06-20,10,-1.6232849498594049,True
BKNG,long,2025-02-13,10,-0.8587905470761603,True
BKNG,short,2025-03-10,10,-2.7614097956307537,True
BKNG,short,2025-08-04,10,-2.2172963537005375,True
BKNG,short,2025-09-15,10,0.8216372403231587,True
BKNG,short,2025-10-09,10,-0.2101209758553324,True
BKNG,short,2025-11-07,10,3.0391752257423854,True
BKNG,short,2026-01-20,10,7.3309053667671265,True
BKNG,long,2026-03-27,10,5.5310746098974795,True
BKNG,long,2026-04-15,10,-5.100096007271082,True
BKNG,long,2026-06-25,10,-1.550771305695109,True
BKNG,long,2026-07-17,4,-5.675923232541602,False
BKNG,long,2026-07-29,10,8.053345484023012,True
BLK,short,2022-01-13,10,9.272166383896629,True
BLK,short,2022-02-15,10,4.9162630223599235,True
BLK,short,2022-07-21,1,0.09459756482964599,False
BLK,short,2022-12-21,8,-2.7674176228299263,False
BLK,long,2023-01-10,10,0.2161059598249082,True
BLK,short,2023-02-13,10,4.624684358413145,True
BLK,long,2023-04-10,10,3.3479003100831184,True
BLK,long,2023-07-13,10,-0.5185077596690402,True
BLK,long,2024-02-26,10,1.7522610177693965,True
BLK,long,2024-05-09,10,0.8548609294510845,True
BLK,long,2024-06-25,10,2.20778611160215,True
BLK,long,2024-08-14,10,3.8117756072713727,True
BLK,long,2024-09-18,10,4.983494649441611,True
BLK,long,2024-12-17,3,-2.588026516498365,False
BLK,short,2025-01-06,10,1.882708243450315,True
BLK,short,2025-03-12,7,-3.4489109205163127,False
BLK,long,2025-05-09,10,3.5677411479334786,True
BLK,long,2025-06-26,10,7.948888171194124,True
BLK,short,2025-10-29,10,2.119677664121067,True
BLK,long,2026-01-06,3,-3.0572108373996376,False
BLK,long,2026-01-16,10,-3.4359608296949062,True
BLK,short,2026-03-09,10,-4.863458646577046,True
BLK,long,2026-04-10,10,4.2478431980012665,True
BLK,long,2026-05-15,5,-1.9661604308038538,False
BMY,long,2021-11-10,10,-4.1989846472263785,True
BMY,long,2022-02-09,10,2.0687566999467277,True
BMY,long,2022-03-21,10,3.231669628020062,True
BMY,short,2022-06-15,6,-7.927822761123204,False
BMY,short,2022-08-05,3,-4.001107417481875,False
BMY,long,2022-08-26,10,0.6117942889440231,True
BMY,long,2022-10-26,10,9.153102718022833,True
BMY,long,2022-11-29,10,-1.8525556778341112,True
BMY,short,2023-02-22,10,5.624126177553657,True
BMY,short,2023-05-25,10,0.2155826676704442,True
BMY,short,2023-07-10,10,-3.3530293038546155,True
BMY,short,2023-09-08,10,2.0944121089245704,True
BMY,short,2023-10-27,10,2.7665680073318377,True
BMY,short,2024-01-18,10,1.914552163218619,True
BMY,long,2024-02-26,10,5.430564706134766,True
BMY,short,2024-05-24,10,-2.8012553771709303,True
BMY,long,2024-06-25,7,-5.616374546982006,False
BMY,long,2024-08-30,8,-2.9766683545857653,False
BMY,long,2024-10-02,10,1.0221409845052376,True
BMY,long,2024-11-05,10,5.603917640173184,True
BMY,short,2024-12-13,10,0.5675766029830553,True
BMY,long,2025-01-24,10,-3.823383713236994,True
BMY,short,2025-04-07,10,7.569576466701511,True
BMY,short,2025-05-12,10,-1.4935034963516447,True
BMY,short,2025-08-01,10,-11.075436708916131,True
BMY,short,2025-09-22,10,-0.2442829521064338,True
BMY,short,2026-02-05,10,-2.970633176935711,True
BMY,short,2026-03-17,10,-0.8647936945396228,True
BMY,short,2026-05-08,10,-5.55653675070964,True
BMY,long,2026-06-30,10,0.05112045441502122,True
C,short,2021-11-05,10,2.1822520843310267,True
C,short,2021-11-30,10,5.721393536436703,True
C,short,2022-02-02,4,-1.1605189000287064,False
C,long,2022-04-04,10,1.2822931463068121,True
C,long,2022-07-20,10,0.2135934181583643,True
C,long,2022-08-15,6,-5.209300906159154,False
C,long,2022-10-25,10,4.699204836949611,True
C,long,2023-01-06,10,10.454734435553291,True
C,short,2023-03-10,10,10.336940581173238,True
C,long,2023-04-12,10,-1.305810736862456,True
C,short,2023-06-06,10,-2.6412670642463887,True
C,short,2023-08-10,10,8.118983063631136,True
C,long,2023-09-15,10,-3.789471185695359,True
C,short,2023-10-25,10,-8.062012584952182,True
C,long,2024-03-04,10,5.8112276296162335,True
C,short,2024-06-05,10,1.0770232711477923,True
C,long,2024-07-01,10,5.687344902443847,True
C,short,2024-08-05,10,-14.700437646207721,True
C,short,2024-11-07,10,-1.0997067940768046,True
C,long,2024-12-06,9,-5.379614881740691,False
C,long,2025-02-19,4,-7.0425866534421395,False
C,short,2025-08-15,5,0.2095086425312087,False
C,long,2025-08-29,10,3.2488353234093603,True
C,long,2025-11-04,10,-1.8272609118051952,True
C,long,2025-12-05,10,6.677814213504862,True
C,long,2026-02-10,8,-10.483350382098722,False
C,short,2026-03-16,7,-6.681582295652233,False
C,long,2026-04-02,10,17.681617730517306,True
C,short,2026-05-20,8,-8.506235580967946,False
C,long,2026-06-04,10,8.981483128210899,True
C,short,2026-07-16,10,1.7814681374242358,True
C,long,2026-08-13,7,-4.750880312674443,False
CAT,short,2021-11-30,10,-4.0239389182412655,True
CAT,short,2022-04-19,2,-1.0076036152958823,False
CAT,short,2022-05-27,1,-0.39535167605377897,False
CAT,long,2022-07-29,10,4.0435508207436355,True
CAT,long,2022-12-28,10,4.906641426551817,True
CAT,short,2023-05-04,10,0.6155990799667221,True
CAT,long,2023-06-05,10,6.238155011519542,True
CAT,short,2023-09-28,10,1.4187008743857255,True
CAT,short,2023-10-20,10,4.201980685679507,True
CAT,short,2024-01-18,7,-8.295840260601505,False
CAT,long,2024-07-16,10,-1.473340123230027,True
CAT,short,2024-11-01,6,-4.885338922128235,False
CAT,short,2025-04-04,10,0.09123149671053099,True
CAT,long,2025-05-05,10,10.392010123985184,True
CAT,long,2025-06-12,10,6.908429881868949,True
CAT,long,2025-12-05,10,-4.599342598820366,True
CAT,long,2026-04-09,10,8.051745179091196,True
CAT,short,2026-06-04,2,-0.1805298123275234,False
CAT,long,2026-06-16,10,5.155917053558223,True
CMCSA,long,2021-11-11,10,-5.51035487092999,True
CMCSA,short,2022-02-22,10,1.8510689079659026,True
CMCSA,short,2022-03-16,3,-2.3016185928191657,False
CMCSA,long,2022-03-30,10,0.7147336420997741,True
CMCSA,short,2022-04-27,10,10.692669633170071,True
CMCSA,long,2022-07-21,8,-9.379504181289855,False
CMCSA,long,2022-10-25,10,2.243592942313599,True
CMCSA,long,2022-11-14,10,4.629906814427542,True
CMCSA,short,2023-01-05,1,-2.68292249775004,False
CMCSA,short,2023-02-22,10,4.774537699122616,True
CMCSA,long,2023-03-31,10,2.172742191866406,True
CMCSA,long,2023-05-26,10,3.6159900828981906,True
CMCSA,long,2023-07-13,10,6.2558555603027255,True
CMCSA,long,2023-08-28,4,0.37313299494128316,False
CMCSA,short,2023-10-04,10,-1.451952801989087,True
CMCSA,short,2023-10-25,10,4.177238471933653,True
CMCSA,long,2023-12-15,10,-2.107157810967575,True
CMCSA,short,2024-01-16,8,-7.681567884792062,False
CMCSA,long,2024-03-14,10,0.5800482333134793,True
CMCSA,short,2024-04-05,10,1.5414687255037363,True
CMCSA,short,2024-06-14,10,-2.1407592181486024,True
CMCSA,long,2024-07-16,10,4.802253184284777,True
CMCSA,short,2024-08-13,10,-3.444735246979813,True
CMCSA,long,2024-09-04,4,-1.4105833893125252,False
CMCSA,long,2024-09-27,10,0.07276752232756589,True
CMCSA,long,2024-10-17,10,2.5598803654497404,True
CMCSA,long,2024-11-07,10,-3.26885175421725,True
CMCSA,short,2024-12-02,10,9.648915687620752,True
CMCSA,long,2025-03-26,8,-9.540537754671774,False
CMCSA,long,2025-05-21,8,-2.145677480148467,False
CMCSA,short,2025-06-13,6,0.1418018906149121,False
CMCSA,long,2025-07-01,10,-3.3436354125280565,True
CMCSA,short,2025-09-18,10,5.969686155822562,True
CMCSA,long,2025-12-17,10,-0.06765673477457934,True
CMCSA,long,2026-01-26,10,7.92079078971395,True
CMCSA,short,2026-03-19,10,2.9871503404077293,True
CMCSA,short,2026-04-20,10,8.63989044364235,True
CMCSA,long,2026-08-05,10,6.701444908431586,True
COIN,short,2021-11-29,10,19.489464437129943,True
COIN,short,2022-01-10,10,17.288236447532412,True
COIN,long,2022-02-22,4,5.473549744311712,False
COIN,long,2022-06-15,10,-7.695324449596608,True
COIN,long,2022-07-21,10,25.211269754759023,True
COIN,short,2022-11-07,10,31.283334096272785,True
COIN,short,2022-12-16,10,10.160435552732272,True
COIN,long,2023-03-21,10,-17.969566280316805,True
COIN,short,2023-04-25,10,-8.077544559239147,True
COIN,short,2023-06-13,9,-34.922780731713445,False
COIN,long,2023-09-22,1,-4.954295892972194,False
COIN,long,2023-11-07,10,22.378192109577235,True
COIN,long,2024-02-13,10,45.09719194837834,True
COIN,short,2024-04-17,10,5.381911957114305,True
COIN,short,2024-05-20,2,-11.324286897803027,False
COIN,long,2024-05-29,10,6.668898902384801,True
COIN,short,2024-06-26,10,2.440906871448867,True
COIN,long,2024-09-04,10,-2.318318684895837,True
COIN,short,2024-12-24,10,5.285119089704504,True
COIN,long,2025-01-22,10,-5.274384513300512,True
COIN,short,2025-02-21,10,18.555000224032568,True
COIN,short,2025-06-20,10,-17.629627082979617,True
COIN,long,2025-09-19,10,10.870573633582502,True
COIN,long,2025-12-17,3,-2.700370875177016,False
COIN,short,2026-01-15,10,22.287398404132432,True
COIN,short,2026-05-28,10,5.900646661534759,True
COIN,long,2026-07-15,10,-3.075620201835061,True
COIN,short,2026-08-06,10,-17.43663978911347,True
COP,short,2021-11-15,10,2.907387520305349,True
COP,short,2021-12-02,4,-7.110851272352292,False
COP,long,2022-01-04,10,17.060088032737642,True
COP,long,2022-03-03,10,1.6769598086309179,True
COP,short,2022-04-26,8,-16.409036811848377,False
COP,short,2022-09-26,9,-18.403443373258142,False
COP,short,2022-12-01,10,9.721661422312057,True
COP,long,2023-01-13,10,-0.04146877674447991,True
COP,short,2023-02-06,10,3.0026730638241683,True
COP,long,2023-05-25,10,1.9128868957630552,True
COP,long,2023-07-13,10,5.359904834254903,True
COP,long,2023-09-06,10,-1.0614869264311322,True
COP,short,2023-10-04,8,-8.662849367157865,False
COP,short,2023-12-13,4,-4.47533440696819,False
COP,long,2024-03-14,10,6.80540466137638,True
COP,short,2024-05-01,10,3.5017627268094875,True
COP,short,2024-07-26,10,2.2852009722518662,True
COP,short,2025-03-05,9,-13.171222230181145,False
COP,long,2025-05-09,9,-5.237102176471787,False
COP,long,2025-08-28,7,-6.332210771690661,False
COP,short,2025-10-13,10,-0.3734742290348425,True
COP,long,2025-12-05,10,-0.35763976770986083,True
COP,long,2026-01-06,1,-6.247499698098302,False
COP,long,2026-02-02,10,7.161852517065048,True
COP,long,2026-05-07,2,-0.49943530128093716,False
COST,long,2021-12-28,9,-7.921126930226141,False
COST,long,2022-03-16,10,5.865597797699507,True
COST,long,2022-06-28,10,1.8035162814277417,True
COST,short,2022-08-30,10,4.918774398410541,True
COST,long,2022-10-26,10,-1.612449554075679,True
COST,long,2023-04-04,10,-0.09466288433094272,True
COST,long,2023-04-25,8,-2.3614358791137824,False
COST,short,2023-05-25,3,-6.528395214877225,False
COST,short,2023-08-22,10,-0.8727544979302282,True
COST,short,2023-10-26,10,-2.4779395091825362,True
COST,long,2024-05-07,10,5.567490028661237,True
COST,long,2024-07-08,5,-4.291884042629556,False
COST,long,2024-09-16,10,-3.8481540638557465,True
COST,short,2024-10-04,10,-1.3177835115329994,True
COST,long,2024-11-11,10,1.8107678614653233,True
COST,long,2024-12-23,10,-2.779176587193677,True
COST,short,2025-03-10,10,3.0801588305411465,True
COST,long,2025-04-15,10,0.9286065500353269,True
COST,long,2025-05-02,10,1.7860094122637227,True
COST,long,2025-06-03,5,-4.447185295932643,False
COST,short,2025-07-08,10,4.839819570332238,True
COST,short,2025-11-12,10,0.787569354346207,True
COST,short,2026-03-27,5,-3.7198801995050657,False
COST,long,2026-05-18,8,-8.92190406436012,False
COST,short,2026-07-02,10,-1.4962238529867777,True
COST,long,2026-07-30,10,0.7130588996556941,True
CRM,short,2021-12-31,10,9.132709310205833,True
CRM,short,2022-02-04,10,8.442257170810919,True
CRM,short,2022-03-15,2,-5.983984765959405,False
CRM,long,2022-03-21,10,0.3024903316945604,True
CRM,short,2022-10-17,2,-5.2029783416506215,False
CRM,long,2022-10-21,10,-11.257140144469247,True
CRM,long,2023-01-09,10,8.605094738473195,True
CRM,short,2023-02-27,5,-12.18262155762213,False
CRM,long,2023-07-13,10,-1.3624816810632212,True
CRM,short,2023-10-30,6,-6.4522594662767,False
CRM,long,2024-02-28,10,1.7023854503329439,True
CRM,short,2024-04-16,10,2.12533530964214,True
CRM,long,2024-05-17,8,-24.048917218201204,False
CRM,long,2024-07-01,10,-0.8212260961887097,True
CRM,short,2024-08-07,6,-8.317879676766005,False
CRM,long,2024-11-07,10,9.196747570503039,True
CRM,short,2025-04-02,10,6.061060172620081,True
CRM,long,2025-07-01,10,-5.1933163270284854,True
CRM,short,2025-09-18,10,2.1625158503043806,True
CRM,long,2025-10-23,10,-7.115683772029435,True
CRM,short,2026-01-14,10,10.494184970877008,True
CRM,long,2026-03-13,8,-8.8970056545301,False
CRM,short,2026-03-30,10,4.880626455875669,True
CRM,short,2026-05-14,10,-15.120485604527477,True
CRM,long,2026-07-30,10,11.260284549133948,True
CRWD,short,2021-11-18,10,27.131871434354316,True
CRWD,long,2022-01-06,1,4.848824129355922,False
CRWD,long,2022-02-11,10,3.5651764151213072,True
CRWD,short,2022-04-27,10,31.33090288808945,True
CRWD,long,2022-06-07,10,-0.23479793818032002,True
CRWD,long,2022-06-28,10,-3.565917732387891,True
CRWD,long,2022-08-10,10,0.6620455175037288,True
CRWD,short,2022-09-02,10,-0.6369064827440374,True
CRWD,long,2023-01-25,10,12.544241037261617,True
CRWD,long,2023-03-06,10,2.1076965332031294,True
CRWD,long,2023-04-21,2,-6.455812671899464,False
CRWD,short,2023-06-27,10,-2.554564705819362,True
CRWD,long,2023-07-20,10,1.6910930741857122,True
CRWD,short,2023-08-10,10,1.2894530550196626,True
CRWD,long,2023-09-05,10,2.7758810498592856,True
CRWD,short,2023-10-09,10,-1.4617574113624299,True
CRWD,short,2024-04-16,10,1.6837437249477394,True
CRWD,short,2024-07-19,10,26.016097190364363,True
CRWD,long,2024-11-08,10,12.618370447128925,True
CRWD,long,2024-12-13,4,-4.090164267951668,False
CRWD,long,2024-12-27,10,-3.630066613076055,True
CRWD,long,2025-01-24,10,11.443301597094703,True
CRWD,long,2025-05-28,10,0.8446411109215513,True
CRWD,long,2025-07-01,9,-7.085222271403646,False
CRWD,long,2025-09-17,10,12.350559877545653,True
CRWD,long,2025-10-27,10,4.692615071285422,True
CRWD,short,2025-11-24,10,-3.9786367153000324,True
CRWD,short,2025-12-19,10,4.516665140787756,True
CRWD,short,2026-01-21,5,-5.435955604810383,False
CRWD,short,2026-02-04,10,-2.4760916994173376,True
CVX,long,2021-11-17,3,-0.8357265269598124,False
CVX,long,2021-12-29,10,7.833671965244893,True
CVX,long,2022-03-01,10,9.15109632104385,True
CVX,long,2022-04-19,5,-9.562053892229827,False
CVX,short,2022-07-25,10,-5.2916999830865175,True
CVX,short,2022-12-07,10,-2.1279080098207226,True
CVX,long,2023-01-13,10,-1.6319382514042635,True
CVX,long,2023-02-01,1,-2.481105021251895,False
CVX,short,2023-05-03,10,1.542831031795211,True
CVX,short,2023-06-02,3,-3.396299610435949,False
CVX,long,2023-06-20,5,-1.6778707778396407,False
CVX,short,2023-07-05,5,-1.2301854654080735,False
CVX,long,2023-07-24,10,-0.3614394133748311,True
CVX,long,2023-09-06,10,0.2465742513346747,True
CVX,short,2023-10-12,10,5.212541218405842,True
CVX,long,2023-12-19,10,0.4667890883586212,True
CVX,short,2024-03-08,7,-4.853719111600729,False
CVX,short,2024-05-22,10,2.250508713971655,True
CVX,long,2024-07-19,10,-8.573358593103553,True
CVX,short,2024-09-09,10,-6.419499376562232,True
CVX,long,2024-11-07,10,2.3363317616607038,True
CVX,long,2025-03-19,10,3.4167857105617205,True
CVX,long,2025-05-16,9,-4.204625177515753,False
CVX,long,2025-08-18,2,-1.8638337097943158,False
CVX,long,2025-08-26,10,0.17776572221563924,True
CVX,short,2025-09-23,2,-2.2912463183508702,False
CVX,long,2025-10-02,10,-1.4614184865434532,True
CVX,short,2025-11-26,10,-1.6592518582305482,True
CVX,long,2026-01-02,10,9.25937866033706,True
CVX,long,2026-03-06,10,5.684194555311195,True
CVX,long,2026-05-13,10,-1.4961513459038844,True
DDOG,short,2022-01-06,10,13.8232762602439,True
DDOG,short,2022-03-08,10,-14.354940852973197,True
DDOG,short,2022-04-18,10,10.962965223524302,True
DDOG,long,2022-06-15,1,-4.8066870099477965,False
DDOG,short,2022-07-25,8,-17.542550918903753,False
DDOG,short,2022-08-31,10,10.531499339062577,True
DDOG,short,2022-10-12,10,1.3675387764474634,True
DDOG,short,2022-11-08,10,-3.03419512166494,True
DDOG,short,2023-04-26,6,-11.373714807584868,False
DDOG,long,2023-05-08,10,22.210657115272305,True
DDOG,long,2023-07-13,10,2.7793418633546008,True
DDOG,short,2023-08-09,10,-8.516208929003,True
DDOG,long,2023-09-07,10,-7.578133311131774,True
DDOG,short,2023-10-27,9,-22.530561879703658,False
DDOG,long,2024-02-13,8,2.252969251791015,False
DDOG,short,2024-03-11,10,-2.089057098921332,True
DDOG,short,2024-05-09,10,-3.3951419147474127,True
DDOG,long,2024-09-09,10,7.34275868119354,True
DDOG,long,2024-11-22,10,8.545456189499156,True
DDOG,long,2025-01-29,10,0.13184493038755907,True
DDOG,long,2025-02-18,10,-10.014806888491323,True
DDOG,long,2025-06-12,10,9.96586558977297,True
DDOG,long,2025-09-08,10,1.511492346366139,True
DDOG,long,2025-10-02,10,-1.537159271227584,True
DDOG,long,2025-11-07,10,-14.509735313114847,True
DDOG,short,2026-04-07,10,-12.426081118376352,True
DDOG,long,2026-08-05,1,-21.322444824263442,False
DE,long,2021-10-29,10,2.9727361123565332,True
DE,short,2022-01-03,2,-8.154066218886257,False
DE,long,2022-02-14,6,-14.35893492711432,False
DE,short,2022-04-18,1,-1.2300594969291812,False
DE,long,2022-07-25,10,9.152394634938489,True
DE,short,2022-09-16,10,6.025886259530844,True
DE,short,2023-01-06,6,-5.285920075623762,False
DE,long,2023-02-23,10,-1.9907896506533018,True
DE,short,2023-05-24,10,-6.262384752128658,True
DE,long,2023-07-19,10,-0.397918154008825,True
DE,short,2023-08-18,10,-2.744598532272957,True
DE,short,2023-10-26,10,0.3719689711084939,True
DE,long,2023-11-22,4,0.819987635046715,False
DE,long,2024-01-17,10,3.247632205874851,True
DE,long,2024-05-14,6,-5.851217130335362,False
DE,long,2024-07-02,2,0.1390704535637166,False
DE,long,2024-09-16,10,5.386360245521615,True
DE,short,2024-11-15,4,-11.42689626984852,False
DE,long,2025-02-19,8,-6.112950835613673,False
DE,short,2025-04-04,10,-3.5407790662834504,True
DE,short,2025-06-16,2,-1.8824620828234107,False
DE,short,2025-08-20,10,2.960832938604663,True
DE,short,2025-09-15,10,1.433536482288611,True
DE,short,2025-10-13,7,-2.890711524027645,False
DE,long,2025-10-27,10,-1.2839152117325225,True
DE,long,2025-11-26,3,-1.6725024426598512,False
DE,short,2025-12-16,10,4.400409173671715,True
DE,long,2026-04-10,10,-9.024172763685046,True
DE,short,2026-05-22,9,-9.76820834630927,False
DE,short,2026-08-20,2,-6.139550306164532,False
DHR,long,2021-10-27,10,-1.9987691015446507,True
DHR,long,2021-11-26,10,-1.0009316009141456,True
DHR,long,2021-12-31,4,-7.414860384043898,False
DHR,long,2022-03-18,10,3.2896574926678745,True
DHR,short,2022-04-19,10,10.083940931710211,True
DHR,long,2022-05-31,10,-8.115075243653324,True
DHR,long,2022-07-22,10,4.527104453378095,True
DHR,short,2022-11-11,10,2.9289299050165196,True
DHR,long,2022-12-13,5,-9.12000091062497,False
DHR,short,2023-02-10,10,2.3319034931432725,True
DHR,short,2023-04-26,10,-2.0637439099619126,True
DHR,long,2023-06-09,10,0.6175453197818204,True
DHR,long,2023-07-24,10,0.2549350676703588,True
DHR,short,2023-08-30,1,-0.08308886191921161,False
DHR,short,2023-10-10,10,9.619356992549266,True
DHR,long,2024-02-01,10,4.010697726870105,True
DHR,long,2024-02-29,10,-1.382555573026767,True
DHR,short,2024-04-04,10,4.105807892164293,True
DHR,short,2024-08-23,10,-1.4261824838962323,True
DHR,long,2024-09-17,10,-0.485681901969659,True
DHR,short,2024-10-24,10,3.5847184707088586,True
DHR,short,2025-01-07,10,-3.2184889336593914,True
DHR,short,2025-04-03,10,7.647059311583493,True
DHR,long,2025-05-05,10,-0.8931219492815057,True
DHR,short,2025-05-27,9,-6.183363788552243,False
DHR,short,2025-07-21,6,-8.9314902145351,False
DHR,short,2025-11-19,1,1.2533365885416647,False
DHR,long,2026-01-06,10,2.8555650229108664,True
DHR,short,2026-01-30,10,3.0952242500190574,True
DHR,long,2026-04-15,8,-9.25898400000429,False
DIA,long,2022-02-18,2,-3.3187533057372764,False
DIA,long,2022-03-21,10,0.7587793179544278,True
DIA,short,2022-04-27,10,4.618429735900653,True
DIA,long,2022-07-14,10,7.457215043655374,True
DIA,long,2022-10-20,10,4.9339006027730115,True
DIA,long,2022-12-12,10,-1.1215622558929828,True
DIA,short,2023-01-11,1,-1.0638316100610945,False
DIA,short,2023-02-24,10,2.4707854429759313,True
DIA,short,2023-05-05,10,0.02094397240873791,True
DIA,short,2023-05-25,7,-2.4689870828425775,False
DIA,short,2023-08-18,10,-1.7582733823192642,True
DIA,long,2023-09-22,10,-1.9343086943163224,True
DIA,long,2024-01-29,10,1.866137887549213,True
DIA,long,2024-03-13,10,1.4986328679822858,True
DIA,long,2024-07-11,10,0.500626474056598,True
DIA,long,2024-09-20,10,0.9609420411979208,True
DIA,long,2024-10-15,10,-1.5908477827965561,True
DIA,long,2025-01-22,10,1.6263161911208135,True
DIA,short,2025-02-25,10,4.7756848745163065,True
DIA,long,2025-04-04,10,-3.37021695121561,True
DIA,long,2025-05-05,10,4.19161698887589,True
DIA,long,2025-06-11,10,0.9468216309759692,True
DIA,short,2025-08-04,9,-2.66054484483762,False
DIA,long,2025-10-03,6,-1.097064294080452,False
DIA,long,2025-10-28,10,0.1274051555332001,True
DIA,long,2026-01-06,10,0.30041102344871007,True
DIA,long,2026-02-12,8,-1.651660103342334,False
DIA,short,2026-03-06,10,3.7638238888627273,True
DIA,long,2026-05-26,10,0.3625108480287631,True
DIA,long,2026-06-30,10,0.6892001128276926,True
DIA,long,2026-08-05,10,-1.6620593529554362,True
DIS,short,2021-10-29,8,-3.212633143132626,False
DIS,long,2021-12-27,10,2.4332817254647754,True
DIS,short,2022-01-21,10,-0.5593773056865148,True
DIS,long,2022-06-10,2,-7.108349662604452,False
DIS,long,2022-07-21,10,5.267260938888696,True
DIS,long,2022-10-25,10,-2.2122181433208876,True
DIS,short,2023-02-22,10,2.0033541326501147,True
DIS,short,2023-05-12,10,4.385960128852007,True
DIS,short,2023-07-19,10,-0.11601636549438687,True
DIS,long,2023-08-11,5,-5.869470683600264,False
DIS,short,2024-01-02,10,-0.2663683327791322,True
DIS,long,2024-01-23,10,4.044850254644938,True
DIS,long,2024-03-11,10,8.42038748371763,True
DIS,short,2024-06-06,8,-0.44532106348547096,False
DIS,short,2024-07-03,10,1.0731760646608413,True
DIS,long,2024-09-17,10,1.818772604981822,True
DIS,long,2024-10-21,10,-1.4506132479259692,True
DIS,long,2024-11-07,10,16.136872482678232,True
DIS,long,2024-12-17,10,-0.18913724829456857,True
DIS,short,2025-01-17,6,-4.970511530076727,False
DIS,short,2025-03-10,10,4.069711756755934,True
DIS,long,2025-06-11,10,2.6017924501732237,True
DIS,short,2025-09-23,10,0.16856142596577417,True
DIS,long,2025-11-13,1,-2.8377227984302644,False
DIS,short,2026-02-03,10,-2.2141627427491706,True
DIS,short,2026-03-09,10,2.5857842114408336,True
DIS,short,2026-07-01,10,-3.272911375280696,True
DIS,long,2026-08-06,10,4.661594242850309,True
FDX,long,2021-10-21,10,5.9273694778442465,True
FDX,long,2022-03-23,10,-9.22844046746375,True
FDX,long,2022-05-18,10,1.979561642154204,True
FDX,short,2022-07-15,10,-7.281264813618704,True
FDX,short,2022-08-29,10,5.023126723972049,True
FDX,short,2022-10-17,10,-1.2635889030625513,True
FDX,long,2022-11-14,10,1.8909031251495234,True
FDX,short,2022-12-20,9,-8.057418780153714,False
FDX,long,2023-01-06,10,4.8143857892329,True
FDX,short,2023-03-13,5,-9.78321624135221,False
FDX,short,2023-05-17,3,-3.2508579965207396,False
FDX,short,2023-06-02,9,-8.195674379542538,False
FDX,short,2023-08-25,10,1.8005155406514817,True
FDX,short,2024-01-24,2,0.24586891857024673,False
FDX,long,2024-02-02,1,-1.3209125737647542,False
FDX,long,2024-03-01,10,2.116591116206412,True
FDX,long,2024-06-27,10,2.0128324252759233,True
FDX,short,2024-10-21,10,0.5719796816442857,True
FDX,short,2025-02-04,10,-7.168098436995152,True
FDX,short,2025-04-04,10,3.245282284072204,True
FDX,long,2025-05-13,10,-7.595743828766855,True
FDX,long,2025-08-28,6,-3.4293307650576366,False
FDX,long,2025-09-30,10,-0.15316993112549637,True
FDX,long,2026-04-10,10,2.7598259775422296,True
FDX,short,2026-07-02,10,1.522873395743518,True
FDX,long,2026-08-13,7,2.159086751717809,False
GE,long,2021-11-10,4,-8.133327136006752,False
GE,short,2021-11-19,10,3.7975933885457613,True
GE,long,2022-03-22,10,-5.396889114988356,True
GE,long,2022-04-07,10,-0.8350026797253163,True
GE,short,2022-04-27,10,9.45000582062332,True
GE,short,2022-05-31,10,12.700446884580108,True
GE,long,2022-07-21,10,8.818314349041989,True
GE,long,2022-10-17,10,12.849888059797587,True
GE,short,2022-12-14,10,-1.6630281801105928,True
GE,long,2023-03-06,10,3.7857751052591038,True
GE,long,2023-05-19,10,-0.40183926868271325,True
GE,long,2023-07-05,10,1.5431534947157877,True
GE,short,2023-09-27,10,-2.377291853134067,True
GE,short,2023-10-23,10,-4.977454335209264,True
GE,long,2023-11-10,10,5.486680482028006,True
GE,long,2023-12-19,10,0.7760689282625854,True
GE,short,2024-05-22,10,-0.08099546362654308,True
GE,short,2024-06-17,10,-3.4007926087809226,True
GE,long,2024-07-30,10,-1.4781728512589298,True
GE,long,2024-08-23,10,-2.735290527343748,True
GE,long,2024-10-15,6,-6.272893102523791,False
GE,short,2024-12-09,10,3.417140415736608,True
GE,long,2025-03-24,9,-19.384303578817295,False
GE,long,2025-09-05,10,6.685098086659025,True
GE,short,2025-11-24,10,1.4405186090487354,True
GE,long,2025-12-22,10,4.518010989087884,True
GE,short,2026-01-23,10,-8.080808080808088,True
GILD,short,2021-11-02,6,-2.434568539869497,False
GILD,long,2021-11-23,10,-0.22900194048898204,True
GILD,long,2021-12-22,10,0.0,True
GILD,short,2022-01-20,10,5.327928654170155,True
GILD,long,2022-04-08,10,2.2356442132385856,True
GILD,long,2022-05-23,10,-2.873114601113824,True
GILD,short,2022-08-01,8,-4.483855252886593,False
GILD,short,2022-12-27,10,-2.2756626878665642,True
GILD,short,2023-01-23,10,-4.349925545186872,True
GILD,short,2023-02-08,1,-0.1522216054979486,False
GILD,long,2023-02-13,8,-6.966543827837201,False
GILD,long,2023-04-04,10,1.1423724223271536,True
GILD,short,2023-07-10,7,-5.98657595231229,False
GILD,short,2023-09-15,9,2.31835375825995,False
GILD,long,2023-10-16,10,0.03858860319168045,True
GILD,long,2024-03-12,10,-3.7740815121470095,True
GILD,long,2024-10-17,10,2.18591988714254,True
GILD,short,2025-01-14,7,-2.7376128239187114,False
GILD,short,2025-05-12,6,-12.728587228319576,False
GILD,short,2025-07-07,1,0.839287894112728,False
GILD,long,2025-10-14,10,0.30633136541431405,True
GILD,long,2025-11-20,10,-5.547760106243215,True
GILD,long,2026-01-23,10,16.18162911934138,True
GILD,short,2026-03-06,10,4.423231368567571,True
GILD,short,2026-04-23,10,-0.029841281045994705,True
GILD,short,2026-06-10,10,1.4326671923767242,True
GILD,long,2026-07-08,10,-4.568754875902526,True
GILD,long,2026-08-18,4,4.814289637974323,False
GLD,long,2021-12-28,10,0.5669352416566742,True
GLD,long,2022-04-14,8,-4.504017314270947,False
GLD,short,2022-06-28,10,4.980302731778008,True
GLD,long,2022-11-09,10,2.3343381064605095,True
GLD,long,2023-01-04,10,4.0668742071471975,True
GLD,short,2023-05-05,2,-1.3186142506753429,False
GLD,short,2023-06-26,10,-0.22339787191667515,True
GLD,short,2024-02-15,9,-1.9989177441130712,False
GLD,long,2024-07-08,10,0.9834290967545734,True
GLD,long,2024-09-16,10,1.8137653032912038,True
GLD,short,2025-03-14,10,-2.819708565788659,True
GLD,long,2025-07-23,6,-3.515926288191684,False
GLD,long,2026-04-30,1,-0.5078298962492789,False
GLD,long,2026-08-06,10,6.613609695924261,True
GOOGL,short,2021-12-01,10,-1.69513490464952,True
GOOGL,long,2021-12-30,4,-6.080007589139624,False
GOOGL,short,2022-03-15,3,-7.20569695435882,False
GOOGL,long,2022-03-22,10,3.2986424872650577,True
GOOGL,short,2022-05-23,7,-7.3320368845323,False
GOOGL,long,2022-10-28,1,2.4276640020148843,False
GOOGL,long,2022-12-12,10,-5.7383235329092175,True
GOOGL,long,2023-01-20,10,10.178759685059235,True
GOOGL,long,2023-05-12,10,6.796366373358698,True
GOOGL,short,2023-06-29,10,-5.1828249043046615,True
GOOGL,long,2023-09-01,10,0.5456132426656879,True
GOOGL,long,2024-04-29,10,0.047321561699997794,True
GOOGL,long,2024-06-26,10,1.6098134823424814,True
GOOGL,long,2024-09-05,10,3.736401934654321,True
GOOGL,long,2024-10-31,10,1.4151197823280448,True
GOOGL,long,2025-02-03,5,-7.085555357873307,False
GOOGL,short,2025-03-28,10,2.0873611993603602,True
GOOGL,long,2025-04-29,10,-0.4927697784620322,True
GOOGL,short,2025-10-13,6,-4.2670995018994295,False
GOOGL,long,2025-10-24,10,8.671759749170182,True
GOOGL,long,2025-11-25,10,-1.8393060167276487,True
GOOGL,short,2026-02-12,10,0.10573442793352372,True
GOOGL,short,2026-03-27,8,-14.862230105489704,False
GOOGL,short,2026-06-02,10,-1.816744518028468,True
GOOGL,long,2026-07-22,1,-8.751723604149076,False
GS,short,2021-11-16,10,6.7911149580557995,True
GS,short,2021-12-22,2,-2.003047907108857,False
GS,short,2022-01-03,1,-4.7506454977707335,False
GS,long,2022-03-31,4,-5.911401787565773,False
GS,long,2022-06-01,8,-13.357795925315363,False
GS,short,2022-09-21,10,4.89967154063139,True
GS,long,2022-10-24,10,10.36834020048516,True
GS,short,2023-03-02,10,8.401405481826252,True
GS,long,2023-04-12,10,1.4590607500542196,True
GS,long,2023-06-09,10,-6.81662441036689,True
GS,long,2023-09-15,10,-6.25235026912322,True
GS,long,2024-03-25,10,0.9437895111396921,True
GS,short,2024-06-12,10,2.115894319423517,True
GS,long,2024-07-05,10,3.7349971997101106,True
GS,long,2024-11-07,10,1.0355907375529716,True
GS,short,2024-12-16,10,2.6156470889136862,True
GS,long,2025-01-16,10,4.985333311453699,True
GS,long,2025-02-19,3,-6.417767881960268,False
GS,long,2025-06-18,10,15.879646660487335,True
GS,long,2025-07-31,10,2.8365356789658014,True
GS,long,2025-08-28,10,3.870891450250391,True
GS,short,2025-10-20,9,-4.276089183248022,False
GS,long,2025-11-06,10,-2.5566735255628137,True
GS,long,2025-12-03,10,7.304262745701329,True
GS,short,2026-03-05,10,6.091577727722919,True
GS,long,2026-04-06,10,9.12398496342699,True
GS,long,2026-05-21,10,5.749282788305066,True
HD,short,2021-12-21,9,-5.415823913038742,False
HD,short,2022-02-18,10,7.353834655858016,True
HD,long,2022-03-23,5,-5.640869619362987,False
HD,short,2022-05-12,10,-7.543413602968663,True
HD,long,2022-06-09,4,-6.05521164292303,False
HD,long,2022-10-31,10,4.249179582899831,True
HD,long,2023-01-25,1,-0.48203123026598904,False
HD,short,2023-03-23,7,-4.371450884738004,False
HD,long,2023-04-05,10,1.2101719743114359,True
HD,short,2023-05-09,10,-3.0646079610596733,True
HD,long,2023-06-13,10,1.3591322592908295,True
HD,short,2023-09-19,10,7.5993064845625184,True
HD,long,2024-02-13,10,5.33935449707974,True
HD,long,2024-03-22,6,-8.029086687117392,False
HD,long,2024-05-13,9,-6.596561402093604,False
HD,short,2024-08-21,10,2.05711350721427,True
HD,long,2024-11-25,10,-0.5670596852022092,True
HD,short,2025-02-21,10,4.944502120409711,True
HD,short,2025-04-09,9,-8.466222400329126,False
HD,long,2025-05-13,10,-3.396326100106628,True
HD,short,2025-06-11,10,1.5278795103827902,True
HD,long,2025-07-24,10,2.8470230448021105,True
HD,short,2025-11-07,10,6.95682365092104,True
HD,short,2026-01-12,10,-1.526791180726561,True
HD,short,2026-03-06,10,10.289759933341703,True
HD,long,2026-06-10,10,6.721938851369558,True
HD,short,2026-08-06,10,5.377654813472422,True
HON,long,2021-12-30,10,5.4445030297887165,True
HON,long,2022-03-21,10,1.2915298063375102,True
HON,short,2022-04-28,4,-9.62295932334085,False
HON,short,2022-06-14,10,6.4491707097766415,True
HON,long,2022-07-25,10,6.711784888484118,True
HON,long,2022-10-24,10,13.690316731754116,True
HON,short,2022-12-20,8,-2.2570065560379104,False
HON,short,2023-01-20,10,-1.5633616076321744,True
HON,short,2023-02-22,10,0.7661905824173254,True
HON,long,2023-04-14,10,2.152024667253105,True
HON,long,2023-06-14,10,2.2128671044796544,True
HON,short,2023-07-28,10,3.536373931039871,True
HON,long,2023-09-15,10,-5.027763471255264,True
HON,short,2024-02-07,10,-2.7318809179545767,True
HON,long,2024-03-04,10,-0.8416041192493062,True
HON,long,2024-04-01,3,-4.547444531870237,False
HON,long,2024-05-13,10,-2.5728813794803185,True
HON,long,2024-07-18,5,-7.968906135968112,False
HON,short,2024-08-27,10,-0.034321570028295056,True
HON,long,2024-10-10,10,-1.1347514521137136,True
HON,short,2025-01-08,10,-0.645189074177388,True
HON,short,2025-02-10,10,-2.6385834981453193,True
HON,long,2025-03-10,7,-2.6319499367481125,False
HON,short,2025-04-07,10,-3.9620557158523084,True
HON,short,2025-07-01,10,-1.4127893136754999,True
HON,short,2025-10-02,10,3.4821811020174787,True
HON,long,2025-12-17,10,-1.2751368983665468,True
HON,short,2026-03-18,10,1.451023716304345,True
HON,long,2026-05-22,10,-6.092044394259666,True
HOOD,short,2021-10-28,10,2.953709010421346,True
HOOD,long,2022-02-23,10,9.234830266519678,True
HOOD,long,2022-03-21,10,4.0632051422348825,True
HOOD,short,2022-06-09,10,3.4981901470142462,True
HOOD,long,2022-07-27,10,22.595594245730368,True
HOOD,short,2022-10-06,2,2.230481096775072,False
HOOD,long,2022-11-02,6,-21.969693868139117,False
HOOD,short,2022-12-20,10,0.2460080871111714,True
HOOD,short,2023-03-02,10,1.793239776671196,True
HOOD,short,2023-09-22,10,-0.2018209694412354,True
HOOD,short,2023-10-20,10,-8.268154043445985,True
HOOD,long,2024-02-13,10,38.93195209088376,True
HOOD,short,2024-04-16,10,3.7361320548937815,True
HOOD,long,2024-05-21,10,2.519005495412019,True
HOOD,long,2024-07-18,5,-12.551606500263224,False
HOOD,long,2025-01-16,10,13.900460573878991,True
HOOD,long,2025-08-13,10,-11.007352519649572,True
HOOD,short,2025-09-04,5,-16.873449131513652,False
HOOD,long,2025-11-10,3,-10.276853807729792,False
HOOD,short,2026-01-20,10,17.076190766834078,True
HOOD,short,2026-03-25,10,2.3738172977421645,True
HOOD,long,2026-06-01,10,9.094952282778568,True
HOOD,long,2026-08-24,0,-3.027467604437306,False
IBM,short,2021-11-19,10,-2.935879355358395,True
IBM,long,2021-12-09,10,6.942286738438552,True
IBM,long,2022-02-08,7,-8.93390285544957,False
IBM,long,2022-03-22,10,0.3035014705435213,True
IBM,short,2022-05-19,6,-5.507578994288598,False
IBM,short,2022-07-20,10,-1.2547815056934475,True
IBM,short,2022-12-19,10,-1.7408692762940214,True
IBM,long,2023-01-18,6,-6.890579895297655,False
IBM,long,2023-07-21,10,4.3629248870384885,True
IBM,short,2023-09-28,10,0.6331742650548478,True
IBM,short,2024-01-08,6,-4.6568777339184075,False
IBM,long,2024-03-05,10,0.6979147593180413,True
IBM,short,2024-04-03,10,2.916224720046534,True
IBM,long,2024-08-14,10,3.824228642843419,True
IBM,long,2025-01-31,10,2.0425741986587864,True
IBM,long,2025-03-03,1,-0.6006118969554386,False
IBM,short,2025-04-08,10,-5.55555482653034,True
IBM,long,2025-05-07,10,4.5780710798384305,True
IBM,long,2025-09-09,10,6.293922936322027,True
IBM,short,2025-10-27,10,-0.43210433482483435,True
IBM,short,2026-01-05,7,-4.483216775929244,False
IBM,short,2026-02-12,10,11.132068974471586,True
IBM,long,2026-03-27,1,-0.6698790297799628,False
IBM,short,2026-04-13,4,-8.492058350057508,False
IBM,short,2026-05-22,10,-7.162762986304405,True
INTC,long,2021-10-21,2,-10.049154245578162,False
INTC,long,2021-12-30,10,5.816642072938305,True
INTC,long,2022-03-25,10,-7.240083386018403,True
INTC,long,2022-07-20,10,-9.176818479794246,True
INTC,long,2022-10-26,10,1.213681196117311,True
INTC,short,2022-12-12,10,7.7852779667459515,True
INTC,short,2023-02-10,10,9.880563247040586,True
INTC,short,2023-05-26,4,-14.103494375233172,False
INTC,short,2023-07-24,10,-4.107563189659547,True
INTC,long,2023-08-15,1,-5.309237718770088,False
INTC,short,2023-10-26,4,-13.37793130900371,False
INTC,short,2024-03-20,10,7.583163547219318,True
INTC,long,2024-05-28,8,-0.6464148658281377,False
INTC,long,2024-07-09,10,-5.910907103844187,True
INTC,long,2024-09-09,10,18.736839294433594,True
INTC,long,2024-11-07,10,-3.893038770104418,True
INTC,short,2025-01-15,10,-3.144333104877539,True
INTC,long,2025-05-13,10,-8.89981984256697,True
INTC,long,2025-06-25,10,5.491584478777289,True
INTC,short,2025-07-28,10,0.8165229528615536,True
INTC,long,2025-09-19,10,21.231082450514883,True
INTC,long,2025-10-31,5,-6.268434655680444,False
INTC,short,2025-11-13,10,-8.827477529161154,True
INTC,short,2026-02-24,10,-6.077098407947723,True
INTC,long,2026-04-07,10,27.644003719899366,True
INTC,long,2026-06-22,10,-20.651233996477934,True
ISRG,long,2021-10-28,10,0.44382612355093887,True
ISRG,short,2021-11-23,10,0.05865460616751861,True
ISRG,long,2021-12-23,10,-10.08179286480142,True
ISRG,long,2022-03-09,2,-1.3552025951324542,False
ISRG,short,2022-06-14,10,-4.089806944140428,True
ISRG,long,2022-07-22,10,15.850368538295712,True
ISRG,long,2022-10-20,10,10.775270036750717,True
ISRG,long,2022-12-13,5,-8.11456708730981,False
ISRG,short,2023-01-25,10,-3.2187191022016837,True
ISRG,short,2023-02-10,10,4.59841011096559,True
ISRG,long,2023-03-22,10,5.1132609469252355,True
ISRG,long,2023-05-18,5,-1.3317329290095326,False
ISRG,long,2023-06-06,10,2.1584084788985214,True
ISRG,short,2023-10-06,10,6.82793921710646,True
ISRG,long,2023-11-09,10,14.400315561274546,True
ISRG,long,2024-03-05,10,-2.367500305175785,True
ISRG,short,2024-04-18,10,-1.3634985297796387,True
ISRG,long,2024-05-16,10,0.9641449105302735,True
ISRG,short,2024-07-19,1,-2.6010730551842443,False
ISRG,long,2024-08-09,10,5.179530825300627,True
ISRG,long,2024-10-21,10,-2.2387417331073522,True
ISRG,short,2025-01-02,5,-5.042300914947662,False
ISRG,long,2025-01-16,10,-1.8400225115601132,True
ISRG,short,2025-02-14,1,-1.3031967519532506,False
ISRG,long,2025-02-25,2,-3.414423892235985,False
ISRG,short,2025-04-08,1,-9.043335178506329,False
ISRG,long,2025-05-01,10,8.137117767507075,True
ISRG,short,2025-06-11,10,-0.9543764699639912,True
ISRG,short,2025-09-04,10,1.102819633351404,True
ISRG,long,2025-10-23,10,4.265571766177612,True
ISRG,short,2025-12-09,10,-1.913508712351053,True
ISRG,long,2026-03-02,9,-4.1474639817426056,False
ISRG,short,2026-03-24,10,2.4211084370877267,True
ISRG,short,2026-05-07,10,2.922483776759044,True
ISRG,short,2026-07-07,10,20.350398735246024,True
IWM,long,2021-10-22,10,6.1501292006799435,True
IWM,long,2021-12-31,10,-3.6765732089577563,True
IWM,long,2022-03-22,10,-1.6092250034983269,True
IWM,long,2022-07-21,10,4.932119316037564,True
IWM,long,2022-10-27,10,2.652421862814358,True
IWM,short,2022-12-12,10,3.1478919153930196,True
IWM,short,2023-03-10,10,4.767451706088943,True
IWM,long,2023-04-20,7,-1.0443075972148108,False
IWM,short,2023-05-04,10,-3.426333683303362,True
IWM,long,2023-06-06,10,3.2247272724791998,True
IWM,long,2023-07-05,1,-2.3245903863678863,False
IWM,long,2023-07-12,10,1.9194917578709614,True
IWM,short,2023-08-15,10,0.6806714414523296,True
IWM,long,2024-02-13,10,3.1087585697517683,True
IWM,long,2024-04-01,7,-4.668601507432513,False
IWM,short,2024-04-12,10,1.4262262973326334,True
IWM,short,2024-06-05,10,1.6724097905733148,True
IWM,long,2024-07-12,10,5.307159096813252,True
IWM,long,2024-10-17,10,-4.032439737164994,True
IWM,long,2025-01-23,10,0.7579435403942014,True
IWM,short,2025-02-25,10,7.2191133103864935,True
IWM,short,2025-04-04,10,-0.0711926413547781,True
IWM,long,2025-08-14,10,3.405707711499617,True
IWM,short,2025-11-14,10,-5.262706339257273,True
IWM,short,2026-03-12,10,0.6025548265803815,True
IWM,long,2026-04-09,10,6.4688114666280105,True
IWM,long,2026-06-25,10,-1.178551986103249,True
IWM,long,2026-08-10,10,-0.845232592053391,True
JNJ,short,2021-12-01,7,-5.48827150839466,False
JNJ,short,2022-05-09,10,-2.2741553505646994,True
JNJ,short,2022-06-14,9,-3.4373932928406514,False
JNJ,short,2022-07-21,10,-1.0232227010577688,True
JNJ,short,2022-08-12,10,1.9517662317720341,True
JNJ,long,2022-10-25,10,2.156665809740277,True
JNJ,long,2022-11-25,10,-0.9245683529729987,True
JNJ,short,2023-01-17,10,6.080460822445222,True
JNJ,long,2023-04-05,10,-0.48061891440076554,True
JNJ,short,2023-05-17,10,3.2855624385683124,True
JNJ,short,2023-08-23,10,3.5382732568695396,True
JNJ,short,2023-09-27,10,1.5134374622030378,True
JNJ,long,2024-01-04,10,0.05569425083866708,True
JNJ,short,2024-02-05,10,-0.7981610338601675,True
JNJ,long,2024-02-27,10,1.4968250031737629,True
JNJ,short,2024-03-20,10,2.0552325054353893,True
JNJ,long,2024-05-13,10,-3.7723198191074725,True
JNJ,long,2024-07-15,10,5.650316913698483,True
JNJ,long,2024-08-27,10,0.8073439291857776,True
JNJ,short,2024-09-26,10,-0.168490392172016,True
JNJ,short,2024-12-06,10,3.2933919198383954,True
JNJ,long,2025-01-28,10,2.273025768022041,True
JNJ,short,2025-04-02,10,0.06492490636517134,True
JNJ,short,2025-05-15,10,-4.871626158018372,True
JNJ,long,2025-06-20,1,0.03967527407262583,False
JNJ,long,2025-10-01,10,2.779568908035124,True
JNJ,short,2025-11-05,8,-6.9331346355136825,False
JNJ,long,2026-01-15,10,4.133255945127923,True
JNJ,short,2026-03-23,8,-2.3757369564666897,False
JNJ,long,2026-04-07,8,-2.741094001568334,False
JNJ,short,2026-04-21,10,1.6568576196342888,True
JNJ,long,2026-05-21,10,1.5044465541833363,True
JNJ,long,2026-08-20,2,-0.13166984623225186,False
JPM,short,2021-11-18,10,3.710691724657156,True
JPM,short,2021-12-21,8,-4.047354184360263,False
JPM,long,2022-01-05,10,-12.01287259102628,True
JPM,long,2022-05-26,10,-6.870758277569477,True
JPM,long,2022-08-15,10,-5.572065406974735,True
JPM,short,2022-09-23,10,3.698318566070413,True
JPM,short,2022-12-19,10,-5.1909072912888155,True
JPM,long,2023-01-06,10,0.8374343265687978,True
JPM,long,2023-02-08,10,-2.0890261865005977,True
JPM,short,2023-03-10,10,3.140510887800929,True
JPM,long,2023-04-17,10,0.8931761538103489,True
JPM,short,2023-05-15,10,-2.3758116778882954,True
JPM,long,2023-06-08,10,-1.293802579881942,True
JPM,long,2023-07-03,10,5.109789380910046,True
JPM,short,2023-08-17,10,3.0156434945052935,True
JPM,short,2023-09-18,10,2.963012473771387,True
JPM,short,2023-10-25,10,-2.9522612792589387,True
JPM,short,2024-01-31,10,0.09648023376257475,True
JPM,short,2024-06-13,10,-5.168462356524395,True
JPM,long,2024-07-31,2,-7.281869577492528,False
JPM,long,2024-10-14,10,1.0304673311851253,True
JPM,long,2024-12-06,3,-0.8831901489206873,False
JPM,short,2024-12-17,10,-0.56568453301582,True
JPM,long,2025-06-20,10,5.951298566824481,True
JPM,long,2025-07-28,9,-2.9899864902868334,False
JPM,long,2025-09-02,10,2.9740865867391886,True
JPM,short,2025-10-13,10,0.4744804247615364,True
JPM,long,2025-11-07,9,-4.331658318992194,False
JPM,long,2026-04-09,10,1.544222200968015,True
JPM,short,2026-05-14,10,0.9727055223841985,True
JPM,long,2026-06-09,10,6.360244273002014,True
JPM,long,2026-07-23,10,2.8045477515408646,True
KLAC,long,2021-10-28,10,12.648723376679483,True
KLAC,long,2021-12-28,10,-3.6078238185920264,True
KLAC,short,2022-01-21,10,0.4326987045408237,True
KLAC,short,2022-02-24,10,0.8772884159701566,True
KLAC,long,2022-05-31,10,-13.603607872460188,True
KLAC,long,2022-12-14,4,-5.499919431489908,False
KLAC,short,2022-12-22,10,-5.760312250089372,True
KLAC,short,2023-04-19,10,-3.052028202378021,True
KLAC,long,2023-05-09,10,9.318827011203545,True
KLAC,long,2023-06-29,4,-3.6812887973776243,False
KLAC,short,2023-07-10,6,-6.0651161577728985,False
KLAC,long,2023-09-05,8,-10.412022063412563,False
KLAC,short,2023-12-14,10,-1.0868619918112499,True
KLAC,short,2024-04-19,9,-5.547816360410596,False
KLAC,long,2024-06-13,10,1.040414512810095,True
KLAC,long,2024-10-10,4,-13.743601639083325,False
KLAC,short,2024-11-18,10,-8.382850450738943,True
KLAC,long,2025-01-08,10,8.669568490290992,True
KLAC,long,2025-02-18,7,-7.767400693775284,False
KLAC,short,2025-03-03,10,-0.5262192423929113,True
KLAC,short,2025-04-04,10,-4.769298505557273,True
KLAC,long,2025-05-09,10,7.2266187586691455,True
KLAC,long,2025-08-15,3,-4.95438897605569,False
KLAC,short,2025-11-21,9,-10.70738607477586,False
KLAC,short,2026-03-18,4,-5.8722900106365605,False
KLAC,long,2026-04-09,10,8.715544732168222,True
KLAC,short,2026-05-12,8,-4.768563218074551,False
KLAC,long,2026-05-27,10,4.349101313268511,True
KO,short,2021-11-26,10,-3.095802568208761,True
KO,short,2022-03-10,10,-4.274965833736721,True
KO,short,2022-05-20,10,-3.93452998409356,True
KO,short,2022-08-01,10,-0.6397311367405623,True
KO,long,2022-10-26,10,-0.40670711844768004,True
KO,short,2023-01-13,10,0.09884904866038768,True
KO,long,2023-03-30,10,1.890753310843385,True
KO,short,2023-05-23,10,2.0972153081306177,True
KO,long,2023-07-05,2,-0.8626417854909918,False
KO,short,2023-09-06,10,0.3070629622237586,True
KO,short,2024-01-03,1,0.2836675834755442,False
KO,long,2024-02-22,9,-2.36104673188533,False
KO,long,2024-03-27,6,-2.1056137106706174,False
KO,long,2024-07-18,10,4.876536857862268,True
KO,short,2024-10-09,10,1.7054491451638065,True
KO,short,2025-01-08,10,-1.524834341506276,True
KO,long,2025-01-28,10,6.439931130026766,True
KO,short,2025-03-26,6,-6.18108277627607,False
KO,long,2025-04-14,10,1.4726442881090485,True
KO,short,2025-05-14,10,-3.789199643474217,True
KO,short,2025-06-20,10,-2.778992473743802,True
KO,short,2025-07-25,10,-1.7503242189306434,True
KO,long,2025-08-12,10,-2.951138586411728,True
KO,long,2025-10-20,10,-0.6722184457419345,True
KO,short,2026-01-06,6,-5.043376264428234,False
KO,long,2026-04-22,10,5.781043715411172,True
KO,long,2026-07-29,10,-2.1883839909917158,True
LLY,short,2021-12-02,10,-13.19162895864585,True
LLY,long,2022-03-01,10,11.269992798364314,True
LLY,long,2022-05-27,10,-6.835117714495431,True
LLY,short,2022-08-05,10,-6.707874005023373,True
LLY,long,2022-09-29,10,-0.5599290685847302,True
LLY,long,2022-10-27,10,2.7103850388629613,True
LLY,long,2022-12-08,7,-4.1472460433273355,False
LLY,short,2023-01-23,10,2.5821476782832087,True
LLY,short,2023-02-21,10,5.049668140571351,True
LLY,short,2023-06-13,10,-3.3876526076615177,True
LLY,long,2024-01-04,10,0.5309802757837101,True
LLY,long,2024-02-02,10,18.068177148094144,True
LLY,short,2024-04-22,10,-5.062077306403623,True
LLY,short,2024-10-04,5,-5.209335690200367,False
LLY,short,2025-01-21,5,-10.081087523645515,False
LLY,short,2025-04-07,10,-18.570628388479648,True
LLY,long,2025-06-09,10,0.7940935016357509,True
LLY,long,2025-07-29,2,-4.445447730894935,False
LLY,long,2025-09-26,10,15.103849618113042,True
LLY,short,2025-10-30,2,-7.048361707089557,False
LLY,short,2026-03-16,10,10.620171541784085,True
LLY,long,2026-06-29,10,-5.744286670658538,True
LLY,short,2026-08-04,4,-10.252549358573159,False
LLY,long,2026-08-13,7,0.6969235679978869,False
LMT,long,2021-11-24,10,-0.3653596536468018,True
LMT,long,2022-03-01,10,3.1425318224676646,True
LMT,long,2022-04-08,10,-5.308728835085475,True
LMT,long,2022-06-08,4,-7.926988179704786,False
LMT,long,2022-07-15,10,2.5017974083605177,True
LMT,short,2022-09-01,10,0.9444294619554761,True
LMT,short,2022-09-29,10,-1.7494561824023869,True
LMT,short,2023-01-11,10,0.7682840054616391,True
LMT,long,2023-04-06,10,-1.8149660010944757,True
LMT,long,2023-06-09,10,-2.7052636410730524,True
LMT,long,2023-07-14,5,-2.412015071754292,False
LMT,short,2023-07-31,10,-0.08227415984027875,True
LMT,short,2023-09-07,10,1.5235828903486182,True
LMT,long,2023-11-07,5,-1.9728136572424004,False
LMT,short,2023-11-24,7,1.206582429890779,False
LMT,long,2024-01-04,10,-0.9841854636492231,True
LMT,short,2024-01-25,10,0.6976744186046546,True
LMT,long,2024-03-13,10,4.8357870458408,True
LMT,long,2024-04-30,10,0.021410915986685986,True
LMT,short,2024-05-30,5,-2.9934055202609944,False
LMT,short,2024-06-14,5,-3.288063475492886,False
LMT,long,2024-07-19,10,14.436753920990686,True
LMT,long,2024-09-03,10,-0.05640585101776008,True
LMT,long,2024-10-02,10,1.3042639958665614,True
LMT,long,2025-06-03,10,0.07098044632372069,True
LMT,short,2025-06-30,10,-2.3223381492366357,True
LMT,short,2025-07-23,10,-5.097156767237387,True
LMT,short,2026-03-24,10,-2.536909614697347,True
LMT,short,2026-04-21,10,12.297297567355193,True
LMT,long,2026-05-29,10,0.762723207883309,True
LMT,long,2026-08-21,1,-1.2843784683921888,False
LOW,short,2022-02-23,10,-1.7477499472128288,True
LOW,long,2022-03-18,6,-7.714222140309202,False
LOW,short,2022-05-23,7,-5.163541492124657,False
LOW,long,2022-06-15,10,-2.636564040391398,True
LOW,long,2022-07-15,10,3.133914089183598,True
LOW,long,2022-10-12,6,-9.853880831160055,False
LOW,short,2022-12-21,10,0.9658461172910915,True
LOW,short,2023-01-13,10,2.8391289956205434,True
LOW,long,2023-02-03,10,-2.0217368527162827,True
LOW,short,2023-03-27,6,-6.802752763472797,False
LOW,short,2023-05-17,4,-3.651501709180338,False
LOW,long,2023-06-14,10,2.7815001729010413,True
LOW,long,2023-09-01,10,-6.276367472886424,True
LOW,short,2024-05-24,10,-0.16533507911704604,True
LOW,long,2024-08-27,10,-0.9925541188989806,True
LOW,long,2024-11-20,10,4.153497893663238,True
LOW,short,2025-04-09,10,-6.345785347864941,True
LOW,long,2025-05-14,10,-1.991288594430829,True
LOW,long,2026-01-12,10,2.795606769499681,True
LOW,long,2026-02-12,8,-9.11227903519788,False
LOW,long,2026-04-13,10,-0.5290326876257301,True
LOW,short,2026-07-14,10,-4.26640296150711,True
LRCX,long,2021-11-05,10,7.253993732421438,True
LRCX,long,2021-12-29,10,-4.504027276392586,True
LRCX,short,2022-03-03,10,6.098125448890512,True
LRCX,long,2022-05-31,10,-14.278908168813054,True
LRCX,short,2022-12-23,10,-13.063950866564134,True
LRCX,long,2023-03-24,10,-1.464080810546875,True
LRCX,short,2023-04-25,4,-2.4005486661571984,False
LRCX,long,2023-05-08,10,10.390565980155507,True
LRCX,long,2023-07-03,10,2.0346554364744307,True
LRCX,long,2023-10-17,5,-5.346787214146531,False
LRCX,long,2023-12-12,10,8.448830704262832,True
LRCX,short,2024-04-19,10,-1.5185302704362469,True
LRCX,long,2024-05-16,10,-1.8535803467497836,True
LRCX,long,2024-06-11,10,5.677447457989793,True
LRCX,short,2024-07-18,10,15.632305320901551,True
LRCX,long,2024-11-13,2,-5.973150266096894,False
LRCX,short,2025-04-04,10,0.19196758135798797,True
LRCX,long,2025-06-11,10,5.96345003243266,True
LRCX,long,2025-08-13,10,-2.657278714605338,True
LRCX,long,2026-02-23,8,-12.500514638175463,False
LRCX,long,2026-05-07,10,1.754028709722788,True
LULU,short,2021-12-07,10,11.876681959015645,True
LULU,long,2022-07-22,10,3.349589526168706,True
LULU,long,2022-10-28,10,14.50308634179609,True
LULU,short,2023-01-11,3,-4.202599159539089,False
LULU,short,2023-03-09,10,-0.8144408938925984,True
LULU,long,2023-04-28,9,0.042423284695036756,False
LULU,short,2023-05-23,10,2.3371968441926905,True
LULU,short,2023-08-29,4,-10.081911949921118,False
LULU,short,2024-01-10,10,2.8073795506211585,True
LULU,short,2024-03-06,3,-1.2765812641686969,False
LULU,long,2024-03-22,10,-13.403005055837092,True
LULU,long,2024-06-24,4,-4.351723067033619,False
LULU,short,2024-07-05,10,7.5542730446260915,True
LULU,short,2024-09-16,6,1.2884387307503409,False
LULU,long,2024-09-30,10,3.151082649505388,True
LULU,long,2024-12-03,10,17.097373545003357,True
LULU,short,2025-01-27,1,-3.5248311050259717,False
LULU,long,2025-05-09,10,9.708394779324504,True
LULU,short,2025-10-22,10,7.638468362336248,True
LULU,long,2025-11-28,10,10.794595254434114,True
LULU,short,2026-01-21,10,5.775238711880693,True
LULU,short,2026-03-11,10,5.1738579337313855,True
LULU,short,2026-07-08,1,-3.106196580734921,False
LULU,long,2026-08-06,10,-5.636212168610621,True
MA,short,2021-10-29,10,-9.739165172296627,True
MA,short,2022-01-26,4,-14.183368559142927,False
MA,short,2022-03-01,10,6.385358589851686,True
MA,short,2022-04-29,2,3.832812717623846,False
MA,short,2022-05-10,10,-2.5217432350451485,True
MA,long,2022-07-21,10,4.153629277165338,True
MA,short,2022-08-26,10,1.9214532965618814,True
MA,long,2022-10-25,10,6.485566375856333,True
MA,short,2023-01-09,10,-2.254932264001397,True
MA,short,2023-02-22,10,-1.0327593367338794,True
MA,long,2023-04-03,10,2.6778142811599848,True
MA,long,2023-07-03,10,1.7427319946950126,True
MA,short,2023-08-03,10,-1.305603671810518,True
MA,long,2023-08-30,10,-0.34717258441684384,True
MA,short,2023-10-25,10,-1.4843781789143806,True
MA,long,2024-01-22,10,4.050298039618627,True
MA,short,2024-04-12,10,0.7682374618595778,True
MA,long,2024-07-02,10,3.7149433705998547,True
MA,long,2024-08-01,10,0.6982340178884439,True
MA,long,2024-10-17,10,-3.2346127951700554,True
MA,long,2024-11-12,10,-0.11717919973458502,True
MA,long,2024-12-13,6,-0.9753376461021146,False
MA,short,2025-01-08,10,-4.189128413306387,True
MA,short,2025-03-11,10,-1.481749954695144,True
MA,long,2025-07-24,10,-0.13879524855426872,True
MA,long,2025-08-14,10,2.2529326935882166,True
MA,short,2025-09-25,10,0.07964817823561399,True
MA,short,2025-10-24,1,0.8454031192175471,False
MA,short,2025-10-30,10,-0.7270305648297226,True
MA,short,2026-01-14,10,0.14141772842056755,True
MA,long,2026-04-17,10,-4.993290229131708,True
MA,short,2026-05-11,10,0.4020182291666674,True
MA,short,2026-06-05,7,-3.580575738071401,False
MA,long,2026-07-01,10,6.629285263865392,True
MCD,short,2021-10-25,7,-4.66914616412355,False
MCD,short,2021-12-02,4,-5.666361109927509,False
MCD,short,2022-05-19,7,-9.895427762033627,False
MCD,long,2022-08-01,10,1.1045912249934897,True
MCD,short,2022-09-23,10,5.671293188664639,True
MCD,short,2022-12-23,10,-1.1320082116274222,True
MCD,long,2023-01-30,5,-1.3803510931093332,False
MCD,short,2023-02-10,10,-1.4988322671424692,True
MCD,long,2023-03-07,3,-3.4951350244409207,False
MCD,long,2023-03-28,10,4.1278871351902335,True
MCD,short,2023-05-24,10,0.23390239105667288,True
MCD,short,2023-08-10,10,2.236761715206037,True
MCD,short,2023-09-20,10,8.226301743248554,True
MCD,long,2024-01-22,10,-4.977574473737844,True
MCD,long,2024-02-27,10,-0.8389455312619032,True
MCD,short,2024-03-14,10,0.16641923318347907,True
MCD,short,2024-05-24,10,1.905384889021411,True
MCD,short,2024-07-02,10,-4.53380633462217,True
MCD,long,2024-09-24,10,0.9496409954775631,True
MCD,long,2024-12-09,10,-2.113710031308258,True
MCD,short,2025-01-13,10,-2.9016722217560353,True
MCD,short,2025-03-17,10,-3.674081570765031,True
MCD,long,2025-05-01,9,-1.804245251990022,False
MCD,short,2025-06-04,10,7.466452114117416,True
MCD,long,2025-07-31,10,2.6343842544619855,True
MCD,short,2025-09-15,10,0.7046025794223088,True
MCD,short,2025-10-09,5,-3.9775218520517353,False
MCD,long,2025-11-24,10,0.5825490687195067,True
MCD,long,2025-12-16,10,-4.224242765045149,True
MCD,long,2026-01-28,10,2.606346493675593,True
MCD,short,2026-03-17,10,5.055901502450477,True
MCD,short,2026-04-28,10,5.941141390795224,True
MCD,long,2026-06-17,4,-4.070050829137473,False
MCD,long,2026-08-14,6,0.07712039915241942,False
META,short,2021-12-02,10,-7.546564052859894,True
META,short,2022-01-20,10,26.59462828430248,True
META,short,2022-06-14,10,1.2588064526030895,True
META,long,2022-07-20,8,-9.893522042884339,False
META,short,2022-10-28,10,-13.496680623498802,True
META,long,2023-01-06,10,11.087852148878085,True
META,long,2023-09-12,10,-2.405900643177439,True
META,long,2023-10-11,10,-7.269127976363688,True
META,long,2024-03-05,9,0.4000022194602382,False
META,long,2024-04-09,8,-7.881579894663715,False
META,long,2024-06-07,10,0.6049484740872524,True
META,long,2024-07-08,6,-9.691153204945113,False
META,long,2024-08-12,10,0.8242096285955292,True
META,short,2024-09-10,7,-10.024396165916993,False
META,short,2024-11-05,5,-3.088316571169014,False
META,short,2024-11-19,9,-11.196687693009055,False
META,long,2025-01-27,10,14.489082712520428,True
META,short,2025-04-04,10,4.334608121812977,True
META,short,2025-07-24,7,-8.272785486936796,False
META,short,2025-08-29,10,-2.60572967834356,True
META,long,2025-09-18,9,-8.121674434137848,False
META,long,2025-10-29,3,-15.507118652182017,False
META,short,2026-01-15,8,-8.124757726501542,False
META,short,2026-03-19,10,6.156987819690496,True
META,long,2026-06-09,10,-5.639596800311974,True
MPC,short,2021-11-15,10,8.039896995676488,True
MPC,long,2022-01-05,10,4.363575471663683,True
MPC,long,2022-03-28,10,4.751324857609118,True
MPC,short,2022-07-20,1,1.019005526637895,False
MPC,long,2022-07-26,10,3.9300810412942866,True
MPC,short,2022-12-06,10,-1.07325337969697,True
MPC,long,2023-01-12,10,12.157036324421068,True
MPC,long,2023-03-14,4,1.2348656297272775,False
MPC,long,2023-04-04,10,-5.875781547046688,True
MPC,short,2023-04-24,10,11.840076849554348,True
MPC,long,2023-06-13,10,1.186811845381186,True
MPC,long,2023-07-05,10,3.746817142271164,True
MPC,short,2023-09-08,10,-0.6955464959551128,True
MPC,short,2023-10-05,10,-8.852640375748088,True
MPC,short,2023-11-09,10,-3.819444444444442,True
MPC,short,2023-12-13,4,-7.37378469626957,False
MPC,long,2024-01-29,10,5.194641033548897,True
MPC,long,2024-03-08,10,12.39190977489475,True
MPC,short,2024-05-31,5,-1.5543486620063218,False
MPC,short,2024-07-11,10,-6.099975654282885,True
MPC,long,2024-10-08,5,-8.051765331142157,False
MPC,short,2024-10-17,10,8.17447108819671,True
MPC,long,2024-12-06,10,-11.239767691111835,True
MPC,short,2025-03-05,10,-6.797575198154515,True
MPC,long,2025-06-18,10,3.8459295224493095,True
MPC,short,2025-12-17,10,6.853175225109965,True
MPC,long,2026-02-05,10,1.6479759580078746,True
MPC,long,2026-03-05,10,4.837707949347614,True
MPC,long,2026-06-05,8,-7.7952456815080335,False
MPC,short,2026-08-12,8,-8.198776965088905,False
MRK,short,2022-02-09,10,4.742770661601103,True
MRK,long,2022-03-21,10,4.794778188300786,True
MRK,long,2022-05-13,10,2.6240407529127596,True
MRK,short,2022-07-26,10,2.0568980869001385,True
MRK,long,2022-08-19,9,-4.806118382531743,False
MRK,long,2022-10-12,10,7.846579355736294,True
MRK,long,2022-11-22,10,3.7312722010318655,True
MRK,long,2023-01-09,6,-5.301180782983894,False
MRK,short,2023-01-26,10,1.6677394074927632,True
MRK,short,2023-03-23,9,-7.5024066306108805,False
MRK,long,2023-04-10,10,2.638104976174005,True
MRK,short,2023-05-25,10,2.4581505863677022,True
MRK,long,2023-06-28,10,-6.28470466744111,True
MRK,long,2023-08-16,10,1.5760360225554493,True
MRK,short,2023-09-26,10,1.4364555715154492,True
MRK,short,2023-12-05,10,-1.4963779281583323,True
MRK,long,2024-03-04,1,-1.309655524191089,False
MRK,long,2024-05-29,10,3.218644029046125,True
MRK,short,2024-07-05,10,0.6006497617660811,True
MRK,short,2024-07-31,10,2.0862053180563,True
MRK,long,2024-08-29,10,-1.7552782917557352,True
MRK,short,2024-10-02,10,3.6054166501823803,True
MRK,short,2024-12-24,10,-0.03023460887703333,True
MRK,short,2025-01-23,10,8.386221524719916,True
MRK,long,2025-03-26,10,-7.173611009638514,True
MRK,long,2025-06-11,10,-3.0977218074171975,True
MRK,long,2025-07-11,10,0.8212359783082546,True
MRK,long,2025-08-01,10,7.933866582595339,True
MRK,short,2025-09-16,10,-3.6044909171029316,True
MRK,long,2026-02-05,10,3.33869043964814,True
MRK,short,2026-03-09,10,-0.6087988587625714,True
MRK,long,2026-04-06,10,-2.7489453428443666,True
MRK,short,2026-04-22,10,-0.8436168573778158,True
MRK,long,2026-05-26,10,-2.6851122951881634,True
MRK,short,2026-06-23,2,-7.654679706844791,False
MRK,long,2026-07-28,10,-1.8512993855145266,True
MRK,long,2026-08-17,5,11.641353885982308,False
MRVL,long,2021-12-06,10,0.7903197411469165,True
MRVL,short,2022-01-18,10,9.813206205899395,True
MRVL,long,2022-02-18,3,-0.5865984917988731,False
MRVL,long,2022-03-24,10,-6.173191608451378,True
MRVL,short,2022-05-12,10,-10.918646348244131,True
MRVL,short,2022-05-31,1,4.1928042897900415,False
MRVL,long,2022-06-07,5,-17.762711088536154,False
MRVL,long,2022-07-19,10,12.295904856022677,True
MRVL,short,2022-08-25,10,3.4174724689965075,True
MRVL,long,2022-11-16,10,4.295894323505967,True
MRVL,short,2022-12-19,10,5.983559575061914,True
MRVL,short,2023-03-08,10,2.429543254876554,True
MRVL,long,2023-04-17,10,0.8824974167112476,True
MRVL,short,2023-07-10,4,-7.7798571668974414,False
MRVL,short,2023-08-11,10,7.917381402634671,True
MRVL,short,2023-09-11,10,7.374161649442346,True
MRVL,short,2023-10-23,10,-4.315966597478682,True
MRVL,long,2024-03-04,10,-14.655830871996024,True
MRVL,short,2024-07-02,2,-1.8222925538123436,False
MRVL,long,2024-10-16,10,4.268982789716169,True
MRVL,long,2025-01-06,3,-6.51729590402772,False
MRVL,long,2025-01-21,6,-15.145012149136505,False
MRVL,long,2025-06-10,10,8.580008542565265,True
MRVL,short,2025-07-21,7,-11.226017471511241,False
MRVL,short,2025-08-21,10,10.1192128101932,True
MRVL,short,2025-10-24,8,-10.753462765633781,False
MRVL,long,2025-11-10,6,-15.552214391476959,False
MRVL,short,2026-01-16,10,3.425406250052687,True
MRVL,short,2026-02-05,6,-7.862244199885549,False
MRVL,long,2026-03-10,10,-0.22685436444308538,True
MRVL,long,2026-05-22,10,48.341210092804964,True
MRVL,short,2026-07-09,10,14.972778636851714,True
MS,long,2021-10-29,8,-4.250322144102681,False
MS,short,2021-11-12,10,1.9957622677258424,True
MS,long,2022-01-05,10,-3.7319143983379877,True
MS,long,2022-05-31,10,-12.28644993270045,True
MS,long,2022-07-21,10,4.736197067916037,True
MS,short,2022-09-27,10,4.584878671823523,True
MS,short,2022-12-12,10,4.43770866513542,True
MS,long,2023-02-15,6,-1.818917846580248,False
MS,short,2023-03-03,10,12.812016940021032,True
MS,long,2023-04-19,10,-2.7427121946162814,True
MS,long,2023-06-09,10,-3.631544389505492,True
MS,long,2023-09-15,8,-7.4158076136493385,False
MS,short,2024-01-17,10,-2.8167347467629833,True
MS,short,2024-02-15,8,-1.8946194924035709,False
MS,long,2024-03-06,10,5.278324315137173,True
MS,long,2024-07-05,10,1.9880098842199434,True
MS,short,2024-08-05,10,-9.821908606854457,True
MS,short,2024-12-11,10,-0.21917712665118216,True
MS,short,2025-02-25,10,14.492862734247392,True
MS,long,2025-08-14,10,2.1632603236607206,True
MS,long,2025-10-28,10,0.22875324703954814,True
MS,long,2025-11-13,4,-4.1462432069503175,False
MS,short,2025-12-02,10,-4.511809547471968,True
MS,short,2026-02-13,10,0.07180177159732404,True
MS,long,2026-04-07,10,14.255534292444928,True
MS,long,2026-05-26,10,3.64801265655772,True
MS,short,2026-07-24,10,0.03234383891118631,True
MSFT,short,2021-12-06,10,1.2471086256172104,True
MSFT,long,2021-12-29,6,-8.033982974177277,False
MSFT,short,2022-02-23,10,0.5789484865203365,True
MSFT,long,2022-03-21,10,5.3799008947085,True
MSFT,short,2022-05-12,10,-3.1859953344309133,True
MSFT,long,2022-07-29,10,5.1170294672094885,True
MSFT,long,2022-12-12,5,-2.828854348890597,False
MSFT,long,2023-04-28,10,1.6315224156276953,True
MSFT,long,2023-07-19,7,-6.463028302090534,False
MSFT,long,2023-09-07,10,-3.5497628851762886,True
MSFT,long,2023-11-03,10,5.783256853907703,True
MSFT,long,2024-01-12,10,6.285509766828556,True
MSFT,short,2024-03-05,6,-0.27539247076278084,False
MSFT,long,2024-03-15,10,1.2592713090445962,True
MSFT,short,2024-04-19,10,-0.6509429722442839,True
MSFT,long,2024-10-30,4,-5.939102697816956,False
MSFT,long,2024-12-05,10,-0.20323680607129413,True
MSFT,short,2025-04-07,5,-10.524963566423562,False
MSFT,long,2025-09-23,10,1.9813143086105267,True
MSFT,long,2025-10-29,5,-6.932873088787261,False
MSFT,long,2026-01-05,5,0.658143512056597,False
MSFT,short,2026-01-14,10,7.065984662963809,True
MSFT,long,2026-03-10,9,-6.592200292604944,False
MSFT,long,2026-06-01,7,-14.516825470688877,False
MSFT,long,2026-07-31,10,10.088887532552082,True
MU,long,2021-11-03,10,6.702485551402826,True
MU,long,2021-12-27,10,0.18138942246168632,True
MU,short,2022-01-21,10,3.6214711559610535,True
MU,long,2022-04-07,1,-2.076827497386624,False
MU,long,2022-06-03,4,-7.90906068523859,False
MU,long,2022-07-19,10,1.6268097936253056,True
MU,long,2022-08-17,3,-7.164464100638524,False
MU,long,2022-10-20,10,-0.037384033203125,True
MU,long,2022-11-11,10,-8.079144934214245,True
MU,short,2023-02-23,10,5.985798025129785,True
MU,short,2023-03-22,1,-5.034244092281703,False
MU,short,2023-05-09,4,-7.9492288520812915,False
MU,long,2023-05-17,10,6.983577545622199,True
MU,short,2023-07-06,10,-6.066569373854902,True
MU,short,2023-09-29,10,-4.294753538137419,True
MU,short,2023-10-30,4,-9.373118088448095,False
MU,short,2024-02-14,9,-9.162811817150395,False
MU,long,2024-06-13,10,-7.885702805708772,True
MU,long,2024-12-18,1,-21.006806042729586,False
MU,short,2025-07-18,10,8.193277998405868,True
MU,long,2026-03-18,6,-23.51751786167361,False
MU,long,2026-08-17,5,-8.916011825878433,False
NET,short,2021-12-02,10,19.503119752521116,True
NET,short,2022-03-08,10,-25.119822213505017,True
NET,short,2022-04-21,10,25.993914770505,True
NET,short,2022-06-14,10,-9.894578551367395,True
NET,long,2022-07-22,10,34.541495928201286,True
NET,short,2022-09-27,10,9.620252745426628,True
NET,long,2022-11-07,10,9.31018016302172,True
NET,long,2023-01-24,10,25.123251924234637,True
NET,long,2023-07-19,10,-13.259372975490557,True
NET,short,2023-08-18,10,-12.263160839415432,True
NET,short,2023-09-22,10,-8.88676050022903,True
NET,short,2023-10-26,10,-9.955793358217345,True
NET,long,2024-02-09,10,-10.009079741864523,True
NET,short,2024-04-18,10,-1.4134250727479758,True
NET,short,2024-06-04,6,-12.382651591440986,False
NET,long,2024-08-22,10,-7.391621397719527,True
NET,short,2024-09-23,10,2.636990871489686,True
NET,long,2024-11-21,10,13.2317528724754,True
NET,long,2025-01-23,10,15.06627102247473,True
NET,short,2025-04-07,10,-17.405880022055854,True
NET,long,2025-07-21,10,5.295007482808467,True
NET,short,2025-09-02,2,-3.6170747850103213,False
NET,long,2025-11-03,10,-20.658272686666212,True
NET,long,2025-12-17,9,-0.8299844718029803,False
NET,long,2026-02-18,3,-16.827623382675363,False
NET,short,2026-04-13,9,-21.80588666130514,False
NET,long,2026-08-11,9,-8.858907496519898,False
NFLX,short,2022-01-05,10,14.146959277140647,True
NFLX,long,2022-02-22,1,-5.525137035359928,False
NFLX,short,2022-03-07,10,-3.9344059631250428,True
NFLX,long,2022-06-14,2,2.12075814381667,False
NFLX,long,2022-07-20,10,8.915794545827538,True
NFLX,long,2022-10-20,10,-1.363735399462207,True
NFLX,short,2023-02-23,10,10.098726292169202,True
NFLX,short,2023-04-25,10,-1.1080738042346105,True
NFLX,long,2023-05-16,10,18.332326359899543,True
NFLX,short,2023-08-18,9,-8.601911924461492,False
NFLX,long,2024-01-25,10,1.19213868952448,True
NFLX,long,2024-02-23,10,3.1411989650877103,True
NFLX,long,2024-03-27,10,-0.03656956829715119,True
NFLX,short,2024-04-22,10,-8.409901835939904,True
NFLX,long,2024-06-20,10,1.2980377416679012,True
NFLX,long,2024-08-16,10,4.768237612505444,True
NFLX,long,2024-09-25,10,0.8918138076382975,True
NFLX,long,2024-10-21,10,-1.3385315825923172,True
NFLX,short,2025-01-06,10,-7.339442217053516,True
NFLX,long,2025-06-25,10,-2.8169838268748193,True
NFLX,short,2025-09-29,10,-1.1643152513939325,True
NFLX,short,2025-11-24,10,7.232614787076585,True
NFLX,short,2026-01-12,10,4.582451219171935,True
NFLX,short,2026-06-04,10,6.98401853285252,True
NFLX,short,2026-07-21,10,-9.121924789241076,True
NKE,short,2021-12-17,9,-3.1182287532484976,False
NKE,short,2022-02-24,10,5.240602421581297,True
NKE,short,2022-07-19,1,-5.217805128643804,False
NKE,long,2022-11-11,10,4.6356311823881,True
NKE,short,2023-02-23,10,2.3931760007657177,True
NKE,long,2023-04-17,10,1.4996424723911828,True
NKE,short,2023-05-16,10,10.417019458527266,True
NKE,long,2023-08-02,9,-1.5977057139289874,False
NKE,short,2023-08-22,10,0.7725819991779681,True
NKE,long,2024-02-13,10,-0.6095812960000946,True
NKE,long,2024-05-10,10,-1.4182869873777704,True
NKE,long,2024-06-05,10,0.2622744448178782,True
NKE,short,2024-07-01,10,3.5629171409354288,True
NKE,short,2024-07-30,2,-0.21712040631571838,False
NKE,long,2024-08-14,10,6.141026814778638,True
NKE,short,2025-01-06,10,-0.3932215803760686,True
NKE,long,2025-05-12,10,0.721386270013169,True
NKE,long,2025-06-30,10,0.7557745816539674,True
NKE,long,2025-07-29,7,-5.599293477013156,False
NKE,short,2025-08-19,3,-0.2301794273661173,False
NKE,short,2026-02-03,10,-6.10230551465194,True
NKE,short,2026-03-05,10,8.805460719748769,True
NKE,long,2026-05-01,6,-5.421687464795754,False
NKE,short,2026-06-22,10,3.160017662852399,True
NKE,long,2026-07-22,4,1.413423941902292,False
NKE,short,2026-08-13,7,-0.02454177987549766,False
NOW,short,2021-11-24,10,-1.935040298781221,True
NOW,long,2021-12-31,3,-12.156072021611585,False
NOW,short,2022-12-21,10,5.321213304861139,True
NOW,short,2023-02-22,10,-2.129553797648187,True
NOW,long,2023-03-22,10,4.506022791106545,True
NOW,short,2023-05-03,10,-11.135659605123415,True
NOW,long,2023-06-27,10,3.7328612133661787,True
NOW,long,2023-08-31,10,-1.7661013845669982,True
NOW,long,2023-11-03,10,8.95467460170465,True
NOW,short,2024-01-04,6,-8.063491417397216,False
NOW,short,2024-03-06,6,-3.861367468106658,False
NOW,short,2024-04-19,10,1.1517228751346975,True
NOW,long,2024-08-23,10,3.0819260930440517,True
NOW,long,2024-09-13,10,0.002266919177240645,True
NOW,long,2024-11-06,10,2.915487877897749,True
NOW,short,2025-04-07,10,-11.457841941574376,True
NOW,short,2025-06-24,5,-2.2111141320430905,False
NOW,long,2025-07-07,5,-7.807479458562582,False
NOW,short,2025-11-07,10,4.452980297676678,True
NOW,long,2026-03-06,10,-8.398342528283841,True
NVDA,short,2021-12-15,10,-4.176059295440182,True
NVDA,short,2022-01-12,10,21.81565295346829,True
NVDA,short,2022-03-04,10,-13.124350986394639,True
NVDA,long,2022-06-06,8,-18.48581492290281,False
NVDA,short,2022-10-12,9,-14.526290161761413,False
NVDA,long,2022-12-12,7,-3.146100750143155,False
NVDA,long,2023-05-05,10,12.355350028562938,True
NVDA,long,2023-07-14,10,0.358499487448416,True
NVDA,short,2023-08-11,9,-12.962560944611546,False
NVDA,short,2024-04-17,10,5.998410902590057,True
NVDA,short,2024-07-08,10,3.098279876404886,True
NVDA,short,2024-12-17,10,-7.1423049672803,True
NVDA,long,2025-01-24,1,-20.18602004036375,False
NVDA,long,2025-04-01,2,-6.1924012156131525,False
NVDA,short,2025-09-04,10,-3.324147227224894,True
NVDA,short,2025-10-29,10,6.817959884159974,True
NVDA,short,2025-12-08,10,-0.5749031183019726,True
NVDA,long,2025-12-24,10,-1.6388218532746524,True
NVDA,short,2026-02-05,4,-8.643463676352114,False
NVDA,short,2026-03-10,10,3.947366880027603,True
NVDA,short,2026-03-30,7,-8.964335224695109,False
NVDA,short,2026-06-09,10,5.517042724610366,True
ORCL,short,2021-11-15,10,3.282884077033954,True
ORCL,short,2021-12-02,8,-11.733778170834764,False
ORCL,short,2022-02-18,10,1.5629143114911037,True
ORCL,short,2022-04-14,10,8.054616256659596,True
ORCL,long,2023-01-05,10,2.6470588235294024,True
ORCL,short,2023-02-23,8,-1.3884097111729332,False
ORCL,short,2023-03-13,10,-8.185309313254674,True
ORCL,long,2023-05-12,10,6.628420428487303,True
ORCL,long,2023-08-02,1,-2.0270228825721825,False
ORCL,short,2023-08-10,8,-2.4257357759197573,False
ORCL,long,2023-09-01,10,-7.272128664084276,True
ORCL,short,2023-12-13,10,-5.114758681530751,True
ORCL,short,2024-01-12,10,-8.230258469517304,True
ORCL,short,2024-04-11,10,5.611240357014546,True
ORCL,long,2024-05-16,10,-3.8953582949798893,True
ORCL,short,2024-07-22,10,8.501505950916577,True
ORCL,short,2024-11-06,1,-4.3972611790585425,False
ORCL,short,2024-12-12,10,5.078647913557754,True
ORCL,short,2025-03-03,10,7.750825203918932,True
ORCL,short,2025-08-22,10,-1.8884039199559721,True
ORCL,short,2025-10-09,10,3.9375684957675294,True
ORCL,long,2026-01-13,4,-12.234147234660819,False
ORCL,short,2026-01-22,10,23.9114682261251,True
ORCL,short,2026-03-31,10,-21.03349527080869,True
OXY,long,2021-11-03,5,-5.8858373192461455,False
OXY,short,2021-11-16,10,9.756860627998066,True
OXY,short,2021-12-21,8,-12.617837388915799,False
OXY,long,2022-03-02,10,9.190197839181845,True
OXY,long,2022-05-09,10,3.6602718051865324,True
OXY,long,2022-08-01,10,-1.2735949890669174,True
OXY,short,2022-12-02,10,8.448029304022754,True
OXY,long,2023-01-23,9,-9.017970732866221,False
OXY,short,2023-02-07,10,5.7741965017011125,True
OXY,long,2023-04-03,10,-4.167931172507067,True
OXY,short,2023-06-23,10,-4.784006217915637,True
OXY,short,2023-09-01,4,-2.5447674140241405,False
OXY,short,2023-12-01,10,0.9137007018139465,True
OXY,long,2024-02-20,10,0.08260871099656786,True
OXY,long,2024-03-18,10,6.914643616864202,True
OXY,short,2024-05-02,10,2.9488901215178775,True
OXY,short,2024-07-24,10,7.455055876851535,True
OXY,short,2024-09-04,10,6.588450226258368,True
OXY,long,2024-10-04,10,-6.2942157690434435,True
OXY,short,2024-11-13,4,0.5122110522665424,False
OXY,short,2024-12-09,10,0.33333301544189453,True
OXY,long,2025-05-09,10,-1.6202055882722943,True
OXY,long,2025-08-18,10,9.254205859905884,True
OXY,short,2025-10-06,10,8.822224934895829,True
OXY,short,2025-12-17,10,-7.809716579939163,True
OXY,short,2026-06-16,10,10.726260808930343,True
OXY,long,2026-08-11,9,2.7872795500587966,False
PANW,long,2021-11-23,10,0.1717866799862744,True
PANW,long,2021-12-28,9,-8.362265633917175,False
PANW,long,2022-02-23,10,9.62267686298597,True
PANW,short,2022-04-28,10,18.59721515087753,True
PANW,short,2022-07-28,6,-4.86718342928083,False
PANW,long,2022-08-15,10,7.405128712111919,True
PANW,long,2023-03-31,10,3.424166407254181,True
PANW,long,2023-04-24,1,-5.423739290331908,False
PANW,short,2023-08-07,10,-9.923763868871504,True
PANW,short,2024-04-05,10,-4.488672108726988,True
PANW,short,2024-07-31,10,-6.00655235684886,True
PANW,short,2024-09-19,10,0.5800507518442188,True
PANW,long,2024-10-10,10,1.2722184922960178,True
PANW,short,2024-11-07,1,-3.3836069844700445,False
PANW,short,2024-12-24,10,7.725872131446742,True
PANW,short,2025-04-01,10,-2.9848081247164204,True
PANW,short,2025-06-04,10,-2.335824982112622,True
PANW,long,2025-07-01,7,-8.12864721862433,False
PANW,long,2026-01-15,5,-5.496701345344023,False
PANW,short,2026-07-29,7,-13.926977202305025,False
PEP,long,2021-12-10,10,2.345713317451592,True
PEP,short,2022-02-17,10,0.1566137675073742,True
PEP,short,2022-05-20,10,-2.0340160757130965,True
PEP,long,2022-08-02,10,1.9102547960751837,True
PEP,short,2022-10-12,2,-0.8652917387758086,False
PEP,long,2022-11-25,10,-0.8018180262527541,True
PEP,short,2023-01-18,10,2.099981636164616,True
PEP,long,2023-03-22,10,3.2613603076880215,True
PEP,long,2023-06-26,10,-1.1710399074374434,True
PEP,long,2023-07-25,10,-3.135340111277529,True
PEP,long,2023-11-06,10,0.6406367191963414,True
PEP,long,2024-01-03,5,-4.617143903459819,False
PEP,long,2024-02-06,10,-1.5281394947930127,True
PEP,short,2024-03-01,10,0.1213132036283815,True
PEP,long,2024-07-18,10,3.7045816793783937,True
PEP,long,2024-09-05,10,-2.277173481072592,True
PEP,long,2024-09-23,10,-2.141972556861249,True
PEP,short,2024-12-17,10,3.550788868785293,True
PEP,short,2025-03-21,10,0.26530570724383473,True
PEP,short,2025-04-09,10,3.5222833806818232,True
PEP,short,2025-05-23,4,-1.4587831315709066,False
PEP,short,2025-07-02,10,-7.534197738562853,True
PEP,short,2025-09-09,10,-0.509988141419293,True
PEP,long,2025-10-13,10,2.677437705849961,True
PEP,long,2025-12-16,5,-5.467473200240502,False
PEP,short,2026-03-09,10,5.208263731544238,True
PEP,short,2026-05-15,10,5.375764520845861,True
PEP,short,2026-07-01,10,-1.6179475645268004,True
PEP,long,2026-08-07,10,4.318745624081055,True
PFE,long,2022-05-24,10,1.4418557188978331,True
PFE,short,2022-08-03,10,1.044387323161322,True
PFE,short,2022-08-26,10,-0.2939928449992024,True
PFE,short,2023-02-17,10,4.15014876341192,True
PFE,long,2023-04-10,9,-2.2843314861485275,False
PFE,long,2023-08-25,7,-4.897621714599842,False
PFE,long,2023-10-19,10,-2.8043313712603157,True
PFE,short,2024-03-05,5,-8.27212725251636,False
PFE,short,2024-04-05,10,2.1084317665761465,True
PFE,long,2024-06-05,3,-5.040594715960234,False
PFE,long,2024-07-16,10,7.4999951009882215,True
PFE,long,2024-09-17,10,-4.592343413655242,True
PFE,short,2024-10-25,10,6.834034068917272,True
PFE,long,2024-12-26,10,0.6006000415836432,True
PFE,short,2025-02-14,7,-2.6816966433480305,False
PFE,long,2025-03-10,4,-3.453453818964547,False
PFE,short,2025-03-28,10,12.465044960618165,True
PFE,long,2025-06-05,10,2.2610868908761406,True
PFE,long,2025-11-13,10,-0.7710129484263639,True
PFE,long,2025-12-16,4,-4.652047748639731,False
PFE,short,2025-12-29,10,-0.39920313179802047,True
PFE,long,2026-01-23,10,6.411256429006396,True
PFE,long,2026-04-02,7,-4.877190840871714,False
PFE,short,2026-04-16,10,1.8743048096030002,True
PFE,short,2026-05-06,10,2.8990909860612035,True
PFE,short,2026-06-24,10,2.21773892734094,True
PFE,long,2026-07-23,10,5.263163541240723,True
PG,long,2021-10-29,10,3.0950997349032283,True
PG,long,2021-12-07,10,3.823624662903269,True
PG,short,2022-02-25,10,5.980437537482097,True
PG,short,2022-05-09,10,5.7872195853229,True
PG,long,2022-08-16,10,-5.513620855296464,True
PG,short,2022-09-29,10,4.216271907534996,True
PG,short,2023-01-20,10,-0.2037614328336712,True
PG,short,2023-02-17,8,-2.445271562661344,False
PG,long,2023-03-20,10,4.188149482115633,True
PG,short,2023-05-23,10,2.6816253877382623,True
PG,long,2023-07-25,10,2.352098456374807,True
PG,short,2023-09-27,10,4.296612399691224,True
PG,long,2023-11-17,10,-0.432165830823672,True
PG,short,2023-12-06,10,2.1086939395691284,True
PG,long,2024-01-05,10,-0.5782682916168791,True
PG,long,2024-02-26,10,0.3229238504644405,True
PG,long,2024-03-25,6,-3.1147262700833123,False
PG,short,2024-07-18,10,1.842417389884743,True
PG,long,2024-08-09,10,-0.5584275661351779,True
PG,long,2024-09-05,10,-2.528559615963022,True
PG,short,2024-10-04,10,-1.4391427823174041,True
PG,long,2025-02-27,10,-1.3228034444761394,True
PG,short,2025-05-06,10,-4.808913203226828,True
PG,short,2025-07-15,10,-1.9861963403548621,True
PG,short,2025-09-23,10,0.43081179847043183,True
PG,short,2025-11-06,10,-1.5834915555763773,True
PG,short,2025-12-09,10,-2.8665781768734577,True
PG,long,2026-04-29,8,-3.331087214935624,False
PG,short,2026-05-18,10,0.9007732050091755,True
PG,short,2026-06-04,2,-1.6818564867551622,False
PG,long,2026-06-11,10,0.2152033159288802,True
PLTR,long,2021-10-29,10,-10.470588534486058,True
PLTR,short,2022-01-10,10,19.332921625645316,True
PLTR,short,2022-02-22,10,-3.1775715761553913,True
PLTR,long,2022-03-22,10,10.94249069862887,True
PLTR,long,2022-07-22,10,10.628013403408264,True
PLTR,long,2022-10-05,10,-4.237292636456824,True
PLTR,short,2022-11-08,10,-1.9773992654552597,True
PLTR,short,2022-12-20,10,-0.4769508742494821,True
PLTR,short,2023-04-26,10,-26.302410736022107,True
PLTR,short,2023-07-06,5,-9.268930186556634,False
PLTR,short,2023-09-26,7,-13.333337890916752,False
PLTR,long,2023-12-04,1,-7.341776014883306,False
PLTR,short,2024-01-04,10,-4.548295852247386,True
PLTR,long,2024-02-07,10,9.212961740618075,True
PLTR,long,2024-03-11,4,-9.269987157627602,False
PLTR,short,2024-04-02,10,0.545458360151807,True
PLTR,long,2024-06-07,10,3.9586922777739897,True
PLTR,short,2024-08-05,5,-35.142591858709515,False
PLTR,long,2024-11-06,10,16.242515958519444,True
PLTR,short,2025-01-10,10,-14.28571428571428,True
PLTR,long,2025-03-26,10,-4.444904703087083,True
PLTR,long,2025-06-13,10,1.8719910601274758,True
PLTR,long,2025-07-15,10,4.908355050615376,True
PLTR,long,2025-09-18,10,9.854935313471902,True
PLTR,long,2025-10-31,9,-13.584336331905023,False
PLTR,short,2026-04-02,10,-2.024601015395122,True
PLTR,long,2026-06-01,7,-18.60856970166005,False
PLTR,long,2026-08-05,10,8.141976815682872,True
PYPL,short,2022-01-19,10,23.963290689242143,True
PYPL,long,2022-07-21,10,21.544055952079866,True
PYPL,short,2022-09-26,10,2.923110006288232,True
PYPL,long,2023-02-03,6,-6.956320978878394,False
PYPL,short,2023-05-04,10,14.630063642781465,True
PYPL,short,2023-06-08,10,-4.267921531792362,True
PYPL,short,2023-10-23,10,-3.212397622373797,True
PYPL,short,2024-01-17,3,-11.006624366176943,False
PYPL,long,2024-01-31,6,-10.904760209340903,False
PYPL,long,2024-03-15,10,3.881789719500306,True
PYPL,short,2024-04-19,9,-8.032263478925161,False
PYPL,short,2024-05-23,10,-7.611132181881142,True
PYPL,short,2024-07-17,10,-7.641954053841471,True
PYPL,short,2024-09-20,10,-2.651666170606326,True
PYPL,long,2024-10-18,9,-0.2515684883549474,False
PYPL,long,2024-11-12,10,0.0690667471054951,True
PYPL,long,2025-01-22,10,-12.000003390842018,True
PYPL,short,2025-04-02,10,7.678158347177321,True
PYPL,long,2025-06-11,5,-8.695071786914966,False
PYPL,long,2025-07-24,4,-10.329301517821666,False
PYPL,short,2025-09-15,10,-3.5363999190128004,True
PYPL,long,2025-10-08,7,-10.400740193741086,False
PYPL,short,2025-11-17,10,-0.14328952494842007,True
PYPL,short,2026-01-05,10,5.050847397440639,True
PYPL,long,2026-04-16,10,3.6164497253007966,True
PYPL,short,2026-06-05,10,-1.0742438994894243,True
PYPL,long,2026-07-06,10,27.82901849171249,True
PYPL,long,2026-08-13,7,3.230126033767,False
QCOM,short,2022-01-21,10,-7.958370602967224,True
QCOM,long,2022-04-06,1,-2.5752224163473447,False
QCOM,long,2022-05-13,10,4.073275369854357,True
QCOM,short,2022-08-29,10,9.34619946418741,True
QCOM,short,2022-12-19,10,2.1752506889441525,True
QCOM,short,2023-02-22,10,2.5096547250972434,True
QCOM,short,2023-04-20,10,9.131212380317088,True
QCOM,short,2023-10-30,4,-12.004495987722041,False
QCOM,long,2024-04-10,5,-4.697825618110619,False
QCOM,short,2024-04-19,10,-11.377027011813578,True
QCOM,long,2024-09-09,1,0.36625262356644317,False
QCOM,short,2024-11-18,10,0.012302750129178364,True
QCOM,short,2024-12-23,10,-2.197095007378458,True
QCOM,long,2025-01-17,10,2.9386869433190244,True
QCOM,short,2025-02-26,10,5.579928738259488,True
QCOM,short,2025-04-04,10,-1.3398861849232668,True
QCOM,long,2025-05-09,10,-0.19222763439330492,True
QCOM,long,2025-09-18,10,1.1804896710582602,True
QCOM,short,2025-11-20,10,-4.595220757138296,True
QCOM,short,2026-01-14,10,7.0071482983873,True
QCOM,short,2026-03-12,10,2.195255793641082,True
QCOM,long,2026-04-17,10,29.497396550792597,True
QQQ,short,2021-12-06,10,0.7663640497318047,True
QQQ,long,2021-12-30,7,-5.287419811796735,False
QQQ,long,2022-02-22,10,-4.472801136711979,True
QQQ,long,2022-07-21,10,6.886324183355641,True
QQQ,long,2022-10-26,10,-5.43704108146602,True
QQQ,short,2022-12-19,10,2.968563562187132,True
QQQ,long,2023-03-20,10,5.222501683050496,True
QQQ,long,2023-05-09,10,3.5279457613548226,True
QQQ,long,2023-07-14,10,1.0247937737997814,True
QQQ,long,2023-12-14,10,1.1210375584431054,True
QQQ,short,2024-04-18,10,-0.09613441616391771,True
QQQ,long,2024-10-18,10,-1.3419432691524902,True
QQQ,long,2024-11-08,10,-1.413139286006182,True
QQQ,short,2025-01-22,1,-0.5797169933642321,False
QQQ,long,2025-02-19,6,-7.111428001873543,False
QQQ,short,2025-04-04,10,1.1480415229618068,True
QQQ,short,2025-09-09,10,-3.1966515160656517,True
QQQ,long,2025-10-28,10,-1.3944378183271655,True
QQQ,long,2026-01-29,4,-4.251959752783751,False
QQQ,short,2026-02-06,10,-0.20326408273421137,True
QQQ,short,2026-03-24,10,-3.6387936912352314,True
QQQ,short,2026-07-24,10,-4.724737101315757,True
RBLX,long,2021-12-09,1,-6.343945862002909,False
RBLX,short,2021-12-17,10,-2.9378057689160464,True
RBLX,long,2022-02-18,10,-24.080885884877212,True
RBLX,short,2022-04-19,10,15.733198821872275,True
RBLX,long,2022-06-07,4,-14.534884150745608,False
RBLX,short,2022-06-17,4,-47.21098830187762,False
RBLX,long,2022-08-03,10,0.4357231842997411,True
RBLX,long,2022-10-19,10,1.8531688678288472,True
RBLX,short,2022-12-19,10,-5.255530101196637,True
RBLX,short,2023-02-15,10,6.7506540841199225,True
RBLX,long,2023-04-05,8,-10.34709806042926,False
RBLX,long,2023-07-14,9,-14.559385260274215,False
RBLX,long,2023-11-06,10,6.318449765333445,True
RBLX,long,2023-12-11,10,13.732227700951682,True
RBLX,short,2024-03-19,10,-0.7464762826432381,True
RBLX,long,2024-04-17,10,-0.15012008461370296,True
RBLX,long,2024-07-08,10,5.128205128205132,True
RBLX,short,2024-08-06,10,-9.686152380232848,True
RBLX,long,2024-09-20,7,-5.3489950193277185,False
RBLX,long,2024-11-01,10,-0.7434965047491526,True
RBLX,short,2024-12-02,4,-16.316923751618106,False
RBLX,long,2025-01-17,10,6.638505743686407,True
RBLX,short,2025-03-10,10,-9.367182350921466,True
RBLX,short,2025-10-08,10,0.26491845690527205,True
RBLX,short,2025-10-31,10,13.760539548729668,True
RBLX,long,2026-03-03,4,-3.123545230029734,False
RBLX,long,2026-04-20,8,-7.90000279744466,False
RBLX,short,2026-05-04,10,-4.585933787315155,True
RBLX,long,2026-06-02,8,-7.595471815067512,False
RBLX,long,2026-06-17,10,13.336061646881836,True
RCL,long,2022-02-10,10,-4.12087734543184,True
RCL,short,2022-05-06,10,23.61455865993589,True
RCL,long,2022-07-29,10,14.513510626715576,True
RCL,long,2022-09-12,10,-8.49781853692374,True
RCL,short,2022-12-16,10,9.444137840845922,True
RCL,short,2023-03-13,10,6.680033996827007,True
RCL,short,2023-04-27,1,-8.363695176758279,False
RCL,long,2023-05-02,10,14.977442232289718,True
RCL,short,2023-07-28,10,7.369369644302504,True
RCL,short,2023-09-26,10,0.7444424099392388,True
RCL,long,2024-02-01,4,-8.307101493147195,False
RCL,short,2024-02-13,10,-6.00850766602794,True
RCL,long,2024-09-16,10,4.329412123736209,True
RCL,long,2025-01-22,10,9.990516319728314,True
RCL,short,2025-04-07,10,-19.77804548547162,True
RCL,short,2025-10-30,10,7.664535353633283,True
RCL,long,2025-12-12,10,0.4655617086719799,True
RCL,short,2026-04-30,10,0.9813084537821704,True
RIVN,short,2022-03-07,10,9.24999713897705,True
RIVN,long,2022-07-11,10,-0.5564151890757429,True
RIVN,long,2022-11-10,7,-13.577614332172738,False
RIVN,long,2023-02-02,10,1.1741671470031134,True
RIVN,short,2023-03-02,10,13.523929322100825,True
RIVN,long,2023-05-26,10,-4.43685757990131,True
RIVN,long,2023-07-03,10,38.39686279641683,True
RIVN,short,2023-08-11,10,8.689717412149589,True
RIVN,long,2023-12-08,10,21.901249834208937,True
RIVN,long,2024-02-23,10,17.032963769982846,True
RIVN,short,2024-03-22,10,5.263165637817702,True
RIVN,long,2024-06-07,10,-4.344048566961445,True
RIVN,short,2024-09-23,10,11.476798030135459,True
RIVN,long,2024-11-29,10,17.497959308438716,True
RIVN,long,2025-01-10,10,-8.214282989501953,True
RIVN,long,2025-02-19,6,-19.050938986539013,False
RIVN,long,2025-03-27,10,-5.601320312563218,True
RIVN,long,2025-04-30,10,14.972841738528263,True
RIVN,short,2025-07-08,10,-10.39874845717641,True
RIVN,long,2025-09-24,9,-14.50676961184164,False
RIVN,long,2025-11-06,10,-3.9318504093737605,True
RIVN,short,2026-03-10,10,3.5928164913695326,True
RIVN,long,2026-04-20,10,-14.797418415489505,True
RIVN,short,2026-08-03,10,3.441556792855116,True
RIVN,short,2026-08-24,0,2.2954643608142367,False
ROKU,short,2022-01-10,10,14.036371321232433,True
ROKU,long,2022-02-22,10,0.309431944330707,True
ROKU,short,2022-04-14,10,20.291721069605085,True
ROKU,short,2022-06-14,10,-13.869281843596815,True
ROKU,long,2022-07-18,6,-9.475235512041479,False
ROKU,short,2022-08-01,10,-30.175868020183884,True
ROKU,long,2022-08-23,10,-7.884751215797337,True
ROKU,long,2022-09-23,10,-8.48977722585753,True
ROKU,long,2022-11-16,10,2.926991898497522,True
ROKU,short,2023-04-27,10,-3.7030258858037346,True
ROKU,short,2023-05-22,3,-3.9025377867812905,False
ROKU,long,2023-06-05,10,14.333783066299176,True
ROKU,short,2023-09-19,10,7.342414740044512,True
ROKU,short,2023-10-19,10,-21.85792245581444,True
ROKU,long,2024-02-08,7,-29.76501305483029,False
ROKU,long,2024-04-09,1,-0.04904165472430222,False
ROKU,short,2024-05-29,10,-1.294035277859984,True
ROKU,short,2024-11-01,8,-18.721390522521396,False
ROKU,short,2025-01-02,10,-0.9981368193933138,True
ROKU,long,2025-01-30,10,4.8309176963430955,True
ROKU,long,2025-07-29,3,-14.738017060141074,False
ROKU,long,2025-10-06,5,-10.497445843015175,False
ROKU,long,2025-11-04,10,-9.978271761580526,True
ROKU,short,2026-01-23,10,19.863716349174034,True
ROKU,long,2026-03-03,10,0.5691669510443198,True
ROKU,short,2026-03-30,7,-12.822829571867667,False
ROKU,long,2026-04-13,10,11.699214403342983,True
ROKU,short,2026-06-12,1,-12.891592542766418,False
ROKU,long,2026-07-15,10,2.100608100386836,True
RTX,short,2021-11-05,10,4.834573354332228,True
RTX,long,2022-02-08,10,-1.6945581756974026,True
RTX,long,2022-07-13,4,1.0882471315580178,False
RTX,long,2022-07-22,2,-5.160277018780657,False
RTX,long,2022-08-17,9,-3.485281859552014,False
RTX,long,2022-10-20,10,7.960375455539426,True
RTX,long,2022-12-02,10,-0.3445520533377211,True
RTX,short,2023-01-20,10,-2.474776201054274,True
RTX,long,2023-04-12,10,-3.287128410717044,True
RTX,short,2023-07-26,10,-1.0942144109438612,True
RTX,short,2023-08-25,2,0.18711689640057427,False
RTX,short,2023-09-11,10,10.162087539409814,True
RTX,long,2023-12-29,10,1.5318856781286971,True
RTX,long,2024-03-20,10,4.536839535361836,True
RTX,long,2024-05-10,10,0.25471381421358075,True
RTX,long,2024-08-23,10,2.4262428982746664,True
RTX,long,2024-10-03,10,1.0040160642570184,True
RTX,short,2024-11-01,10,2.444445449138377,True
RTX,short,2024-12-19,10,1.382885493797248,True
RTX,long,2025-01-16,10,8.04356815823728,True
RTX,short,2025-02-24,6,-2.959997558593752,False
RTX,long,2025-07-16,10,6.415846423497862,True
RTX,long,2025-08-29,6,-5.780453060796031,False
RTX,short,2025-11-24,10,-1.5654500919150882,True
RTX,long,2025-12-15,10,2.375647537094494,True
RTX,long,2026-03-03,10,-4.544384266190193,True
RTX,short,2026-03-24,10,-5.857868294313162,True
RTX,long,2026-06-15,10,3.1926439125971706,True
SBUX,long,2021-10-27,10,-2.0074411187595786,True
SBUX,long,2021-12-09,8,-4.689119310945777,False
SBUX,short,2022-02-24,10,0.3885672433035725,True
SBUX,long,2022-11-10,10,6.038979876242756,True
SBUX,short,2023-02-22,10,2.7606522730398098,True
SBUX,short,2023-08-18,10,-2.0726984892114553,True
SBUX,long,2023-10-20,10,8.48657635405421,True
SBUX,long,2024-02-12,10,-2.8786638136991893,True
SBUX,short,2024-03-05,10,0.5537482569815344,True
SBUX,short,2024-04-05,10,0.32992139987843005,True
SBUX,short,2024-07-02,10,2.619300052541118,True
SBUX,long,2024-08-14,10,-0.09434567403969751,True
SBUX,long,2024-09-12,5,-1.5843972913866966,False
SBUX,long,2024-11-26,10,-3.500342944994228,True
SBUX,short,2024-12-13,10,6.944724431024596,True
SBUX,long,2025-02-28,4,-8.334778847015844,False
SBUX,long,2025-05-28,10,9.104425319327646,True
SBUX,short,2025-08-04,10,-6.270095279816013,True
SBUX,short,2025-08-26,10,3.5044849896613717,True
SBUX,long,2025-10-06,3,-7.544329664109473,False
SBUX,long,2025-11-28,7,-5.45788816112216,False
SBUX,long,2025-12-23,10,2.511048298539409,True
SBUX,long,2026-02-27,2,0.2904551606482064,False
SBUX,long,2026-03-16,4,-6.731835210311942,False
SBUX,short,2026-06-01,10,-3.3994873668097947,True
SBUX,long,2026-07-14,8,-4.051668604797087,False
SCHW,short,2021-12-02,9,-5.590061805204805,False
SCHW,long,2021-12-23,10,7.853280621803749,True
SCHW,short,2022-02-09,1,2.917190436357653,False
SCHW,short,2022-02-22,10,11.234894545336116,True
SCHW,long,2022-07-29,10,10.782870577289373,True
SCHW,long,2022-10-07,5,-8.635757143134315,False
SCHW,short,2022-10-18,8,-15.149343975046058,False
SCHW,long,2022-12-02,8,-4.8720461908782875,False
SCHW,long,2023-03-03,10,-26.135920101251063,True
SCHW,short,2023-06-30,1,-0.2953987591594931,False
SCHW,short,2023-08-16,10,1.2064114402339232,True
SCHW,short,2023-09-22,10,7.999999182564876,True
SCHW,long,2023-11-03,10,0.6559101806162149,True
SCHW,long,2024-02-29,10,0.8785244782583579,True
SCHW,long,2024-04-24,10,2.591648010661274,True
SCHW,long,2024-06-25,10,0.4441375344631959,True
SCHW,long,2024-07-17,10,-1.614850075954266,True
SCHW,short,2024-08-15,3,1.7575813062263301,False
SCHW,short,2024-09-16,5,-3.0471386046465376,False
SCHW,long,2024-10-10,10,9.322281129164157,True
SCHW,short,2024-12-17,10,4.7225853704637055,True
SCHW,long,2025-01-22,10,0.9743474317791101,True
SCHW,short,2025-02-28,10,2.157082858654158,True
SCHW,long,2025-07-03,10,4.699456887166997,True
SCHW,short,2025-09-11,10,-2.7091461129937544,True
SCHW,short,2025-11-21,10,-3.6157830451355233,True
SCHW,short,2026-02-12,10,0.8333365122477177,True
SCHW,long,2026-04-16,4,-4.229326400803735,False
SCHW,short,2026-05-29,10,-5.930230783861745,True
SCHW,long,2026-08-05,10,3.6358533202342613,True
SLB,short,2021-11-22,10,-2.4991669252911075,True
SLB,long,2022-01-04,10,15.432480331876297,True
SLB,long,2022-03-09,6,-8.942155157164821,False
SLB,short,2022-05-03,10,-10.156447586560802,True
SLB,long,2022-05-24,10,15.359549189263655,True
SLB,long,2022-08-24,10,-2.4782862438154973,True
SLB,short,2022-09-26,8,-21.57367882956578,False
SLB,short,2022-12-12,8,-9.20101549086423,False
SLB,long,2022-12-28,10,8.675287916015195,True
SLB,short,2023-06-01,1,-8.615882410941754,False
SLB,long,2023-07-10,10,7.910674286724162,True
SLB,long,2023-09-06,10,-0.8786451955873464,True
SLB,short,2023-10-03,10,-4.765220310377027,True
SLB,short,2023-12-07,9,-6.398056056818668,False
SLB,long,2024-03-06,10,7.7227752987701015,True
SLB,short,2024-04-17,10,8.498255704911484,True
SLB,long,2024-05-23,1,-0.81509494235118,False
SLB,long,2024-09-04,10,-1.4747924193147077,True
SLB,short,2024-12-09,10,10.216871514377823,True
SLB,short,2025-02-21,10,2.198582321393927,True
SLB,long,2025-03-28,5,-17.48517788797008,False
SLB,long,2025-05-19,7,-4.8049765732525955,False
SLB,short,2025-09-25,10,3.7478128107338193,True
SLB,short,2025-10-13,9,-11.689525517326672,False
SLB,long,2025-12-08,10,0.0,True
SLB,short,2026-03-09,10,-5.077877367938588,True
SLB,long,2026-04-24,10,-1.9510424030303009,True
SLB,long,2026-05-26,10,-2.360143830090722,True
SLB,short,2026-06-18,10,8.742509754127903,True
SLB,long,2026-07-27,10,1.7208442428449544,True
SMCI,long,2021-12-30,10,-0.570801841230073,True
SMCI,long,2022-03-07,10,3.590353917722733,True
SMCI,short,2022-04-01,10,4.412530384363123,True
SMCI,short,2022-06-06,10,18.937895198657408,True
SMCI,short,2022-12-19,10,-1.9585965631551128,True
SMCI,short,2023-01-06,10,9.453657636442747,True
SMCI,short,2023-04-26,6,-44.12511312538652,False
SMCI,short,2023-09-22,8,-19.36994971793733,False
SMCI,short,2024-04-18,10,20.726082156776805,True
SMCI,short,2024-07-24,10,35.59477064344618,True
SMCI,long,2024-10-02,10,21.844543976806328,True
SMCI,long,2024-10-31,10,-40.086491853444805,True
SMCI,short,2025-01-29,8,-50.60028949673205,False
SMCI,short,2025-04-02,10,6.261025983111502,True
SMCI,long,2025-05-08,10,25.478285186440573,True
SMCI,long,2025-06-27,10,0.5052546530171176,True
SMCI,long,2025-12-17,4,-2.3181948159487265,False
SMCI,long,2026-01-22,10,-6.515150359182642,True
SMCI,long,2026-02-10,4,-11.048738648035162,False
SMCI,short,2026-03-23,10,-11.619894989702107,True
SNOW,short,2022-01-05,10,9.445527062036874,True
SNOW,long,2022-04-18,10,-10.317346003904115,True
SNOW,short,2022-06-15,6,-27.711754598036364,False
SNOW,short,2022-07-27,7,-21.329625203946367,False
SNOW,short,2023-01-06,7,-14.759607513288486,False
SNOW,long,2023-04-04,10,-4.271521157776281,True
SNOW,long,2023-05-08,10,11.467116694998335,True
SNOW,long,2023-07-28,3,-3.7201686713759785,False
SNOW,long,2023-09-11,10,-9.941660163916122,True
SNOW,short,2024-04-05,2,-2.033057575011288,False
SNOW,long,2024-04-18,10,6.120943173197979,True
SNOW,long,2024-05-29,10,-12.318351475900835,True
SNOW,long,2024-10-11,10,-6.093711093221177,True
SNOW,short,2024-12-23,10,2.5890743708830044,True
SNOW,long,2025-01-22,10,7.560489177769725,True
SNOW,short,2025-02-26,10,8.210846314947284,True
SNOW,short,2025-04-04,10,-2.7679862793369203,True
SNOW,long,2025-06-26,10,-5.048415473903079,True
SNOW,long,2025-10-06,10,2.209185199330155,True
SNOW,short,2025-11-21,10,8.276340124397274,True
SNOW,long,2026-01-08,4,-12.581095678488142,False
SNOW,short,2026-03-27,10,15.215054670179152,True
SNOW,long,2026-05-19,10,39.89273241972582,True
SNOW,short,2026-06-29,4,-4.434965463127893,False
SNOW,long,2026-08-04,10,6.665569367955948,True
SOFI,short,2022-01-13,10,20.714282989501953,True
SOFI,short,2022-02-04,10,1.2998233884412236,True
SOFI,short,2022-02-24,10,-6.207677336876216,True
SOFI,long,2022-07-18,10,0.4739369695092366,True
SOFI,short,2022-09-22,10,7.517479792149007,True
SOFI,long,2022-11-16,1,-6.759096495230343,False
SOFI,short,2022-11-23,10,5.781584079561353,True
SOFI,long,2023-01-13,10,27.84688900024723,True
SOFI,short,2023-05-03,10,0.20120226291382437,True
SOFI,long,2023-05-31,10,57.09677533478199,True
SOFI,short,2023-07-13,3,-7.286991176802027,False
SOFI,long,2023-09-13,8,-16.555553012424042,False
SOFI,long,2024-02-12,10,12.684725954282117,True
SOFI,long,2024-04-10,10,-0.6535972563600612,True
SOFI,short,2024-06-05,10,6.646969136380287,True
SOFI,short,2025-01-10,6,-26.056337034955313,False
SOFI,short,2025-06-11,10,-15.495867280065756,True
SOFI,long,2025-08-19,10,-0.48761006199619095,True
SOFI,long,2025-10-29,10,2.27019598725835,True
SOFI,short,2025-11-19,10,-11.803588120766317,True
SOFI,short,2026-01-28,10,19.411767697801775,True
SOFI,short,2026-03-24,10,2.9714683329077896,True
SOFI,long,2026-06-01,10,-5.6198373509732775,True
SOFI,long,2026-07-07,9,-8.54838774181924,False
SOFI,short,2026-07-27,9,-8.500581943984532,False
SPY,long,2022-02-18,2,-3.5167893438500686,False
SPY,long,2022-03-21,10,2.8041570774113067,True
SPY,long,2022-07-22,10,3.647344656375462,True
SPY,long,2022-10-26,10,-1.9626828599678015,True
SPY,long,2022-12-12,1,1.9943711555872268,False
SPY,long,2023-03-30,10,2.0713195558022868,True
SPY,long,2023-05-02,1,-1.6274080041450367,False
SPY,short,2023-05-05,9,-2.523784508032323,False
SPY,long,2023-10-23,2,-0.4909314912674989,False
SPY,long,2024-01-16,10,3.288727130759539,True
SPY,short,2024-04-15,10,0.9842189886361097,True
SPY,long,2025-01-22,10,-0.28056711364201625,True
SPY,short,2025-02-26,10,6.218850874108705,True
SPY,short,2025-04-04,10,1.8694938313894904,True
SPY,long,2025-09-09,10,2.1942542663573317,True
SPY,long,2025-10-28,10,-0.5894749821593992,True
SPY,long,2025-12-26,10,0.6544594000094994,True
SPY,long,2026-01-28,6,-2.7874604427297056,False
SPY,short,2026-03-16,10,5.447504999206442,True
SPY,long,2026-07-10,10,-1.744564235110302,True
SPY,short,2026-07-30,3,-4.793156698862466,False
T,short,2021-11-11,10,3.081235578387387,True
T,short,2022-02-25,10,1.1087328379881911,True
T,short,2022-03-29,10,-8.176434667225596,True
T,long,2022-05-18,10,3.315457326120441,True
T,short,2022-07-22,10,1.661304761400495,True
T,short,2022-08-24,10,7.194240503683602,True
T,short,2022-12-20,10,-7.619040190132198,True
T,long,2023-03-31,10,3.5041843456363075,True
T,long,2023-07-10,1,-1.868562544933916,False
T,long,2023-08-31,10,2.905400986215212,True
T,long,2023-10-25,10,0.9677394743888623,True
T,long,2023-11-17,10,4.714016387134001,True
T,short,2024-01-02,2,-1.8408519188447992,False
T,long,2024-04-05,3,-4.509137527888985,False
T,long,2024-09-03,10,9.282490482397465,True
T,short,2024-10-14,10,-3.511235854724326,True
T,long,2024-11-01,10,0.6657772479305102,True
T,long,2024-11-22,10,1.3882933308663192,True
T,long,2024-12-18,10,-0.5701717768274883,True
T,long,2025-03-28,10,-5.502643544802344,True
T,long,2025-05-22,1,-0.5801299777183244,False
T,long,2025-07-02,5,-4.130505549351837,False
T,long,2025-08-13,10,1.9649104068153678,True
T,short,2025-09-26,10,8.844250865951764,True
T,long,2025-11-20,10,0.11881460057627802,True
T,short,2025-12-10,10,-0.40716768584787566,True
T,short,2026-01-13,10,-1.6040487640357037,True
T,short,2026-03-13,8,-4.763634421608676,False
T,short,2026-05-13,10,1.3872389529132056,True
TFC,short,2021-11-19,10,2.825411653062282,True
TFC,short,2021-12-31,1,-3.6376163194689948,False
TFC,short,2022-02-25,10,5.051513625974325,True
TFC,short,2022-04-06,10,4.995438359150173,True
TFC,long,2022-07-29,10,4.292626186951698,True
TFC,short,2022-10-21,6,-11.0587624150277,False
TFC,long,2023-01-05,10,8.563658431276156,True
TFC,short,2023-02-23,10,12.360502293356712,True
TFC,long,2023-04-26,10,-8.193484110323201,True
TFC,long,2023-06-23,10,6.979057705124281,True
TFC,short,2023-08-07,10,11.25930793775276,True
TFC,short,2023-10-12,1,3.56415230716679,False
TFC,short,2024-02-14,10,0.9626278469014649,True
TFC,long,2024-03-08,10,1.5082077632220692,True
TFC,long,2024-10-17,10,-2.40308628116922,True
TFC,short,2024-11-07,10,-1.0578620071138412,True
TFC,long,2024-12-06,2,-1.6094919876818103,False
TFC,short,2024-12-13,10,5.285000950550223,True
TFC,long,2025-01-21,10,-1.2916644414265988,True
TFC,short,2025-02-26,10,12.362514397419632,True
TFC,short,2025-04-04,10,0.5912136310988081,True
TFC,long,2025-05-05,10,5.963659711426494,True
TFC,long,2025-06-25,10,9.850318714194618,True
TFC,short,2025-08-04,10,-2.497114060242045,True
TFC,short,2025-10-13,10,-3.790700158407523,True
TFC,long,2025-11-28,10,7.498383007278497,True
TFC,long,2026-02-04,10,-5.008254680422342,True
TFC,short,2026-05-12,10,-0.9583314259846931,True
TFC,long,2026-06-10,10,2.487863220877684,True
TFC,long,2026-07-29,7,-0.4374350493037582,False
TFC,short,2026-08-21,1,-0.6736678113025585,False
TGT,long,2021-11-16,2,-4.1634969384951255,False
TGT,short,2021-11-22,10,2.3068002871271753,True
TGT,short,2022-02-18,8,-9.446504821939893,False
TGT,long,2022-03-30,4,-3.10371495450138,False
TGT,short,2022-06-17,10,-3.2818293328043646,True
TGT,long,2022-07-21,10,6.441719137445445,True
TGT,long,2022-10-26,10,-8.84770684505437,True
TGT,short,2023-03-22,8,-1.9398427136329,False
TGT,long,2023-04-05,10,-3.3293149402040423,True
TGT,short,2023-05-24,10,9.965705401349577,True
TGT,long,2023-06-30,10,-2.839849877505485,True
TGT,short,2023-08-16,10,5.962965223524308,True
TGT,short,2023-09-20,10,11.577375080846398,True
TGT,long,2023-10-25,10,1.309598971639514,True
TGT,long,2023-11-16,10,5.909159607758241,True
TGT,long,2024-01-17,1,-1.9131981007557197,False
TGT,short,2024-01-22,9,-5.122840974966114,False
TGT,long,2024-02-09,10,2.087294008165763,True
TGT,long,2024-07-15,10,-3.9450432047828277,True
TGT,long,2024-10-14,7,-6.415925469205364,False
TGT,long,2024-11-19,1,-22.074261460430257,False
TGT,long,2025-01-03,10,-0.25419863266004095,True
TGT,short,2025-02-10,10,3.331309326387799,True
TGT,long,2025-05-13,8,-6.532510425566396,False
TGT,long,2025-06-30,10,2.620482580659589,True
TGT,short,2025-08-04,10,-4.939500756416959,True
TGT,short,2025-08-22,10,6.230786756472206,True
TGT,long,2025-10-22,10,-2.4923093130801988,True
TGT,short,2026-03-23,9,-6.612581359744096,False
TGT,long,2026-06-15,10,-3.963234845329733,True
TLT,short,2021-12-28,10,4.037438702203322,True
TLT,short,2022-02-08,10,1.1070211734042434,True
TLT,short,2022-03-14,10,2.215525628499415,True
TLT,long,2022-07-22,10,-1.5385913270251073,True
TLT,long,2022-08-12,1,0.3040820840669145,False
TLT,short,2022-08-19,10,2.6583079104414375,True
TLT,short,2023-02-13,10,1.9284543608673488,True
TLT,long,2023-04-14,1,-1.4802140313390777,False
TLT,short,2023-05-16,10,-0.5761682901357368,True
TLT,long,2023-06-21,10,-3.044448329681282,True
TLT,short,2024-11-27,10,2.10661980351029,True
TLT,long,2025-02-26,10,-1.7064073395744894,True
TLT,short,2025-03-26,7,-3.870678049107723,False
TLT,long,2025-06-13,10,1.7525614945625323,True
TLT,short,2025-09-08,10,0.5270844794822538,True
TLT,short,2025-10-13,1,-0.6424477612949397,False
TLT,short,2026-02-03,7,-3.168002729610242,False
TLT,short,2026-05-05,10,2.5014736871908916,True
TMO,long,2021-12-28,7,-6.776855835602936,False
TMO,long,2022-03-21,10,1.4317418271941662,True
TMO,long,2022-06-01,8,-10.120267819549401,False
TMO,short,2022-08-25,10,1.547497458231517,True
TMO,short,2022-11-14,10,0.15169308565189388,True
TMO,short,2023-02-17,10,-1.0128114002354138,True
TMO,long,2023-04-06,10,-1.5787179642911986,True
TMO,long,2023-07-21,10,1.8527534996977568,True
TMO,short,2023-10-16,10,10.094236333405782,True
TMO,long,2024-02-29,10,1.7854256146478509,True
TMO,short,2024-04-17,8,-3.7833321071985893,False
TMO,short,2024-06-27,10,1.5501408790413618,True
TMO,long,2024-07-25,10,4.148290827098711,True
TMO,short,2024-10-11,10,6.927004356814026,True
TMO,long,2025-01-10,10,7.730361069088598,True
TMO,short,2025-04-02,10,9.096772415208765,True
TMO,short,2025-05-12,10,1.8460929573977158,True
TMO,long,2025-07-03,10,-3.2359654881231936,True
TMO,long,2025-07-24,10,-2.556415207767959,True
TMO,short,2025-09-26,4,-13.85937291294541,False
TMO,short,2025-12-18,7,-3.7336651336528304,False
TMO,long,2026-01-05,10,4.250802398932274,True
TMO,short,2026-03-16,10,-1.9062942512002135,True
TMO,short,2026-05-22,4,-10.230533397829156,False
TMO,short,2026-06-26,10,-3.684303135881195,True
TSLA,short,2021-12-10,10,-8.445105570399637,True
TSLA,short,2022-02-24,10,-19.690452177490148,True
TSLA,long,2022-03-22,10,17.339782714843754,True
TSLA,long,2022-06-13,7,5.333832098579383,False
TSLA,long,2022-07-22,10,4.326266075671703,True
TSLA,short,2022-09-01,9,-11.43518048397536,False
TSLA,long,2022-11-09,10,-3.9731637905206063,True
TSLA,short,2023-03-10,10,-8.724946241805576,True
TSLA,short,2023-04-20,10,2.9909136880714837,True
TSLA,long,2023-05-19,10,22.825536410991877,True
TSLA,short,2023-10-20,10,-1.3593900196787079,True
TSLA,long,2023-12-22,8,-7.505064472481882,False
TSLA,long,2024-02-29,6,-14.124790563434807,False
TSLA,short,2024-04-18,8,-21.17685869705579,False
TSLA,long,2024-06-27,10,27.18655431490209,True
TSLA,long,2024-09-16,10,14.099433668021867,True
TSLA,short,2025-02-10,10,14.993965622338512,True
TSLA,short,2025-04-22,4,-23.779007868225797,False
TSLA,long,2025-07-07,10,12.739813892730446,True
TSLA,long,2025-08-12,10,1.9333372254302539,True
TSLA,long,2025-09-11,10,20.90984333694632,True
TSLA,short,2025-11-17,10,-7.649094835477244,True
TSLA,short,2026-02-05,10,-3.7277766158109626,True
TSLA,short,2026-03-23,10,7.086762631250165,True
TSLA,short,2026-06-08,10,3.714077087129297,True
TSLA,long,2026-07-10,6,-9.96857021697226,False
TXN,short,2021-12-22,10,-0.4139948335558197,True
TXN,short,2022-02-08,10,2.5818969718083506,True
TXN,long,2022-03-21,10,1.9075316837545486,True
TXN,short,2022-05-12,10,-6.248096608273479,True
TXN,long,2022-06-01,7,-11.114864705141581,False
TXN,long,2022-07-19,10,9.828954232994791,True
TXN,short,2022-10-03,10,4.078519801528147,True
TXN,short,2022-12-20,10,-0.16199988463894144,True
TXN,long,2023-02-03,9,-3.087677106593001,False
TXN,short,2023-02-22,10,-3.0405781887116623,True
TXN,long,2023-03-31,10,-2.157374811721624,True
TXN,short,2023-04-25,10,7.170110257114814,True
TXN,short,2023-06-27,3,-6.000119137691096,False
TXN,short,2023-09-20,10,3.6650778530460726,True
TXN,short,2024-01-17,10,1.500985776360364,True
TXN,short,2024-04-19,5,-8.830018233260928,False
TXN,long,2024-07-11,10,-3.2677512103863715,True
TXN,short,2024-08-06,9,-9.339580966989146,False
TXN,short,2024-10-22,5,-9.162752666308084,False
TXN,long,2025-01-24,3,-5.121050382915293,False
TXN,long,2025-05-06,10,17.7156818587644,True
TXN,short,2025-10-16,10,8.48395286766317,True
TXN,long,2025-12-02,10,5.2456822313665,True
TXN,short,2026-01-07,2,-0.9762807481154212,False
TXN,short,2026-03-04,10,6.645136910596983,True
TXN,long,2026-04-09,10,32.77038211503736,True
TXN,short,2026-06-11,7,-4.991538159971931,False
TXN,short,2026-07-10,10,8.093367733992674,True
TXN,short,2026-07-30,10,1.224627757655905,True
UAL,long,2021-12-29,10,3.8375752619689285,True
UAL,long,2022-01-21,1,-2.9997629112354707,False
UAL,long,2022-06-13,10,-7.203812552441313,True
UAL,long,2022-07-20,9,-10.289157729551013,False
UAL,short,2022-12-15,10,4.918034521806314,True
UAL,short,2023-03-02,10,16.01156286892862,True
UAL,long,2023-04-20,10,-6.3904043679075535,True
UAL,long,2023-05-18,10,1.6132421226660476,True
UAL,short,2023-08-03,10,4.841499509512737,True
UAL,long,2023-12-08,10,3.0266344384779487,True
UAL,long,2024-02-23,10,-4.012417088896402,True
UAL,long,2024-05-16,6,-6.675087033318972,False
UAL,short,2024-06-24,10,2.4591829752400263,True
UAL,short,2024-08-05,10,-14.027999919474343,True
UAL,short,2024-12-27,6,-0.7666234810334682,False
UAL,long,2025-01-10,10,-2.4938369658273896,True
UAL,short,2025-02-25,10,22.348136877651303,True
UAL,long,2025-05-01,10,9.577670132498062,True
UAL,long,2025-06-10,5,-11.518140429054924,False
UAL,short,2025-08-13,10,-5.614676211954128,True
UAL,short,2025-09-29,10,0.6407041681439463,True
UAL,long,2025-12-01,10,7.388569114638033,True
UAL,short,2026-01-26,10,-8.669219691957398,True
UAL,short,2026-03-05,10,3.9285698715521344,True
UAL,short,2026-05-04,9,-0.9239113849142333,False
UBER,short,2021-11-01,10,1.0437918939370516,True
UBER,short,2021-11-30,10,5.070067970616043,True
UBER,short,2022-01-20,10,9.793679577791025,True
UBER,short,2022-02-24,10,-1.4681366170787857,True
UBER,short,2022-05-06,10,13.002979699244378,True
UBER,long,2022-06-10,5,-12.056451060893492,False
UBER,long,2022-07-22,10,31.56596145462418,True
UBER,short,2022-12-06,10,9.89170253790287,True
UBER,short,2023-03-09,10,9.386804872302978,True
UBER,short,2023-04-28,2,-23.295068950135978,False
UBER,long,2023-06-07,10,6.3866788956906895,True
UBER,long,2023-07-19,10,-0.2972386288406348,True
UBER,long,2023-09-05,10,1.5361664969301358,True
UBER,short,2023-10-23,10,-13.190690739174071,True
UBER,short,2024-04-16,10,9.701598045777205,True
UBER,short,2024-05-21,10,-2.6352760233685713,True
UBER,short,2024-06-07,1,0.4354180625745441,False
UBER,short,2024-07-22,10,13.401450319343212,True
UBER,short,2024-12-06,10,8.607972413394027,True
UBER,long,2025-02-10,10,-2.7885882859006283,True
UBER,short,2025-03-11,10,-5.837063306885337,True
UBER,short,2025-04-07,8,-20.345485145348086,False
UBER,short,2025-06-25,10,-5.280400759631543,True
UBER,long,2025-08-20,10,-3.0053763778245424,True
UBER,long,2025-09-23,10,-2.062885585823049,True
UBER,short,2025-10-20,10,-7.225807764196901,True
UBER,short,2025-11-20,10,-1.2416882311256705,True
UBER,long,2026-03-06,10,-1.1240518259754917,True
UBER,short,2026-03-30,10,-4.590452760957642,True
UBER,short,2026-05-28,10,0.8835615410659803,True
UBER,long,2026-06-30,10,-2.8216109184207694,True
UBER,short,2026-07-27,10,-17.55047003301742,True
UNH,short,2021-11-23,10,-7.5342250980879655,True
UNH,long,2022-02-08,10,-4.514388846118567,True
UNH,long,2022-06-14,1,-0.678077738552807,False
UNH,long,2022-07-29,10,0.6833211189932964,True
UNH,long,2022-08-17,7,-2.9326517718375023,False
UNH,short,2022-09-01,10,-0.3254197496375122,True
UNH,long,2022-10-25,10,2.8375407480816017,True
UNH,long,2022-12-20,1,0.10436399232633953,False
UNH,long,2023-02-21,8,-3.6521067450420164,False
UNH,long,2023-04-05,10,-1.9964259235035198,True
UNH,short,2023-05-26,4,-4.501524729860762,False
UNH,long,2023-06-06,8,-8.283657565053748,False
UNH,short,2023-08-25,10,2.151373337696194,True
UNH,long,2023-09-22,10,5.172344200118983,True
UNH,long,2023-11-17,10,1.4825937912628762,True
UNH,short,2023-12-19,10,-3.9707114104985397,True
UNH,long,2024-02-20,8,-6.615673439980196,False
UNH,long,2024-03-28,4,-8.00403941761364,False
UNH,long,2024-07-15,10,8.10888344222267,True
UNH,long,2024-08-29,10,0.6162413986545046,True
UNH,short,2024-09-25,10,-2.310203972993996,True
UNH,long,2024-10-14,5,-4.613512597727465,False
UNH,short,2024-12-06,10,14.083245869633831,True
UNH,long,2025-06-18,10,0.3251503949573076,True
UNH,long,2025-10-08,10,-1.4825723026171467,True
UNH,short,2025-11-04,10,4.288379605394299,True
UNH,long,2026-01-07,10,1.5731532069296783,True
UNH,short,2026-02-26,1,-2.1917826282484176,False
UNH,short,2026-03-24,10,-13.802215398920259,True
UNH,short,2026-08-14,6,-0.19095722754396416,False
UPS,short,2021-12-01,10,-2.4342887648280964,True
UPS,long,2022-03-18,10,-6.489273515767168,True
UPS,short,2022-05-31,1,-0.03330052683769846,False
UPS,long,2022-07-26,10,9.707109565681659,True
UPS,long,2022-11-15,10,6.309180495220246,True
UPS,short,2023-01-05,6,-4.1571299237688875,False
UPS,long,2023-02-03,10,-3.094250989246694,True
UPS,long,2023-04-03,10,0.6689795539508436,True
UPS,long,2023-06-16,10,2.100115930848423,True
UPS,short,2023-08-11,10,5.272905665558203,True
UPS,long,2023-10-24,10,-4.6322436030601715,True
UPS,short,2024-01-31,10,0.4074279040381157,True
UPS,long,2024-03-08,10,1.5201791125972308,True
UPS,short,2024-05-24,10,1.8604324864627042,True
UPS,long,2024-07-16,7,-11.768379568075515,False
UPS,short,2024-08-21,3,0.30080941612679046,False
UPS,long,2024-09-03,10,2.3983052327159804,True
UPS,long,2024-09-30,10,-0.14098188658471233,True
UPS,long,2024-10-28,3,-2.3811288348220883,False
UPS,short,2024-12-05,10,5.223709098935581,True
UPS,long,2025-01-21,9,-14.667993806162361,False
UPS,long,2025-03-03,10,-1.4688717582316047,True
UPS,short,2025-03-26,10,9.972893939007577,True
UPS,long,2025-05-15,10,-2.362362937242002,True
UPS,short,2025-09-10,10,0.5334877965412765,True
UPS,long,2025-10-21,10,7.49279538904899,True
UPS,long,2025-12-10,10,3.623640410312823,True
UPS,long,2026-02-05,10,0.6293132387358513,True
UPS,short,2026-03-06,10,5.899677995671904,True
UPS,long,2026-04-13,10,7.295797790183034,True
UPS,long,2026-07-14,10,-6.923618507923757,True
V,long,2021-10-28,10,-4.0273668556691895,True
V,short,2022-01-25,5,-16.401165361187363,False
V,short,2022-03-01,10,3.8884728198545826,True
V,short,2022-05-10,10,-3.0095053463937482,True
V,short,2022-08-29,10,0.7850940775427029,True
V,long,2022-10-25,10,5.7159343748141245,True
V,long,2022-12-12,3,-0.9952363513764828,False
V,short,2022-12-20,10,-3.5462014686995724,True
V,short,2023-01-09,10,-2.2002062830518865,True
V,short,2023-02-23,10,0.69958614769704,True
V,long,2023-04-04,10,1.5589551634143106,True
V,short,2023-05-25,10,-0.4989888179723456,True
V,long,2023-07-03,10,1.5907191023041944,True
V,long,2023-09-01,10,-1.135490178499532,True
V,long,2023-11-03,10,1.8113587344368076,True
V,long,2024-01-16,10,5.172285007231592,True
V,long,2024-02-26,10,-0.8762050987341286,True
V,short,2024-05-03,4,-3.5464715780378686,False
V,short,2024-07-01,10,-2.0698249661523116,True
V,short,2024-07-25,10,-1.7385125467826557,True
V,long,2024-12-27,7,-2.0891355716714854,False
V,short,2025-01-14,5,-4.796760342864381,False
V,short,2025-03-11,10,-1.83504961079064,True
V,long,2025-07-16,10,1.042355100382708,True
V,short,2025-08-04,10,-0.304354108923377,True
V,long,2025-10-08,10,-2.3800139795317143,True
V,short,2025-11-17,10,0.46503458385427354,True
V,long,2026-01-13,1,-2.3234381520076064,False
V,short,2026-02-24,10,-2.92307452562397,True
V,short,2026-03-17,10,2.91661855204427,True
V,long,2026-04-17,10,3.6102313504201566,True
V,short,2026-06-04,10,-3.2987093682190105,True
V,long,2026-06-29,10,5.247287840034365,True
V,long,2026-08-03,10,-2.621439257017466,True
VLO,long,2021-12-30,10,11.563168159122705,True
VLO,long,2022-03-22,10,8.281752816402888,True
VLO,long,2022-06-03,10,-15.976687873744533,True
VLO,long,2022-08-18,10,-7.157840824335704,True
VLO,long,2023-01-05,10,19.31950547594965,True
VLO,long,2023-03-03,6,-6.869727475981491,False
VLO,long,2023-04-11,5,-6.906396030077266,False
VLO,short,2023-04-20,10,14.994704313551887,True
VLO,long,2023-06-01,10,6.391116303990452,True
VLO,long,2023-06-29,10,-2.0372868228286434,True
VLO,long,2023-07-21,10,4.298862050065777,True
VLO,long,2023-09-11,10,2.4755197805124585,True
VLO,short,2023-11-08,10,-2.636319990825231,True
VLO,long,2023-12-19,10,-1.2279202661434563,True
VLO,short,2024-01-19,5,-8.907846997830472,False
VLO,long,2024-03-08,10,14.112737259999463,True
VLO,long,2024-07-10,1,0.728120308601099,False
VLO,long,2024-10-08,10,-4.44303433936547,True
VLO,short,2024-12-06,10,11.314690954751505,True
VLO,short,2025-03-03,10,-0.9031591461887256,True
VLO,long,2025-05-07,10,9.23077183910923,True
VLO,short,2025-06-11,3,-3.19100712122542,False
VLO,short,2025-12-17,10,-1.1751013991783799,True
VLO,long,2026-02-09,10,-1.7691683275601555,True
VLO,short,2026-04-23,5,-7.348382437962742,False
VLO,short,2026-06-01,1,-3.9275693221831,False
VLO,short,2026-06-22,7,-12.9822237791545,False
VLO,long,2026-08-14,6,0.8981647182032093,False
VRTX,long,2021-10-22,10,3.2553416994011375,True
VRTX,short,2021-12-02,10,-5.346344710412665,True
VRTX,long,2022-03-16,10,4.1240413939556575,True
VRTX,short,2022-08-03,6,-5.851234855648246,False
VRTX,long,2022-10-06,10,-3.2799987792968777,True
VRTX,long,2022-10-27,10,0.10299228638259716,True
VRTX,short,2022-12-20,10,1.339949728615264,True
VRTX,short,2023-03-10,4,-4.906144439582638,False
VRTX,long,2023-03-22,10,6.082770128774562,True
VRTX,short,2023-05-26,10,-3.5289875721962183,True
VRTX,long,2023-07-20,10,-3.5930195547699606,True
VRTX,long,2023-10-12,10,-1.3893049118999357,True
VRTX,long,2023-12-14,10,0.690425266711614,True
VRTX,short,2024-03-08,10,-0.8051625730476575,True
VRTX,short,2024-04-11,10,1.6324451608237922,True
VRTX,long,2024-05-10,10,8.62433680111343,True
VRTX,long,2024-07-12,10,-0.16126835401080175,True
VRTX,short,2024-08-08,10,-2.916641114819307,True
VRTX,short,2024-12-20,10,-3.184071076682393,True
VRTX,long,2025-01-23,10,12.09318664230854,True
VRTX,short,2025-04-03,10,-1.8937097462465413,True
VRTX,long,2025-05-07,1,-4.0042865905613905,False
VRTX,long,2025-06-12,10,-2.6236268638725746,True
VRTX,long,2025-07-09,10,1.8928017984697565,True
VRTX,short,2025-08-06,10,-4.949961438828732,True
VRTX,long,2025-09-04,10,-2.623641135274757,True
VRTX,short,2025-09-24,7,-6.817456934213584,False
VRTX,long,2025-12-04,10,-3.1645011076163465,True
VRTX,short,2026-03-10,10,6.973562443299642,True
VRTX,long,2026-05-14,10,-1.344679901803414,True
VRTX,long,2026-06-18,10,14.58770830407332,True
VRTX,long,2026-08-11,9,4.2988850871572115,False
VZ,short,2021-11-19,10,0.4095146050538512,True
VZ,short,2021-12-17,10,1.1498597909977315,True
VZ,short,2022-01-27,9,-5.087409468376869,False
VZ,long,2022-02-23,10,-1.5213351977931056,True
VZ,short,2022-03-18,10,-0.0,True
VZ,short,2022-07-22,10,2.176278527521902,True
VZ,short,2022-08-22,10,7.432439050332862,True
VZ,long,2022-11-11,10,-0.8041441367805047,True
VZ,short,2022-12-07,10,-2.8306942115346123,True
VZ,short,2022-12-28,10,-6.685386165837803,True
VZ,long,2023-02-15,1,-0.9694242955160526,False
VZ,short,2023-08-25,10,-1.830173303758853,True
VZ,long,2024-03-28,10,-4.610946678886396,True
VZ,long,2024-05-17,10,1.4607580131311027,True
VZ,long,2024-07-23,10,3.9235843500525114,True
VZ,long,2024-09-03,10,5.052437542513055,True
VZ,short,2024-10-11,10,4.10197078834893,True
VZ,short,2024-11-20,10,-1.3095219930012947,True
VZ,short,2025-04-09,10,-2.7111349804258777,True
VZ,long,2025-05-21,10,-1.6802944211699367,True
VZ,short,2025-06-17,10,-1.8457965645085395,True
VZ,long,2025-08-19,10,-1.7299408494785173,True
VZ,short,2025-10-07,10,3.1482849172684624,True
VZ,short,2025-12-23,10,-1.4249992370605424,True
VZ,short,2026-01-14,10,-1.7638099699534004,True
VZ,short,2026-04-09,10,1.2340517373787274,True
VZ,long,2026-05-11,10,2.0842140599300896,True
VZ,short,2026-06-05,10,-0.2652496185513664,True
VZ,long,2026-08-24,0,1.3336023944797715,False
WFC,short,2021-12-01,10,-0.5134524687845587,True
WFC,long,2022-01-05,10,3.930464669356848,True
WFC,short,2022-02-08,1,-1.8275885746396714,False
WFC,long,2022-05-31,10,-17.445963433594358,True
WFC,long,2022-07-21,10,0.682676362176049,True
WFC,long,2022-08-15,10,-3.281219298554372,True
WFC,short,2022-09-23,10,-2.376289142466881,True
WFC,short,2022-12-06,10,6.1813203847883695,True
WFC,long,2023-04-14,10,0.0,True
WFC,long,2023-06-16,6,-3.922033611620479,False
WFC,long,2023-09-15,10,-4.241850565419158,True
WFC,short,2024-01-17,8,-8.888401052044625,False
WFC,long,2024-04-22,10,-0.3476869103719249,True
WFC,long,2024-07-02,10,0.6943265949599375,True
WFC,short,2024-08-05,10,-10.038989478499637,True
WFC,long,2024-10-07,10,11.864401808738423,True
WFC,long,2025-01-16,10,3.8892612221254286,True
WFC,short,2025-02-26,10,9.718399891599638,True
WFC,short,2025-06-11,8,-3.402170589987308,False
WFC,long,2025-12-05,10,3.355933263864208,True
WFC,long,2026-07-07,10,-0.3294341923761879,True
WFC,long,2026-08-21,1,0.2603564742048814,False
WMT,short,2022-01-26,10,-0.25484644884838925,True
WMT,long,2022-03-07,10,2.0736079472700286,True
WMT,short,2022-05-09,10,17.424394190406645,True
WMT,long,2022-07-11,10,5.599110396218965,True
WMT,short,2022-10-03,10,-0.8676298015604766,True
WMT,long,2022-10-25,10,2.660148578189503,True
WMT,short,2023-01-11,1,0.6381254870452602,False
WMT,long,2023-01-20,3,2.1090377292163787,False
WMT,short,2023-02-09,2,-3.57775909468927,False
WMT,long,2023-02-16,8,-3.6637299685122304,False
WMT,short,2023-05-25,10,-4.227940632214411,True
WMT,short,2023-07-24,1,-0.45440520622765934,False
WMT,short,2023-09-01,1,1.5963689197949549,False
WMT,short,2023-10-02,10,-1.07843827362335,True
WMT,short,2023-12-18,4,-2.151936935780552,False
WMT,long,2024-05-17,10,2.4595297067184108,True
WMT,long,2024-07-08,10,0.6866891517324891,True
WMT,short,2024-08-06,9,-8.667460495613778,False
WMT,long,2024-10-16,10,-0.17171518673442243,True
WMT,long,2025-01-27,10,7.320121513420452,True
WMT,long,2025-04-14,10,2.969877101059004,True
WMT,short,2025-06-16,10,-3.683375054110316,True
WMT,long,2025-10-16,10,-6.3827781923951665,True
WMT,long,2025-11-26,10,7.761193966116653,True
WMT,short,2026-03-05,10,3.4215991461990503,True
WMT,short,2026-03-23,8,-4.407368368726194,False
WMT,long,2026-05-22,10,-1.2444326293130192,True
WMT,short,2026-06-23,10,5.5216779391062065,True
WMT,long,2026-08-17,4,-9.297651283624086,False
XLE,short,2021-11-22,10,-4.909324597334219,True
XLE,long,2022-01-03,10,16.534714842123144,True
XLE,long,2022-03-04,10,1.0532028951417916,True
XLE,long,2022-04-04,10,3.6101123515927203,True
XLE,long,2022-07-26,10,0.14737488109735075,True
XLE,short,2022-09-19,10,-0.8348757766518444,True
XLE,short,2022-12-07,10,-1.2426700125093504,True
XLE,long,2023-01-17,10,-0.2551057537614754,True
XLE,short,2023-05-03,10,1.2833470425010485,True
XLE,long,2023-06-09,10,-3.6579372913035257,True
XLE,short,2023-07-05,3,0.3427157769347988,False
XLE,long,2023-09-07,10,-2.4934369186591754,True
XLE,short,2023-10-04,10,-5.446623150860375,True
XLE,short,2023-11-28,3,-0.25942639550888824,False
XLE,short,2023-12-12,7,-3.8739777785114837,False
XLE,long,2024-02-27,10,3.0113576717568202,True
XLE,short,2024-05-30,10,1.9672925979782319,True
XLE,long,2024-07-05,10,1.116589260535017,True
XLE,long,2024-08-30,4,-4.454559716032602,False
XLE,short,2025-02-21,10,5.276275824011778,True
XLE,long,2025-05-14,10,-3.450698259763696,True
XLE,long,2025-09-29,6,-2.03612549690243,False
XLE,short,2025-10-13,10,-2.806563358134717,True
XLE,long,2025-11-11,10,-2.5085254644160004,True
XLE,long,2025-12-17,1,0.0,False
XLE,long,2026-08-11,9,5.200864885130807,False
XLF,short,2021-11-22,10,0.6069845040710398,True
XLF,long,2022-01-05,10,-4.1533513977551895,True
XLF,long,2022-07-26,10,3.1707345723113622,True
XLF,long,2022-10-24,10,5.775166368744089,True
XLF,short,2023-02-24,10,6.766702747165276,True
XLF,long,2023-04-14,10,0.8206584515019877,True
XLF,short,2023-05-25,5,-3.2095611339733487,False
XLF,long,2023-06-07,10,-0.5745347095927555,True
XLF,long,2023-07-05,10,4.213644322842014,True
XLF,short,2023-08-17,10,-0.32098222609344695,True
XLF,long,2023-09-14,7,-3.4068096659382374,False
XLF,short,2023-10-23,10,-4.824149348064344,True
XLF,long,2024-01-26,10,1.638494292885606,True
XLF,long,2024-07-11,10,1.8831964270791257,True
XLF,long,2024-10-15,10,-0.42444984608036584,True
XLF,long,2025-01-17,10,2.7048657147833888,True
XLF,short,2025-03-06,10,-0.04030725149979375,True
XLF,long,2025-06-30,10,-1.0157124879209833,True
XLF,long,2025-07-28,5,-2.753842621373015,False
XLF,short,2025-10-14,10,-1.0295536847902298,True
XLF,short,2025-11-19,9,-4.2234295909580055,False
XLF,short,2026-02-13,10,0.4849660595538263,True
XLF,long,2026-04-10,10,0.3708737622617697,True
XLF,long,2026-06-15,10,-0.27901360837945255,True
XLI,short,2022-02-24,6,-6.582436338823849,False
XLI,long,2022-03-21,10,-0.20535798952252549,True
XLI,long,2022-07-22,10,5.579966805765113,True
XLI,long,2022-10-24,10,7.579485743615266,True
XLI,short,2022-12-20,10,-1.3517671128784992,True
XLI,short,2023-01-11,10,0.866139041962799,True
XLI,short,2023-03-13,10,0.27553490045154616,True
XLI,short,2023-05-12,6,-0.9308031489547508,False
XLI,long,2023-06-07,10,3.111066462057077,True
XLI,short,2023-08-17,10,-0.8479348347903981,True
XLI,long,2024-05-10,10,-1.331853744494027,True
XLI,long,2024-07-16,10,0.8051614215391245,True
XLI,long,2024-09-17,10,3.049425480483592,True
XLI,short,2025-02-26,10,4.055748082918431,True
XLI,short,2025-04-04,10,-0.19631727097713103,True
XLI,long,2025-07-01,10,2.2084805104124916,True
XLI,long,2025-10-07,7,-2.4201818306284206,False
XLI,short,2025-11-19,10,-3.339996337890616,True
XLI,short,2026-03-12,10,3.994518172248096,True
XLI,long,2026-06-16,10,2.1049107588566596,True
XLI,long,2026-08-06,10,-3.7118333096183287,True
XLK,long,2021-12-28,9,-6.226686224265232,False
XLK,long,2022-07-18,10,7.652611869256543,True
XLK,short,2022-12-19,10,2.7924136703053715,True
XLK,long,2023-05-09,10,3.4058371947214505,True
XLK,long,2023-07-14,10,0.7074537227506728,True
XLK,short,2024-04-17,10,4.069138515142745,True
XLK,long,2024-10-10,10,0.0742643747755567,True
XLK,short,2025-01-02,10,0.10667349349245958,True
XLK,short,2025-04-01,10,2.319364090014242,True
XLK,long,2025-08-14,5,-3.011803025761428,False
XLK,short,2025-08-27,1,-1.234380301007687,False
XLK,short,2025-09-03,5,-3.4542139336763533,False
XLK,long,2025-10-21,10,2.0589536733834013,True
XLK,short,2026-02-05,10,-2.667252317118596,True
XLK,short,2026-03-30,7,-8.227319799077314,False
XLK,short,2026-07-28,7,-8.247178648141396,False
XLV,short,2021-12-01,8,-4.219409085130588,False
XLV,long,2022-03-17,10,2.506739089206489,True
XLV,long,2022-05-31,9,-8.393551794538856,False
XLV,long,2022-08-03,10,1.131695422247514,True
XLV,short,2022-08-25,10,-0.33830728099777385,True
XLV,long,2022-10-25,10,3.3284072643182228,True
XLV,long,2022-11-25,10,1.084245954241081,True
XLV,short,2023-02-27,10,3.0183491623136605,True
XLV,long,2023-04-04,10,2.21289113235581,True
XLV,short,2023-05-19,10,0.16031046860091047,True
XLV,short,2023-07-14,5,-4.214801457737893,False
XLV,short,2023-09-19,10,2.903297784527936,True
XLV,long,2023-10-24,1,-0.2680302262360601,False
XLV,long,2024-02-06,10,1.3306421565047577,True
XLV,short,2024-04-05,10,1.9614752438440242,True
XLV,short,2024-07-15,10,-0.8129580379189649,True
XLV,long,2024-08-16,10,2.9739245232702993,True
XLV,short,2024-10-04,10,-0.9093936624793963,True
XLV,short,2024-10-24,10,0.8577083367574345,True
XLV,long,2025-01-22,10,4.689699402938019,True
XLV,long,2025-03-04,7,-3.978898272392062,False
XLV,long,2025-05-12,1,-0.7600916078500553,False
XLV,short,2025-07-22,10,-0.906254255983252,True
XLV,short,2025-09-29,3,-5.5350900435046535,False
XLV,short,2026-02-04,9,-1.8474263002743685,False
XLV,short,2026-03-11,10,4.318235411453197,True
XLV,long,2026-04-24,2,-0.9639280517235504,False
XLV,long,2026-05-26,10,3.0810339913319496,True
XLV,long,2026-07-29,10,0.7717670308266866,True
XOM,short,2021-11-22,10,-3.2327599018651343,True
XOM,long,2022-01-04,10,14.002812632983508,True
XOM,short,2022-03-07,10,3.2030161085163655,True
XOM,long,2022-05-05,10,-0.9778373717150513,True
XOM,long,2022-07-29,10,-0.47643934651345754,True
XOM,short,2022-09-22,10,-10.694144182983667,True
XOM,short,2022-12-07,10,-4.124107563730961,True
XOM,long,2023-01-05,10,6.592065429414262,True
XOM,long,2023-01-26,10,-0.32252679798199235,True
XOM,short,2023-02-23,10,1.4449616680296429,True
XOM,short,2023-05-04,10,1.9740545437356927,True
XOM,short,2023-06-01,4,-6.663389463682434,False
XOM,short,2023-06-28,9,-2.089924605693927,False
XOM,short,2023-07-17,10,-6.473388169227112,True
XOM,long,2023-09-05,10,2.8308531114189073,True
XOM,short,2023-10-05,10,-2.932598817680132,True
XOM,short,2023-11-28,10,5.938214638205741,True
XOM,short,2024-01-17,9,-8.540372805709872,False
XOM,long,2024-03-07,10,6.46341415410161,True
XOM,short,2024-05-06,10,-1.7142367629970012,True
XOM,short,2024-05-28,10,1.1892164500020286,True
XOM,long,2024-08-19,2,-3.8429079333781146,False
XOM,short,2024-08-23,5,-2.5297780518042767,False
XOM,short,2024-12-04,10,9.429788792386972,True
XOM,long,2025-01-17,10,-3.5485927089291436,True
XOM,long,2025-03-20,10,-1.9961653514296462,True
XOM,long,2025-05-09,9,-3.892102102576833,False
XOM,short,2025-10-17,6,-3.8609740159751826,False
XOM,long,2025-12-30,10,7.514449701719661,True
XOM,long,2026-03-19,10,1.5354530638918673,True
XOM,long,2026-05-18,8,-7.665911680596659,False
XOM,long,2026-08-19,3,-1.216357068327989,False
XYZ,short,2022-02-23,4,-33.17134236394838,False
XYZ,short,2022-04-18,10,12.360294885349699,True
XYZ,short,2022-06-14,10,-0.5037778534604964,True
XYZ,long,2022-07-14,10,18.033822925335574,True
XYZ,long,2022-11-01,10,17.822733930128077,True
XYZ,short,2023-02-21,10,-6.772478896774259,True
XYZ,short,2023-03-13,6,-10.657141549246663,False
XYZ,short,2023-04-24,10,7.692309995590641,True
XYZ,long,2023-06-05,10,4.850108321596647,True
XYZ,long,2023-07-12,10,6.288619684067864,True
XYZ,long,2023-10-23,5,-10.004590241308042,False
XYZ,long,2024-02-26,10,5.172861596852418,True
XYZ,long,2024-03-25,7,-7.294376887354703,False
XYZ,short,2024-04-11,10,8.324937636427077,True
XYZ,short,2024-05-28,10,3.4752482566139387,True
XYZ,long,2024-07-15,9,-13.397608065617405,False
XYZ,short,2024-09-16,3,-7.183008132977342,False
XYZ,long,2024-10-16,10,1.9474218079914118,True
XYZ,long,2024-11-12,10,7.682068948457932,True
XYZ,long,2025-04-30,5,-15.906698740808721,False
XYZ,long,2025-07-01,10,1.9043415355897153,True
XYZ,long,2025-08-29,7,-8.725250972134013,False
XYZ,long,2025-10-09,10,-3.119988769952242,True
XYZ,short,2025-10-31,10,18.93848137317239,True
XYZ,long,2025-12-22,10,8.981395585840456,True
XYZ,long,2026-04-15,10,3.6716404245860534,True
XYZ,short,2026-06-02,10,2.136020581269704,True
XYZ,long,2026-08-04,5,-3.696490515828077,False
ZS,short,2021-12-06,10,-1.3247664991909103,True
ZS,long,2021-12-31,4,-19.802133295961543,False
ZS,short,2022-04-22,10,18.420681183017862,True
ZS,short,2022-07-27,7,-13.101247114754134,False
ZS,long,2022-08-09,10,-0.5832137914786428,True
ZS,long,2023-01-24,10,13.14538711425115,True
ZS,short,2023-03-07,10,5.5806186094258585,True
ZS,long,2023-04-10,4,2.918209926299564,False
ZS,long,2023-07-20,10,-4.708631583089229,True
ZS,long,2023-09-05,10,-2.5210578199328593,True
ZS,short,2024-04-05,10,7.119325108875296,True
ZS,short,2024-05-30,7,-13.17538686899038,False
ZS,long,2024-10-10,10,-0.8837713982368656,True
ZS,short,2024-12-20,10,-1.6921022011503917,True
ZS,long,2025-01-29,10,3.56600012095063,True
ZS,long,2025-03-26,8,-16.35075833877758,False
ZS,short,2025-07-14,10,-0.29146297790132447,True
ZS,short,2025-08-12,10,1.8084417081874138,True
ZS,long,2025-09-22,10,3.8867274608548774,True
ZS,long,2025-10-27,10,0.9515058992223047,True
ZS,short,2026-03-26,10,15.18177233508381,True
ZS,short,2026-06-26,3,-16.944815956625714,False
ZS,long,2026-08-06,10,12.32744587367074,True
