ticker,direction,entry_date,hold_days,ret_pct,max_hold_used
AAPL,long,2021-11-19,20,7.6752341084521,True
AAPL,long,2022-01-07,1,-0.4048799529836167,False
AAPL,long,2022-06-10,2,-5.3607102494292125,False
AAPL,short,2022-09-30,17,-7.8284241606424,False
AAPL,short,2022-12-12,20,6.454093659454408,True
AAPL,long,2023-08-01,3,-7.261516307130556,False
AAPL,short,2023-10-06,2,-2.640964474853158,False
AAPL,short,2024-04-09,18,-8.701842442281848,False
AAPL,short,2024-09-17,8,-5.580529912460164,False
AAPL,long,2024-10-21,10,-5.3060365124050435,False
AAPL,long,2025-07-03,20,-4.6052271009911045,True
AAPL,short,2025-08-05,3,-12.758118478724189,False
AAPL,long,2025-12-02,12,-3.819787123178009,False
AAPL,short,2026-01-06,19,-0.9288430660404856,False
AAPL,long,2026-04-14,20,13.71262788542671,True
ABBV,long,2021-11-01,20,0.026029309585151594,True
ABBV,long,2021-12-08,20,10.880613924796156,True
ABBV,long,2022-02-07,20,4.236024513071457,True
ABBV,short,2022-05-13,2,-0.8864558900945507,False
ABBV,short,2022-06-07,13,-4.233597398735789,False
ABBV,short,2022-08-02,20,3.9878098286579955,True
ABBV,long,2022-10-25,20,7.944331962313478,True
ABBV,short,2023-01-13,20,-1.078308520703053,True
ABBV,long,2023-03-13,20,8.308728109270124,True
ABBV,short,2023-07-07,7,0.41559758716424033,False
ABBV,long,2023-07-21,20,5.583686787487241,True
ABBV,short,2023-08-28,12,-4.45305813776169,False
ABBV,short,2023-10-30,20,1.8411860180591044,True
ABBV,long,2024-02-06,20,5.482087967788796,True
ABBV,short,2024-04-05,20,2.505956377301899,True
ABBV,short,2024-05-28,7,-7.815798364991777,False
ABBV,short,2024-07-18,2,0.48151123679288643,False
ABBV,short,2024-10-21,9,-7.86391596095477,False
ABBV,long,2025-01-06,8,-5.100122404558293,False
ABBV,long,2025-06-11,10,-1.3467852017949533,False
ABBV,long,2025-07-11,11,-2.7696091258403444,False
ABBV,long,2025-08-08,20,5.379742493757322,True
ABBV,short,2025-11-03,9,-7.236481661706695,False
ABBV,short,2025-12-15,9,-2.943270907531148,False
ABBV,short,2026-01-13,16,0.2323119891002534,False
ABBV,long,2026-03-05,6,-5.886387456493458,False
ABBV,short,2026-03-18,20,4.3524002319615285,True
ABBV,short,2026-04-24,12,-4.489020390768594,False
ABBV,long,2026-05-18,20,5.751773724563369,True
ABBV,long,2026-07-29,4,-7.724911647329014,False
ABNB,long,2021-11-08,14,-11.443326075247473,False
ABNB,short,2022-01-25,11,-17.810983995766993,False
ABNB,short,2022-04-25,20,26.598848289197406,True
ABNB,long,2022-06-13,3,-9.324255206774401,False
ABNB,long,2022-07-22,20,5.955133157626924,True
ABNB,long,2022-10-20,10,-20.911046110985755,False
ABNB,short,2022-12-19,16,-10.032393602082458,False
ABNB,short,2023-04-11,14,-6.92145190149025,False
ABNB,long,2023-07-13,19,-0.7844066954632023,False
ABNB,long,2023-11-17,20,16.46269105639191,True
ABNB,short,2024-01-23,20,-4.546413655456427,True
ABNB,long,2024-03-04,20,0.131336286356043,True
ABNB,short,2024-04-09,14,-0.43330048592937764,False
ABNB,short,2024-05-13,19,-0.6936445095495403,False
ABNB,long,2024-07-03,8,-1.7217913665256046,False
ABNB,short,2024-07-25,20,18.26548888620022,True
ABNB,long,2024-09-20,20,5.0989717506142895,True
ABNB,long,2024-11-08,3,-1.4182844643045533,False
ABNB,long,2024-12-11,4,-4.6437752543535105,False
ABNB,long,2025-02-14,12,-9.86502890184562,False
ABNB,long,2025-07-31,1,-4.994430966633812,False
ABNB,short,2025-10-09,7,-5.603519883199204,False
ABNB,short,2026-01-21,20,3.7634807081301624,True
ABNB,short,2026-03-31,10,-9.94642587540242,False
ABNB,short,2026-05-18,19,-4.089892669563433,False
ABNB,long,2026-06-22,20,2.2130872964462034,True
ABNB,short,2026-07-29,2,0.32234080131682274,False
ADBE,long,2021-11-30,1,-4.337766483720462,False
ADBE,short,2021-12-07,20,20.143126915017216,True
ADBE,short,2022-02-15,20,8.324873796314503,True
ADBE,long,2022-06-03,8,-12.488676625685823,False
ADBE,long,2022-07-21,20,8.638524221496668,True
ADBE,long,2022-10-21,13,-0.7043407375563193,False
ADBE,long,2023-01-24,18,-1.9912111723334514,False
ADBE,short,2023-05-04,13,-6.451709092242153,False
ADBE,long,2023-07-14,19,-0.29187955449788694,False
ADBE,short,2023-08-17,9,-3.878092447916659,False
ADBE,long,2023-12-13,1,-7.260348098205016,False
ADBE,long,2024-05-07,16,-9.469861266501468,False
ADBE,short,2024-09-17,20,3.101333218160207,True
ADBE,short,2025-06-18,20,4.739702115241196,True
ADBE,short,2025-10-13,10,-5.467940395864046,False
ADBE,long,2026-03-06,9,-12.234192034920788,False
ADBE,long,2026-05-06,6,-5.955880291707938,False
ADBE,short,2026-06-01,1,2.922227647569442,False
AMAT,short,2021-12-06,12,-4.486217999509723,False
AMAT,long,2021-12-29,14,-10.525320334384114,False
AMAT,short,2022-03-08,10,-13.097916931377164,False
AMAT,short,2022-05-12,4,-8.065609683636698,False
AMAT,long,2022-05-31,9,-18.06040221673658,False
AMAT,short,2022-08-25,20,17.3384329641316,True
AMAT,short,2022-12-23,12,-13.972483365095512,False
AMAT,long,2023-03-10,19,-3.2871383387079955,False
AMAT,short,2023-04-14,16,-2.1083269025937046,False
AMAT,long,2023-05-16,20,16.833564536670398,True
AMAT,long,2023-06-28,8,-3.6694715554486557,False
AMAT,short,2023-10-26,10,-9.198381132218202,False
AMAT,short,2023-12-14,20,2.5416807105486994,True
AMAT,short,2024-04-04,1,1.7768510448423536,False
AMAT,short,2024-04-22,12,-8.25371824939194,False
AMAT,long,2024-06-11,20,6.155669455439083,True
AMAT,short,2024-11-18,20,-1.586357215110712,True
AMAT,short,2025-01-07,20,-1.516074646803145,True
AMAT,short,2025-04-04,13,-16.311670249427014,False
AMAT,long,2025-09-16,20,26.516290123663786,True
AMAT,long,2025-10-30,12,-3.81444701488467,False
AMAT,long,2025-12-01,18,4.6637087352437545,False
AMAT,long,2026-02-18,15,-2.920111001855541,False
AMAT,short,2026-04-01,20,-14.248886579946385,True
AMAT,long,2026-05-07,20,6.250592299858471,True
AMD,short,2021-12-09,14,0.006895677440388326,False
AMD,short,2022-03-15,7,-17.406969101622096,False
AMD,long,2022-05-18,18,-13.010002136230469,False
AMD,short,2022-08-29,20,25.408111168704583,True
AMD,long,2022-11-11,19,-1.422830507489592,False
AMD,short,2022-12-13,20,5.436088614288215,True
AMD,short,2023-04-19,14,-7.400288401622479,False
AMD,short,2023-08-23,13,0.3218210718168968,False
AMD,short,2023-09-22,11,-10.369380150254681,False
AMD,long,2024-03-01,13,-9.185997472673957,False
AMD,long,2024-05-17,17,-4.862546778341592,False
AMD,long,2024-07-09,10,-13.468562710733245,False
AMD,short,2025-01-13,20,3.6259545015943084,True
AMD,short,2025-02-26,17,-1.4197289533022905,False
AMD,long,2025-06-11,20,17.663127046215354,True
AMD,short,2025-08-26,20,4.60716827445663,True
AMD,long,2025-10-07,20,16.383521502569877,True
AMD,short,2025-12-26,20,-16.989280670216633,True
AMD,long,2026-04-07,20,62.769182950061065,True
AMD,long,2026-07-01,10,-10.150130734094597,False
AMD,short,2026-07-30,16,-2.8804347826086873,False
AMZN,short,2021-12-07,20,5.86655848599259,True
AMZN,short,2022-01-11,20,0.1922607421875,True
AMZN,short,2022-03-08,8,-17.97364052562658,False
AMZN,long,2022-07-21,20,15.5032520914264,True
AMZN,long,2022-10-31,20,-10.757048717913964,True
AMZN,long,2023-03-21,20,6.27675127411822,True
AMZN,long,2023-04-28,20,11.491689285853134,True
AMZN,long,2023-06-28,19,-0.612694687423232,False
AMZN,short,2023-08-01,4,-6.491949060896096,False
AMZN,short,2023-10-27,1,-5.158486468343515,False
AMZN,long,2023-12-20,11,-2.4852766152112515,False
AMZN,long,2024-03-05,20,3.0972764444579415,True
AMZN,long,2024-09-12,18,-1.1255420977845598,False
AMZN,long,2024-11-04,20,8.648514002084884,True
AMZN,short,2025-01-13,7,-7.961111989688452,False
AMZN,short,2025-02-20,20,13.270754512434912,True
AMZN,short,2025-04-04,16,-12.108887964242854,False
AMZN,long,2025-05-07,20,12.044625133419839,True
AMZN,long,2025-06-11,20,3.500299196065848,True
AMZN,short,2025-09-24,20,2.7660036212650674,True
AMZN,long,2025-10-29,16,-6.271851726221744,False
AMZN,short,2026-02-05,20,5.202079390750236,True
AMZN,long,2026-03-10,12,-3.1047243472965613,False
AMZN,short,2026-03-30,6,-9.812390654998747,False
AMZN,short,2026-06-03,20,4.723203346461569,True
AMZN,long,2026-07-15,8,-7.351351595736366,False
ARKK,short,2022-01-07,20,15.573669603754038,True
ARKK,long,2022-02-23,20,2.4812676224364116,True
ARKK,long,2022-06-15,1,-1.2022462176609405,False
ARKK,long,2022-07-21,20,-0.3984035063540059,True
ARKK,long,2022-11-14,6,-11.281401884019592,False
ARKK,short,2022-12-16,17,-6.066953525220442,False
ARKK,short,2023-04-26,12,-3.3744842702086553,False
ARKK,long,2023-07-05,20,4.358508884859336,True
ARKK,short,2023-10-23,11,-14.690221327313658,False
ARKK,long,2024-02-13,20,4.763887934398947,True
ARKK,short,2024-03-19,20,10.468259852577233,True
ARKK,long,2024-05-15,9,-5.625974850088989,False
ARKK,short,2024-05-31,12,-1.111110031850071,False
ARKK,long,2024-07-08,16,-2.303349332349236,False
ARKK,long,2024-10-30,20,18.9881386183028,True
ARKK,long,2025-01-23,20,-2.1138198976594302,True
ARKK,long,2025-09-16,20,8.310993130357858,True
ARKK,short,2025-11-10,18,1.9159363348009606,False
ARKK,short,2026-03-27,11,-12.222557721323657,False
ARKK,short,2026-05-20,6,-10.19227366104747,False
ARKK,short,2026-07-20,16,-6.45885543360325,False
AVGO,short,2021-12-08,20,-7.799433456728622,True
AVGO,long,2022-03-28,10,-7.23301645162826,False
AVGO,short,2022-05-24,9,-8.796945634661135,False
AVGO,long,2022-07-21,20,8.955223991680384,True
AVGO,short,2022-08-25,20,12.141720952237655,True
AVGO,long,2023-01-13,20,4.153165299824368,True
AVGO,short,2023-02-23,7,-8.052921882229903,False
AVGO,long,2023-05-18,20,32.33383998251753,True
AVGO,short,2023-08-11,13,-6.986721719619271,False
AVGO,short,2023-09-21,14,-9.992327522298261,False
AVGO,short,2024-04-22,13,-6.628831847143446,False
AVGO,short,2025-01-16,17,0.07652747795091619,False
AVGO,short,2025-03-31,12,-6.152346512997142,False
AVGO,short,2025-08-29,4,-9.081138723814398,False
AVGO,long,2025-10-29,11,-8.898949928406063,False
AVGO,short,2026-01-26,13,-3.5553552435174884,False
AVGO,short,2026-03-27,8,-15.583275738932677,False
AVGO,long,2026-06-03,3,-19.84316118638735,False
AVGO,short,2026-07-13,1,1.1106093099396253,False
AVGO,long,2026-07-24,19,-6.100390616820661,False
AXP,long,2021-10-25,6,-7.261820740562419,False
AXP,long,2022-01-05,11,-9.140862347317135,False
AXP,long,2022-07-22,20,2.031325764362113,True
AXP,long,2022-11-01,20,5.088016325967448,True
AXP,short,2022-12-20,15,-6.848742878521663,False
AXP,long,2023-02-28,1,1.091896566434758,False
AXP,short,2023-03-07,20,9.01662325821395,True
AXP,short,2023-05-03,18,-3.099308475955964,False
AXP,short,2023-09-25,18,1.7016040223613804,False
AXP,short,2023-10-23,11,-8.113071185539965,False
AXP,short,2024-06-07,16,-1.5317746665369336,False
AXP,long,2024-09-17,20,6.037782658401847,True
AXP,long,2025-01-17,17,-2.1148793526084897,False
AXP,short,2025-02-14,20,14.003184080471186,True
AXP,long,2025-06-26,17,-1.7572104657218368,False
AXP,short,2026-01-13,20,1.5545039607928857,True
AXP,short,2026-02-19,20,14.202183948863635,True
AXP,long,2026-04-10,17,-0.44742191511579765,False
AXP,short,2026-05-12,18,0.009604834817844576,False
AXP,long,2026-06-16,20,7.344957912957439,True
BA,short,2021-10-22,13,-1.8173316801319839,False
BA,long,2022-07-20,20,7.179485223232174,True
BA,short,2022-09-02,20,18.776982364344363,True
BA,long,2022-12-13,20,12.144841525687289,True
BA,short,2023-02-27,20,-0.3502337640128639,True
BA,long,2023-04-04,14,-4.627357338959315,False
BA,short,2023-05-01,13,-0.4800026633522636,False
BA,long,2023-06-05,15,-1.8051416567662404,False
BA,long,2023-07-27,18,-2.2019097452842695,False
BA,short,2024-02-27,20,6.6839163715353145,True
BA,short,2024-08-06,17,-1.9953787254226585,False
BA,long,2024-10-23,10,-8.024997711181637,False
BA,short,2024-11-14,10,-10.397726613874303,False
BA,short,2025-01-17,8,-5.730268287788665,False
BA,long,2025-02-07,13,-6.169703667652593,False
BA,short,2025-08-15,6,2.7811130768724324,False
BA,long,2025-08-27,10,-6.530419390435494,False
BA,long,2025-10-28,2,-10.821892812107903,False
BA,short,2026-03-02,20,16.278758091209212,True
BA,long,2026-05-12,3,-7.744767576081979,False
BA,short,2026-06-16,2,2.941560972716384,False
BA,long,2026-07-07,5,-7.965236868288383,False
BAC,short,2021-12-01,19,1.3047327214970705,False
BAC,long,2022-01-05,13,-5.629412378130172,False
BAC,long,2022-06-08,3,-10.857455205978795,False
BAC,long,2022-07-22,20,5.595241528249528,True
BAC,short,2022-09-26,16,-11.366543448208667,False
BAC,short,2022-12-06,19,1.2438539455357889,False
BAC,long,2023-01-06,20,6.688174740661568,True
BAC,long,2023-04-18,12,-12.370128442594064,False
BAC,long,2023-06-07,12,-4.129689815630333,False
BAC,short,2023-08-16,20,1.8487369312959578,True
BAC,short,2023-09-25,20,7.018182927911932,True
BAC,short,2024-01-18,10,-5.669288935623773,False
BAC,long,2024-03-05,20,7.185795303761511,True
BAC,long,2024-07-09,16,-1.1040161108261337,False
BAC,long,2024-09-16,20,7.987627839288125,True
BAC,short,2025-02-24,20,4.352651871209446,True
BAC,long,2025-06-24,17,1.219250684115969,False
BAC,short,2025-11-24,8,-4.453047762076334,False
BAC,long,2026-04-07,20,6.666666155997691,True
BAC,short,2026-05-12,15,-3.02792154354381,False
BKNG,short,2021-10-26,9,-8.95455662587359,False
BKNG,long,2022-02-10,11,-15.830365110774846,False
BKNG,short,2022-05-16,9,-8.622270148257005,False
BKNG,long,2022-06-03,8,-14.849649866168878,False
BKNG,long,2022-07-28,20,6.463481692899875,True
BKNG,long,2022-10-24,20,5.872528232762564,True
BKNG,short,2023-01-05,20,-17.72148900299195,True
BKNG,long,2023-03-03,9,-6.157310192401589,False
BKNG,long,2023-05-22,4,-6.265527269967331,False
BKNG,long,2023-06-23,20,9.693138157961334,True
BKNG,long,2023-09-22,20,-9.46995127335093,True
BKNG,long,2023-12-12,20,5.7241975874631645,True
BKNG,long,2024-02-01,17,-3.177117912240035,False
BKNG,long,2024-03-25,15,-3.898360863356931,False
BKNG,short,2024-04-18,14,-5.475497606359969,False
BKNG,long,2024-06-20,20,-0.6946186415228262,True
BKNG,long,2025-02-13,14,-7.184361751512903,False
BKNG,short,2025-03-10,15,-0.5181997488197476,False
BKNG,short,2025-08-04,13,-5.519955864543857,False
BKNG,short,2025-09-15,20,4.475451382723716,True
BKNG,short,2025-11-07,17,-2.6387656313029417,False
BKNG,short,2026-01-20,20,14.80585692451869,True
BKNG,long,2026-03-27,20,5.691829707342144,True
BKNG,long,2026-06-25,19,-4.619202681100654,False
BKNG,long,2026-07-29,18,8.613316004204474,False
BLK,short,2022-01-13,20,13.274504375854823,True
BLK,short,2022-02-15,20,5.809073195871339,True
BLK,short,2022-07-21,1,0.09459756482964599,False
BLK,short,2022-12-21,8,-2.7674176228299263,False
BLK,long,2023-01-10,20,-2.637303656800738,True
BLK,short,2023-02-13,20,11.762992831919517,True
BLK,long,2023-04-10,15,1.627959763108544,False
BLK,long,2023-07-13,17,-2.7726619263447327,False
BLK,long,2024-02-26,16,-1.0666532195395262,False
BLK,long,2024-05-09,15,-0.7545950550148062,False
BLK,long,2024-06-25,20,4.177680628786695,True
BLK,long,2024-08-14,20,3.398241279480163,True
BLK,long,2024-09-18,20,11.399304977978918,True
BLK,long,2024-12-17,3,-2.588026516498365,False
BLK,short,2025-01-06,14,-2.491096002499371,False
BLK,short,2025-03-12,7,-3.4489109205163127,False
BLK,long,2025-05-09,20,6.326884608114924,True
BLK,long,2025-06-26,20,10.06937716056029,True
BLK,short,2025-10-29,20,6.939741312994762,True
BLK,long,2026-01-06,3,-3.0572108373996376,False
BLK,long,2026-01-16,12,-7.187577906020914,False
BLK,short,2026-03-09,20,-3.12896952130044,True
BLK,long,2026-04-10,20,8.224337852683394,True
BLK,long,2026-05-15,5,-1.9661604308038538,False
BMY,long,2021-11-10,10,-4.1989846472263785,False
BMY,long,2022-02-09,20,4.076666249258842,True
BMY,long,2022-03-21,20,6.883041323287897,True
BMY,short,2022-06-15,6,-7.927822761123204,False
BMY,short,2022-08-05,3,-4.001107417481875,False
BMY,long,2022-08-26,20,-2.4610632482338968,True
BMY,long,2022-10-26,20,8.277470727716295,True
BMY,long,2022-11-29,12,-4.834408928589406,False
BMY,short,2023-02-22,20,5.694256681926168,True
BMY,short,2023-05-25,16,-1.6784667337733872,False
BMY,short,2023-07-10,20,3.4488261385512864,True
BMY,short,2023-09-08,20,5.817819163692295,True
BMY,short,2023-10-27,20,5.821323388491928,True
BMY,short,2024-01-18,20,0.3627575756760426,True
BMY,long,2024-02-26,20,1.3382440037451593,True
BMY,short,2024-05-24,18,-1.255736439700006,False
BMY,long,2024-06-25,7,-5.616374546982006,False
BMY,long,2024-08-30,8,-2.9766683545857653,False
BMY,long,2024-10-02,17,-1.7225130239811093,False
BMY,long,2024-11-05,20,5.857815701830971,True
BMY,short,2024-12-13,20,0.8336310957768434,True
BMY,long,2025-01-24,13,-5.007611324494365,False
BMY,short,2025-04-07,20,11.743973380066564,True
BMY,short,2025-05-12,13,-4.502160134217892,False
BMY,short,2025-08-01,10,-11.075436708916131,False
BMY,short,2025-09-22,20,3.1978651249065626,True
BMY,short,2026-02-05,20,-2.3425582612284668,True
BMY,short,2026-03-17,13,1.3304493977212895,False
BMY,short,2026-05-08,10,-5.55653675070964,False
BMY,long,2026-06-30,20,7.514056825016158,True
C,short,2021-11-05,20,7.814802802874421,True
C,short,2022-02-02,4,-1.1605189000287064,False
C,long,2022-04-04,20,-4.114835456227572,True
C,long,2022-07-20,20,4.388346255404274,True
C,long,2022-10-25,20,11.986385210994332,True
C,long,2023-01-06,20,8.07479627320462,True
C,short,2023-03-10,20,3.244595078786827,True
C,long,2023-04-12,15,-3.812134352867691,False
C,short,2023-06-06,20,1.753621092608948,True
C,short,2023-08-10,20,9.214938528852713,True
C,long,2023-09-15,10,-3.789471185695359,False
C,short,2023-10-25,10,-8.062012584952182,False
C,long,2024-03-04,20,13.409132513330624,True
C,short,2024-06-05,16,-3.5574418221305137,False
C,short,2024-08-05,14,-14.903841134793394,False
C,short,2024-11-07,20,-5.791795827548829,True
C,long,2025-02-19,4,-7.0425866534421395,False
C,short,2025-08-15,5,0.2095086425312087,False
C,long,2025-08-29,20,6.7356461804993994,True
C,long,2025-11-04,12,-2.5162298892324686,False
C,long,2025-12-05,20,13.773569316667844,True
C,long,2026-02-10,8,-10.483350382098722,False
C,short,2026-03-16,7,-6.681582295652233,False
C,long,2026-04-02,20,13.461540943432503,True
C,short,2026-05-20,8,-8.506235580967946,False
C,long,2026-06-04,20,9.590916377026337,True
C,short,2026-07-16,16,-0.20783757182287754,False
C,long,2026-08-13,7,-4.750880312674443,False
CAT,short,2021-11-30,11,-4.493400164269712,False
CAT,short,2022-04-19,2,-1.0076036152958823,False
CAT,short,2022-05-27,1,-0.39535167605377897,False
CAT,long,2022-07-29,20,1.4429915388285641,True
CAT,long,2022-12-28,20,8.801517318826036,True
CAT,short,2023-05-04,20,-4.89701535830116,True
CAT,short,2023-09-28,20,11.35690470132965,True
CAT,short,2024-01-18,7,-8.295840260601505,False
CAT,long,2024-07-16,13,-7.484932808619504,False
CAT,short,2024-11-01,6,-4.885338922128235,False
CAT,short,2025-04-04,17,-8.51578561883224,False
CAT,long,2025-05-05,20,9.399457872977003,True
CAT,long,2025-06-12,20,12.760867620201388,True
CAT,long,2025-12-05,13,-3.3509917606581174,False
CAT,long,2026-04-09,20,15.871927870815817,True
CAT,short,2026-06-04,2,-0.1805298123275234,False
CAT,long,2026-06-16,17,-1.2017413275923539,False
CMCSA,long,2021-11-11,10,-5.51035487092999,False
CMCSA,short,2022-02-22,19,0.7021322734203972,False
CMCSA,long,2022-03-30,16,-4.603739611133628,False
CMCSA,short,2022-04-27,19,3.4521391516313615,False
CMCSA,long,2022-07-21,8,-9.379504181289855,False
CMCSA,long,2022-10-25,20,12.499999184639021,True
CMCSA,short,2023-01-05,1,-2.68292249775004,False
CMCSA,short,2023-02-22,20,3.978781415935506,True
CMCSA,long,2023-03-31,17,-2.0386347043275466,False
CMCSA,long,2023-05-26,20,5.627706525096454,True
CMCSA,long,2023-07-13,20,7.614803314208984,True
CMCSA,long,2023-08-28,4,0.37313299494128316,False
CMCSA,short,2023-10-04,20,3.6183484448455205,True
CMCSA,long,2023-12-15,15,-2.9813970510210397,False
CMCSA,short,2024-01-16,8,-7.681567884792062,False
CMCSA,long,2024-03-14,13,-3.642694594656104,False
CMCSA,short,2024-04-05,20,5.333981736812388,True
CMCSA,short,2024-06-14,18,-2.461872556278699,False
CMCSA,long,2024-07-16,18,0.35952066002535865,False
CMCSA,short,2024-08-13,11,-2.647817946847142,False
CMCSA,long,2024-09-04,4,-1.4105833893125252,False
CMCSA,long,2024-09-27,20,1.0429320484022897,True
CMCSA,long,2024-11-01,16,-2.59301282639004,False
CMCSA,short,2024-12-02,20,12.741222892190518,True
CMCSA,long,2025-03-26,8,-9.540537754671774,False
CMCSA,long,2025-05-21,8,-2.145677480148467,False
CMCSA,short,2025-06-13,6,0.1418018906149121,False
CMCSA,long,2025-07-01,11,-2.500701634723135,False
CMCSA,short,2025-09-18,20,9.495824498704097,True
CMCSA,long,2025-12-17,20,0.41928311262564577,True
CMCSA,long,2026-01-26,20,7.92079078971395,True
CMCSA,short,2026-03-19,20,-2.9176735620950245,True
CMCSA,long,2026-08-05,13,8.426967797112606,False
COIN,short,2021-11-29,20,16.29940889419964,True
COIN,short,2022-01-10,20,6.995498578892223,True
COIN,long,2022-02-22,4,5.473549744311712,False
COIN,long,2022-06-15,20,5.594822076269246,True
COIN,long,2022-07-21,20,17.563382000990323,True
COIN,short,2022-11-07,20,29.316666920979817,True
COIN,short,2022-12-16,16,-17.085559168298104,False
COIN,long,2023-03-21,10,-17.969566280316805,False
COIN,short,2023-04-25,15,-3.895175048113386,False
COIN,short,2023-06-13,9,-34.922780731713445,False
COIN,long,2023-09-22,1,-4.954295892972194,False
COIN,long,2023-11-07,20,56.18330585748112,True
COIN,long,2024-02-13,20,81.89897885523689,True
COIN,short,2024-04-17,20,0.959281971008985,True
COIN,short,2024-05-20,2,-11.324286897803027,False
COIN,long,2024-05-29,17,-11.174799697275638,False
COIN,short,2024-06-26,14,-13.227275501598012,False
COIN,long,2024-09-04,20,-1.2192184860641886,True
COIN,short,2024-12-24,16,-7.675134004469841,False
COIN,short,2025-02-21,20,28.888719594437042,True
COIN,short,2025-06-20,20,-36.25074879050041,True
COIN,long,2025-09-19,20,-1.9663964756454155,True
COIN,long,2025-12-17,3,-2.700370875177016,False
COIN,short,2026-01-15,20,34.42674898216891,True
COIN,short,2026-05-28,20,12.56965642800074,True
COIN,long,2026-07-15,12,-11.448812660739483,False
COIN,short,2026-08-06,11,-27.071417602483994,False
COP,short,2021-11-15,16,-2.6027926983856364,False
COP,long,2022-01-04,20,23.672213122067866,True
COP,long,2022-03-03,20,2.8806616663257456,True
COP,short,2022-04-26,8,-16.409036811848377,False
COP,short,2022-09-26,9,-18.403443373258142,False
COP,short,2022-12-01,20,5.350122938083734,True
COP,long,2023-01-13,14,-10.34168272627406,False
COP,long,2023-05-25,20,-0.6180153695548696,True
COP,long,2023-07-13,20,5.405407657110062,True
COP,long,2023-09-06,15,0.5062424357048956,False
COP,short,2023-10-04,8,-8.662849367157865,False
COP,short,2023-12-13,4,-4.47533440696819,False
COP,long,2024-03-14,20,10.09482165321689,True
COP,short,2024-05-01,20,9.194115631316524,True
COP,short,2024-07-26,16,-0.5308109129924299,False
COP,short,2025-03-05,9,-13.171222230181145,False
COP,long,2025-05-09,9,-5.237102176471787,False
COP,long,2025-08-28,7,-6.332210771690661,False
COP,short,2025-10-13,20,0.14712228669081506,True
COP,long,2025-12-05,16,1.983311908131724,False
COP,long,2026-01-06,1,-6.247499698098302,False
COP,long,2026-02-02,20,16.756963992580598,True
COP,long,2026-05-07,2,-0.49943530128093716,False
COST,long,2021-12-28,9,-7.921126930226141,False
COST,long,2022-03-16,20,8.550492177394586,True
COST,long,2022-06-28,20,8.026886775303765,True
COST,short,2022-08-30,20,8.607849485311492,True
COST,long,2022-10-26,20,7.327307275978923,True
COST,long,2023-04-04,20,-1.2970800486216016,True
COST,short,2023-05-25,3,-6.528395214877225,False
COST,short,2023-08-22,14,-3.105386997629256,False
COST,short,2023-10-26,11,-4.997720273442807,False
COST,long,2024-05-07,20,9.96586024703836,True
COST,long,2024-07-08,5,-4.291884042629556,False
COST,long,2024-09-16,11,-4.839478863035518,False
COST,short,2024-10-04,13,-2.412327351263688,False
COST,long,2024-11-11,20,5.2553546580437205,True
COST,long,2024-12-23,20,-1.4886581262153364,True
COST,short,2025-03-10,18,-1.215113686741498,False
COST,long,2025-04-15,20,0.6282034398717551,True
COST,long,2025-05-19,15,-1.1123067274932952,False
COST,short,2025-07-08,20,4.63567408966018,True
COST,short,2025-11-12,20,3.3851454691160687,True
COST,short,2026-03-27,5,-3.7198801995050657,False
COST,long,2026-05-18,8,-8.92190406436012,False
COST,short,2026-07-02,17,-4.269689006455635,False
COST,long,2026-07-30,15,-2.254352567123874,False
CRM,short,2021-12-31,20,8.582542631006895,True
CRM,short,2022-02-04,20,8.725991574627646,True
CRM,short,2022-03-15,2,-5.983984765959405,False
CRM,long,2022-03-21,15,-10.422111571895131,False
CRM,short,2022-10-17,2,-5.2029783416506215,False
CRM,long,2022-10-21,13,-9.803176153273807,False
CRM,long,2023-01-09,20,20.12062779875563,True
CRM,short,2023-02-27,5,-12.18262155762213,False
CRM,long,2023-07-13,15,-5.563829516285146,False
CRM,short,2023-10-30,6,-6.4522594662767,False
CRM,long,2024-02-28,17,2.7338282957799054,False
CRM,short,2024-04-16,20,-0.735129566433379,True
CRM,long,2024-05-17,8,-24.048917218201204,False
CRM,long,2024-07-01,16,-3.242299172993124,False
CRM,short,2024-08-07,6,-8.317879676766005,False
CRM,long,2024-11-07,20,17.72032202743903,True
CRM,short,2025-04-02,18,-0.6768004092265523,False
CRM,long,2025-07-01,10,-5.1933163270284854,False
CRM,short,2025-09-18,20,-0.7536026827870579,True
CRM,long,2025-10-23,12,-6.168477877777335,False
CRM,short,2026-01-14,20,22.472615455282007,True
CRM,long,2026-03-13,8,-8.8970056545301,False
CRM,short,2026-03-30,16,-5.385894847036776,False
CRM,short,2026-05-14,11,-26.265063917780495,False
CRM,long,2026-07-30,17,15.50913929691542,False
CRWD,short,2021-11-18,20,24.155019629001874,True
CRWD,long,2022-01-06,1,4.848824129355922,False
CRWD,long,2022-02-11,16,-16.828479121591144,False
CRWD,short,2022-04-27,20,26.712978123094942,True
CRWD,long,2022-06-07,20,14.509325682810115,True
CRWD,long,2022-08-10,15,-5.549806522591827,False
CRWD,short,2022-09-02,20,2.8517335641004893,True
CRWD,long,2023-01-25,20,15.454188981570338,True
CRWD,long,2023-03-06,20,5.038463885967559,True
CRWD,long,2023-04-21,2,-6.455812671899464,False
CRWD,short,2023-06-27,14,-7.340859745829631,False
CRWD,long,2023-07-20,14,-6.112429103209028,False
CRWD,long,2023-09-05,18,3.943368410639292,False
CRWD,short,2023-10-09,20,-5.824361914615794,True
CRWD,short,2024-04-16,14,-6.808943235353659,False
CRWD,short,2024-07-19,20,10.85531905898386,True
CRWD,long,2024-11-08,20,6.973232237716376,True
CRWD,long,2024-12-13,4,-4.090164267951668,False
CRWD,long,2024-12-27,20,9.946009700897317,True
CRWD,long,2025-05-28,20,6.815230264694527,True
CRWD,long,2025-07-01,9,-7.085222271403646,False
CRWD,long,2025-09-17,20,9.892132362622895,True
CRWD,long,2025-10-27,17,-2.243953818479605,False
CRWD,short,2025-11-24,20,3.8782734828553322,True
CRWD,short,2026-01-21,5,-5.435955604810383,False
CRWD,short,2026-02-04,20,-3.451959299030638,True
CVX,long,2021-11-17,3,-0.8357265269598124,False
CVX,long,2021-12-29,20,14.642609263227158,True
CVX,long,2022-03-01,20,13.316332355610516,True
CVX,long,2022-04-19,5,-9.562053892229827,False
CVX,short,2022-07-25,20,-7.687026206473302,True
CVX,short,2022-12-07,15,-4.244130637929078,False
CVX,long,2023-01-13,13,-4.562652887313812,False
CVX,short,2023-05-03,20,3.7875374426480812,True
CVX,long,2023-06-20,5,-1.6778707778396407,False
CVX,short,2023-07-05,5,-1.2301854654080735,False
CVX,long,2023-07-24,20,-0.06854901820575465,True
CVX,long,2023-09-06,20,-1.9485238855844078,True
CVX,short,2023-10-12,20,13.058919994351093,True
CVX,long,2023-12-19,15,-3.120837373327179,False
CVX,short,2024-03-08,7,-4.853719111600729,False
CVX,short,2024-05-22,20,2.657977294134295,True
CVX,long,2024-07-19,10,-8.573358593103553,False
CVX,short,2024-09-09,11,-6.354585687665226,False
CVX,long,2024-11-07,20,-1.7095079818324366,True
CVX,long,2025-03-19,13,-12.934091548941973,False
CVX,long,2025-05-16,9,-4.204625177515753,False
CVX,long,2025-08-18,2,-1.8638337097943158,False
CVX,long,2025-08-26,17,-0.8253367013560053,False
CVX,short,2025-09-23,2,-2.2912463183508702,False
CVX,long,2025-10-02,20,-0.28579008977570597,True
CVX,short,2025-11-26,20,-1.1871103674861105,True
CVX,long,2026-01-02,20,14.36551282998748,True
CVX,long,2026-03-06,20,4.18063470421548,True
CVX,long,2026-05-13,10,-1.4961513459038844,False
DDOG,short,2022-01-06,20,-3.1375047471301043,True
DDOG,short,2022-03-08,14,-14.893453182729255,False
DDOG,short,2022-04-18,20,28.007405598958336,True
DDOG,long,2022-06-15,1,-4.8066870099477965,False
DDOG,short,2022-07-25,8,-17.542550918903753,False
DDOG,short,2022-08-31,20,17.95280977679162,True
DDOG,short,2022-10-12,20,18.649396762599324,True
DDOG,short,2023-04-26,6,-11.373714807584868,False
DDOG,long,2023-05-08,20,32.59992411329766,True
DDOG,long,2023-07-13,18,-17.33333247368325,False
DDOG,long,2023-09-07,11,-7.222740843490305,False
DDOG,short,2023-10-27,9,-22.530561879703658,False
DDOG,long,2024-02-13,8,2.252969251791015,False
DDOG,short,2024-03-11,17,-0.47440673124039545,False
DDOG,short,2024-05-09,13,-3.02260577120963,False
DDOG,long,2024-09-09,20,13.032235197039842,True
DDOG,long,2024-11-22,19,0.6464691675873269,False
DDOG,long,2025-01-29,13,-11.673821894512294,False
DDOG,long,2025-06-12,20,15.560737945575752,True
DDOG,long,2025-09-08,20,15.459687696941549,True
DDOG,long,2025-11-07,12,-13.728356782610229,False
DDOG,short,2026-04-07,10,-12.426081118376352,False
DDOG,long,2026-08-05,1,-21.322444824263442,False
DE,long,2021-10-29,20,-0.11764810964400851,True
DE,short,2022-01-03,2,-8.154066218886257,False
DE,long,2022-02-14,6,-14.35893492711432,False
DE,short,2022-04-18,1,-1.2300594969291812,False
DE,long,2022-07-25,20,17.387023231310227,True
DE,short,2022-09-16,17,-2.2600616535838114,False
DE,short,2023-01-06,6,-5.285920075623762,False
DE,long,2023-02-23,12,-7.386392147107246,False
DE,short,2023-05-24,10,-6.262384752128658,False
DE,long,2023-07-19,17,0.6524019257880376,False
DE,short,2023-08-18,17,1.3440878525425526,False
DE,short,2023-10-26,15,-2.0377351909956154,False
DE,long,2023-11-22,4,0.819987635046715,False
DE,long,2024-01-17,20,0.9391360067221965,True
DE,long,2024-05-14,6,-5.851217130335362,False
DE,long,2024-07-02,2,0.1390704535637166,False
DE,long,2024-09-16,20,2.959596267854314,True
DE,short,2024-11-15,4,-11.42689626984852,False
DE,long,2025-02-19,8,-6.112950835613673,False
DE,short,2025-04-04,13,-8.92229495684238,False
DE,short,2025-06-16,2,-1.8824620828234107,False
DE,short,2025-08-20,20,2.711542764268038,True
DE,short,2025-10-13,7,-2.890711524027645,False
DE,long,2025-10-27,20,1.3879668431871828,True
DE,long,2025-11-26,3,-1.6725024426598512,False
DE,short,2025-12-16,15,-2.833673058104469,False
DE,long,2026-04-10,12,-8.82691014277065,False
DE,short,2026-05-22,9,-9.76820834630927,False
DE,short,2026-08-20,2,-6.139550306164532,False
DHR,long,2021-10-27,12,-1.2362487308454018,False
DHR,long,2021-11-26,13,-1.7835987360110939,False
DHR,long,2021-12-31,4,-7.414860384043898,False
DHR,long,2022-03-18,19,-1.9192624719331253,False
DHR,short,2022-04-19,20,9.91750761420751,True
DHR,long,2022-05-31,12,-8.710156144802673,False
DHR,long,2022-07-22,20,5.406572229025408,True
DHR,short,2022-11-11,20,-1.6540301591072115,True
DHR,short,2023-02-10,20,5.309801231444755,True
DHR,short,2023-04-26,20,0.4372402568985967,True
DHR,long,2023-06-09,16,0.4060619835679402,False
DHR,long,2023-07-24,18,-0.8432332611652993,False
DHR,short,2023-08-30,1,-0.08308886191921161,False
DHR,short,2023-10-10,20,8.971942645896103,True
DHR,long,2024-02-01,20,6.897557847901314,True
DHR,short,2024-04-04,16,-0.040573720078351805,False
DHR,short,2024-08-23,13,-1.203338991411318,False
DHR,long,2024-09-17,14,-2.5770154073399887,False
DHR,short,2024-10-24,20,7.913808794610066,True
DHR,short,2025-01-07,20,11.760506509732805,True
DHR,short,2025-04-03,16,3.158674885444057,False
DHR,long,2025-05-05,12,-5.7372063464492085,False
DHR,short,2025-05-27,9,-6.183363788552243,False
DHR,short,2025-07-21,6,-8.9314902145351,False
DHR,short,2025-11-19,1,1.2533365885416647,False
DHR,long,2026-01-06,16,-6.675734751893437,False
DHR,long,2026-04-15,8,-9.25898400000429,False
DIA,long,2022-02-18,2,-3.3187533057372764,False
DIA,long,2022-03-21,18,-0.6693335174078996,False
DIA,short,2022-04-27,20,3.7738127229086538,True
DIA,long,2022-07-14,20,10.25903238527448,True
DIA,long,2022-10-20,20,10.258183547777989,True
DIA,long,2022-12-12,20,1.0769307310745546,True
DIA,short,2023-02-24,20,1.6807429075229696,True
DIA,short,2023-05-05,20,-0.5594432664854709,True
DIA,short,2023-08-18,16,-1.2421574854691197,False
DIA,long,2023-09-22,20,-2.788458696152629,True
DIA,long,2024-01-29,20,2.2729668404486647,True
DIA,long,2024-03-13,17,-0.6612362638175995,False
DIA,long,2024-07-11,17,-2.6893087902908785,False
DIA,long,2024-09-20,20,3.1618125831559984,True
DIA,long,2025-01-22,20,0.20386066139002068,True
DIA,short,2025-02-25,20,2.231712593563173,True
DIA,long,2025-04-04,20,4.388123822256995,True
DIA,long,2025-06-11,20,3.189415726016809,True
DIA,short,2025-08-04,9,-2.66054484483762,False
DIA,long,2025-10-03,6,-1.097064294080452,False
DIA,long,2025-10-28,15,-3.654970853417594,False
DIA,long,2026-01-06,20,1.1076397475048072,True
DIA,long,2026-02-12,8,-1.651660103342334,False
DIA,short,2026-03-06,20,1.467113946872023,True
DIA,long,2026-05-26,20,2.157340277995723,True
DIA,long,2026-06-30,15,-0.16847035970957158,False
DIA,long,2026-08-05,13,-1.7761758873043654,False
DIS,short,2021-10-29,8,-3.212633143132626,False
DIS,long,2021-12-27,17,-3.440613289917782,False
DIS,long,2022-06-10,2,-7.108349662604452,False
DIS,long,2022-07-21,20,19.43335533286956,True
DIS,long,2022-10-25,12,-11.45262740625389,False
DIS,short,2023-02-22,20,6.34560366030229,True
DIS,short,2023-05-12,20,-0.866366778736305,True
DIS,short,2023-07-19,16,-6.450122256183755,False
DIS,short,2024-01-02,12,-3.2852376632646063,False
DIS,long,2024-01-23,20,12.826153017528252,True
DIS,long,2024-03-11,20,7.1577846715763505,True
DIS,short,2024-06-06,8,-0.44532106348547096,False
DIS,short,2024-07-03,20,4.895741481418869,True
DIS,long,2024-09-17,20,2.002813055225938,True
DIS,long,2024-10-21,20,16.81070419784685,True
DIS,long,2024-12-17,20,-3.6116384583606664,True
DIS,short,2025-03-10,20,20.23364664528371,True
DIS,long,2025-06-11,20,1.2586632266719633,True
DIS,short,2025-09-23,20,-1.4017049449468022,True
DIS,long,2025-11-13,1,-2.8377227984302644,False
DIS,short,2026-02-03,20,1.6606202367253076,True
DIS,short,2026-03-09,20,4.743912608342327,True
DIS,short,2026-07-01,20,0.40393513963885574,True
DIS,long,2026-08-06,12,7.870099105491812,False
FDX,long,2021-10-21,20,5.801996229633288,True
FDX,long,2022-03-23,11,-9.330780313945553,False
FDX,long,2022-05-18,20,3.724334802290552,True
FDX,short,2022-07-15,11,-9.40304346844647,False
FDX,short,2022-08-29,20,32.95559698776709,True
FDX,short,2022-10-17,20,-10.411925424225622,True
FDX,short,2022-12-20,9,-8.057418780153714,False
FDX,long,2023-01-06,20,15.474039387455774,True
FDX,short,2023-03-13,5,-9.78321624135221,False
FDX,short,2023-05-17,3,-3.2508579965207396,False
FDX,short,2023-06-02,9,-8.195674379542538,False
FDX,short,2023-08-25,20,-2.7219822156216322,True
FDX,short,2024-01-24,2,0.24586891857024673,False
FDX,long,2024-02-02,1,-1.3209125737647542,False
FDX,long,2024-03-01,20,12.937424339160275,True
FDX,long,2024-06-27,20,2.394927807513758,True
FDX,short,2024-10-21,20,-8.238609735908863,True
FDX,short,2025-02-04,17,-5.573855235803538,False
FDX,short,2025-04-04,19,-3.6415124523548004,False
FDX,long,2025-05-13,11,-6.272340132702981,False
FDX,long,2025-08-28,6,-3.4293307650576366,False
FDX,long,2025-09-30,12,0.7998981606475608,False
FDX,long,2026-04-10,19,-0.4317259166351728,False
FDX,short,2026-07-02,17,1.6298510340467587,False
FDX,long,2026-08-13,7,2.159086751717809,False
GE,long,2021-11-10,4,-8.133327136006752,False
GE,short,2021-11-19,20,9.83968132714994,True
GE,long,2022-03-22,12,-6.068876433988146,False
GE,short,2022-04-27,20,6.837498835683997,True
GE,short,2022-05-31,20,18.293777832099213,True
GE,long,2022-07-21,20,17.001479545614263,True
GE,long,2022-10-17,20,24.481510085807344,True
GE,short,2022-12-14,12,-3.156110843869242,False
GE,long,2023-03-06,20,11.86518624785684,True
GE,long,2023-05-19,20,-0.47837485535249247,True
GE,long,2023-07-05,20,3.465167677809844,True
GE,short,2023-09-27,20,-0.5152332807552229,True
GE,long,2023-11-10,20,5.759255644872918,True
GE,long,2023-12-19,20,4.939369373477076,True
GE,short,2024-05-22,20,-2.3365941003471002,True
GE,long,2024-07-30,20,0.29916106194658454,True
GE,long,2024-10-15,6,-6.272893102523791,False
GE,short,2024-12-09,18,1.4571446010044675,False
GE,long,2025-03-24,9,-19.384303578817295,False
GE,long,2025-09-05,20,5.2184120025649205,True
GE,short,2025-11-24,17,-4.217904861021582,False
GE,long,2025-12-22,20,-4.731146192556313,True
GILD,short,2021-11-02,6,-2.434568539869497,False
GILD,long,2021-11-23,20,3.6639436925154367,True
GILD,short,2022-01-20,20,11.263933420691574,True
GILD,long,2022-04-08,15,-1.5828939708359968,False
GILD,long,2022-05-23,12,-4.985244781643383,False
GILD,short,2022-08-01,8,-4.483855252886593,False
GILD,short,2022-12-27,11,-0.5513210800036639,False
GILD,short,2023-01-23,13,-3.347023406919125,False
GILD,long,2023-02-13,8,-6.966543827837201,False
GILD,long,2023-04-04,19,-3.270804594664123,False
GILD,short,2023-07-10,7,-5.98657595231229,False
GILD,short,2023-09-15,9,2.31835375825995,False
GILD,long,2023-10-16,19,-2.3411367955187723,False
GILD,long,2024-03-12,11,-2.9767413472020388,False
GILD,long,2024-10-17,20,5.971010757867834,True
GILD,short,2025-01-14,7,-2.7376128239187114,False
GILD,short,2025-05-12,6,-12.728587228319576,False
GILD,short,2025-07-07,1,0.839287894112728,False
GILD,long,2025-10-14,20,4.288632623803523,True
GILD,long,2025-11-20,12,-6.997035985490241,False
GILD,long,2026-01-23,20,14.147499696300558,True
GILD,short,2026-03-06,20,2.38923985379792,True
GILD,short,2026-04-23,19,2.48470506260009,False
GILD,short,2026-06-10,16,-3.159822699768511,False
GILD,long,2026-07-08,15,-2.8188651719875946,False
GILD,long,2026-08-18,4,4.814289637974323,False
GLD,long,2021-12-28,20,0.2716538416724701,True
GLD,long,2022-04-14,8,-4.504017314270947,False
GLD,short,2022-06-28,20,4.93914787647407,True
GLD,long,2022-11-09,20,4.4615967514558985,True
GLD,long,2023-01-04,20,2.9156503924199217,True
GLD,short,2023-05-05,2,-1.3186142506753429,False
GLD,short,2023-06-26,12,-1.6531647051815312,False
GLD,short,2024-02-15,9,-1.9989177441130712,False
GLD,long,2024-07-08,20,1.2930232861876778,True
GLD,long,2024-09-16,20,2.6557247560610175,True
GLD,short,2025-03-14,20,-7.840158006100872,True
GLD,long,2025-07-23,6,-3.515926288191684,False
GLD,long,2026-04-30,1,-0.5078298962492789,False
GLD,long,2026-08-06,12,9.54813926608633,False
GOOGL,short,2021-12-01,15,-1.6770786709255692,False
GOOGL,long,2021-12-30,4,-6.080007589139624,False
GOOGL,short,2022-03-15,3,-7.20569695435882,False
GOOGL,long,2022-03-22,15,-6.1623133817991675,False
GOOGL,short,2022-05-23,7,-7.3320368845323,False
GOOGL,long,2022-10-28,1,2.4276640020148843,False
GOOGL,long,2022-12-12,20,-1.2835750762137055,True
GOOGL,long,2023-01-20,18,1.9348096706708784,False
GOOGL,long,2023-05-12,20,5.965031767456996,True
GOOGL,short,2023-06-29,11,-4.53707125044589,False
GOOGL,long,2023-09-01,15,-4.6195298947814045,False
GOOGL,long,2024-04-29,20,4.341651747242392,True
GOOGL,long,2024-06-26,16,-2.7213497715735224,False
GOOGL,long,2024-09-05,20,6.116441056900057,True
GOOGL,long,2024-10-31,17,-3.1652578015217037,False
GOOGL,long,2025-02-03,5,-7.085555357873307,False
GOOGL,short,2025-03-28,18,0.7539452130673197,False
GOOGL,long,2025-04-29,20,7.509975509035538,True
GOOGL,short,2025-10-13,6,-4.2670995018994295,False
GOOGL,long,2025-10-24,20,16.790092503068355,True
GOOGL,long,2025-11-25,16,-7.280586316213611,False
GOOGL,short,2026-02-12,20,3.1433232957498447,True
GOOGL,short,2026-03-27,8,-14.862230105489704,False
GOOGL,short,2026-06-02,20,1.467580931437551,True
GOOGL,long,2026-07-22,1,-8.751723604149076,False
GS,short,2021-11-16,20,3.4661186583810566,True
GS,short,2021-12-22,2,-2.003047907108857,False
GS,short,2022-01-03,1,-4.7506454977707335,False
GS,long,2022-03-31,4,-5.911401787565773,False
GS,long,2022-06-01,8,-13.357795925315363,False
GS,short,2022-09-21,20,4.050228708068271,True
GS,long,2022-10-24,20,15.741245496218603,True
GS,short,2023-03-02,20,6.642628051580468,True
GS,long,2023-04-12,17,-1.416861265445435,False
GS,long,2023-06-09,10,-6.81662441036689,False
GS,long,2023-09-15,10,-6.25235026912322,False
GS,long,2024-03-25,15,-2.4602477169007986,False
GS,short,2024-06-12,12,-1.769095138414567,False
GS,long,2024-07-05,20,0.6781212525844404,True
GS,long,2024-11-07,20,1.6406767247086895,True
GS,short,2024-12-16,15,1.3571395355017057,False
GS,long,2025-01-16,20,8.288660202303856,True
GS,long,2025-02-19,3,-6.417767881960268,False
GS,long,2025-06-18,20,13.410513633149112,True
GS,long,2025-07-31,20,3.3897993279992544,True
GS,long,2025-09-11,19,0.5841981561690357,False
GS,short,2025-10-20,9,-4.276089183248022,False
GS,long,2025-11-06,11,-2.5151096603431955,False
GS,long,2025-12-03,20,12.471863352726897,True
GS,short,2026-03-05,19,0.20881286441883917,False
GS,long,2026-04-06,20,4.666282680330247,True
GS,long,2026-05-21,20,12.640878260961962,True
HD,short,2021-12-21,9,-5.415823913038742,False
HD,short,2022-02-18,18,3.4530350443638835,False
HD,long,2022-03-23,5,-5.640869619362987,False
HD,short,2022-05-12,13,-5.547464115807466,False
HD,long,2022-06-09,4,-6.05521164292303,False
HD,long,2022-10-31,20,7.319719956833182,True
HD,long,2023-01-25,1,-0.48203123026598904,False
HD,short,2023-03-23,7,-4.371450884738004,False
HD,long,2023-04-05,20,-3.1355932203389836,True
HD,short,2023-05-09,13,-2.327278482031825,False
HD,long,2023-06-13,20,4.034395652536782,True
HD,short,2023-09-19,20,6.33328342855487,True
HD,long,2024-02-13,20,5.724325311405387,True
HD,long,2024-03-22,6,-8.029086687117392,False
HD,long,2024-05-13,9,-6.596561402093604,False
HD,short,2024-08-21,20,-5.654346580222369,True
HD,long,2024-11-25,15,-3.889411477481619,False
HD,short,2025-02-21,20,11.415237309972447,True
HD,short,2025-04-09,9,-8.466222400329126,False
HD,long,2025-05-13,12,-3.3359557624876968,False
HD,short,2025-06-11,13,-1.0890146974449344,False
HD,long,2025-07-24,20,5.917758754276847,True
HD,short,2025-11-07,20,5.170868337145517,True
HD,short,2026-01-12,20,-4.014514584475792,True
HD,short,2026-03-06,20,8.639596663363736,True
HD,long,2026-06-10,20,6.196058854832254,True
HD,short,2026-08-06,12,4.5459709545173315,False
HON,long,2021-12-30,17,-2.787117804808137,False
HON,long,2022-03-21,16,-1.332847085078348,False
HON,short,2022-04-28,4,-9.62295932334085,False
HON,short,2022-06-14,20,8.442258769766731,True
HON,long,2022-07-25,20,8.840846804441128,True
HON,long,2022-10-24,20,17.370332808539835,True
HON,short,2022-12-20,8,-2.2570065560379104,False
HON,short,2023-01-20,20,-0.926994574895823,True
HON,short,2023-02-22,20,5.033489653893241,True
HON,long,2023-04-14,19,-0.8434232915405349,False
HON,long,2023-06-14,20,2.0495049232563733,True
HON,short,2023-07-28,20,5.747237299386931,True
HON,long,2023-09-15,11,-6.1227639831157425,False
HON,short,2024-02-07,13,-1.3864022413667465,False
HON,long,2024-03-04,10,-0.8416041192493062,False
HON,long,2024-04-01,3,-4.547444531870237,False
HON,long,2024-05-13,20,2.4652680456959564,True
HON,long,2024-07-18,5,-7.968906135968112,False
HON,short,2024-08-27,20,-1.3776534414469133,True
HON,long,2024-10-10,14,-3.4515353627331935,False
HON,short,2025-01-08,14,-1.8038052324084841,False
HON,short,2025-02-10,17,-2.2803131655491082,False
HON,long,2025-03-10,7,-2.6319499367481125,False
HON,short,2025-04-07,15,-10.838003018424036,False
HON,short,2025-07-01,20,4.88912007826896,True
HON,short,2025-10-02,15,-4.831353944671579,False
HON,long,2025-12-17,20,10.574062390281114,True
HON,short,2026-03-18,16,-1.5028533970243396,False
HON,long,2026-05-22,12,-8.716858093602408,False
HOOD,short,2021-10-28,20,20.70434307791148,True
HOOD,long,2022-02-23,20,15.0395783232929,True
HOOD,short,2022-06-09,16,-1.3268957440701667,False
HOOD,long,2022-07-27,20,7.995360037466259,True
HOOD,short,2022-10-06,2,2.230481096775072,False
HOOD,long,2022-11-02,6,-21.969693868139117,False
HOOD,short,2022-12-20,16,-14.63714100408884,False
HOOD,short,2023-03-02,20,0.21096524319702548,True
HOOD,short,2023-09-22,20,7.870834964491746,True
HOOD,long,2024-02-13,20,47.80362062752428,True
HOOD,short,2024-04-16,17,-0.9924114689001451,False
HOOD,long,2024-05-21,20,3.2794610108584754,True
HOOD,long,2024-07-18,5,-12.551606500263224,False
HOOD,long,2025-01-16,20,43.12650275317262,True
HOOD,long,2025-08-13,11,-10.341546845372395,False
HOOD,short,2025-09-04,5,-16.873449131513652,False
HOOD,long,2025-11-10,3,-10.276853807729792,False
HOOD,short,2026-01-20,20,28.371429443359375,True
HOOD,short,2026-03-25,14,-21.573273101212777,False
HOOD,long,2026-06-01,20,11.496548873930568,True
HOOD,long,2026-08-24,0,-3.027467604437306,False
IBM,short,2021-11-19,11,-4.369477260389099,False
IBM,long,2021-12-09,20,10.380679612590416,True
IBM,long,2022-02-08,7,-8.93390285544957,False
IBM,long,2022-03-22,15,-1.9610868817637406,False
IBM,short,2022-05-19,6,-5.507578994288598,False
IBM,short,2022-07-20,17,-2.53251540618209,False
IBM,short,2022-12-19,17,-4.0881817764165,False
IBM,long,2023-01-18,6,-6.890579895297655,False
IBM,long,2023-07-21,20,2.3153149502894266,True
IBM,short,2023-09-28,20,-1.1397179711156502,True
IBM,short,2024-01-08,6,-4.6568777339184075,False
IBM,long,2024-03-05,16,-0.6249984105428097,False
IBM,short,2024-04-03,20,12.815489207602859,True
IBM,long,2024-08-14,20,10.703639742173943,True
IBM,long,2025-01-31,20,-2.288609892963811,True
IBM,short,2025-04-08,10,-5.55555482653034,False
IBM,long,2025-05-07,20,6.979350016561714,True
IBM,long,2025-09-09,20,14.739185038141024,True
IBM,short,2025-10-27,20,1.195579214335929,True
IBM,short,2026-01-05,7,-4.483216775929244,False
IBM,short,2026-02-12,20,8.886418830351383,True
IBM,long,2026-03-27,1,-0.6698790297799628,False
IBM,short,2026-04-13,4,-8.492058350057508,False
IBM,short,2026-05-22,20,-1.10284861021277,True
INTC,long,2021-10-21,2,-10.049154245578162,False
INTC,long,2021-12-30,18,-0.44298834812728227,False
INTC,long,2022-03-25,12,-8.265927678485351,False
INTC,long,2022-07-20,10,-9.176818479794246,False
INTC,long,2022-10-26,20,9.120998505056788,True
INTC,short,2022-12-12,19,-4.656954896458365,False
INTC,short,2023-02-10,20,2.4610872909207937,True
INTC,short,2023-05-26,4,-14.103494375233172,False
INTC,short,2023-07-24,20,2.0685601648436247,True
INTC,short,2023-10-26,4,-13.37793130900371,False
INTC,short,2024-03-20,20,18.492673767262303,True
INTC,long,2024-05-28,8,-0.6464148658281377,False
INTC,long,2024-07-09,13,-10.479725951803442,False
INTC,long,2024-09-09,20,17.789469267192647,True
INTC,long,2024-11-07,16,-5.898544954774165,False
INTC,short,2025-01-15,20,-24.381441418784267,True
INTC,long,2025-05-13,10,-8.89981984256697,False
INTC,long,2025-06-25,20,0.22143152005973388,True
INTC,short,2025-07-28,14,-17.963495801817487,False
INTC,long,2025-09-19,20,21.823565977344494,True
INTC,long,2025-10-31,5,-6.268434655680444,False
INTC,short,2025-11-13,12,-16.63536540592647,False
INTC,short,2026-02-24,13,-3.7868527016448272,False
INTC,long,2026-04-07,20,108.3413635981171,True
INTC,long,2026-06-22,12,-19.105804438298424,False
ISRG,long,2021-10-28,17,-2.4395800171549964,False
ISRG,long,2021-12-23,12,-9.047554536262691,False
ISRG,long,2022-03-09,2,-1.3552025951324542,False
ISRG,short,2022-06-14,15,-7.234240085197707,False
ISRG,long,2022-07-22,20,8.359041715104354,True
ISRG,long,2022-10-20,20,23.347989450136495,True
ISRG,long,2022-12-13,5,-8.11456708730981,False
ISRG,short,2023-01-25,20,2.567506962309163,True
ISRG,long,2023-03-22,20,21.174218018152892,True
ISRG,long,2023-05-18,5,-1.3317329290095326,False
ISRG,long,2023-06-06,20,4.177980753220845,True
ISRG,short,2023-10-06,20,2.7751639519512428,True
ISRG,long,2023-11-09,20,11.669904726711344,True
ISRG,long,2024-03-05,20,-4.144996643066401,True
ISRG,short,2024-04-18,14,-2.093562992090514,False
ISRG,long,2024-05-16,20,6.904690188883644,True
ISRG,short,2024-07-19,1,-2.6010730551842443,False
ISRG,long,2024-08-09,20,3.631729705256226,True
ISRG,long,2024-10-21,20,2.42756572797751,True
ISRG,short,2025-01-02,5,-5.042300914947662,False
ISRG,long,2025-01-16,19,1.50876063008063,False
ISRG,long,2025-02-25,2,-3.414423892235985,False
ISRG,short,2025-04-08,1,-9.043335178506329,False
ISRG,long,2025-05-01,20,6.604653759896184,True
ISRG,short,2025-06-11,15,-2.897145487073538,False
ISRG,short,2025-09-04,20,-0.526448821476766,True
ISRG,long,2025-10-23,20,5.1125845787160396,True
ISRG,short,2025-12-09,11,-1.8799690051301887,False
ISRG,long,2026-03-02,9,-4.1474639817426056,False
ISRG,short,2026-03-24,20,-2.083376278034299,True
ISRG,short,2026-05-07,20,6.838250574343318,True
ISRG,short,2026-07-07,20,16.207055969585472,True
IWM,long,2021-10-22,20,2.1597884561166847,True
IWM,long,2021-12-31,10,-3.6765732089577563,False
IWM,long,2022-03-22,14,-4.735594197118909,False
IWM,long,2022-07-21,20,10.235523154927396,True
IWM,long,2022-10-27,20,2.7631682786169343,True
IWM,short,2022-12-12,20,-2.186182985678675,True
IWM,short,2023-03-10,20,2.5722043380164816,True
IWM,long,2023-04-20,7,-1.0443075972148108,False
IWM,short,2023-05-04,10,-3.426333683303362,False
IWM,long,2023-06-06,20,2.1516829269041526,True
IWM,long,2023-07-12,20,-0.6173413657028282,True
IWM,short,2023-08-15,19,2.8176506312244998,False
IWM,long,2024-02-13,20,4.836410882746844,True
IWM,long,2024-04-01,7,-4.668601507432513,False
IWM,short,2024-04-12,16,-1.6299750777403643,False
IWM,short,2024-06-05,20,1.1952817993572062,True
IWM,long,2024-07-12,17,-4.00150495290752,False
IWM,long,2024-10-17,10,-4.032439737164994,False
IWM,long,2025-01-23,17,0.1233922562567491,False
IWM,short,2025-02-25,20,4.00702424763174,True
IWM,short,2025-04-04,15,-6.752095608040731,False
IWM,long,2025-08-14,20,4.333739183453078,True
IWM,short,2025-11-14,10,-5.262706339257273,False
IWM,short,2026-03-12,17,-1.5947622647097592,False
IWM,long,2026-04-09,20,9.073348441566885,True
IWM,long,2026-06-25,14,-1.312096961783027,False
IWM,long,2026-08-10,10,-0.845232592053391,False
JNJ,short,2021-12-01,7,-5.48827150839466,False
JNJ,short,2022-05-09,14,-3.2145907596180967,False
JNJ,short,2022-06-14,9,-3.4373932928406514,False
JNJ,short,2022-07-21,20,1.9288437050474783,True
JNJ,long,2022-10-25,20,3.9078622711573807,True
JNJ,long,2022-11-25,17,-0.9640357801303012,False
JNJ,short,2023-01-17,20,6.873567076935161,True
JNJ,long,2023-04-05,20,-1.3627731951795674,True
JNJ,short,2023-05-17,16,-0.1376814756535838,False
JNJ,short,2023-08-23,20,2.555750687381342,True
JNJ,short,2023-09-27,20,4.42047826074824,True
JNJ,long,2024-01-04,17,-1.7451526266099915,False
JNJ,short,2024-02-05,13,-3.3395030375814816,False
JNJ,long,2024-02-27,14,-2.232756587763929,False
JNJ,short,2024-03-20,20,6.396911785675263,True
JNJ,long,2024-05-13,11,-3.732332108311376,False
JNJ,long,2024-07-15,20,6.529852700021754,True
JNJ,long,2024-08-27,19,-0.4403677190844779,False
JNJ,short,2024-09-26,16,-3.0454252725494513,False
JNJ,short,2024-12-06,20,2.115271219639847,True
JNJ,long,2025-01-28,20,6.825624209998349,True
JNJ,short,2025-04-02,16,-0.37011060616163327,False
JNJ,short,2025-05-15,11,-4.9999958760029495,False
JNJ,long,2025-06-20,1,0.03967527407262583,False
JNJ,long,2025-10-01,20,0.3225839266213004,True
JNJ,short,2025-11-05,8,-6.9331346355136825,False
JNJ,long,2026-01-15,20,11.556615366565094,True
JNJ,short,2026-03-23,8,-2.3757369564666897,False
JNJ,long,2026-04-07,8,-2.741094001568334,False
JNJ,short,2026-04-21,20,-0.28340696716222524,True
JNJ,long,2026-05-21,20,0.8590554242957182,True
JNJ,long,2026-08-20,2,-0.13166984623225186,False
JPM,short,2021-11-18,20,4.641404532600147,True
JPM,short,2021-12-21,8,-4.047354184360263,False
JPM,long,2022-01-05,10,-12.01287259102628,False
JPM,long,2022-05-26,13,-10.095810507157143,False
JPM,long,2022-08-15,10,-5.572065406974735,False
JPM,short,2022-09-23,17,-7.987272187533501,False
JPM,short,2022-12-19,10,-5.1909072912888155,False
JPM,long,2023-01-06,20,4.253282214392873,True
JPM,long,2023-02-08,18,-2.825095654908538,False
JPM,short,2023-03-10,20,0.8297202764519507,True
JPM,long,2023-04-17,17,-2.479457875219848,False
JPM,short,2023-05-15,13,-4.61755920977045,False
JPM,long,2023-06-08,20,3.1847556592405457,True
JPM,short,2023-08-17,20,1.3719560294463862,True
JPM,short,2023-10-25,13,-3.7063322071695604,False
JPM,short,2024-01-31,20,-5.595914177710171,True
JPM,short,2024-06-13,10,-5.168462356524395,False
JPM,long,2024-07-31,2,-7.281869577492528,False
JPM,long,2024-10-14,20,7.208779819841005,True
JPM,long,2024-12-06,3,-0.8831901489206873,False
JPM,short,2024-12-17,13,-1.893988848967454,False
JPM,long,2025-06-20,20,5.588414372818762,True
JPM,long,2025-07-28,9,-2.9899864902868334,False
JPM,long,2025-09-02,20,5.052282161050203,True
JPM,short,2025-10-13,14,-1.8062790914350035,False
JPM,long,2025-11-07,9,-4.331658318992194,False
JPM,long,2026-04-09,20,-0.22154199912548522,True
JPM,short,2026-05-14,15,-3.3482200553142993,False
JPM,long,2026-06-09,20,7.004558314260856,True
JPM,long,2026-07-23,20,1.434012757013825,True
KLAC,long,2021-10-28,20,8.874573769220406,True
KLAC,long,2021-12-28,15,-10.950308370683459,False
KLAC,short,2022-01-21,18,-1.7492432905633404,False
KLAC,short,2022-02-24,18,-8.842335344684415,False
KLAC,long,2022-05-31,10,-13.603607872460188,False
KLAC,long,2022-12-14,4,-5.499919431489908,False
KLAC,short,2022-12-22,12,-8.562769448987751,False
KLAC,short,2023-04-19,12,-5.093068554365132,False
KLAC,long,2023-05-09,20,22.2544465752295,True
KLAC,long,2023-06-29,4,-3.6812887973776243,False
KLAC,short,2023-07-10,6,-6.0651161577728985,False
KLAC,long,2023-09-05,8,-10.412022063412563,False
KLAC,short,2023-12-14,20,1.432921131989584,True
KLAC,short,2024-04-19,9,-5.547816360410596,False
KLAC,long,2024-06-13,20,5.159186318810938,True
KLAC,long,2024-10-10,4,-13.743601639083325,False
KLAC,short,2024-11-18,11,-8.464258150598148,False
KLAC,long,2025-01-08,20,8.36231397545857,True
KLAC,long,2025-02-18,7,-7.767400693775284,False
KLAC,short,2025-03-03,16,-1.0244420792595132,False
KLAC,short,2025-04-04,13,-16.349950148331803,False
KLAC,long,2025-05-09,20,17.439888291503514,True
KLAC,long,2025-08-15,3,-4.95438897605569,False
KLAC,short,2025-11-21,9,-10.70738607477586,False
KLAC,short,2026-03-18,4,-5.8722900106365605,False
KLAC,long,2026-04-09,20,5.5907865930553635,True
KLAC,short,2026-05-12,8,-4.768563218074551,False
KLAC,long,2026-05-27,20,26.45177432830177,True
KO,short,2021-11-26,12,-5.880196144898675,False
KO,short,2022-03-10,12,-5.88235063891287,False
KO,short,2022-05-20,20,-0.34716329747996877,True
KO,short,2022-08-01,20,2.122011036612048,True
KO,long,2022-10-26,20,6.134558294439163,True
KO,short,2023-01-13,20,0.16474841443397947,True
KO,long,2023-03-30,20,3.668391109536251,True
KO,short,2023-05-23,18,0.4064379886553837,False
KO,long,2023-07-05,2,-0.8626417854909918,False
KO,short,2023-09-06,20,6.107127399502865,True
KO,short,2024-01-03,1,0.2836675834755442,False
KO,long,2024-02-22,9,-2.36104673188533,False
KO,long,2024-03-27,6,-2.1056137106706174,False
KO,long,2024-07-18,20,5.941355390131653,True
KO,short,2024-10-09,20,7.934674786456353,True
KO,short,2025-01-08,11,-4.722080954516161,False
KO,long,2025-01-31,20,13.532180264744786,True
KO,short,2025-03-26,6,-6.18108277627607,False
KO,long,2025-04-14,18,-1.0939780859829495,False
KO,short,2025-05-14,10,-3.789199643474217,False
KO,short,2025-06-20,20,-1.418444650280204,True
KO,short,2025-07-25,11,-2.343415031022489,False
KO,long,2025-10-20,20,3.288031550439463,True
KO,short,2026-01-06,6,-5.043376264428234,False
KO,long,2026-04-22,20,8.878506529243847,True
KO,long,2026-07-29,18,3.7676212976889945,False
LLY,short,2021-12-02,11,-8.4780175211153,False
LLY,long,2022-03-01,20,16.492978466838082,True
LLY,long,2022-05-27,11,-6.9918393661636,False
LLY,short,2022-08-05,13,-5.418534625615368,False
LLY,long,2022-09-29,20,6.695207734177888,True
LLY,long,2022-12-08,7,-4.1472460433273355,False
LLY,short,2023-01-23,16,-0.274086797028561,False
LLY,short,2023-02-21,19,-1.9715764411941672,False
LLY,short,2023-06-13,20,2.021773153295192,True
LLY,long,2024-01-04,20,6.779581931735423,True
LLY,short,2024-04-22,11,-6.581800358981127,False
LLY,short,2024-10-04,5,-5.209335690200367,False
LLY,short,2025-01-21,5,-10.081087523645515,False
LLY,short,2025-04-07,11,-18.839997079113612,False
LLY,long,2025-06-09,16,0.9495455630458505,False
LLY,long,2025-07-29,2,-4.445447730894935,False
LLY,long,2025-09-26,20,13.993539437264824,True
LLY,short,2025-10-30,2,-7.048361707089557,False
LLY,short,2026-03-16,18,5.293454585727819,False
LLY,long,2026-06-29,16,-4.888043482818338,False
LLY,short,2026-08-04,4,-10.252549358573159,False
LLY,long,2026-08-13,7,0.6969235679978869,False
LMT,long,2021-11-24,20,0.6263422124510587,True
LMT,long,2022-03-01,17,3.386209422144404,False
LMT,long,2022-04-08,12,-4.861881077359498,False
LMT,long,2022-06-08,4,-7.926988179704786,False
LMT,long,2022-07-15,20,7.562358976863237,True
LMT,short,2022-09-01,20,7.639150352779245,True
LMT,short,2023-01-11,17,-1.2365951716142076,False
LMT,long,2023-04-06,13,-6.073617113837015,False
LMT,long,2023-06-09,20,0.1933848746549227,True
LMT,long,2023-07-14,5,-2.412015071754292,False
LMT,short,2023-07-31,17,-1.0806999981066934,False
LMT,short,2023-09-07,20,6.285375918982162,True
LMT,long,2023-11-07,5,-1.9728136572424004,False
LMT,short,2023-11-24,7,1.206582429890779,False
LMT,long,2024-01-04,13,-6.631914478168621,False
LMT,long,2024-03-13,20,3.8121723611777902,True
LMT,long,2024-04-30,20,-3.074416751817033,True
LMT,short,2024-06-14,5,-3.288063475492886,False
LMT,long,2024-07-19,20,16.8056877219539,True
LMT,long,2024-09-03,20,6.791455960564319,True
LMT,long,2025-06-03,14,-3.924840875358826,False
LMT,short,2025-06-30,11,-2.6161690487137346,False
LMT,short,2025-07-23,17,-5.752123750782556,False
LMT,short,2026-03-24,20,9.384128947830405,True
LMT,long,2026-05-29,14,-4.716167851690855,False
LMT,long,2026-08-21,1,-1.2843784683921888,False
LOW,short,2022-02-23,10,-1.7477499472128288,False
LOW,long,2022-03-18,6,-7.714222140309202,False
LOW,short,2022-05-23,7,-5.163541492124657,False
LOW,long,2022-06-15,20,3.121519673376838,True
LOW,long,2022-10-12,6,-9.853880831160055,False
LOW,short,2022-12-21,15,-4.548372009787038,False
LOW,long,2023-02-03,12,-6.68232225643437,False
LOW,short,2023-03-27,6,-6.802752763472797,False
LOW,short,2023-05-17,4,-3.651501709180338,False
LOW,long,2023-06-14,20,5.512252676376472,True
LOW,long,2023-09-01,12,-7.486009109424696,False
LOW,short,2024-05-24,15,-4.147147309399868,False
LOW,long,2024-08-27,20,6.047386765965435,True
LOW,long,2024-11-20,17,0.3085300224485943,False
LOW,short,2025-04-09,15,-6.475097737000302,False
LOW,long,2025-05-14,10,-1.991288594430829,False
LOW,long,2026-01-12,20,6.822028541248493,True
LOW,long,2026-02-12,8,-9.11227903519788,False
LOW,long,2026-04-13,14,-4.310201224032239,False
LOW,short,2026-07-14,15,-4.189959569420898,False
LRCX,long,2021-11-05,20,11.091506456596246,True
LRCX,long,2021-12-29,10,-4.504027276392586,False
LRCX,short,2022-03-03,15,0.7635996341429641,False
LRCX,long,2022-05-31,10,-14.278908168813054,False
LRCX,short,2022-12-23,12,-15.881863071723767,False
LRCX,long,2023-03-24,13,-3.2330114864608572,False
LRCX,short,2023-04-25,4,-2.4005486661571984,False
LRCX,long,2023-05-08,20,15.509436265477605,True
LRCX,long,2023-07-03,20,11.361716192376182,True
LRCX,long,2023-10-17,5,-5.346787214146531,False
LRCX,long,2023-12-12,19,2.27694222206678,False
LRCX,short,2024-04-19,16,-0.9888869357087993,False
LRCX,long,2024-05-16,20,9.044789819229004,True
LRCX,short,2024-07-18,20,9.559224127051458,True
LRCX,long,2024-11-13,2,-5.973150266096894,False
LRCX,short,2025-04-04,15,-14.49368359712475,False
LRCX,long,2025-06-11,20,11.314152572864945,True
LRCX,long,2025-08-13,14,-8.225354118526262,False
LRCX,long,2026-02-23,8,-12.500514638175463,False
LRCX,long,2026-05-07,20,2.1041645711495915,True
LULU,short,2021-12-07,20,16.66551487020681,True
LULU,long,2022-07-22,20,4.868293079903463,True
LULU,long,2022-10-28,20,15.6427012922417,True
LULU,short,2023-01-11,3,-4.202599159539089,False
LULU,short,2023-03-09,12,-3.758214706271934,False
LULU,long,2023-04-28,9,0.042423284695036756,False
LULU,short,2023-05-23,15,-4.08664398676124,False
LULU,short,2023-08-29,4,-10.081911949921118,False
LULU,short,2024-01-10,20,3.0778666011622713,True
LULU,short,2024-03-06,3,-1.2765812641686969,False
LULU,long,2024-03-22,20,-13.083481430649401,True
LULU,long,2024-06-24,4,-4.351723067033619,False
LULU,short,2024-07-05,20,22.148186119969093,True
LULU,short,2024-09-16,6,1.2884387307503409,False
LULU,long,2024-09-30,20,10.625902354288442,True
LULU,long,2024-12-03,20,11.617100456775574,True
LULU,short,2025-01-27,1,-3.5248311050259717,False
LULU,long,2025-05-09,20,-8.550448487502083,True
LULU,short,2025-10-22,20,8.481675198946615,True
LULU,long,2025-11-28,20,14.886482857369089,True
LULU,short,2026-01-21,20,3.1919954806005513,True
LULU,short,2026-03-11,20,0.5197815453438892,True
LULU,short,2026-07-08,1,-3.106196580734921,False
LULU,long,2026-08-06,11,-1.2479598681396697,False
MA,short,2021-10-29,11,-9.093103491482267,False
MA,short,2022-01-26,4,-14.183368559142927,False
MA,short,2022-03-01,17,2.375296871600774,False
MA,short,2022-04-29,2,3.832812717623846,False
MA,short,2022-05-10,14,-7.691612574516937,False
MA,long,2022-07-21,20,4.530959269784796,True
MA,short,2022-08-26,20,15.922331367932241,True
MA,long,2022-10-25,20,12.76518823362871,True
MA,short,2023-01-09,20,-0.9229590266434107,True
MA,short,2023-02-22,20,1.2184789370648819,True
MA,long,2023-04-03,20,3.700949772445794,True
MA,long,2023-07-03,20,1.4642027495141985,True
MA,short,2023-08-03,14,-3.483331635112563,False
MA,long,2023-08-30,17,-2.9630186077177156,False
MA,short,2023-10-25,12,-2.703126271565748,False
MA,long,2024-01-22,20,2.909013780600045,True
MA,short,2024-04-12,20,1.9356199600154222,True
MA,long,2024-07-02,20,6.599998035650145,True
MA,long,2024-10-17,13,-2.078285638963484,False
MA,long,2024-11-12,20,1.0111579792021264,True
MA,long,2024-12-13,6,-0.9753376461021146,False
MA,short,2025-01-08,10,-4.189128413306387,False
MA,short,2025-03-11,15,-2.105360629484676,False
MA,long,2025-07-24,20,5.323840375472644,True
MA,short,2025-09-25,20,-1.5522158462389468,True
MA,short,2025-10-30,20,0.18673730261037358,True
MA,short,2026-01-14,18,0.7548182463842923,False
MA,long,2026-04-17,11,-3.213808200503354,False
MA,short,2026-05-11,20,-0.048482875631306044,True
MA,long,2026-07-01,20,11.619134961031907,True
MCD,short,2021-10-25,7,-4.66914616412355,False
MCD,short,2021-12-02,4,-5.666361109927509,False
MCD,short,2022-05-19,7,-9.895427762033627,False
MCD,long,2022-08-01,20,-2.6205548331256656,True
MCD,short,2022-09-23,18,-1.4319781521749508,False
MCD,short,2022-12-23,14,-3.0876237847054178,False
MCD,long,2023-01-30,5,-1.3803510931093332,False
MCD,short,2023-02-10,13,-2.5683337802116624,False
MCD,long,2023-03-07,3,-3.4951350244409207,False
MCD,long,2023-03-28,20,5.755691847632871,True
MCD,short,2023-05-24,16,-2.530982611639776,False
MCD,short,2023-08-10,20,3.320520902655044,True
MCD,short,2023-09-20,20,8.147374704283628,True
MCD,long,2024-01-22,10,-4.977574473737844,False
MCD,long,2024-02-27,11,-4.696766514400941,False
MCD,short,2024-05-24,20,0.5256185370999589,True
MCD,short,2024-07-02,10,-4.53380633462217,False
MCD,long,2024-09-24,20,5.226377653450687,True
MCD,long,2024-12-09,10,-2.113710031308258,False
MCD,short,2025-01-13,12,-2.6083285569847403,False
MCD,short,2025-03-17,13,-5.63226083910886,False
MCD,long,2025-05-01,9,-1.804245251990022,False
MCD,short,2025-06-04,20,6.044732724515778,True
MCD,long,2025-07-31,20,3.720687202112205,True
MCD,short,2025-09-15,20,1.6484331963706134,True
MCD,long,2025-11-24,20,0.5987268720622163,True
MCD,long,2026-01-28,20,6.199999612475193,True
MCD,short,2026-03-17,20,6.439783347008476,True
MCD,short,2026-04-28,20,3.8603690308214977,True
MCD,long,2026-06-17,4,-4.070050829137473,False
MCD,long,2026-08-14,6,0.07712039915241942,False
META,short,2021-12-02,11,-7.190114029315109,False
META,short,2022-01-20,20,35.87217949122608,True
META,short,2022-06-14,19,1.5298399715759858,False
META,long,2022-07-20,8,-9.893522042884339,False
META,short,2022-10-28,16,-10.323356688361685,False
META,long,2023-01-06,20,44.26610513881748,True
META,long,2023-09-12,16,-0.24483401327838328,False
META,long,2023-10-11,11,-10.73031875614584,False
META,long,2024-03-05,9,0.4000022194602382,False
META,long,2024-04-09,8,-7.881579894663715,False
META,long,2024-06-07,20,6.874230422082395,True
META,long,2024-08-12,18,-3.2097660503949244,False
META,short,2024-09-10,7,-10.024396165916993,False
META,short,2024-11-05,5,-3.088316571169014,False
META,short,2024-11-19,9,-11.196687693009055,False
META,long,2025-01-27,20,4.9297035429632485,True
META,short,2025-04-04,18,-12.946592611351026,False
META,short,2025-07-24,7,-8.272785486936796,False
META,short,2025-08-29,11,-4.524469914340479,False
META,long,2025-09-18,9,-8.121674434137848,False
META,long,2025-10-29,3,-15.507118652182017,False
META,short,2026-01-15,8,-8.124757726501542,False
META,short,2026-03-19,16,-3.6559673266752135,False
META,long,2026-06-09,20,6.8494044786379105,True
MPC,short,2021-11-15,20,5.621879263934626,True
MPC,long,2022-01-05,20,11.583063895235956,True
MPC,long,2022-03-28,20,5.479455150307455,True
MPC,short,2022-07-20,1,1.019005526637895,False
MPC,long,2022-07-26,20,15.219325557104213,True
MPC,short,2022-12-06,17,-4.096236410929666,False
MPC,long,2023-01-12,17,3.1912254166989173,False
MPC,long,2023-03-14,4,1.2348656297272775,False
MPC,long,2023-04-04,11,-6.397078057774763,False
MPC,short,2023-04-24,20,10.28302696961012,True
MPC,long,2023-06-13,20,5.424174214457422,True
MPC,short,2023-09-08,20,6.0498698096836385,True
MPC,short,2023-11-09,15,-5.15277650621202,False
MPC,short,2023-12-13,4,-7.37378469626957,False
MPC,long,2024-01-29,20,6.5898484147919545,True
MPC,long,2024-03-08,20,21.830425767321728,True
MPC,short,2024-05-31,5,-1.5543486620063218,False
MPC,short,2024-07-11,13,-10.300664414349558,False
MPC,long,2024-10-08,5,-8.051765331142157,False
MPC,short,2024-10-17,19,-0.43555261291594594,False
MPC,long,2024-12-06,20,-5.729686807448542,True
MPC,short,2025-03-05,13,-6.162077426613188,False
MPC,long,2025-06-18,20,2.7605780500612243,True
MPC,short,2025-12-17,18,-2.1433827038533915,False
MPC,long,2026-02-05,20,14.315229842743914,True
MPC,long,2026-06-05,8,-7.7952456815080335,False
MPC,short,2026-08-12,8,-8.198776965088905,False
MRK,short,2022-02-09,17,-0.725677337405517,False
MRK,long,2022-03-21,20,7.681690582701117,True
MRK,long,2022-05-13,16,-0.24255082548032547,False
MRK,short,2022-07-26,16,0.3938737465443376,False
MRK,long,2022-08-19,9,-4.806118382531743,False
MRK,long,2022-10-12,20,11.331502836044516,True
MRK,long,2022-11-22,20,4.692361712817439,True
MRK,long,2023-01-09,6,-5.301180782983894,False
MRK,short,2023-01-26,15,1.8612334523049334,False
MRK,short,2023-03-23,9,-7.5024066306108805,False
MRK,long,2023-04-10,20,4.798157058138952,True
MRK,short,2023-05-25,19,-0.969161651208017,False
MRK,long,2023-06-28,10,-6.28470466744111,False
MRK,long,2023-08-16,17,0.09216449227751333,False
MRK,short,2023-09-26,20,1.9882076794876302,True
MRK,short,2023-12-05,20,-11.523069174875001,True
MRK,long,2024-03-04,1,-1.309655524191089,False
MRK,long,2024-05-29,20,2.9173996768484978,True
MRK,short,2024-07-05,20,8.954399699961535,True
MRK,long,2024-08-29,16,-1.950312088362527,False
MRK,short,2024-10-02,20,8.485378403972,True
MRK,short,2024-12-24,14,-1.49163042665863,False
MRK,short,2025-01-23,20,6.877536747866408,True
MRK,long,2025-03-26,20,-9.51949425344203,True
MRK,long,2025-06-11,20,2.470807835196065,True
MRK,long,2025-08-01,20,7.818516234270723,True
MRK,short,2025-09-16,13,-10.097518935278993,False
MRK,long,2026-02-05,20,-2.1299946708378203,True
MRK,long,2026-04-06,11,-6.519396947735389,False
MRK,long,2026-05-26,16,-6.069974769611219,False
MRK,short,2026-06-23,2,-7.654679706844791,False
MRK,long,2026-07-28,19,13.38049226817619,False
MRVL,long,2021-12-06,20,5.819662897892641,True
MRVL,short,2022-01-18,20,7.633878766930269,True
MRVL,long,2022-02-18,3,-0.5865984917988731,False
MRVL,long,2022-03-24,12,-13.21806712057092,False
MRVL,short,2022-05-12,13,-12.962241551110232,False
MRVL,long,2022-06-07,5,-17.762711088536154,False
MRVL,long,2022-07-19,20,9.55452087372175,True
MRVL,short,2022-08-25,20,15.941745795092533,True
MRVL,long,2022-11-16,15,-4.203992804217071,False
MRVL,short,2022-12-19,18,-5.367232219557283,False
MRVL,short,2023-03-08,16,-5.077745773410869,False
MRVL,long,2023-04-17,20,6.076651176712922,True
MRVL,short,2023-07-10,4,-7.7798571668974414,False
MRVL,short,2023-08-11,20,3.063681284070463,True
MRVL,short,2023-10-23,14,-11.197068647389251,False
MRVL,long,2024-03-04,10,-14.655830871996024,False
MRVL,short,2024-07-02,2,-1.8222925538123436,False
MRVL,long,2024-10-16,20,13.423996399840599,True
MRVL,long,2025-01-06,3,-6.51729590402772,False
MRVL,long,2025-01-21,6,-15.145012149136505,False
MRVL,long,2025-06-10,20,4.90490531990162,True
MRVL,short,2025-07-21,7,-11.226017471511241,False
MRVL,short,2025-08-21,20,-5.393135255653481,True
MRVL,short,2025-10-24,8,-10.753462765633781,False
MRVL,long,2025-11-10,6,-15.552214391476959,False
MRVL,short,2026-01-16,19,3.486797353344673,False
MRVL,long,2026-03-10,20,23.63616433569171,True
MRVL,long,2026-05-22,20,43.30320809142108,True
MRVL,short,2026-07-09,20,14.47721197903612,True
MS,long,2021-10-29,8,-4.250322144102681,False
MS,short,2021-11-12,16,-3.3161989173349893,False
MS,long,2022-01-05,11,-4.667306152676476,False
MS,long,2022-05-31,10,-12.28644993270045,False
MS,long,2022-07-21,20,12.552151358200735,True
MS,short,2022-09-27,20,0.23543348103665096,True
MS,short,2022-12-12,20,-0.47185502625031184,True
MS,long,2023-02-15,6,-1.818917846580248,False
MS,short,2023-03-03,20,9.062661546793905,True
MS,long,2023-04-19,12,-2.5935301263026345,False
MS,long,2023-06-09,13,-1.7293060144592642,False
MS,long,2023-09-15,8,-7.4158076136493385,False
MS,short,2024-01-17,18,-2.3806768518411126,False
MS,short,2024-02-15,8,-1.8946194924035709,False
MS,long,2024-03-06,20,6.3501237171832425,True
MS,long,2024-07-05,19,1.6583453420716543,False
MS,short,2024-08-05,13,-8.537502323197943,False
MS,short,2024-12-11,17,0.681019762490831,False
MS,short,2025-02-25,20,4.449364180239801,True
MS,long,2025-08-14,20,6.387754686835678,True
MS,long,2025-10-28,16,-2.305563414177114,False
MS,short,2025-12-02,20,-5.115755474493766,True
MS,short,2026-02-13,20,6.833412220325529,True
MS,long,2026-04-07,20,14.219323562944242,True
MS,long,2026-05-26,20,8.385503571617159,True
MS,short,2026-07-24,14,-0.9149773762356261,False
MSFT,short,2021-12-06,14,-5.710757617807083,False
MSFT,long,2021-12-29,6,-8.033982974177277,False
MSFT,short,2022-02-23,17,-3.5322903917267556,False
MSFT,short,2022-05-12,14,-6.554380833885798,False
MSFT,long,2022-07-29,20,-3.4605745216806705,True
MSFT,long,2022-12-12,5,-2.828854348890597,False
MSFT,long,2023-04-28,20,9.499688811258999,True
MSFT,long,2023-07-19,7,-6.463028302090534,False
MSFT,long,2023-09-07,11,-4.3104224126821356,False
MSFT,long,2023-11-03,20,5.580187481953747,True
MSFT,long,2024-01-12,20,7.722643981793165,True
MSFT,short,2024-03-05,6,-0.27539247076278084,False
MSFT,long,2024-03-15,20,-1.3475145558778712,True
MSFT,short,2024-04-19,15,-2.6507911510126547,False
MSFT,long,2024-10-30,4,-5.939102697816956,False
MSFT,long,2024-12-05,16,-2.98913647563378,False
MSFT,short,2025-04-07,5,-10.524963566423562,False
MSFT,long,2025-09-23,17,-0.42623637474445975,False
MSFT,long,2025-10-29,5,-6.932873088787261,False
MSFT,long,2026-01-05,5,0.658143512056597,False
MSFT,short,2026-01-14,20,13.853277087197014,True
MSFT,long,2026-03-10,9,-6.592200292604944,False
MSFT,long,2026-06-01,7,-14.516825470688877,False
MSFT,long,2026-07-31,16,8.291110568576388,False
MU,long,2021-11-03,20,17.19456422910104,True
MU,long,2021-12-27,17,-9.229621653022434,False
MU,long,2022-04-07,1,-2.076827497386624,False
MU,long,2022-06-03,4,-7.90906068523859,False
MU,long,2022-07-19,20,3.8880744138386047,True
MU,short,2022-08-23,20,14.138817850456276,True
MU,long,2022-10-20,20,9.794395660685606,True
MU,short,2023-02-23,20,-3.7199878012249776,True
MU,short,2023-05-09,4,-7.9492288520812915,False
MU,long,2023-05-17,18,5.094457761296112,False
MU,short,2023-07-06,11,-7.640596358693608,False
MU,short,2023-09-29,10,-4.294753538137419,False
MU,short,2023-10-30,4,-9.373118088448095,False
MU,short,2024-02-14,9,-9.162811817150395,False
MU,long,2024-06-13,12,-7.143355576607324,False
MU,long,2024-12-18,1,-21.006806042729586,False
MU,short,2025-07-18,17,-11.825982483246422,False
MU,long,2026-03-18,6,-23.51751786167361,False
MU,long,2026-08-17,5,-8.916011825878433,False
NET,short,2021-12-02,20,19.72897441046606,True
NET,short,2022-03-08,12,-33.322434990164076,False
NET,short,2022-04-21,20,44.83545716502031,True
NET,short,2022-06-14,15,-26.353616573223036,False
NET,long,2022-07-22,20,24.193545488017865,True
NET,short,2022-09-27,20,-4.068716150166085,True
NET,long,2022-11-07,20,5.161600185490345,True
NET,long,2023-01-24,20,31.76848705268076,True
NET,long,2023-07-19,10,-13.259372975490557,False
NET,short,2023-08-18,11,-14.578943085252183,False
NET,short,2023-09-22,12,-14.126552192323704,False
NET,short,2023-10-26,10,-9.955793358217345,False
NET,long,2024-02-09,17,-11.45322505459937,False
NET,short,2024-04-18,20,14.350853169424994,True
NET,short,2024-06-04,6,-12.382651591440986,False
NET,long,2024-08-22,10,-7.391621397719527,False
NET,short,2024-09-23,20,-9.76170300419299,True
NET,long,2024-11-21,20,12.961106684339075,True
NET,long,2025-01-23,20,23.554768154550597,True
NET,short,2025-04-07,12,-30.662275064941056,False
NET,long,2025-07-21,20,2.05244175632584,True
NET,short,2025-09-02,2,-3.6170747850103213,False
NET,long,2025-11-03,10,-20.658272686666212,False
NET,long,2025-12-17,9,-0.8299844718029803,False
NET,long,2026-02-18,3,-16.827623382675363,False
NET,short,2026-04-13,9,-21.80588666130514,False
NET,long,2026-08-11,9,-8.858907496519898,False
NFLX,short,2022-01-05,20,31.486485049705436,True
NFLX,long,2022-02-22,1,-5.525137035359928,False
NFLX,short,2022-03-07,13,-4.245161798370267,False
NFLX,long,2022-06-14,2,2.12075814381667,False
NFLX,long,2022-07-20,20,15.842822813748402,True
NFLX,long,2022-10-20,20,8.248405345219044,True
NFLX,short,2023-02-23,20,3.278695510167229,True
NFLX,short,2023-04-25,13,-3.4672754699277553,False
NFLX,long,2023-05-16,20,31.994001560142582,True
NFLX,short,2023-08-18,9,-8.601911924461492,False
NFLX,long,2024-01-25,20,5.726966782449527,True
NFLX,long,2024-03-27,12,-3.47530371541962,False
NFLX,short,2024-04-22,14,-10.934151203216679,False
NFLX,long,2024-06-20,16,-3.718104503905284,False
NFLX,long,2024-08-16,18,2.5947440227216845,False
NFLX,long,2024-09-25,16,-4.625518939046424,False
NFLX,long,2024-10-21,20,10.615605169249797,True
NFLX,short,2025-01-06,12,-9.99482795104023,False
NFLX,long,2025-06-25,14,-2.8387424578478426,False
NFLX,short,2025-09-29,11,-0.858924200920641,False
NFLX,short,2025-11-24,20,10.311750599520387,True
NFLX,short,2026-01-12,20,8.339840732884607,True
NFLX,short,2026-06-04,20,8.618831094986367,True
NFLX,short,2026-07-21,10,-9.121924789241076,False
NKE,short,2021-12-17,9,-3.1182287532484976,False
NKE,short,2022-02-24,20,0.6917279465754267,True
NKE,short,2022-07-19,1,-5.217805128643804,False
NKE,long,2022-11-11,20,11.72365907930677,True
NKE,short,2023-02-23,18,-4.016229205304067,False
NKE,long,2023-04-17,18,-3.023087832656257,False
NKE,short,2023-05-16,20,3.948935650764629,True
NKE,long,2023-08-02,9,-1.5977057139289874,False
NKE,short,2023-08-22,20,6.854197931554451,True
NKE,long,2024-02-13,14,-6.362511135435456,False
NKE,long,2024-05-10,20,3.1481683837791152,True
NKE,short,2024-07-01,20,1.5629143114911037,True
NKE,long,2024-08-14,19,0.5128224690755134,False
NKE,short,2025-01-06,15,-3.83729061837923,False
NKE,long,2025-05-12,20,2.388582619840851,True
NKE,long,2025-06-30,20,9.629118511784295,True
NKE,short,2025-08-19,3,-0.2301794273661173,False
NKE,short,2026-02-03,12,-5.859506018305605,False
NKE,short,2026-03-05,20,24.590444065925787,True
NKE,long,2026-05-01,6,-5.421687464795754,False
NKE,short,2026-06-22,16,4.146119494411538,False
NKE,long,2026-07-22,4,1.413423941902292,False
NKE,short,2026-08-13,7,-0.02454177987549766,False
NOW,short,2021-11-24,20,-2.9541620476124963,True
NOW,long,2021-12-31,3,-12.156072021611585,False
NOW,short,2022-12-21,15,-7.170710283738857,False
NOW,short,2023-02-22,19,-1.7845357147713292,False
NOW,long,2023-03-31,18,2.5366659891296273,False
NOW,short,2023-05-03,10,-11.135659605123415,False
NOW,long,2023-06-27,20,6.676650927767902,True
NOW,long,2023-08-31,15,-6.08644000554489,False
NOW,long,2023-11-03,20,14.4926613856184,True
NOW,short,2024-01-04,6,-8.063491417397216,False
NOW,short,2024-03-06,6,-3.861367468106658,False
NOW,short,2024-04-19,18,-4.906205802128238,False
NOW,long,2024-08-23,20,11.512048560452758,True
NOW,long,2024-11-06,20,13.050301733338543,True
NOW,short,2025-04-07,11,-18.124989881072384,False
NOW,short,2025-06-24,5,-2.2111141320430905,False
NOW,long,2025-07-07,5,-7.807479458562582,False
NOW,short,2025-11-07,20,-0.25606066091663493,True
NOW,long,2026-03-06,13,-14.473031071706433,False
NVDA,short,2021-12-15,20,6.426052394733328,True
NVDA,short,2022-03-04,10,-13.124350986394639,False
NVDA,long,2022-06-06,8,-18.48581492290281,False
NVDA,short,2022-10-12,9,-14.526290161761413,False
NVDA,long,2022-12-12,7,-3.146100750143155,False
NVDA,long,2023-05-05,20,40.77122523397683,True
NVDA,long,2023-07-14,17,-4.119525815680913,False
NVDA,short,2023-08-11,9,-12.962560944611546,False
NVDA,short,2024-04-17,12,-0.5082693520109816,False
NVDA,short,2024-07-08,20,21.20950770147565,True
NVDA,short,2024-12-17,11,-11.914172530112733,False
NVDA,long,2025-01-24,1,-20.18602004036375,False
NVDA,long,2025-04-01,2,-6.1924012156131525,False
NVDA,short,2025-09-04,12,-7.644950885970503,False
NVDA,short,2025-10-29,20,13.328205495790701,True
NVDA,short,2025-12-08,11,-3.597244495277363,False
NVDA,short,2026-02-05,4,-8.643463676352114,False
NVDA,short,2026-03-10,20,0.17543425226828058,True
NVDA,short,2026-06-09,20,3.722341904684079,True
ORCL,short,2021-11-15,20,-6.469835551661252,True
ORCL,short,2022-02-18,15,-2.0794697944691576,False
ORCL,short,2022-04-14,20,10.84805644929917,True
ORCL,long,2023-01-05,20,5.435297348920032,True
ORCL,short,2023-02-23,8,-1.3884097111729332,False
ORCL,short,2023-03-13,10,-8.185309313254674,False
ORCL,long,2023-05-12,20,19.280810959065153,True
ORCL,long,2023-08-02,1,-2.0270228825721825,False
ORCL,short,2023-08-10,8,-2.4257357759197573,False
ORCL,long,2023-09-01,10,-7.272128664084276,False
ORCL,short,2023-12-13,20,-5.4610175534944405,True
ORCL,long,2024-01-18,20,5.41172168532964,True
ORCL,short,2024-04-11,20,4.173514443073012,True
ORCL,long,2024-05-16,20,13.277023222289785,True
ORCL,short,2024-07-22,20,1.30242396785063,True
ORCL,short,2024-11-06,1,-4.3972611790585425,False
ORCL,short,2024-12-12,20,12.18539463000351,True
ORCL,short,2025-03-03,20,16.256364112460798,True
ORCL,short,2025-08-22,12,-40.27599333374883,False
ORCL,short,2025-10-09,20,16.377975215392038,True
ORCL,long,2026-01-13,4,-12.234147234660819,False
ORCL,short,2026-01-22,20,17.44438542560598,True
ORCL,short,2026-03-31,10,-21.03349527080869,False
OXY,long,2021-11-03,5,-5.8858373192461455,False
OXY,short,2021-11-16,20,11.097260505280882,True
OXY,short,2021-12-21,8,-12.617837388915799,False
OXY,long,2022-03-02,20,18.442202736583546,True
OXY,long,2022-05-09,20,11.788943700605682,True
OXY,long,2022-08-01,20,15.482590533650242,True
OXY,short,2022-12-02,20,10.61493922511717,True
OXY,long,2023-01-23,9,-9.017970732866221,False
OXY,short,2023-02-07,20,-0.24193794496598642,True
OXY,long,2023-04-03,15,-6.708238783112696,False
OXY,short,2023-06-23,10,-4.784006217915637,False
OXY,short,2023-09-01,4,-2.5447674140241405,False
OXY,short,2023-12-01,14,-2.267343802343169,False
OXY,long,2024-02-20,20,5.831817033679254,True
OXY,short,2024-05-02,20,3.50470396899335,True
OXY,short,2024-07-24,20,7.603497491567623,True
OXY,short,2024-09-04,20,3.537911272898342,True
OXY,long,2024-10-04,12,-5.4961047257199525,False
OXY,short,2024-11-13,4,0.5122110522665424,False
OXY,short,2024-12-09,16,-3.770836194356275,False
OXY,long,2025-05-09,14,-2.835364324028755,False
OXY,long,2025-08-18,20,8.594813139246948,True
OXY,short,2025-10-06,20,9.066670735677086,True
OXY,short,2025-12-17,12,-6.181633732597214,False
OXY,short,2026-06-16,18,-1.6201097197845682,False
OXY,long,2026-08-11,9,2.7872795500587966,False
PANW,long,2021-11-23,13,0.98165298554862,False
PANW,long,2021-12-28,9,-8.362265633917175,False
PANW,long,2022-02-23,20,19.32832451989075,True
PANW,short,2022-04-28,20,14.585850918073827,True
PANW,short,2022-07-28,6,-4.86718342928083,False
PANW,long,2022-08-15,20,5.462581855654003,True
PANW,long,2023-03-31,16,-6.133672326879824,False
PANW,short,2023-08-07,15,-6.093938192538095,False
PANW,short,2024-04-05,10,-4.488672108726988,False
PANW,short,2024-07-31,10,-6.00655235684886,False
PANW,short,2024-09-19,14,-7.389760778851229,False
PANW,short,2024-11-07,1,-3.3836069844700445,False
PANW,short,2024-12-24,20,-0.7236355180827214,True
PANW,short,2025-04-01,16,-4.462371720281744,False
PANW,short,2025-06-04,20,-3.3808042527640803,True
PANW,short,2025-07-14,10,-9.428507414817622,False
PANW,long,2026-01-15,5,-5.496701345344023,False
PANW,short,2026-07-29,7,-13.926977202305025,False
PEP,long,2021-12-10,20,3.9572670099666585,True
PEP,short,2022-02-17,20,1.9396429897300727,True
PEP,short,2022-05-20,20,0.943046552942417,True
PEP,long,2022-08-02,20,-2.232393406657851,True
PEP,short,2022-10-12,2,-0.8652917387758086,False
PEP,long,2022-11-25,15,-2.297109898744565,False
PEP,short,2023-01-18,18,-1.4437335653904482,False
PEP,long,2023-03-22,20,4.21165409772799,True
PEP,long,2023-06-26,20,2.793294395116397,True
PEP,long,2023-11-06,20,1.498849043217887,True
PEP,long,2024-01-03,5,-4.617143903459819,False
PEP,long,2024-02-06,11,-1.8664316157487093,False
PEP,short,2024-03-01,13,-4.246026916222445,False
PEP,long,2024-07-18,20,2.2583115446468627,True
PEP,long,2024-09-05,12,-3.7039082836879844,False
PEP,short,2024-12-17,20,4.809300904700963,True
PEP,short,2025-03-21,20,3.585036920041451,True
PEP,short,2025-05-23,4,-1.4587831315709066,False
PEP,short,2025-07-02,20,-1.9741206424734203,True
PEP,short,2025-09-09,20,0.2762426759321812,True
PEP,long,2025-10-13,16,-3.8681468120369655,False
PEP,long,2025-12-16,5,-5.467473200240502,False
PEP,short,2026-03-09,20,3.7444188751903473,True
PEP,short,2026-05-15,20,2.2131570022906555,True
PEP,short,2026-07-01,20,-2.1791342380809153,True
PEP,long,2026-08-07,11,5.1839502914468705,False
PFE,long,2022-05-24,13,-9.106430127930953,False
PFE,short,2022-08-03,20,9.158468145094867,True
PFE,short,2023-02-17,20,4.849610738999988,True
PFE,long,2023-04-10,9,-2.2843314861485275,False
PFE,long,2023-08-25,7,-4.897621714599842,False
PFE,long,2023-10-19,20,-5.130652473107322,True
PFE,short,2024-03-05,5,-8.27212725251636,False
PFE,short,2024-04-05,20,-4.706325395837685,True
PFE,long,2024-06-05,3,-5.040594715960234,False
PFE,long,2024-07-16,18,-2.2260325647110446,False
PFE,long,2024-09-17,10,-4.592343413655242,False
PFE,short,2024-10-25,20,10.564855838229171,True
PFE,long,2024-12-26,16,-2.3648617687709206,False
PFE,short,2025-02-14,7,-2.6816966433480305,False
PFE,long,2025-03-10,4,-3.453453818964547,False
PFE,short,2025-03-28,20,7.910512965512506,True
PFE,long,2025-06-05,20,7.67917745754827,True
PFE,long,2025-11-13,20,-0.3469550914994235,True
PFE,long,2025-12-16,4,-4.652047748639731,False
PFE,short,2025-12-29,12,-3.3532941244371006,False
PFE,long,2026-01-23,20,5.785768360635335,True
PFE,long,2026-04-02,7,-4.877190840871714,False
PFE,short,2026-04-16,20,5.3656712002824065,True
PFE,short,2026-06-24,17,0.2016098330593019,False
PFE,long,2026-07-23,20,11.651271984703193,True
PG,long,2021-10-29,20,4.825548982579253,True
PG,long,2021-12-07,20,8.06845015587665,True
PG,short,2022-02-25,20,-0.3282347495502158,True
PG,short,2022-05-09,20,4.559628453061537,True
PG,long,2022-08-16,10,-5.513620855296464,False
PG,short,2022-09-29,18,0.7659016791032647,False
PG,short,2023-01-20,20,1.6231117892794744,True
PG,long,2023-03-20,20,5.372826978304657,True
PG,short,2023-05-23,18,0.4234085976547619,False
PG,long,2023-07-25,19,-1.1141461445657974,False
PG,short,2023-09-27,18,0.8499560219676683,False
PG,long,2023-11-17,11,-3.9025711538949626,False
PG,long,2024-01-05,20,6.3811225223705526,True
PG,long,2024-02-26,20,-0.5216396598511475,True
PG,short,2024-04-04,14,-3.6460995937473983,False
PG,short,2024-07-18,20,0.521329897454248,True
PG,long,2024-08-22,20,1.9545858160415763,True
PG,short,2024-10-04,20,2.220906049420579,True
PG,long,2025-02-27,13,-1.8378690532477648,False
PG,short,2025-05-06,11,-4.676031196906449,False
PG,short,2025-07-15,20,-0.9963524378886923,True
PG,short,2025-09-23,20,1.031332808438945,True
PG,short,2025-11-06,15,-1.5629275452303526,False
PG,short,2025-12-09,13,-3.8652236428239783,False
PG,long,2026-04-29,8,-3.331087214935624,False
PG,short,2026-05-18,14,-2.1111892126271847,False
PG,long,2026-06-11,18,-1.244109537790028,False
PLTR,long,2021-10-29,10,-10.470588534486058,False
PLTR,short,2022-01-10,20,18.777027889111775,True
PLTR,short,2022-02-22,18,-19.813083395790088,False
PLTR,long,2022-03-22,17,-0.7987250624077791,False
PLTR,long,2022-07-22,16,-4.251212732758725,False
PLTR,long,2022-10-05,20,-0.4842610259641833,True
PLTR,short,2022-11-08,20,0.14123943718128418,True
PLTR,short,2022-12-20,16,-10.651829576427607,False
PLTR,short,2023-04-26,11,-25.540028692631257,False
PLTR,short,2023-07-06,5,-9.268930186556634,False
PLTR,short,2023-09-26,7,-13.333337890916752,False
PLTR,long,2023-12-04,1,-7.341776014883306,False
PLTR,short,2024-01-04,13,-4.3613756773464685,False
PLTR,long,2024-02-07,20,22.499993598019753,True
PLTR,long,2024-03-11,4,-9.269987157627602,False
PLTR,short,2024-04-02,20,0.13636675747957794,True
PLTR,long,2024-06-07,20,17.85714139157499,True
PLTR,short,2024-08-05,5,-35.142591858709515,False
PLTR,long,2024-11-06,20,34.48728404469277,True
PLTR,short,2025-01-10,11,-21.542191729302008,False
PLTR,long,2025-03-26,20,11.932700960143716,True
PLTR,long,2025-06-13,20,11.033889414689213,True
PLTR,long,2025-09-18,20,4.610319285694753,True
PLTR,long,2025-10-31,9,-13.584336331905023,False
PLTR,short,2026-04-02,14,1.3346295975097622,False
PLTR,long,2026-06-01,7,-18.60856970166005,False
PLTR,long,2026-08-05,13,8.574073697313844,False
PYPL,short,2022-01-19,20,36.59879722063377,True
PYPL,long,2022-07-21,20,25.153527339938343,True
PYPL,short,2022-09-26,20,4.301387057448691,True
PYPL,long,2023-02-03,6,-6.956320978878394,False
PYPL,short,2023-05-04,20,10.88198122320556,True
PYPL,short,2023-06-08,20,-7.912775813915007,True
PYPL,short,2023-10-23,14,-3.4958472275684604,False
PYPL,short,2024-01-17,3,-11.006624366176943,False
PYPL,long,2024-01-31,6,-10.904760209340903,False
PYPL,long,2024-03-15,20,1.4536739130885268,True
PYPL,short,2024-04-19,9,-8.032263478925161,False
PYPL,short,2024-05-23,10,-7.611132181881142,False
PYPL,short,2024-07-17,20,-8.231056666762381,True
PYPL,short,2024-09-20,20,-4.695388691561253,True
PYPL,long,2024-10-25,4,-3.30447386157966,False
PYPL,long,2024-11-12,20,4.454423191674062,True
PYPL,long,2025-01-22,10,-12.000003390842018,False
PYPL,short,2025-04-02,17,0.49042098823635083,False
PYPL,long,2025-06-11,5,-8.695071786914966,False
PYPL,long,2025-07-24,4,-10.329301517821666,False
PYPL,short,2025-09-15,13,-2.4219868937664035,False
PYPL,long,2025-10-08,7,-10.400740193741086,False
PYPL,short,2025-11-17,17,1.7831598823341177,False
PYPL,short,2026-01-05,20,28.115838701101136,True
PYPL,long,2026-04-16,15,-4.48439387542029,False
PYPL,short,2026-06-05,15,-5.944143506199495,False
PYPL,long,2026-07-06,20,30.191221459177896,True
PYPL,long,2026-08-13,7,3.230126033767,False
QCOM,short,2022-01-21,13,-10.653266885152002,False
QCOM,long,2022-04-06,1,-2.5752224163473447,False
QCOM,long,2022-05-13,20,-4.192411873926871,True
QCOM,short,2022-08-29,20,12.67687506726446,True
QCOM,short,2022-12-19,17,-5.464429094646306,False
QCOM,short,2023-02-22,20,1.8902819175432573,True
QCOM,short,2023-04-20,20,8.807231435264795,True
QCOM,short,2023-10-30,4,-12.004495987722041,False
QCOM,long,2024-04-10,5,-4.697825618110619,False
QCOM,short,2024-04-19,10,-11.377027011813578,False
QCOM,long,2024-09-09,1,0.36625262356644317,False
QCOM,short,2024-11-18,20,2.878233554057119,True
QCOM,short,2024-12-23,10,-2.197095007378458,False
QCOM,long,2025-01-17,20,4.9945545186607765,True
QCOM,short,2025-02-26,20,2.1256889343655216,True
QCOM,short,2025-04-04,15,-9.885364851354584,False
QCOM,long,2025-05-09,17,2.3273371580521784,False
QCOM,long,2025-09-18,16,-7.963811215282779,False
QCOM,short,2025-11-20,11,-4.8943890604902895,False
QCOM,short,2026-01-14,20,15.4071726095372,True
QCOM,short,2026-03-12,20,4.053348027744086,True
QCOM,long,2026-04-17,20,47.406541732658965,True
QQQ,short,2021-12-06,14,-5.174257970144747,False
QQQ,long,2021-12-30,7,-5.287419811796735,False
QQQ,long,2022-02-22,20,5.456587123274836,True
QQQ,long,2022-07-21,20,8.494233535188433,True
QQQ,long,2022-10-26,20,3.720468357053708,True
QQQ,short,2022-12-19,17,-2.592473155183561,False
QQQ,long,2023-03-20,20,4.798519397006529,True
QQQ,long,2023-05-09,20,8.329194821185947,True
QQQ,long,2023-07-14,16,-1.1591437969739715,False
QQQ,long,2023-12-14,20,1.1210375584431054,True
QQQ,short,2024-04-18,13,-3.2427530320801923,False
QQQ,long,2024-10-18,11,-1.629354295581087,False
QQQ,long,2024-11-08,20,1.8205261296364128,True
QQQ,short,2025-01-22,1,-0.5797169933642321,False
QQQ,long,2025-02-19,6,-7.111428001873543,False
QQQ,short,2025-04-04,14,-7.8559322954729005,False
QQQ,short,2025-09-09,20,-4.285201509100522,True
QQQ,long,2025-10-28,13,-3.41074949229353,False
QQQ,long,2026-01-29,4,-4.251959752783751,False
QQQ,short,2026-02-06,18,-1.452868369625393,False
QQQ,short,2026-03-24,11,-4.339871922293814,False
QQQ,short,2026-07-24,10,-4.724737101315757,False
RBLX,long,2021-12-09,1,-6.343945862002909,False
RBLX,short,2021-12-17,20,19.564537136410543,True
RBLX,long,2022-02-18,20,-14.301474955461302,True
RBLX,short,2022-04-19,20,18.68635049222027,True
RBLX,long,2022-06-07,4,-14.534884150745608,False
RBLX,short,2022-06-17,4,-47.21098830187762,False
RBLX,long,2022-08-03,14,-10.522879456401501,False
RBLX,long,2022-10-19,15,-26.538370244237598,False
RBLX,short,2022-12-19,15,-19.246108531800598,False
RBLX,short,2023-02-15,14,1.7114362394248017,False
RBLX,long,2023-04-05,8,-10.34709806042926,False
RBLX,long,2023-07-14,9,-14.559385260274215,False
RBLX,long,2023-11-06,20,14.209484616304247,True
RBLX,long,2023-12-11,19,3.678273773665519,False
RBLX,short,2024-03-19,16,-8.542992283701278,False
RBLX,long,2024-04-17,17,-14.153126234882695,False
RBLX,long,2024-07-08,20,-6.333336463341343,True
RBLX,long,2024-09-20,7,-5.3489950193277185,False
RBLX,long,2024-11-01,18,-3.40442507863008,False
RBLX,short,2024-12-02,4,-16.316923751618106,False
RBLX,long,2025-01-17,18,-1.131563086621945,False
RBLX,short,2025-03-10,11,-10.850911411939235,False
RBLX,short,2025-10-08,14,-2.633633301588767,False
RBLX,short,2025-10-31,20,20.91905385985934,True
RBLX,long,2026-03-03,4,-3.123545230029734,False
RBLX,long,2026-04-20,8,-7.90000279744466,False
RBLX,short,2026-05-04,18,-4.964388797493924,False
RBLX,long,2026-06-02,8,-7.595471815067512,False
RBLX,long,2026-06-17,20,5.7066904282229824,True
RCL,long,2022-02-10,12,-15.670790230951626,False
RCL,short,2022-05-06,20,21.69837535127135,True
RCL,long,2022-07-29,20,14.324322262325806,True
RCL,long,2022-09-12,14,-21.254933129460106,False
RCL,short,2022-12-16,16,-10.057631075165908,False
RCL,short,2023-03-13,20,2.128974197180422,True
RCL,short,2023-04-27,1,-8.363695176758279,False
RCL,long,2023-05-02,20,21.759400331884393,True
RCL,short,2023-07-28,20,10.11712014138162,True
RCL,short,2023-09-26,20,8.355551825629338,True
RCL,long,2024-02-01,4,-8.307101493147195,False
RCL,short,2024-02-13,12,-7.892683955721558,False
RCL,long,2024-09-16,20,15.752940458409936,True
RCL,long,2025-01-22,20,0.5193069618262935,True
RCL,short,2025-04-07,12,-26.76064872646775,False
RCL,short,2025-10-30,20,3.8773929069737756,True
RCL,long,2025-12-12,20,3.6747445299807113,True
RCL,short,2026-04-30,19,-4.955038355063768,False
RIVN,short,2022-03-07,17,-8.35416316986084,False
RIVN,long,2022-07-11,20,17.743437246399264,True
RIVN,long,2022-11-10,7,-13.577614332172738,False
RIVN,long,2023-02-02,15,-15.264191573942377,False
RIVN,short,2023-03-02,20,7.48474136370223,True
RIVN,long,2023-05-26,18,-7.645050612441196,False
RIVN,long,2023-07-03,20,53.02690024417056,True
RIVN,short,2023-08-11,17,-5.823479132408016,False
RIVN,long,2023-12-08,19,2.836129108262475,False
RIVN,long,2024-02-23,20,-1.0989000432297447,True
RIVN,long,2024-06-07,10,-4.344048566961445,False
RIVN,short,2024-09-23,20,15.358654767172297,True
RIVN,long,2024-11-29,20,11.038433622237665,True
RIVN,long,2025-01-10,20,-7.214287349155968,True
RIVN,long,2025-02-19,6,-19.050938986539013,False
RIVN,long,2025-03-27,12,-0.9061005538773759,False
RIVN,long,2025-04-30,20,16.408066057296654,True
RIVN,short,2025-07-08,10,-10.39874845717641,False
RIVN,long,2025-09-24,9,-14.50676961184164,False
RIVN,long,2025-11-06,20,17.627788294304136,True
RIVN,short,2026-03-10,20,9.341319451186159,True
RIVN,long,2026-04-20,11,-14.268938386369678,False
RIVN,short,2026-08-03,15,-7.792212939379128,False
ROKU,short,2022-01-10,20,11.963394418768447,True
ROKU,long,2022-02-22,20,10.989302659448686,True
ROKU,short,2022-04-14,20,16.053201393361093,True
ROKU,short,2022-06-14,10,-13.869281843596815,False
ROKU,long,2022-07-18,6,-9.475235512041479,False
ROKU,short,2022-08-01,13,-20.194390664784855,False
ROKU,long,2022-08-23,20,-7.7652865880394,True
ROKU,long,2022-09-23,20,-16.680507276793467,True
ROKU,long,2022-11-16,15,-12.345044348481515,False
ROKU,short,2023-04-27,20,0.4377925302910812,True
ROKU,long,2023-06-05,17,5.98923528859463,False
ROKU,short,2023-09-19,20,7.639352561042367,True
ROKU,short,2023-10-19,12,-30.05464337674484,False
ROKU,long,2024-02-08,7,-29.76501305483029,False
ROKU,long,2024-04-09,1,-0.04904165472430222,False
ROKU,short,2024-05-29,20,-6.308415123533395,True
ROKU,short,2024-11-01,8,-18.721390522521396,False
ROKU,short,2025-01-02,14,-8.184723949739814,False
ROKU,long,2025-01-30,20,0.8574867853915924,True
ROKU,long,2025-07-29,3,-14.738017060141074,False
ROKU,long,2025-10-06,5,-10.497445843015175,False
ROKU,long,2025-11-04,10,-9.978271761580526,False
ROKU,short,2026-01-23,20,21.198543514149204,True
ROKU,long,2026-03-03,16,-0.7258103647425185,False
ROKU,short,2026-03-30,7,-12.822829571867667,False
ROKU,long,2026-04-13,20,25.068364663893504,True
ROKU,short,2026-06-12,1,-12.891592542766418,False
ROKU,long,2026-07-15,20,6.639031327364608,True
RTX,short,2021-11-05,20,6.694881064474378,True
RTX,long,2022-02-08,20,4.99839573749159,True
RTX,long,2022-07-13,4,1.0882471315580178,False
RTX,long,2022-07-22,2,-5.160277018780657,False
RTX,long,2022-08-17,9,-3.485281859552014,False
RTX,long,2022-10-20,20,7.652888517869516,True
RTX,long,2022-12-02,15,0.6282962552337068,False
RTX,short,2023-01-20,14,-3.92989579211549,False
RTX,long,2023-04-12,14,-2.108908171700963,False
RTX,short,2023-07-26,20,0.8984091016339568,True
RTX,short,2023-08-25,2,0.18711689640057427,False
RTX,short,2023-09-11,20,8.990024138187557,True
RTX,long,2023-12-29,20,7.5881717837789076,True
RTX,long,2024-03-20,20,6.01052535207649,True
RTX,long,2024-05-10,20,1.0282984319722965,True
RTX,long,2024-08-23,14,0.7016669411030074,False
RTX,long,2024-10-03,19,-2.1204814374686243,False
RTX,short,2024-11-01,20,2.320987403147501,True
RTX,short,2024-12-19,15,-3.2584307449441186,False
RTX,long,2025-01-16,20,2.563892104826282,True
RTX,short,2025-02-24,6,-2.959997558593752,False
RTX,long,2025-07-16,20,4.608666663796357,True
RTX,long,2025-08-29,6,-5.780453060796031,False
RTX,short,2025-11-24,13,-5.541118236326259,False
RTX,long,2026-03-03,13,-6.9714995670074,False
RTX,short,2026-03-24,13,-4.780981366686432,False
RTX,long,2026-06-15,20,6.5430211788107595,True
SBUX,long,2021-10-27,20,-1.384441012672899,True
SBUX,long,2021-12-09,8,-4.689119310945777,False
SBUX,short,2022-02-24,20,0.4342825753348212,True
SBUX,long,2022-11-10,20,8.414103288139874,True
SBUX,short,2023-02-22,20,5.967176451003519,True
SBUX,short,2023-08-18,19,-0.22914406396008502,False
SBUX,long,2023-10-20,20,11.572602653129538,True
SBUX,long,2024-02-12,11,-4.044571030750744,False
SBUX,short,2024-03-05,20,3.691641240183363,True
SBUX,short,2024-04-05,16,-0.4891926026294513,False
SBUX,short,2024-07-02,19,1.5300833287743565,False
SBUX,long,2024-08-14,20,4.0779949832671525,True
SBUX,long,2024-11-26,10,-3.500342944994228,False
SBUX,short,2024-12-13,19,4.386682559802257,False
SBUX,long,2025-02-28,4,-8.334778847015844,False
SBUX,long,2025-05-28,20,5.0440306729059525,True
SBUX,short,2025-08-04,20,-3.100593582302058,True
SBUX,long,2025-10-06,3,-7.544329664109473,False
SBUX,long,2025-11-28,7,-5.45788816112216,False
SBUX,long,2025-12-23,20,13.48524361335306,True
SBUX,long,2026-02-27,2,0.2904551606482064,False
SBUX,long,2026-03-16,4,-6.731835210311942,False
SBUX,short,2026-06-01,14,-1.9338437922431506,False
SBUX,long,2026-07-14,8,-4.051668604797087,False
SCHW,short,2021-12-02,9,-5.590061805204805,False
SCHW,long,2021-12-23,20,4.2910905603595895,True
SCHW,short,2022-02-09,1,2.917190436357653,False
SCHW,short,2022-02-22,17,-5.289084453830806,False
SCHW,long,2022-07-29,20,6.189073309131143,True
SCHW,long,2022-10-07,5,-8.635757143134315,False
SCHW,short,2022-10-18,8,-15.149343975046058,False
SCHW,long,2022-12-02,8,-4.8720461908782875,False
SCHW,long,2023-03-03,20,-31.41285952034417,True
SCHW,short,2023-06-30,1,-0.2953987591594931,False
SCHW,short,2023-08-16,19,2.9416605993582423,False
SCHW,short,2023-09-22,20,9.160716193062923,True
SCHW,long,2023-11-03,20,11.04414032811265,True
SCHW,long,2024-02-29,20,9.572856734593561,True
SCHW,long,2024-04-24,20,1.0742519259431482,True
SCHW,long,2024-06-25,15,-14.131902265714446,False
SCHW,short,2024-08-15,3,1.7575813062263301,False
SCHW,short,2024-09-16,5,-3.0471386046465376,False
SCHW,long,2024-10-10,20,10.195777842607212,True
SCHW,short,2024-12-17,20,1.4064468876008096,True
SCHW,long,2025-01-22,20,0.9250123126079313,True
SCHW,short,2025-02-28,15,0.5329249866212082,False
SCHW,long,2025-07-03,20,4.404370250597678,True
SCHW,short,2025-09-11,12,-4.995666093773088,False
SCHW,short,2025-11-21,12,-5.297285204952673,False
SCHW,short,2026-02-12,20,3.0625025431315067,True
SCHW,long,2026-04-16,4,-4.229326400803735,False
SCHW,short,2026-05-29,11,-5.755810404932782,False
SCHW,long,2026-08-05,13,6.224884377126139,False
SLB,short,2021-11-22,20,1.866042857951844,True
SLB,long,2022-01-04,20,22.121968716158502,True
SLB,long,2022-03-09,6,-8.942155157164821,False
SLB,short,2022-05-03,10,-10.156447586560802,False
SLB,long,2022-05-24,16,-10.449154179459264,False
SLB,long,2022-08-24,18,-1.6351543168845906,False
SLB,short,2022-09-26,8,-21.57367882956578,False
SLB,short,2022-12-12,8,-9.20101549086423,False
SLB,long,2022-12-28,20,6.745366986821533,True
SLB,short,2023-06-01,1,-8.615882410941754,False
SLB,long,2023-07-10,20,9.7085561190408,True
SLB,long,2023-09-06,17,-3.348807141882326,False
SLB,short,2023-10-03,11,-5.37391330884851,False
SLB,short,2023-12-07,9,-6.398056056818668,False
SLB,long,2024-03-06,20,7.465347441116177,True
SLB,short,2024-04-17,20,6.2669761056663775,True
SLB,long,2024-05-23,1,-0.81509494235118,False
SLB,long,2024-09-04,20,4.519499690305384,True
SLB,short,2024-12-09,20,6.481924401708394,True
SLB,short,2025-02-21,19,2.4113486434061526,False
SLB,long,2025-03-28,5,-17.48517788797008,False
SLB,long,2025-05-19,7,-4.8049765732525955,False
SLB,short,2025-09-25,20,-4.619408010377035,True
SLB,long,2025-12-08,15,0.573956158352229,False
SLB,short,2026-03-09,13,-11.60657684100248,False
SLB,long,2026-04-24,20,5.429775168084006,True
SLB,short,2026-06-18,20,7.405188018895926,True
SLB,long,2026-07-27,20,3.250479517664706,True
SMCI,long,2021-12-30,14,-7.135012546941766,False
SMCI,long,2022-03-07,18,-8.265064233410746,False
SMCI,short,2022-06-06,20,29.612957575912603,True
SMCI,short,2022-12-19,20,12.160659180790612,True
SMCI,short,2023-01-23,11,-12.362937910325211,False
SMCI,short,2023-04-26,6,-44.12511312538652,False
SMCI,short,2023-09-22,8,-19.36994971793733,False
SMCI,short,2024-04-18,19,0.9897320289090183,False
SMCI,short,2024-07-24,20,18.46013287313624,True
SMCI,long,2024-10-02,20,-17.34566087940551,True
SMCI,short,2025-01-29,8,-50.60028949673205,False
SMCI,short,2025-04-02,17,-9.55320386910319,False
SMCI,long,2025-05-08,20,26.176735050105403,True
SMCI,long,2025-06-27,20,21.362166112797997,True
SMCI,long,2025-12-17,4,-2.3181948159487265,False
SMCI,long,2026-01-22,17,-8.757573908025574,False
SMCI,short,2026-03-23,17,-39.83259657960072,False
SNOW,short,2022-01-05,20,16.90660997495361,True
SNOW,long,2022-04-18,20,-27.092482916138405,True
SNOW,short,2022-06-15,6,-27.711754598036364,False
SNOW,short,2022-07-27,7,-21.329625203946367,False
SNOW,short,2023-01-06,7,-14.759607513288486,False
SNOW,long,2023-04-04,13,-5.622520194148384,False
SNOW,long,2023-05-08,20,13.80925646497193,True
SNOW,long,2023-07-28,3,-3.7201686713759785,False
SNOW,long,2023-09-11,10,-9.941660163916122,False
SNOW,short,2024-04-05,2,-2.033057575011288,False
SNOW,long,2024-04-18,20,11.010960731017839,True
SNOW,long,2024-05-29,20,-9.903122498080585,True
SNOW,long,2024-10-11,13,-3.7064027210210626,False
SNOW,short,2024-12-23,16,-3.314981433955122,False
SNOW,long,2025-01-22,20,5.300320603978759,True
SNOW,short,2025-02-26,20,3.771081028214418,True
SNOW,short,2025-04-04,13,-19.01583269654892,False
SNOW,long,2025-06-26,12,-4.1702362703713085,False
SNOW,long,2025-10-06,20,15.302052731190564,True
SNOW,short,2025-11-21,20,7.653477893857241,True
SNOW,long,2026-01-08,4,-12.581095678488142,False
SNOW,short,2026-03-27,19,11.374972714301757,False
SNOW,long,2026-05-19,20,35.9733271333861,True
SNOW,short,2026-06-29,4,-4.434965463127893,False
SNOW,long,2026-08-04,14,5.829507796490785,False
SOFI,short,2022-01-13,20,11.428574153355186,True
SOFI,short,2022-02-17,20,23.547637473151596,True
SOFI,long,2022-07-18,20,20.37914656241837,True
SOFI,short,2022-09-22,20,12.412580198469303,True
SOFI,long,2022-11-16,1,-6.759096495230343,False
SOFI,short,2022-11-23,20,1.9271980967356606,True
SOFI,long,2023-01-13,20,29.37799717256093,True
SOFI,short,2023-05-03,18,-21.32797715019268,False
SOFI,short,2023-07-13,3,-7.286991176802027,False
SOFI,long,2023-09-13,8,-16.555553012424042,False
SOFI,long,2024-02-12,17,-8.00492739566926,False
SOFI,long,2024-04-10,13,-7.908496882762828,False
SOFI,short,2024-06-05,20,4.431317453176808,True
SOFI,short,2025-01-10,6,-26.056337034955313,False
SOFI,short,2025-06-11,20,-46.00551029324564,True
SOFI,long,2025-08-19,20,10.280368616621228,True
SOFI,long,2025-10-29,13,-14.145101778046154,False
SOFI,short,2025-11-19,10,-11.803588120766317,False
SOFI,short,2026-01-28,20,25.098037719726562,True
SOFI,short,2026-03-24,15,-10.561929906764945,False
SOFI,long,2026-06-01,17,-4.683197792477733,False
SOFI,long,2026-07-07,9,-8.54838774181924,False
SOFI,short,2026-07-27,9,-8.500581943984532,False
SPY,long,2022-02-18,2,-3.5167893438500686,False
SPY,long,2022-03-21,18,-1.4740936775783586,False
SPY,long,2022-07-22,20,5.820716043094554,True
SPY,long,2022-10-26,20,5.4504529575709615,True
SPY,long,2022-12-12,1,1.9943711555872268,False
SPY,long,2023-03-30,20,2.930039457841538,True
SPY,long,2023-05-02,1,-1.6274080041450367,False
SPY,short,2023-05-05,9,-2.523784508032323,False
SPY,long,2023-10-23,2,-0.4909314912674989,False
SPY,long,2024-01-16,20,3.9599327567917397,True
SPY,short,2024-04-15,16,-0.39019465893512795,False
SPY,long,2025-01-22,20,0.7360744155086918,True
SPY,short,2025-02-26,20,4.5877814770747705,True
SPY,short,2025-04-04,14,-5.150196233972104,False
SPY,long,2025-09-09,20,3.1049240063035555,True
SPY,long,2025-10-28,14,-3.111855798366603,False
SPY,long,2025-12-26,20,0.7022436411255883,True
SPY,short,2026-03-16,17,-1.725061817751472,False
SPY,long,2026-07-10,12,-1.4879333319644639,False
SPY,short,2026-07-30,3,-4.793156698862466,False
T,short,2021-11-11,20,8.603441198625106,True
T,short,2022-02-25,20,-1.6631207949759697,True
T,short,2022-03-29,20,-5.466494499813335,True
T,long,2022-05-18,18,-5.168207967397819,False
T,short,2022-07-22,20,1.2325806222781233,True
T,short,2022-08-24,20,10.127282537974924,True
T,short,2022-12-20,11,-9.41176621441313,False
T,long,2023-03-31,15,-8.315900014634314,False
T,long,2023-07-10,1,-1.868562544933916,False
T,long,2023-08-31,20,1.4864882715780903,True
T,long,2023-10-25,20,4.322581137380288,True
T,short,2024-01-02,2,-1.8408519188447992,False
T,long,2024-04-05,3,-4.509137527888985,False
T,long,2024-09-03,20,11.03862931211037,True
T,short,2024-10-14,10,-3.511235854724326,False
T,long,2024-11-01,20,0.7545498052057731,True
T,long,2024-12-18,20,-1.3596468259459038,True
T,long,2025-03-28,10,-5.502643544802344,False
T,long,2025-05-22,1,-0.5801299777183244,False
T,long,2025-07-02,5,-4.130505549351837,False
T,long,2025-08-13,20,3.4736834074321488,True
T,short,2025-09-26,20,11.41649001736843,True
T,long,2025-11-20,12,-2.9306921628442173,False
T,short,2026-01-13,12,-10.637393387949468,False
T,short,2026-03-13,8,-4.763634421608676,False
T,short,2026-05-13,20,8.838682452225942,True
TFC,short,2021-11-19,20,9.080518397612824,True
TFC,short,2021-12-31,1,-3.6376163194689948,False
TFC,short,2022-02-25,20,0.11631720583125116,True
TFC,short,2022-04-06,20,9.845028006207556,True
TFC,long,2022-07-29,18,-1.0278080058673478,False
TFC,short,2022-10-21,6,-11.0587624150277,False
TFC,long,2023-01-05,20,13.479838797494015,True
TFC,short,2023-02-23,20,31.417143517195733,True
TFC,long,2023-04-26,20,0.03290631484922368,True
TFC,long,2023-06-23,20,11.33266809611111,True
TFC,short,2023-08-07,20,5.583129809857934,True
TFC,short,2023-10-12,1,3.56415230716679,False
TFC,short,2024-02-14,14,-5.520953510158733,False
TFC,long,2024-03-08,20,4.632365624904011,True
TFC,long,2024-10-17,12,-4.624803643844444,False
TFC,short,2024-11-07,20,-2.0293580157644486,True
TFC,short,2024-12-13,20,0.8735564924246764,True
TFC,long,2025-01-21,20,-0.9791692097981808,True
TFC,short,2025-02-26,20,7.655080537441005,True
TFC,short,2025-04-04,17,-7.939188227706917,False
TFC,long,2025-05-05,18,1.100589476668845,False
TFC,long,2025-06-25,20,9.802031754639252,True
TFC,short,2025-08-04,13,-1.8959530516166945,False
TFC,short,2025-10-13,13,-3.116279424623003,False
TFC,long,2025-11-28,20,7.778497354493874,True
TFC,long,2026-02-04,12,-8.108600816447408,False
TFC,short,2026-05-12,17,-2.5000015894572014,False
TFC,long,2026-06-10,20,4.51051699874363,True
TFC,long,2026-07-29,7,-0.4374350493037582,False
TFC,short,2026-08-21,1,-0.6736678113025585,False
TGT,long,2021-11-16,2,-4.1634969384951255,False
TGT,short,2021-11-22,20,12.472650942642783,True
TGT,short,2022-02-18,8,-9.446504821939893,False
TGT,long,2022-03-30,4,-3.10371495450138,False
TGT,short,2022-06-17,12,-6.294304485086721,False
TGT,long,2022-07-21,20,10.589217648670068,True
TGT,long,2022-10-26,18,-5.850805695717698,False
TGT,short,2023-03-22,8,-1.9398427136329,False
TGT,long,2023-04-05,13,-4.939687750698996,False
TGT,short,2023-05-24,20,9.581619292383614,True
TGT,long,2023-06-30,11,-2.2419849448740425,False
TGT,short,2023-08-16,20,7.577780264395251,True
TGT,short,2023-09-20,20,8.600101666204562,True
TGT,long,2023-10-25,13,-1.042144471306461,False
TGT,long,2023-11-16,20,8.73015306809748,True
TGT,long,2024-01-17,1,-1.9131981007557197,False
TGT,short,2024-01-22,9,-5.122840974966114,False
TGT,long,2024-02-09,20,14.271148512273268,True
TGT,long,2024-07-15,11,-3.2057631400779774,False
TGT,long,2024-10-14,7,-6.415925469205364,False
TGT,long,2024-11-19,1,-22.074261460430257,False
TGT,long,2025-01-03,20,-1.5178998480881112,True
TGT,short,2025-02-10,20,14.43314373899851,True
TGT,long,2025-05-13,8,-6.532510425566396,False
TGT,long,2025-06-30,20,4.598395483153239,True
TGT,short,2025-08-04,11,-5.349463413502886,False
TGT,short,2025-08-22,20,11.293301973431447,True
TGT,long,2025-10-22,12,-3.2347046581219674,False
TGT,short,2026-03-23,9,-6.612581359744096,False
TGT,long,2026-06-15,15,-2.632354287540206,False
TLT,short,2021-12-28,20,6.08289153224959,True
TLT,short,2022-02-08,17,-1.4687784391035574,False
TLT,short,2022-03-14,20,7.204218371099513,True
TLT,long,2022-07-22,16,-2.4008825304796866,False
TLT,short,2022-08-19,20,5.219467885626871,True
TLT,short,2023-02-13,19,-2.0441642708484364,False
TLT,long,2023-04-14,1,-1.4802140313390777,False
TLT,short,2023-05-16,19,1.1621117418689764,False
TLT,long,2023-06-21,11,-3.6280476764073977,False
TLT,short,2024-11-27,20,6.384353378069374,True
TLT,long,2025-02-26,16,-0.19689379652265693,False
TLT,short,2025-03-26,7,-3.870678049107723,False
TLT,long,2025-06-13,18,-1.08382613285245,False
TLT,short,2025-09-08,20,0.5607267133197369,True
TLT,short,2025-10-13,1,-0.6424477612949397,False
TLT,short,2026-02-03,7,-3.168002729610242,False
TLT,short,2026-05-05,18,-0.3758070335758701,False
TMO,long,2021-12-28,7,-6.776855835602936,False
TMO,long,2022-03-21,19,-1.6637721449271559,False
TMO,long,2022-06-01,8,-10.120267819549401,False
TMO,short,2022-08-25,20,9.952450936006107,True
TMO,short,2022-11-14,20,-5.699538846245078,True
TMO,short,2023-02-17,18,-0.7541857907475968,False
TMO,long,2023-04-06,13,-8.215541483837896,False
TMO,long,2023-07-21,16,0.311895034845433,False
TMO,short,2023-10-16,20,7.807810237233159,True
TMO,long,2024-02-29,18,-1.014533514688054,False
TMO,short,2024-04-17,8,-3.7833321071985893,False
TMO,short,2024-06-27,18,-3.235021323714826,False
TMO,short,2024-10-11,20,7.370227542549079,True
TMO,long,2025-01-10,20,2.048873188469469,True
TMO,short,2025-04-02,20,12.61394075995057,True
TMO,short,2025-05-12,20,-0.8269674016993189,True
TMO,long,2025-07-03,20,8.030426442966965,True
TMO,short,2025-09-26,4,-13.85937291294541,False
TMO,short,2025-12-18,7,-3.7336651336528304,False
TMO,long,2026-01-05,18,-2.553182828539502,False
TMO,short,2026-03-16,13,-4.328440319662663,False
TMO,short,2026-05-22,4,-10.230533397829156,False
TMO,short,2026-06-26,20,-9.76988155242886,True
TSLA,short,2021-12-10,13,-6.105575845144062,False
TSLA,short,2022-02-24,10,-19.690452177490148,False
TSLA,long,2022-03-22,19,10.553766066028224,False
TSLA,long,2022-06-13,7,5.333832098579383,False
TSLA,long,2022-07-22,20,7.402308009223546,True
TSLA,short,2022-09-01,9,-11.43518048397536,False
TSLA,long,2022-11-09,20,-9.089001178761059,True
TSLA,short,2023-03-10,12,-8.028320200186112,False
TSLA,short,2023-04-20,18,-0.21063134583403365,False
TSLA,long,2023-05-19,20,54.907724244215395,True
TSLA,short,2023-10-20,18,-11.902678441034208,False
TSLA,long,2023-12-22,8,-7.505064472481882,False
TSLA,long,2024-02-29,6,-14.124790563434807,False
TSLA,short,2024-04-18,8,-21.17685869705579,False
TSLA,long,2024-06-27,20,12.619770002504161,True
TSLA,long,2024-09-16,19,-5.015263779741074,False
TSLA,short,2025-02-10,20,35.26851931099375,True
TSLA,short,2025-04-22,4,-23.779007868225797,False
TSLA,long,2025-07-07,20,6.139964631993844,True
TSLA,long,2025-08-12,20,0.8086981289628703,True
TSLA,short,2025-11-17,12,-13.991575942039102,False
TSLA,short,2026-02-05,20,0.07303864676037053,True
TSLA,short,2026-03-23,18,-7.378916360535226,False
TSLA,short,2026-06-08,18,-5.914264182766371,False
TSLA,long,2026-07-10,6,-9.96857021697226,False
TXN,short,2021-12-22,20,5.564818429932261,True
TXN,short,2022-02-08,20,-1.4291642369088864,True
TXN,long,2022-03-21,15,-4.0994986446324155,False
TXN,short,2022-05-12,10,-6.248096608273479,False
TXN,long,2022-06-01,7,-11.114864705141581,False
TXN,long,2022-07-19,20,13.634110012880507,True
TXN,short,2022-10-03,20,-2.045614094270065,True
TXN,short,2022-12-20,14,-7.32628776357942,False
TXN,long,2023-02-03,9,-3.087677106593001,False
TXN,short,2023-02-22,15,-1.970526858260735,False
TXN,long,2023-03-31,10,-2.157374811721624,False
TXN,short,2023-04-25,19,2.6937728949188333,False
TXN,short,2023-06-27,3,-6.000119137691096,False
TXN,short,2023-09-20,20,7.415531601503844,True
TXN,short,2024-01-17,20,2.8850901278561936,True
TXN,short,2024-04-19,5,-8.830018233260928,False
TXN,long,2024-07-11,13,-1.3836377504587105,False
TXN,short,2024-08-06,9,-9.339580966989146,False
TXN,short,2024-10-22,5,-9.162752666308084,False
TXN,long,2025-01-24,3,-5.121050382915293,False
TXN,long,2025-05-06,20,18.969499173621053,True
TXN,short,2025-10-16,20,7.503280522210942,True
TXN,long,2025-12-02,19,3.9772338261228946,False
TXN,short,2026-01-07,2,-0.9762807481154212,False
TXN,short,2026-03-04,20,3.9440191497951527,True
TXN,long,2026-04-09,20,34.1863764436521,True
TXN,short,2026-06-11,7,-4.991538159971931,False
TXN,short,2026-07-10,20,5.956615682984778,True
UAL,long,2021-12-29,17,-7.652834289447519,False
UAL,long,2022-06-13,20,-4.844378257489579,True
UAL,long,2022-07-20,9,-10.289157729551013,False
UAL,short,2022-12-15,16,-15.384610944188037,False
UAL,short,2023-03-02,20,15.780351060919461,True
UAL,long,2023-04-20,20,4.972743009535829,True
UAL,short,2023-08-03,20,4.303550233627307,True
UAL,long,2023-12-08,16,-4.28571547327139,False
UAL,long,2024-02-23,13,-4.588782236347844,False
UAL,long,2024-05-16,6,-6.675087033318972,False
UAL,short,2024-06-24,20,0.3513084750765172,True
UAL,short,2024-08-05,15,-15.185782127988956,False
UAL,short,2024-12-27,6,-0.7666234810334682,False
UAL,long,2025-01-10,20,-3.0967382404736066,True
UAL,short,2025-02-25,20,19.448694247973787,True
UAL,long,2025-05-01,20,13.729426165754589,True
UAL,long,2025-06-10,5,-11.518140429054924,False
UAL,short,2025-08-13,20,-10.834096118155955,True
UAL,short,2025-09-29,15,-1.4015432319884447,False
UAL,long,2025-12-01,20,11.197522808876936,True
UAL,short,2026-01-26,11,-8.818853715760566,False
UAL,short,2026-03-05,20,5.908164199517696,True
UAL,short,2026-05-04,9,-0.9239113849142333,False
UBER,short,2021-11-01,20,13.773541495025487,True
UBER,short,2022-01-20,18,3.1339794574223423,False
UBER,short,2022-02-24,20,-15.782454314162408,True
UBER,short,2022-05-06,20,7.861403123532096,True
UBER,long,2022-06-10,5,-12.056451060893492,False
UBER,long,2022-07-22,20,19.23551302857096,True
UBER,short,2022-12-06,20,7.761738146792574,True
UBER,short,2023-03-09,20,9.386804872302978,True
UBER,short,2023-04-28,2,-23.295068950135978,False
UBER,long,2023-06-07,20,6.635184039701669,True
UBER,long,2023-07-19,15,-6.348190999225556,False
UBER,long,2023-09-05,14,-4.181777531766285,False
UBER,short,2023-10-23,10,-13.190690739174071,False
UBER,short,2024-04-16,20,10.996048183592821,True
UBER,short,2024-05-21,13,-6.97021894923735,False
UBER,short,2024-07-22,16,-5.227304669194055,False
UBER,short,2024-12-06,20,0.4514604005128042,True
UBER,long,2025-02-10,18,-1.0765263910261669,False
UBER,short,2025-03-11,14,-1.987679339890791,False
UBER,short,2025-04-07,8,-20.345485145348086,False
UBER,short,2025-06-25,20,0.759023290879024,True
UBER,long,2025-08-20,20,-0.1370925659625266,True
UBER,long,2025-09-23,13,-6.469055723000872,False
UBER,short,2025-10-20,10,-7.225807764196901,False
UBER,short,2025-11-20,14,5.277155951088641,False
UBER,long,2026-03-06,13,-2.2079505576869662,False
UBER,short,2026-03-30,12,-9.711668858662925,False
UBER,short,2026-05-28,16,-1.7956422532559024,False
UBER,long,2026-06-30,13,-3.490238904729903,False
UBER,short,2026-07-27,10,-17.55047003301742,False
UNH,short,2021-11-23,10,-7.5342250980879655,False
UNH,long,2022-02-08,11,-5.289288694763805,False
UNH,long,2022-06-14,1,-0.678077738552807,False
UNH,long,2022-07-29,20,-1.992557465794953,True
UNH,short,2022-09-01,20,2.751623837381556,True
UNH,long,2022-10-25,15,-6.467202752512124,False
UNH,long,2022-12-20,1,0.10436399232633953,False
UNH,long,2023-02-21,8,-3.6521067450420164,False
UNH,long,2023-04-05,14,-2.9031548716579425,False
UNH,short,2023-05-26,4,-4.501524729860762,False
UNH,long,2023-06-06,8,-8.283657565053748,False
UNH,short,2023-08-25,18,-2.2901700100394384,False
UNH,long,2023-11-17,20,-2.539476787955963,True
UNH,long,2024-02-20,8,-6.615673439980196,False
UNH,long,2024-03-28,4,-8.00403941761364,False
UNH,long,2024-07-15,20,7.830380848018925,True
UNH,long,2024-08-29,14,-2.304121609047438,False
UNH,short,2024-09-25,10,-2.310203972993996,False
UNH,long,2024-10-14,5,-4.613512597727465,False
UNH,short,2024-12-06,20,11.657588266687913,True
UNH,long,2025-06-18,12,0.048780497485667595,False
UNH,long,2025-10-08,16,-6.0447478043528236,False
UNH,short,2025-11-04,20,-3.687081888786836,True
UNH,long,2026-01-07,13,-18.992491458742467,False
UNH,short,2026-02-26,1,-2.1917826282484176,False
UNH,short,2026-03-24,10,-13.802215398920259,False
UNH,short,2026-08-14,6,-0.19095722754396416,False
UPS,short,2021-12-01,11,-3.5294684217210825,False
UPS,long,2022-03-18,13,-12.032761721416263,False
UPS,short,2022-05-31,1,-0.03330052683769846,False
UPS,long,2022-07-26,20,14.51604143512466,True
UPS,long,2022-11-15,20,3.272256568580767,True
UPS,short,2023-01-05,6,-4.1571299237688875,False
UPS,long,2023-02-03,12,-6.5852095149761425,False
UPS,long,2023-04-03,16,-10.50666095236904,False
UPS,long,2023-06-16,20,2.544586749972977,True
UPS,short,2023-08-11,20,9.74925925073159,True
UPS,long,2023-10-24,20,0.6924826820341901,True
UPS,short,2024-01-31,17,-1.8576082361425383,False
UPS,long,2024-03-08,13,-4.287657479870055,False
UPS,short,2024-05-24,20,4.226953424743951,True
UPS,long,2024-07-16,7,-11.768379568075515,False
UPS,short,2024-08-21,3,0.30080941612679046,False
UPS,long,2024-09-03,20,4.451765888861869,True
UPS,long,2024-10-28,3,-2.3811288348220883,False
UPS,short,2024-12-05,20,4.018240035920229,True
UPS,long,2025-01-21,9,-14.667993806162361,False
UPS,long,2025-03-03,14,-3.939243225442113,False
UPS,short,2025-03-26,20,10.64137227104407,True
UPS,long,2025-05-15,11,-2.5425434201513664,False
UPS,short,2025-09-10,17,-2.8808540001590055,False
UPS,long,2025-10-21,20,7.008647643867083,True
UPS,long,2025-12-10,20,11.241505288818221,True
UPS,long,2026-02-05,17,-2.387928140574491,False
UPS,short,2026-03-06,20,4.623538782255199,True
UPS,long,2026-04-13,17,-0.9813619059510725,False
UPS,long,2026-07-14,12,-7.152937737531195,False
V,long,2021-10-28,20,-9.851770172641105,True
V,short,2022-01-25,5,-16.401165361187363,False
V,short,2022-03-01,15,-1.860315914138999,False
V,short,2022-05-10,14,-7.859280630072929,False
V,short,2022-08-29,20,11.617393730590065,True
V,long,2022-10-25,20,10.195424745476323,True
V,long,2022-12-12,3,-0.9952363513764828,False
V,short,2022-12-20,12,-7.219933719917249,False
V,short,2023-02-23,20,-0.46488481253230685,True
V,long,2023-04-04,20,-1.3187791582798813,True
V,short,2023-05-25,16,-1.8071496190652958,False
V,long,2023-07-03,18,-0.5274261603375519,False
V,long,2023-09-01,13,-4.388410941440213,False
V,long,2023-11-03,20,3.8022223849029535,True
V,long,2024-01-16,20,4.663786072138998,True
V,long,2024-02-26,20,-0.6465577425791014,True
V,short,2024-05-03,4,-3.5464715780378686,False
V,short,2024-07-01,20,0.26157262180335206,True
V,long,2024-12-27,7,-2.0891355716714854,False
V,short,2025-01-14,5,-4.796760342864381,False
V,short,2025-03-11,15,-2.3462670593314083,False
V,long,2025-07-16,11,-0.5240598000052499,False
V,short,2025-08-04,15,-2.083697647887006,False
V,long,2025-10-08,13,-1.6846603752735723,False
V,short,2025-11-17,17,-4.369489389022729,False
V,long,2026-01-13,1,-2.3234381520076064,False
V,short,2026-02-24,20,0.5695549048690629,True
V,long,2026-04-17,20,2.8900801390043807,True
V,short,2026-06-04,10,-3.2987093682190105,False
V,long,2026-06-29,20,8.372012961242659,True
V,long,2026-08-03,13,-0.7516930837644153,False
VLO,long,2021-12-30,20,8.95342924533118,True
VLO,long,2022-03-22,20,15.336182726366253,True
VLO,long,2022-06-03,10,-15.976687873744533,False
VLO,long,2022-08-18,14,-6.0753528362948455,False
VLO,long,2023-01-05,20,10.123719029343569,True
VLO,long,2023-03-03,6,-6.869727475981491,False
VLO,long,2023-04-11,5,-6.906396030077266,False
VLO,short,2023-04-20,20,9.094610150744431,True
VLO,long,2023-06-01,20,9.442062621540526,True
VLO,long,2023-07-05,20,7.16042641498662,True
VLO,long,2023-09-11,16,-6.58741130695476,False
VLO,short,2023-11-08,15,-2.636319990825231,False
VLO,long,2023-12-19,15,-2.9788470355177177,False
VLO,short,2024-01-19,5,-8.907846997830472,False
VLO,long,2024-03-08,20,21.68034100200542,True
VLO,long,2024-07-10,1,0.728120308601099,False
VLO,long,2024-10-08,10,-4.44303433936547,False
VLO,short,2024-12-06,20,7.276400888506085,True
VLO,short,2025-03-03,13,-2.329999584251241,False
VLO,long,2025-05-07,20,8.444442096938442,True
VLO,short,2025-06-11,3,-3.19100712122542,False
VLO,short,2025-12-17,13,-12.528307299816287,False
VLO,long,2026-02-09,20,6.948554223707593,True
VLO,short,2026-04-23,5,-7.348382437962742,False
VLO,short,2026-06-01,1,-3.9275693221831,False
VLO,short,2026-06-22,7,-12.9822237791545,False
VLO,long,2026-08-14,6,0.8981647182032093,False
VRTX,long,2021-10-22,20,-2.082775231923051,True
VRTX,short,2021-12-02,20,-8.809829617503562,True
VRTX,long,2022-03-16,20,18.09140767779205,True
VRTX,short,2022-08-03,6,-5.851234855648246,False
VRTX,long,2022-10-06,20,3.766662597656256,True
VRTX,short,2022-12-20,17,-6.915703919657812,False
VRTX,short,2023-03-10,4,-4.906144439582638,False
VRTX,long,2023-03-22,20,8.4585415779864,True
VRTX,short,2023-05-26,13,-6.106567656839146,False
VRTX,long,2023-07-20,11,-5.605766713724824,False
VRTX,long,2023-10-12,20,0.6004891875295515,True
VRTX,long,2023-12-14,20,8.262802184245977,True
VRTX,short,2024-03-08,20,1.9692475115932195,True
VRTX,short,2024-04-11,17,0.44521094417901974,False
VRTX,long,2024-05-10,20,14.883396332769049,True
VRTX,long,2024-07-12,18,-6.081922158335818,False
VRTX,short,2024-12-20,18,-8.129488862958013,False
VRTX,long,2025-01-23,20,12.810714090710551,True
VRTX,short,2025-04-03,13,-2.5853635152668586,False
VRTX,long,2025-05-07,1,-4.0042865905613905,False
VRTX,long,2025-06-12,10,-2.6236268638725746,False
VRTX,long,2025-07-09,16,-2.3969752202531502,False
VRTX,short,2025-08-06,19,-5.55141175469247,False
VRTX,short,2025-09-24,7,-6.817456934213584,False
VRTX,long,2025-12-04,20,-2.8571454993574164,True
VRTX,short,2026-03-10,20,7.948156883829061,True
VRTX,long,2026-05-14,16,-2.3542947818737225,False
VRTX,long,2026-06-18,20,3.966070069392713,True
VRTX,long,2026-08-11,9,4.2988850871572115,False
VZ,short,2021-11-19,19,-3.6856463233994496,False
VZ,short,2022-01-27,9,-5.087409468376869,False
VZ,long,2022-02-23,13,-2.597405354815674,False
VZ,short,2022-03-18,15,-2.705295234665739,False
VZ,short,2022-07-22,20,3.3297117923622555,True
VZ,long,2022-11-11,16,-4.306095668651134,False
VZ,short,2022-12-28,20,-3.69992552628271,True
VZ,long,2023-02-15,1,-0.9694242955160526,False
VZ,short,2023-08-25,20,0.5100569286023315,True
VZ,long,2024-03-28,11,-3.67434870730865,False
VZ,long,2024-05-17,20,-2.302550926539826,True
VZ,long,2024-07-23,20,5.446558348568975,True
VZ,long,2024-09-03,20,7.745472046977864,True
VZ,short,2024-10-11,20,6.1877216436278974,True
VZ,short,2024-11-20,20,4.833330426897319,True
VZ,short,2025-04-09,18,-5.926106532193098,False
VZ,long,2025-05-21,15,-1.998185853363521,False
VZ,short,2025-06-17,14,0.4439220329342075,False
VZ,long,2025-08-19,13,-2.673553519621863,False
VZ,short,2025-10-07,20,5.503486858776075,True
VZ,short,2025-12-23,20,1.1999988555908225,True
VZ,short,2026-04-09,16,-0.6274821762045413,False
VZ,long,2026-05-11,17,-5.536844353926806,False
VZ,long,2026-08-24,0,1.3336023944797715,False
WFC,short,2021-12-01,20,1.2117481397180496,True
WFC,long,2022-01-05,18,5.064248673289762,False
WFC,short,2022-02-08,1,-1.8275885746396714,False
WFC,long,2022-05-31,10,-17.445963433594358,False
WFC,long,2022-07-21,20,8.615818942684083,True
WFC,short,2022-09-23,16,-7.692306254589654,False
WFC,short,2022-12-06,20,2.884620255099146,True
WFC,long,2023-04-14,14,-7.62263843848271,False
WFC,long,2023-06-16,6,-3.922033611620479,False
WFC,long,2023-09-15,10,-4.241850565419158,False
WFC,short,2024-01-17,8,-8.888401052044625,False
WFC,long,2024-04-22,20,0.4966874660293108,True
WFC,long,2024-07-02,20,-1.901143154188878,True
WFC,short,2024-08-05,15,-10.56530616812761,False
WFC,long,2024-10-07,20,11.305261702698765,True
WFC,long,2025-01-16,20,5.444963699269678,True
WFC,short,2025-02-26,20,3.7720986391298283,True
WFC,short,2025-06-11,8,-3.402170589987308,False
WFC,long,2025-12-05,20,7.111903186804702,True
WFC,long,2026-07-07,16,-4.72565726502453,False
WFC,long,2026-08-21,1,0.2603564742048814,False
WMT,short,2022-01-26,20,2.046012682993814,True
WMT,long,2022-03-07,20,6.893141984008722,True
WMT,short,2022-05-09,20,16.9057757474521,True
WMT,long,2022-07-11,20,2.0716717619819303,True
WMT,short,2022-10-03,12,-2.702700090373522,False
WMT,long,2022-10-25,20,9.058875897142226,True
WMT,short,2023-01-11,1,0.6381254870452602,False
WMT,long,2023-01-20,3,2.1090377292163787,False
WMT,short,2023-02-09,2,-3.57775909468927,False
WMT,long,2023-02-16,8,-3.6637299685122304,False
WMT,short,2023-05-25,11,-4.91558345936014,False
WMT,short,2023-07-24,1,-0.45440520622765934,False
WMT,short,2023-09-01,1,1.5963689197949549,False
WMT,short,2023-10-02,13,-0.802557380291069,False
WMT,short,2023-12-18,4,-2.151936935780552,False
WMT,long,2024-05-17,20,4.950187439170595,True
WMT,long,2024-07-08,18,-0.15736853784020788,False
WMT,short,2024-08-06,9,-8.667460495613778,False
WMT,long,2024-10-16,20,4.869374806995874,True
WMT,long,2025-01-27,20,1.8665285579211544,True
WMT,long,2025-04-14,20,2.7983281915831215,True
WMT,short,2025-06-16,12,-3.8100270293947913,False
WMT,long,2025-10-16,11,-7.344319475455352,False
WMT,long,2025-11-26,20,4.235075601466032,True
WMT,short,2026-03-05,20,-0.3270088300294738,True
WMT,long,2026-05-22,20,-1.5823291799010542,True
WMT,long,2026-08-17,4,-9.297651283624086,False
XLE,short,2021-11-22,16,-1.0258314191714968,False
XLE,long,2022-01-03,20,22.831943853807736,True
XLE,long,2022-03-04,20,5.402813452695976,True
XLE,long,2022-04-20,4,-8.427455555722851,False
XLE,long,2022-07-26,20,10.088422884340464,True
XLE,short,2022-09-19,14,-8.401807638756953,False
XLE,short,2022-12-07,17,1.0551013993901126,False
XLE,long,2023-01-17,14,-5.09095361673565,False
XLE,short,2023-05-03,20,2.4408685952037157,True
XLE,long,2023-06-09,11,-3.43772648890569,False
XLE,short,2023-07-05,3,0.3427157769347988,False
XLE,long,2023-09-07,16,-1.148297270038512,False
XLE,short,2023-10-04,10,-5.446623150860375,False
XLE,short,2023-11-28,3,-0.25942639550888824,False
XLE,short,2023-12-12,7,-3.8739777785114837,False
XLE,long,2024-02-27,20,7.18091827728724,True
XLE,short,2024-05-30,20,-0.74049308586146,True
XLE,long,2024-07-05,20,-3.2293344253069733,True
XLE,long,2024-08-30,4,-4.454559716032602,False
XLE,short,2025-02-21,18,-0.5742131763524227,False
XLE,long,2025-05-14,10,-3.450698259763696,False
XLE,long,2025-09-29,6,-2.03612549690243,False
XLE,short,2025-10-13,14,-2.6318789269235143,False
XLE,long,2025-11-11,20,1.6173409952410456,True
XLE,long,2025-12-17,1,0.0,False
XLE,long,2026-08-11,9,5.200864885130807,False
XLF,short,2021-11-22,20,2.781998642762773,True
XLF,long,2022-01-05,12,-5.849096421093847,False
XLF,long,2022-07-26,20,3.8109756984007204,True
XLF,long,2022-10-24,20,9.573805966219307,True
XLF,short,2023-02-24,20,12.25934303827463,True
XLF,long,2023-04-14,14,-4.103350231629799,False
XLF,short,2023-05-25,5,-3.2095611339733487,False
XLF,long,2023-06-07,20,1.5724235336024517,True
XLF,short,2023-08-17,15,-0.08753655937019378,False
XLF,long,2023-09-14,7,-3.4068096659382374,False
XLF,short,2023-10-23,10,-4.824149348064344,False
XLF,long,2024-01-26,20,4.291281348353082,True
XLF,long,2024-07-11,18,-1.0727074010854487,False
XLF,long,2024-10-15,20,5.560277601808572,True
XLF,long,2025-01-17,20,4.528147322064924,True
XLF,short,2025-03-06,16,0.8262794361905024,False
XLF,long,2025-06-30,20,1.1881926566858825,True
XLF,long,2025-08-04,20,3.8565925141738955,True
XLF,short,2025-10-14,20,-1.4489958255066604,True
XLF,short,2025-11-19,9,-4.2234295909580055,False
XLF,short,2026-02-13,20,4.364694535984437,True
XLF,long,2026-04-10,19,0.6246334133975573,False
XLF,long,2026-06-15,20,5.208339172578236,True
XLI,short,2022-02-24,6,-6.582436338823849,False
XLI,long,2022-03-21,14,-2.6012161221801278,False
XLI,long,2022-07-22,20,8.567657451586165,True
XLI,long,2022-10-24,20,11.688314461572059,True
XLI,short,2022-12-20,14,-5.231657726999472,False
XLI,short,2023-03-13,17,0.19389204628400547,False
XLI,short,2023-05-12,6,-0.9308031489547508,False
XLI,long,2023-06-07,20,5.221437260608197,True
XLI,short,2023-08-17,20,2.1617589465350195,True
XLI,long,2024-05-10,13,-3.258284945487999,False
XLI,long,2024-07-16,15,-2.7024867057316326,False
XLI,long,2024-09-17,20,5.0798423389971425,True
XLI,short,2025-02-26,20,1.4821875214138913,True
XLI,short,2025-04-04,14,-5.529647858352504,False
XLI,long,2025-07-01,20,3.288934640830554,True
XLI,long,2025-10-07,7,-2.4201818306284206,False
XLI,short,2025-11-19,10,-3.339996337890616,False
XLI,short,2026-03-12,19,-2.506254804706476,False
XLI,long,2026-06-16,20,0.31740286202130985,True
XLI,long,2026-08-06,12,-4.124261957206576,False
XLK,long,2021-12-28,9,-6.226686224265232,False
XLK,long,2022-07-18,20,13.37522880194757,True
XLK,short,2022-12-19,18,-3.107059437563642,False
XLK,long,2023-05-09,20,8.707507602242659,True
XLK,long,2023-07-14,15,-3.1297745785762388,False
XLK,short,2024-04-17,15,-1.1555537471064747,False
XLK,long,2024-10-10,16,-2.192805300431455,False
XLK,short,2025-01-02,13,-3.183139910581523,False
XLK,short,2025-04-01,17,-1.366331570824264,False
XLK,long,2025-08-14,5,-3.011803025761428,False
XLK,short,2025-08-27,1,-1.234380301007687,False
XLK,short,2025-09-03,5,-3.4542139336763533,False
XLK,long,2025-10-21,18,0.04860391170893319,False
XLK,short,2026-02-05,20,-0.05100718904462731,True
XLK,short,2026-03-30,7,-8.227319799077314,False
XLK,short,2026-07-28,7,-8.247178648141396,False
XLV,short,2021-12-01,8,-4.219409085130588,False
XLV,long,2022-03-17,20,3.741394809065901,True
XLV,long,2022-05-31,9,-8.393551794538856,False
XLV,long,2022-08-03,15,-1.63300098395196,False
XLV,long,2022-10-25,20,5.606973263240289,True
XLV,long,2022-11-25,17,-1.509155720581501,False
XLV,short,2023-02-27,20,1.075773505778932,True
XLV,long,2023-04-04,20,1.838995502470575,True
XLV,short,2023-05-19,16,-0.41984965783039563,False
XLV,short,2023-07-14,5,-4.214801457737893,False
XLV,short,2023-09-19,19,0.045719393848275836,False
XLV,long,2023-10-24,1,-0.2680302262360601,False
XLV,long,2024-02-06,20,1.7277491307836845,True
XLV,short,2024-04-05,20,0.6350059434239386,True
XLV,short,2024-07-15,20,-0.38296649976041763,True
XLV,long,2024-08-16,20,3.000132137551792,True
XLV,short,2024-10-04,20,2.6425004987386758,True
XLV,long,2025-01-22,20,3.822283534766213,True
XLV,long,2025-03-04,7,-3.978898272392062,False
XLV,long,2025-05-12,1,-0.7600916078500553,False
XLV,short,2025-07-22,20,-4.150481341537038,True
XLV,short,2025-09-29,3,-5.5350900435046535,False
XLV,short,2026-02-04,9,-1.8474263002743685,False
XLV,short,2026-03-11,20,2.2965156967657996,True
XLV,long,2026-04-24,2,-0.9639280517235504,False
XLV,long,2026-05-26,20,2.2674286258552057,True
XLV,long,2026-07-29,18,4.516902977832893,False
XOM,short,2021-11-22,20,-0.2984089955014202,True
XOM,long,2022-01-04,20,25.71340433401499,True
XOM,short,2022-03-07,20,2.0725324361577258,True
XOM,long,2022-05-05,20,7.659708118466502,True
XOM,long,2022-07-29,20,3.6209697287909792,True
XOM,short,2022-09-22,11,-9.577008810544264,False
XOM,short,2022-12-07,15,-5.22258453719171,False
XOM,long,2023-01-05,20,5.247321819839534,True
XOM,short,2023-02-23,20,6.610674137910488,True
XOM,short,2023-05-04,20,1.9833172932209653,True
XOM,short,2023-06-28,9,-2.089924605693927,False
XOM,short,2023-07-17,10,-6.473388169227112,False
XOM,long,2023-09-05,20,1.5162168098766138,True
XOM,short,2023-10-05,20,0.6284175065833009,True
XOM,short,2023-11-28,19,2.014580311931291,False
XOM,short,2024-01-17,9,-8.540372805709872,False
XOM,long,2024-03-07,20,13.855538915459364,True
XOM,short,2024-05-06,20,3.4284735259940247,True
XOM,long,2024-08-19,2,-3.8429079333781146,False
XOM,short,2024-08-23,5,-2.5297780518042767,False
XOM,short,2024-12-04,20,8.204254799700795,True
XOM,long,2025-01-17,12,-1.0357574876361575,False
XOM,long,2025-03-20,13,-12.160045701881684,False
XOM,long,2025-05-09,9,-3.892102102576833,False
XOM,short,2025-10-17,6,-3.8609740159751826,False
XOM,long,2025-12-30,20,16.028072896188128,True
XOM,long,2026-03-19,15,-3.63326184732784,False
XOM,long,2026-05-18,8,-7.665911680596659,False
XOM,long,2026-08-19,3,-1.216357068327989,False
XYZ,short,2022-02-23,4,-33.17134236394838,False
XYZ,short,2022-04-18,20,34.01771972501335,True
XYZ,short,2022-06-14,18,-2.3772013706726103,False
XYZ,long,2022-07-14,20,35.90958944464171,True
XYZ,long,2022-11-01,20,8.815025644468255,True
XYZ,short,2023-02-21,20,-5.97893414357249,True
XYZ,short,2023-04-24,20,4.835167651750838,True
XYZ,long,2023-06-05,19,3.908331344453586,False
XYZ,long,2023-07-12,18,-12.110393344880265,False
XYZ,long,2023-10-23,5,-10.004590241308042,False
XYZ,long,2024-02-26,20,6.578955526788954,True
XYZ,short,2024-04-11,20,7.808569846961455,True
XYZ,short,2024-05-28,20,4.784113505003695,True
XYZ,long,2024-07-15,9,-13.397608065617405,False
XYZ,short,2024-09-16,3,-7.183008132977342,False
XYZ,long,2024-10-16,20,19.376826294954164,True
XYZ,long,2025-04-30,5,-15.906698740808721,False
XYZ,long,2025-07-01,20,14.540889850528504,True
XYZ,long,2025-08-29,7,-8.725250972134013,False
XYZ,long,2025-10-09,15,-8.842025518251273,False
XYZ,long,2025-12-22,18,-4.498323697122119,False
XYZ,long,2026-04-15,20,4.149251909398322,True
XYZ,short,2026-06-02,11,4.547243260018097,False
XYZ,long,2026-08-04,5,-3.696490515828077,False
ZS,short,2021-12-06,15,-7.524674119691088,False
ZS,long,2021-12-31,4,-19.802133295961543,False
ZS,short,2022-04-22,20,35.426201310201556,True
ZS,short,2022-07-27,7,-13.101247114754134,False
ZS,long,2022-08-09,14,-4.683747115123849,False
ZS,long,2023-01-24,20,8.310119077207133,True
ZS,short,2023-03-07,19,5.680865159339621,False
ZS,long,2023-04-10,4,2.918209926299564,False
ZS,long,2023-07-20,14,-11.32600052502115,False
ZS,long,2023-09-05,15,-6.934489468499894,False
ZS,short,2024-04-05,20,2.7829576623447094,True
ZS,short,2024-05-30,7,-13.17538686899038,False
ZS,long,2024-10-10,15,-2.5758548523062474,False
ZS,short,2024-12-20,18,-6.066136608522266,False
ZS,long,2025-01-29,19,-3.948588799612962,False
ZS,long,2025-03-26,8,-16.35075833877758,False
ZS,short,2025-07-14,20,5.905627623299159,True
ZS,long,2025-09-22,20,4.111356024484691,True
ZS,long,2025-10-27,15,-9.478199976132974,False
ZS,short,2026-03-26,19,4.461842061986776,False
ZS,short,2026-06-26,3,-16.944815956625714,False
ZS,long,2026-08-06,12,13.04012684339888,False
