session_date,ticker,signal_type,alert_price,eod_return_pct,is_win,pct_b,rsi,vol_ratio,tape_label,prev_state,mins_in_pre_breakout,ret_1d,ret_3d,ret_5d,gap_pct
2026-06-29,CRWD,PRE-BREAKOUT,745.01,-0.2818790157808272,0,82.5,,1.61,NO DATA,,,-74.39161841289253,-73.96276617393873,-73.87686136868129,1.199556807597405
2026-06-29,AXON,PRE-BREAKOUT,508.32,0.4485375557750299,1,94.8,,1.77,NO DATA,,,10.286824313732,17.45356823011956,25.99544026846401,
2026-06-25,TECH,BREAKOUT,70.54,0.2268173351888024,1,104.5,77.8,1.74,,,,0.5407754645524613,0.0451460282120428,0.3000396218014513,
2026-06-25,RVTY,BREAKOUT,112.46,0.9514483187772376,1,113.4,,2.39,,,,0.4349682947165993,-1.1290440159973492,1.0925778710034455,
2026-06-25,DHR,BREAKOUT,195.21,-1.229446463504051,0,119.2,,1.5,,,,0.5020247125691522,-2.423033795635954,1.3933674892583587,0.4341649523048714
2026-06-25,UAL,BREAKOUT,135.19,-0.429025364042041,0,111.0,,1.7,,,,0.6805241588516642,0.5917638088350209,-1.3832329874852043,1.3099485229166474
2026-06-25,GLW,BREAKOUT,224.96,1.3557941442193857,1,95.9,,3.11,,,,-1.7380854144035365,13.544626900685117,-12.522229158013513,
2026-06-25,MKC,BREAKOUT,50.13,-3.5507710470355254,0,103.3,,1.5,,,,0.920711618541786,-0.3247379567032017,5.665272732302259,
2026-06-25,PNR,BREAKOUT,75.87,0.1713457229471404,1,97.2,,1.81,,,,0.2867771448849535,0.6017372952912817,0.6804748189233991,
2026-06-25,DLTR,BREAKOUT,118.37,-0.1351701575799174,0,94.3,,1.77,,,,4.646449899959471,2.179603741017304,4.798515714925917,
2026-06-25,JPM,PRE-BREAKOUT,341.01,-1.7272235074667872,0,93.2,,1.19,,,,-3.939978362758788,-4.442098615372347,-2.357701762205468,0.452835265487819
2026-06-25,MU,BREAKOUT,1228.88,-1.2466588606088558,0,86.7,,1.19,,,,-7.870916298657119,-6.084194646497226,-20.62610074665296,17.59544386949766
2026-06-25,BAC,PRE-BREAKOUT,58.83,-1.0878826675012987,0,80.2,,1.23,,,,-1.614820553943165,-3.144654866162962,-0.1699820801694206,0.20786234684961707
2026-06-25,SNDK,PRE-BREAKOUT,2204.0,5.943738656987295,1,79.8,,1.26,,,,-5.140201409369329,3.1637922172754083,-20.825771324863883,
2026-06-25,AMAT,BREAKOUT,651.21,2.578277360605636,1,80.1,,2.65,,,,-3.84507744177666,10.90550239829989,-7.495920979671501,8.280561311645023
2026-06-25,C,PRE-BREAKOUT,146.86,-1.2801336459627883,0,85.8,,1.07,,,,-3.960988386180938,-5.18043431829209,-5.173660022725734,0.9053576745685639
2026-06-25,DRI,PRE-BREAKOUT,214.21,-0.6769084044461372,0,78.3,,1.67,,,,-1.0292047167863931,-4.599608919109756,-5.382215762460032,
2026-06-25,HWM,PRE-BREAKOUT,278.31,-1.857635496950344,0,79.0,,1.43,,,,-3.438582233082041,-3.442178857574513,-2.8855134948158088,
2026-06-25,CRL,BREAKOUT,207.48,2.5207281250564866,1,116.4,,1.74,,,,3.985926354347412,9.306917913115878,11.18662157384146,
2026-06-25,DAL,BREAKOUT,94.21,-2.229062084331209,0,102.2,,1.44,,,,-1.9828094265387768,-0.828666107984317,-1.79221628324935,
2026-06-25,CAT,BREAKOUT,1038.58,1.774539252212162,1,84.3,,1.12,,,,-4.1361295384232495,2.344376230646659,-7.397994314878842,3.035849169975282
2026-06-25,SPG,PRE-BREAKOUT,223.19,1.0305145809239056,1,94.2,,1.31,,,,1.6577800930366235,0.2060996892711937,1.285898812040751,
2026-06-25,LRCX,PRE-BREAKOUT,393.52,2.109170391395296,1,90.2,64.0,1.06,,,,-3.666904772847469,10.11638203198456,-10.700852901476573,8.855390480892886
2026-06-25,WDC,PRE-BREAKOUT,682.21,-0.999690029692109,0,75.1,,1.89,,,,-14.036731767779536,-6.374874202499968,-20.99206989050293,
2026-06-25,CNP,BREAKOUT,43.78,1.005027913894755,1,110.9,,2.31,,,,2.2668666848312915,-0.0037059548675577,1.290520275494123,
2026-06-25,MTD,BREAKOUT,1242.4,0.0821027000412434,1,118.0,,1.57,,,,1.7184481648422334,2.825982756408959,5.314717780983371,
2026-06-26,BDX,BREAKOUT,155.76,0.1027209610588864,1,111.8,,4.75,NO DATA,,,-0.365946044294903,-1.8361621106289268,-0.141247248245492,
2026-06-26,LLY,BREAKOUT,1187.11,1.7698440007402516,1,117.2,,1.6,NO DATA,,,3.4588341447401763,0.2463687416288381,0.9462388075083692,0.09844083742475132
2026-06-26,MRNA,BREAKOUT,68.58,-1.9101827893461536,0,99.7,,1.81,NO DATA,,,1.63312474226041,5.715952172645088,19.27676152195657,
2026-06-26,ERIE,BREAKOUT,237.05,0.700277036012308,1,98.3,,1.52,NO DATA,,,-0.3760259982730484,4.556724356840588,7.853620521530921,
2026-06-26,EXC,BREAKOUT,47.22,0.3811976405737132,1,98.4,,1.69,NO DATA,,,-0.1482390387994337,-2.0330404033604315,-0.36001855768626,
2026-06-26,KVUE,PRE-BREAKOUT,19.08,0.2620501088396397,1,94.7,,1.27,NO DATA,,,-1.154196237368145,0.1934635314301714,1.385626403040865,
2026-06-26,KDP,BREAKOUT,33.22,0.5418468569503534,1,119.1,,3.77,NO DATA,,,0.8428657435279987,0.4515320044694966,-4.425045153521971,
2026-06-26,BF-B,PRE-BREAKOUT,27.7,0.9386248536919024,1,88.8,,1.54,NO DATA,,,0.0721996872003353,-6.750902802505215,-7.039711191335737,
2026-06-26,VRTX,BREAKOUT,503.08,-2.3336255987336725,0,107.8,,3.9,NO DATA,,,-0.6818013245439313,-1.0077900601047516,5.269544974053583,0.4831536839530973
2026-06-26,MNST,BREAKOUT,96.38,-2.849742712909864e-06,0,97.6,,1.7,NO DATA,,,1.307324537921189,1.0064312866996248,1.0271869128263496,
2026-06-26,TROW,BREAKOUT,110.27,-3.044285471815508e-06,0,96.9,,1.61,NO DATA,,,3.727212526904845,5.296091965495209,8.025757455864728,
2026-06-26,FAST,PRE-BREAKOUT,47.12,-0.0424480600146513,0,81.2,,1.09,NO DATA,,,0.0452284497194716,0.7839536423998953,1.9659269038202047,
2026-06-26,SBUX,PRE-BREAKOUT,104.6,-1.4587752395465183e-06,0,89.6,,1.54,NO DATA,,,-1.0844768575227002,-1.7213489539764526,-2.938069622557655,0.2714218392372144
2026-06-26,TTWO,PRE-BREAKOUT,238.53,-5.117608376878666e-07,0,81.0,,1.79,NO DATA,,,3.61379864020642,4.942777564339391,8.334382954810453,
2026-06-29,ABBV,BREAKOUT,253.35,0.3789214756636099,1,120.2,,8.38,NO DATA,,,-1.376944452153639,2.318880613066166,-0.1972626858687317,-0.11841446399461898
2026-06-29,ABNB,BREAKOUT,145.56,1.1060718390665776,1,95.2,,1.55,NO DATA,,,-1.6900205389422762,2.3151914507977795,2.225888329044937,0.4053286258493703
2026-06-29,AEE,BREAKOUT,118.32,-3.15247097879426,0,119.1,,2.34,NO DATA,,,-4.462473871258156,-2.7890494903089817,-3.2876941301759737,
2026-06-29,AEP,BREAKOUT,138.69,-0.5191425332012927,0,111.0,,1.47,NO DATA,,,-2.1008900174737706,-0.8844006903041389,-1.5856734676087392,
2026-06-29,ALL,BREAKOUT,239.61,0.7387024259473671,1,102.8,,1.52,NO DATA,,,-0.6969648840172629,4.473937578170641,4.945539298805215,
2026-06-29,ALLE,BREAKOUT,139.71,-0.042950471344666,0,113.7,,1.76,NO DATA,,,0.5583032661685309,0.6227197989082238,-0.2791444247235402,
2026-06-29,AOS,BREAKOUT,61.72,-0.0648083195466908,0,101.1,,1.66,NO DATA,,,1.0085666480963695,1.0085666480963695,-1.262198032223396,
2026-06-29,ARE,BREAKOUT,55.22,0.6700473607169355,1,105.2,,1.7,NO DATA,,,-4.291925979498198,-4.780873178097268,-10.521550439311644,
2026-06-29,BIIB,BREAKOUT,216.03,0.2777414631359065,1,135.7,,2.16,NO DATA,,,0.0138858300207141,0.0416586201858532,-4.781744689051434,
2026-06-29,CB,BREAKOUT,341.44,0.5418253704668103,1,98.9,,1.88,NO DATA,,,-0.2050169182359998,5.7784715990318585,5.230783678821682,
2026-06-29,CINF,BREAKOUT,184.08,1.1299454922367245,1,103.1,,1.79,NO DATA,,,0.5758362612170931,4.318773782755792,2.7053441756810828,
2026-06-29,DGX,BREAKOUT,209.88,1.315036873283992,1,101.9,,1.54,NO DATA,,,0.5773469791517793,2.366336032234196,0.7814009302748914,
2026-06-29,EW,BREAKOUT,90.78,0.4406260246483588,1,108.5,,2.87,NO DATA,,,-0.3525015592942772,3.9546185796232978,4.450319117453423,
2026-06-29,GPC,BREAKOUT,116.02,0.9998278789655104,1,104.3,,1.59,NO DATA,,,1.689366796184794,14.26478824704254,10.903290957546384,
2026-06-29,HD,BREAKOUT,348.86,0.5589627812284974,1,98.2,,1.45,NO DATA,,,1.0949930275128237,2.591295619011741,-1.046267426739061,0.0
2026-06-29,HSIC,BREAKOUT,84.95,-0.7769265267482743,0,102.4,,1.72,NO DATA,,,-1.6833470946834568,1.742201654120987,2.224833829182604,
2026-06-29,INCY,BREAKOUT,113.75,0.8000032194368132,1,104.3,,1.72,NO DATA,,,-0.3428566062843406,2.7340664706387363,3.780222463083791,
2026-06-29,LII,BREAKOUT,563.87,0.8796384077613182,1,101.3,,2.7,NO DATA,,,1.6103024113769566,1.0924555831796328,-1.2307814432792583,
2026-06-29,NRG,BREAKOUT,149.36,-0.167380416208122,0,105.9,,2.55,NO DATA,,,-2.555325737469462,-8.799895259487363,-7.925927070736191,
2026-06-29,NVR,BREAKOUT,6828.62,-0.1111529832345318,0,101.8,,1.48,NO DATA,,,-0.2228868740133422,-1.1397611953440066,-1.9759491462952967,
2026-06-29,PHM,BREAKOUT,137.61,0.239809927626071,1,104.6,,1.77,NO DATA,,,-0.2906716707599928,-2.863165344854808,-5.588257998005015,
2026-06-29,PNW,BREAKOUT,108.08,-0.203552359038153,0,102.9,,1.84,NO DATA,,,-1.891337069293288,0.2817273934093974,-0.4151184059442353,
2026-06-29,PODD,BREAKOUT,158.25,-0.3222714103228672,0,97.5,,1.7,NO DATA,,,-3.791469194312796,3.9368061469441153,2.085309985312994,
2026-06-29,SYY,BREAKOUT,82.82,0.7003157762363114,1,99.3,,1.63,NO DATA,,,0.2531643507993698,2.426952222959061,2.1733913868413888,
2026-06-29,AIZ,PRE-BREAKOUT,264.43,1.3425144599055017,1,81.0,,1.38,NO DATA,,,1.5505043978734894,5.691491504870143,5.929730118202357,
2026-06-29,AMGN,PRE-BREAKOUT,358.33,0.6195372402446812,1,90.9,,1.15,NO DATA,,,0.4705305852409137,3.808267734067589,2.129685962921753,
2026-06-29,APH,PRE-BREAKOUT,163.72,1.6491559790772743,1,79.3,,1.19,NO DATA,,,7.69607092854798,0.5313928279322173,-3.121182133916709,
2026-06-29,AXP,PRE-BREAKOUT,340.36,0.1527808446387608,1,76.8,,1.88,NO DATA,,,-0.8912330705447948,3.408153559489397,2.7088925174126253,0.41720927513486156
2026-06-29,BALL,PRE-BREAKOUT,61.79,0.3722292567788844,1,93.2,,1.27,NO DATA,,,0.9872172291291588,2.589414775284736,1.4079945742225444,
2026-06-29,BRK-B,PRE-BREAKOUT,498.66,-0.5334295913047016,0,87.6,,1.25,NO DATA,,,0.3469327093485491,1.828901211105132,1.0708699314161902,
2026-06-29,BXP,PRE-BREAKOUT,67.4,-0.4896146961065087,0,85.5,,1.17,NO DATA,,,-1.6172143047570555,2.8486642356442324,1.7655732016181294,
2026-06-29,CAH,PRE-BREAKOUT,237.92,-0.7145253779828777,0,87.5,,1.49,NO DATA,,,-0.368194734,0.4287165607793639,0.7523565542481507,
2026-06-29,CSX,PRE-BREAKOUT,47.66,0.7343649213873407,1,86.5,,1.48,NO DATA,,,-0.2727679830111658,2.580779248108353,1.7834626973000558,
2026-06-29,DE,PRE-BREAKOUT,613.24,2.1834852395167457,1,86.3,,1.57,NO DATA,,,3.4391130862050328,1.3094415777265005,-1.570350050296378,0.14186862093827174
2026-06-29,DVA,PRE-BREAKOUT,217.04,1.2255791320688332,1,88.5,,2.1,NO DATA,,,2.5064484553718533,8.233507031933922,7.95705748184379,
2026-06-29,EXR,PRE-BREAKOUT,149.21,-0.6366902306575098,0,84.2,,1.31,NO DATA,,,-2.6204657517875445,0.0871230734472334,-0.9918934873406242,
2026-06-29,FITB,PRE-BREAKOUT,56.31,0.8346630781333204,1,92.0,,1.22,NO DATA,,,0.1065511132743089,1.5095007057576044,2.8591691865482334,
2026-06-29,FRT,PRE-BREAKOUT,125.08,0.2718245674330942,1,78.6,,1.39,NO DATA,,,-2.2145846189688583,-2.710263478248919,-2.3744798446181927,
2026-06-29,FTNT,PRE-BREAKOUT,151.35,2.6891299431419347,1,88.1,,1.3,NO DATA,,,1.499831593780975,3.2375289065080977,4.836470544397304,
2026-06-29,GWW,PRE-BREAKOUT,1353.61,-0.0236376014878657,0,87.5,,1.32,NO DATA,,,0.3057405867458204,-0.9786846464038682,0.0130210978651605,
2026-06-29,IEX,PRE-BREAKOUT,227.19,-0.541394113355698,0,84.8,,1.58,NO DATA,,,-0.4314548034547065,-1.8046585070246808,-2.693777312285421,
2026-06-29,ITW,PRE-BREAKOUT,267.71,-0.0896487913402019,0,83.9,,1.31,NO DATA,,,1.0309668001580612,1.886373226859296,1.2625588651490964,
2026-06-29,PPG,PRE-BREAKOUT,123.24,-1.8906169570680136,0,91.6,,1.27,NO DATA,,,-2.190604948138537,1.067290140490612,-3.0534619830019127,
2026-06-29,RL,PRE-BREAKOUT,411.16,-3.2955576049317843,0,75.6,,1.95,NO DATA,,,-2.3713387337996523,-3.147193009849426,-3.854947573063108,
2026-06-29,TGT,PRE-BREAKOUT,140.39,-4.608591659701314,0,93.4,,1.47,NO DATA,,,-7.674946347841273,-7.957699676041955,-9.837990288075844,-0.8832577096339054
2026-06-29,URI,PRE-BREAKOUT,1121.66,0.0900490295911789,1,86.0,,1.75,NO DATA,,,0.8272093649144944,-2.2254952690097785,-6.014217522745313,
2026-06-29,WSM,PRE-BREAKOUT,239.19,0.4097153597329799,1,91.8,,1.36,NO DATA,,,-2.8703979915776934,-5.1913428034460045,-7.2914405821797,
2026-06-29,CHTR,BREAKOUT,149.11,-1.971699973881497,0,113.9,,4.49,NO DATA,,,-4.627451737732429,-7.987393905008265,-7.437459410863842,
2026-06-29,CMCSA,BREAKOUT,25.36,-4.495270846393956,0,103.2,,4.43,NO DATA,,,-4.495270846393956,-6.190848124892176,-7.68927504963679,16.745788295168662
2026-06-30,INTC,PRE-BREAKOUT,140.51,-0.0177918935651757,0,87.9,63.6,0.84,NO DATA,,,-9.600742549949176,-13.031103161168462,-21.542952200007445,0.20498350285355105
2026-06-30,TSLA,PRE-BREAKOUT,416.87,0.0755625395432018,1,76.9,55.7,0.82,NO DATA,,,2.0222102317194195,0.6956578822347184,-5.471730381511324,-1.4180255414287761
2026-06-30,QQQ,PRE-BREAKOUT,734.92,0.0646355428141894,1,69.2,56.4,0.6,BULLISH,,,-1.32667733764814,-1.6464367109047529,-3.194905235752696,0.013807256598423023
2026-06-30,MRVL,PRE-BREAKOUT,297.33,-1.9725261861820147,0,66.8,59.2,0.4,NEUTRAL,,,-8.524911835781156,-16.184533477507102,-22.08897099222139,0.36003600360036003
2026-06-30,ROKU,PRE-BREAKOUT,137.62,0.3705892187272892,1,69.5,60.3,0.36,NO DATA,,,2.0999814756837183,3.3715989731404825,1.1844208690597264,-0.5713021213438643
2026-06-30,RIVN,PRE-BREAKOUT,17.1,0.9064278407403517,1,71.0,58.4,0.84,NO DATA,,,0.4678380419636247,17.777774208470383,-2.5731003075315324,-1.2195117800056527
2026-06-30,ARKK,PRE-BREAKOUT,80.66,0.1983631227674462,1,85.5,58.4,0.49,NO DATA,,,1.475326647806964,3.6573278085191743,-0.6198814008066224,-0.7069325489776772
2026-06-30,SPY,PRE-BREAKOUT,746.88,-0.0147253198304942,0,67.3,56.0,0.42,NEUTRAL,,,-0.1499558475759151,0.5891213175978743,-0.1981544004307914,0.039133337023448046
2026-06-30,XLI,PRE-BREAKOUT,184.93,0.1622212337311716,1,93.3,63.9,0.42,NO DATA,,,-0.848969550450681,0.3406681223131688,-2.4387616022574456,0.306419804232302
2026-06-30,IWM,PRE-BREAKOUT,300.66,-0.0698422779780399,0,84.5,63.6,0.49,BULLISH,,,-0.445683721074062,-0.5853808632726833,-2.3880759042346504,-0.13713872978403124
2026-07-01,META,BREAKOUT,611.75,1.2161834804096854,1,85.9,58.2,1.18,NO DATA,,,-4.7159747586330205,0.6260755357325296,3.225170489374744,7.921318833586902
2026-07-01,HOOD,BREAKOUT,104.0,3.8461538461538463,1,76.1,61.0,0.28,NO DATA,,,8.394233997051533,8.557693774883564,10.68269289456881,0.38891044514946094
2026-07-01,RCL,BREAKOUT,319.53,-2.760306871004866,0,74.5,62.0,0.41,NO DATA,,,-7.270056710490791,-11.664003453314235,-9.842585493610724,0.028342625338268607
2026-07-01,XLF,BREAKOUT,54.01,1.5922957450190105,1,75.5,63.9,0.43,NO DATA,,,2.980927479882925,3.777076906240601,2.8328104342294864,0.4103734717373701
2026-07-01,BKNG,BREAKOUT,181.55,1.2778821906843782,1,85.4,60.8,0.17,NO DATA,,,1.657944124810652,0.2203232983983344,-3.321396710294174,0.9201073491390436
2026-07-01,TMO,BREAKOUT,506.72,1.7741596883202209,1,86.6,61.5,0.11,NO DATA,,,3.2996531499459705,1.953740747787234,3.550288516864585,0.6821472649709371
2026-07-01,WFC,BREAKOUT,84.4,0.9952581324283476,1,73.9,59.6,0.19,NO DATA,,,0.7368169124657441,2.704197309593447,2.386122066262767,0.22991583108609012
2026-07-01,UPS,BREAKOUT,108.19,1.9502754891929148,1,58.2,55.0,0.1,NO DATA,,,0.6778188504995574,1.8605477731233848,0.7505939235770137,0.5023264330486918
2026-07-01,IBM,BREAKOUT,288.27,0.204664152205404,1,74.9,61.0,0.36,NO DATA,,,-0.2817094183350181,5.439211669100373,1.7090737246927858,-0.5511851783603331
2026-07-01,SOFI,BREAKOUT,18.3,1.065578356466654,1,94.2,60.4,1.03,NO DATA,,,-0.3278701031794352,-3.0054644808743207,1.7486384657562717,1.1712162905654644
2026-07-01,PYPL,BREAKOUT,44.3,0.2595957461113918,1,94.8,55.4,0.46,NO DATA,,,2.64108627698223,3.0474075076273346,2.302482381093051,1.5748038452289517
2026-07-01,SCHW,BREAKOUT,93.02,2.875725322322321,1,94.9,61.0,0.31,NO DATA,,,3.975458827948631,9.25998330962092,9.238551781014,0.5310561515024005
2026-07-01,LOW,BREAKOUT,224.69,-0.6920670671432019,0,84.6,56.4,0.74,NO DATA,,,0.6287088317341403,-2.290630480641383,-5.784987571417841,1.0295201401962197
2026-07-01,XYZ,BREAKOUT,76.46,1.0332199843055274,1,85.6,59.3,0.62,NO DATA,,,3.0996623477042817,1.438657544590317,1.2555560671531767,-0.5460538362201892
2026-07-01,DIA,BREAKOUT,523.24,-0.0420419824076922,0,91.9,67.3,0.62,NEUTRAL,,,0.7745907709655208,0.8834004830479303,0.0701505359036944,-0.1837749470196772
2026-07-01,TFC,BREAKOUT,50.18,1.13591072140295,1,81.3,58.3,0.39,NO DATA,,,0.5972994899027569,1.3471406501049352,1.3668679107751165,-1.103972782877568
2026-07-01,RTX,BREAKOUT,190.75,0.0733941754382372,1,87.8,61.1,0.36,NO DATA,,,4.110241811209862,4.946263464531455,1.994073750307176,0.3952985910973372
2026-07-01,VLO,BREAKOUT,265.38,0.574647215048941,1,88.9,61.6,0.45,NO DATA,,,0.5083981504705534,-0.0696625990913955,5.572110500302633,0.9983128855562708
2026-07-01,MPC,BREAKOUT,259.63,0.4649297723563357,1,67.1,57.3,0.38,NO DATA,,,2.3081618703780395,2.3004745861297824,8.818856721133201,0.7001186290735587
2026-07-01,ABBV,PRE-BREAKOUT,251.49,-0.1769461334664187,0,90.0,72.9,0.36,NO DATA,,288.0,3.075622900792523,0.5408704065177754,-1.3305685904975135,-0.3536796184259762
2026-07-01,AXP,PRE-BREAKOUT,350.46,-0.6976503314393881,0,86.0,70.9,0.44,NO DATA,NEUTRAL,279.0,0.4280064643834233,-0.2511023876431988,-1.0671685154644908,0.9696966088091279
2026-07-01,JNJ,PRE-BREAKOUT,253.68,0.1064320988024994,1,87.7,67.2,0.26,NO DATA,,351.0,3.6896911640341647,5.345313085136784,2.136552390222177,-0.28349853023681915
2026-07-02,NKE,BREAKOUT,44.64,-0.3136200716845891,0,69.2,55.3,0.24,NO DATA,,,-2.912186038109565,-3.920252263332354,-0.6048411024086804,2.4384561160553835
2026-07-02,XYZ,BREAKOUT,79.58,0.9047537720002692,1,93.4,62.4,0.27,NO DATA,,0.0,-0.8293564099707034,-3.807485484094227,-2.865037632875328,1.7113960091133333
2026-07-02,XLV,BREAKOUT,160.69,0.1120138883486852,1,93.3,68.9,0.12,NO DATA,,0.0,0.7903458297760843,1.0019310795679974,0.0933451601783728,0.7082894135427545
2026-07-02,VRTX,BREAKOUT,503.28,1.1345553636892045,1,92.4,75.2,0.05,NO DATA,,0.0,5.227711583108563,-0.9636797258422196,-3.5546783801387845,1.1545952666104207
2026-07-02,LMT,BREAKOUT,534.2,0.5213375798507028,1,73.6,56.2,0.01,NO DATA,,,0.7113440658929154,-1.1680977213298007,-2.055415443069084,1.375951970986838
2026-07-02,AXP,BREAKOUT,350.83,-0.0570062757425203,0,85.4,71.2,0.05,NO DATA,,0.0,1.482199007866172,-4.115949420392351,-0.0712634118331839,0.4224141438802083
2026-07-02,JNJ,BREAKOUT,255.37,0.0567801189052876,1,88.2,68.7,0.04,NO DATA,,0.0,1.550685895863109,3.144454672234158,0.6304620692830483,0.708718435324644
2026-07-02,BKNG,PRE-BREAKOUT,185.66,-0.285465429918936,0,92.4,64.0,0.09,NO DATA,,1.0,-2.493806539213143,-6.124101429423239,-3.915760320129031,0.9362717474713846
2026-07-02,LLY,PRE-BREAKOUT,1193.17,0.535553072382806,1,80.7,64.8,0.06,NO DATA,,1.0,0.4335422033584842,1.753330201139605,-0.527238332289202,0.10656850837070844
2026-07-02,KO,PRE-BREAKOUT,81.69,0.1836165233083942,1,66.3,56.6,0.1,NO DATA,,,1.5546567321246891,2.093281339060973,2.2034494598721186,0.4182511182942818
2026-07-02,TMO,PRE-BREAKOUT,517.41,0.7817817765106554,1,93.5,65.0,0.05,NO DATA,,1.0,0.0367166436554244,-1.407007038361738,1.863123595015323,1.0441597360600847
2026-07-02,SBUX,PRE-BREAKOUT,104.11,0.4610472941029926,1,76.0,58.0,0.04,NO DATA,,1.0,-2.4812417877200192,-0.8003713395086922,1.243406491256244,0.5899996266105373
2026-07-02,MRK,PRE-BREAKOUT,126.42,0.2611131008771591,1,79.4,62.6,0.04,NEUTRAL,,1.0,0.2847641032248642,-0.340137744210149,-2.2781198263507814,0.6460856192458152
2026-07-02,VLO,BREAKOUT,270.44,0.486246443873873,1,92.3,63.2,0.06,NO DATA,,3.0,-0.429168055703205,4.19722863016635,3.39055077561682,0.17072129264776006
2026-07-02,MPC,BREAKOUT,266.48,0.6623368047086017,1,82.2,60.7,0.04,NO DATA,,3.0,0.666264877846126,5.041107663303759,6.186272682137255,0.8041699407553178
2026-07-02,DHR,BREAKOUT,196.38,-0.2036889054185421,0,92.0,65.5,0.05,BULLISH,,4.0,-1.4054409220961888,-2.856704209969985,1.3596104754851903,1.9357835930052802
2026-07-02,TFC,BREAKOUT,51.27,-0.2145507169648795,0,88.0,60.0,0.06,NO DATA,,4.0,-0.6916222480251669,-4.032804497692218,-0.2087918410460308,1.0021657346182018
2026-07-02,BA,BREAKOUT,225.81,0.0199263662101147,1,82.8,55.6,0.34,NO DATA,,6.0,3.8660791311867535,-0.3808525095247397,-1.5632616893419808,1.1071452780093682
2026-07-02,DIA,PRE-BREAKOUT,525.41,0.0761305568211076,1,88.8,67.4,0.15,BULLISH,,6.0,0.7785326280904498,-0.6131214417668999,-0.0408725633612261,0.5914941952344444
2026-07-02,SPY,PRE-BREAKOUT,748.92,0.2443518666880362,1,76.3,56.7,0.09,NEUTRAL,,7.0,0.3151243519835284,-0.4700068880437776,0.8051610595298951,0.2199118519311485
2026-07-02,ROKU,BREAKOUT,141.31,0.3396739693813674,1,75.4,64.4,0.04,NO DATA,NEUTRAL,0.0,0.6722769137611883,-1.4577878423324622,-0.438749953006689,0.010674962803238717
2026-07-02,DE,BREAKOUT,636.25,-0.8612935903732809,0,92.3,66.6,0.06,NO DATA,,9.0,-0.1587441674852652,-6.209824717583498,-7.762674208005895,1.658616233058351
2026-07-02,ABBV,BREAKOUT,252.9,0.8303677342823227,1,88.2,73.4,0.1,NO DATA,,12.0,0.023510240198075,-0.7695727123955884,-2.599179353483964,0.4939080320331251
2026-07-02,C,BREAKOUT,141.45,-0.3625993131959092,0,57.7,58.9,0.08,NO DATA,,,1.1893096093197766,-3.361606699032336,-0.9700922124922596,1.2488403190048303
2026-07-02,XLI,PRE-BREAKOUT,185.45,-0.5284436663773867,0,87.5,62.9,0.18,NO DATA,,18.0,0.0593138628168031,-2.712322367783595,-1.90347901377982,0.7362598707579905
2026-07-02,IWM,PRE-BREAKOUT,302.18,-0.3342334278461949,0,83.9,64.4,0.17,BULLISH,,18.0,-1.0854477806326135,-2.879075059127633,-2.0484511766579545,0.40759093640594457
2026-07-02,INTC,BREAKOUT,129.9,-0.7852156406370329,0,63.5,55.2,0.25,NO DATA,,,-5.927638992885156,-15.13472065914586,-15.4426510100919,1.4958286695739893
2026-07-02,RIVN,BREAKOUT,19.35,0.981916876110296,1,114.1,67.6,1.58,NO DATA,BREAKOUT,,4.082684184229644,-13.901809574097632,-9.66408505304224,4.627474168638038
2026-07-02,AAPL,BREAKOUT,305.74,0.9452491930439232,1,82.5,58.7,0.65,NEUTRAL,NEUTRAL,30.0,2.1752451371825297,2.4138040817718864,3.044517997701271,-0.08832453336241546
2026-07-02,LOW,PRE-BREAKOUT,223.74,1.6805220345043312,1,77.4,55.0,0.16,NO DATA,NEUTRAL,6.0,-0.5964502014231123,-5.45158082746017,-5.993508580778055,0.7209832897968742
2026-07-02,PG,BREAKOUT,149.92,0.9938658365190688,1,62.4,55.1,0.51,NO DATA,,,-1.1448378751219317,-1.7473320569147213,-2.6477654944616216,0.7800374499118814
2026-07-02,ABNB,PRE-BREAKOUT,148.36,0.3841956563637344,1,88.1,63.3,0.37,NO DATA,,6.0,-0.4785697651089503,-3.64653751129538,0.1752461021754424,-0.5498591894766456
2026-07-02,HD,PRE-BREAKOUT,354.55,0.9448579598037974,1,87.4,68.6,0.3,NO DATA,,39.0,-1.0999876190990372,-5.172756605534308,-3.1730396860897647,0.5700604323555571
2026-07-02,UPS,PRE-BREAKOUT,110.35,0.2809276503030183,1,84.1,59.4,0.25,NO DATA,NEUTRAL,24.0,-1.8637376723918169,-1.9350882401874665,0.3216292774941998,0.712067530379498
2026-07-02,ISRG,PRE-BREAKOUT,423.04,0.7020635792419108,1,86.5,55.1,0.9,NO DATA,NEUTRAL,39.0,2.3141987926119523,-1.876889631355048,-3.84360845799526,1.8465114035537453
2026-07-06,ISRG,BREAKOUT,426.01,-0.5797965904739598,0,93.4,56.5,0.88,NO DATA,,0.0,0.3028069277643151,-3.394289384528824,-4.434169358187012,0.6854258921668804
2026-07-06,LMT,BREAKOUT,545.91,-1.512148651448951,0,89.2,60.0,0.69,NO DATA,,0.0,-1.9288884829344524,-5.064935655030127,-4.621642271476749,-0.16668923252851656
2026-07-06,RBLX,BREAKOUT,55.41,2.824397174013892,1,89.9,62.4,0.49,NO DATA,,0.0,2.3461452526126325,1.8408235069045025,-0.685798990621046,-0.541417141105728
2026-07-06,BA,BREAKOUT,226.49,1.9117874185256485,1,85.7,56.1,0.68,NO DATA,,0.0,2.2914886643036074,-1.4923393481603808,-4.84789857970068,0.2913984667373026
2026-07-06,BKNG,BREAKOUT,184.56,-1.2732950184941565,0,89.6,63.2,0.51,NO DATA,,0.0,-1.4141759058072252,-4.898133792554759,-4.746422273646613,0.5039054761989012
2026-07-06,AXP,BREAKOUT,351.96,0.4063003319802024,1,87.2,71.9,0.45,NO DATA,,1.0,-0.676217021176939,-1.4888051992547038,0.7017822126893029,0.07103080067891988
2026-07-06,HD,BREAKOUT,357.9,-3.000837199745908,0,92.0,70.1,0.34,NO DATA,,1.0,-3.5456855392349405,-5.3562416914422615,-5.808889256339056,-0.022348861030927977
2026-07-06,ROKU,BREAKOUT,142.43,-0.0526604454545701,0,78.4,65.6,0.33,NO DATA,,1.0,-0.8565564039407564,-1.5235592874844268,-0.0631915060797457,-0.07020350338300965
2026-07-06,LOW,BREAKOUT,227.5,-3.415386493389424,0,92.8,58.7,0.34,NO DATA,,1.0,-3.497502253605769,-6.948698274381868,-9.264063573145604,0.21978021978021978
2026-07-06,SOFI,BREAKOUT,18.36,1.007625687875522,1,83.7,59.4,0.0,NO DATA,,1.0,-3.3224400871459663,1.4161265753453105,-1.252727882534847,0.6030735292318435
2026-07-06,XLI,BREAKOUT,185.09,0.286344544377058,1,82.8,62.5,0.0,NO DATA,,1.0,-1.464149936348535,-2.150304927142709,-2.550113395003784,0.42955427676693225
2026-07-06,BMY,PRE-BREAKOUT,58.13,-2.262173358491344,0,88.5,56.1,0.37,NO DATA,,2.0,-0.2752430402492302,-0.3268559664390472,2.081541635279353,-0.6709089669402315
2026-07-06,MRK,PRE-BREAKOUT,129.56,-2.261502583036457,0,92.4,66.7,0.31,NEUTRAL,,2.0,-0.5402897419330347,-3.465576030546297,-4.26829362511819,-0.1929607940035172
2026-07-06,PG,PRE-BREAKOUT,151.41,-2.219138067658797,0,75.4,57.8,0.46,NO DATA,,2.0,0.1374836949342866,-3.7303437047224817,-2.733891668962789,-0.4821418457641921
2026-07-06,AMD,BREAKOUT,538.66,4.994802369102269,1,66.8,55.5,0.02,NO DATA,,,-4.186316906478571,1.4963002085035146,-0.7927051111206453,3.385340082223367
2026-07-06,MS,BREAKOUT,219.09,0.7211639823567069,1,61.4,57.9,0.02,NO DATA,,,0.7916389864753053,0.8325004203288302,0.3604035575776492,1.4350523205371482
2026-07-06,JPM,BREAKOUT,336.78,-0.0757188976529478,0,79.4,65.4,0.02,BULLISH,,3.0,0.7245089437327491,-0.3889776053497381,-0.6680922919125536,0.15845928703996098
2026-07-06,SPY,BREAKOUT,748.94,0.1121624291498578,1,80.5,56.8,0.02,BULLISH,,3.0,-0.1642291808881625,0.3698589970700183,0.0307077883617106,0.5316953706772298
2026-07-06,IWM,BREAKOUT,298.78,0.0836731974352039,1,70.8,59.9,0.01,BULLISH,,,-0.8668577410113539,-0.5154326814462055,-1.773876770088978,0.057132010016099716
2026-07-06,SNOW,PRE-BREAKOUT,258.31,0.7994270450234205,1,88.5,67.0,0.02,BULLISH,,4.0,1.7149898317428662,3.5538656011672014,4.002939838366448,-2.2871409140258274
2026-07-06,C,BREAKOUT,142.82,0.0280077092505036,1,64.4,61.4,0.07,NO DATA,,,-1.933957174568508,-2.769931974305502,-1.9757633933064735,1.3574293633737176
2026-07-06,AAPL,PRE-BREAKOUT,308.54,0.8912972531671273,1,90.8,60.2,0.1,NEUTRAL,,6.0,0.6003446771235025,2.4008263971040966,2.7537953129557686,-0.4115022879036759
2026-07-06,XYZ,PRE-BREAKOUT,78.9,-1.4258535793676796,0,85.3,61.4,0.07,NO DATA,,6.0,-1.698355439044684,-1.8757944626802192,-0.228135334977035,0.03805502803509657
2026-07-06,MPC,PRE-BREAKOUT,266.88,1.8023090682727272,1,83.6,61.0,0.04,NO DATA,,7.0,-0.478596309963746,5.8627089722265175,10.937251175622004,0.06381937535611956
2026-07-06,TFC,PRE-BREAKOUT,51.02,-0.1273974303122611,0,79.5,58.9,0.06,NO DATA,NEUTRAL,6.0,-0.3214520222997782,-0.3020495538476088,0.8236076447693551,-1.2553930862988838
2026-07-06,VLO,PRE-BREAKOUT,269.06,1.4494876440489568,1,86.6,62.0,0.04,NO DATA,,2.0,-1.4364344776141946,4.128174699213232,9.511375214578068,-0.04855276294854319
2026-07-06,HOOD,BREAKOUT,113.84,1.1068152443087582,1,91.4,67.7,0.14,NO DATA,,3.0,-0.8257189688344142,1.1156013794374202,-3.496134390063633,-1.170939107173397
2026-07-06,ARKK,PRE-BREAKOUT,81.62,0.5635895994298982,1,84.7,59.4,0.09,NO DATA,,4.0,-0.526828667720846,-0.1102685869923175,-4.141144494278943,0.08615347055288461
2026-07-06,DE,PRE-BREAKOUT,624.96,-0.1632100548185142,0,80.0,62.2,0.09,NO DATA,,4.0,-3.4162209818928466,-5.129924408912176,-6.2916003186704,-0.3412357027604587
2026-07-06,UPS,PRE-BREAKOUT,110.63,-0.949107989645944,0,86.3,59.9,0.09,NO DATA,,7.0,-0.3860375705123456,-1.4715108325788908,0.4414100236641888,0.09939723234863175
2026-07-07,MCD,BREAKOUT,284.87,-1.0847057326861829,0,75.3,57.3,0.11,NO DATA,,0.0,-2.3238670270649786,-3.605151085226377,-5.5920235751724485,1.5384571710084973
2026-07-07,META,BREAKOUT,608.96,1.5321167280845562,1,92.5,56.0,0.09,NO DATA,,0.0,-0.959012888007839,9.893921106912805,8.552282256198062,1.216087073802934
2026-07-07,LLY,BREAKOUT,1235.27,-0.3448630853477363,0,93.9,68.5,0.17,NO DATA,,0.0,-1.714587907021338,-3.917430975363685,-6.830824909483351,2.734858647618141
2026-07-07,BKNG,BREAKOUT,187.57,-3.0388680934117893,0,90.5,63.9,0.07,NO DATA,,0.0,-7.080027037301904,-4.894173167538282,-6.781464997859129,2.0825301319573817
2026-07-07,PG,BREAKOUT,152.69,-1.142833634017452,0,91.4,58.9,0.1,NO DATA,,0.0,-3.529766336843644,-4.413864712356325,-5.037927099791652,2.2436582668893164
2026-07-07,ABNB,BREAKOUT,149.61,-0.4712260014057473,0,84.9,63.7,0.06,NO DATA,,0.0,-4.451576132449587,-0.6617237369243457,-2.0520063591118247,1.2191013384123623
2026-07-07,BMY,BREAKOUT,57.91,0.0690740164729002,1,85.1,56.0,0.06,NO DATA,,1.0,-0.6389208849467326,-0.5698466049824021,-1.657743458919951,1.9223988323124366
2026-07-07,MRK,BREAKOUT,129.24,-0.7311991883741075,0,83.9,63.6,0.05,NEUTRAL,,1.0,-2.5147029837747428,-4.410398548802743,-6.54596194730976,1.5696525574419153
2026-07-07,ROKU,BREAKOUT,142.51,-0.5473330099367963,0,73.7,65.5,0.02,NO DATA,,,-2.287558767805762,-1.277101648020308,-0.5262827122054968,-0.35146915458089223
2026-07-07,SBUX,BREAKOUT,103.77,-0.4336516384078031,0,71.7,55.8,0.04,NO DATA,,,-0.4753460552784967,1.5751281661818242,1.728429221757707,1.4298296697146886
2026-07-07,TFC,BREAKOUT,51.62,-0.1259195947776369,0,87.5,61.7,0.04,NO DATA,,1.0,-4.683492572581934,-0.8854079366607793,-0.3483056560222187,-0.27226642285839087
2026-07-07,UPS,BREAKOUT,110.96,0.2658590964473459,1,87.7,60.1,0.05,NO DATA,,1.0,-2.4741977947430325,-0.2298865287357155,0.8346120315914857,0.6362521350620618
2026-07-07,XYZ,BREAKOUT,79.69,-1.6187708296161267,0,86.4,62.7,0.09,NO DATA,,3.0,-3.940264711058081,-2.9991177666484945,0.3764560970881334,0.3421240227134002
2026-07-07,JPM,BREAKOUT,340.31,-0.5641871680416392,0,84.8,67.8,0.1,NEUTRAL,,3.0,-2.847405272490524,-1.1283825862586692,0.7581365955856418,0.9652995836318718
2026-07-07,TMO,BREAKOUT,524.55,-2.0951296237548767,0,89.9,65.6,0.05,NO DATA,,3.0,-2.7490220412138893,0.4765966624666468,1.814890348721532,1.4296802092553167
2026-07-07,MS,BREAKOUT,221.87,0.2659245115911042,1,69.8,60.1,0.07,NO DATA,,,-2.250795660536014,-0.3636836468321842,2.052365792750257,-0.2521444403390982
2026-07-07,DHR,BREAKOUT,196.97,-1.8606931635369597,0,85.7,63.2,0.05,BULLISH,,4.0,-3.1476852960039907,1.0559999247386982,1.0559999247386982,1.9626087943333954
2026-07-07,ABBV,BREAKOUT,257.67,-1.2011499405277402,0,85.1,70.5,0.06,NO DATA,,4.0,-2.606531373325747,-4.402268244250768,-5.673922826965577,0.9616882560328549
2026-07-07,DDOG,PRE-BREAKOUT,260.55,2.855494236950677,1,88.4,66.6,0.09,NO DATA,,6.0,0.2072524804799898,-1.155245233190611,3.9071237713790494,0.6891999057357321
2026-07-07,C,BREAKOUT,143.94,-1.656945480213108,0,69.1,63.2,0.08,NO DATA,,,-5.033342139628489,-2.6831981621302696,-7.881161794573692,0.13902192923235437
2026-07-07,PLTR,PRE-BREAKOUT,138.06,0.3114627648588006,1,84.4,58.6,0.93,NO DATA,NEUTRAL,159.0,-4.230044023827957,-8.163116822014093,-3.143559886496362,0.8978440483524271
2026-07-07,VLO,PRE-BREAKOUT,266.88,-0.6778273365194546,0,78.4,59.4,0.34,NO DATA,NEUTRAL,6.0,5.587149695526784,4.769711300051757,12.511076801400678,-0.8286551832127134
2026-07-07,V,PRE-BREAKOUT,352.21,-0.0425889217813888,0,85.0,64.8,0.51,NO DATA,,362.0,-1.5117233803607877,-1.103629512466811,0.8943053188926764,-2.480051882872638
2026-07-08,MPC,BREAKOUT,266.33,4.201550337427962,1,79.4,59.5,0.4,NO DATA,,0.0,6.081326814507619,11.166348491533066,12.027573727847038,1.9900193661102354
2026-07-08,VLO,BREAKOUT,275.4,0.9041447525190714,1,92.9,64.1,0.02,NO DATA,,0.0,1.7310337130367277,6.990307244859759,5.858142772444634,2.1748961454334195
2026-07-08,KO,PRE-BREAKOUT,84.4,-0.3258293838862626,0,94.5,63.5,0.21,NO DATA,BREAKOUT,0.0,-2.0971596523483846,-0.177725118483419,-2.310430156111159,0.14276634483119205
2026-07-08,LLY,PRE-BREAKOUT,1236.64,-1.0140400127816178,0,89.3,68.6,0.44,NO DATA,,63.0,-1.733033205778367,-4.565691469804276,-6.603783187836605,-1.170326193958569
2026-07-08,ABBV,PRE-BREAKOUT,255.16,-0.4173846916824233,0,78.5,69.1,0.36,NO DATA,NEUTRAL,60.0,-2.749744061860081,-3.493009029949957,-4.330615844822243,-0.5497718162339618
2026-07-08,AAPL,PRE-BREAKOUT,311.85,0.8663449662798547,1,91.5,61.4,0.4,BULLISH,,180.0,1.313936112113188,1.6631585886143103,4.927947396209107,0.4023691448093742
2026-07-08,DDOG,PRE-BREAKOUT,256.95,0.2179450342965602,1,80.1,65.1,0.32,NO DATA,,42.0,4.689628332360386,1.2804009474119522,2.922744290748448,-1.6782826212248148
2026-07-08,TMO,PRE-BREAKOUT,512.15,-0.0732219278562144,0,74.4,60.2,0.29,NO DATA,,,2.4524108118044072,3.1943785542565704,4.518203266102465,-1.116872956565113
2026-07-08,SNOW,PRE-BREAKOUT,259.93,0.161584312513222,1,81.6,66.9,0.33,NO DATA,,3.0,2.908471601729309,3.3547470074575343,4.593542537293692,-1.5833157557775954
2026-07-08,HOOD,PRE-BREAKOUT,112.77,0.0354682615888569,1,80.9,63.9,0.37,NO DATA,,0.0,2.075020493350684,-2.580472988958441,2.456327849186262,-1.802483290173306
2026-07-09,MS,BREAKOUT,221.48,0.9391356143190176,1,65.4,58.5,0.01,NO DATA,,,-0.1882359162120969,2.232067899753933,-1.9439680730906808,1.3436018605827995
2026-07-09,XLI,BREAKOUT,182.51,-0.6081891970388559,0,63.3,55.7,0.0,NO DATA,,,-0.3232709610731896,-1.1287069485276442,-1.2930831754509975,1.1140641432408056
2026-07-09,DIA,PRE-BREAKOUT,522.77,0.1205165587280291,1,66.2,58.7,0.55,NEUTRAL,,,0.4639232291148628,0.2556469025575336,0.2824067736528527,0.16833499434446725
2026-07-09,AMD,BREAKOUT,544.8,1.7180567445909134,1,67.9,55.6,0.04,NO DATA,,,2.4027192820186394,0.6112343764340209,-8.050660344822633,3.838357862725449
2026-07-09,UPS,BREAKOUT,110.9,1.3165019029319718,1,79.8,58.2,0.02,NO DATA,,3.0,-0.1759081084627249,0.8891663753416595,4.004511648303646,0.8095318991126752
2026-07-09,HOOD,PRE-BREAKOUT,113.08,1.5387333700249564,1,79.6,63.9,0.01,NO DATA,,3.0,-0.9816048631914338,0.3271992821384765,-6.243370496050224,-1.1450677674105163
2026-07-09,SPY,BREAKOUT,747.73,-0.0227358058933395,0,69.7,55.1,0.08,BULLISH,,,0.9655908158066724,0.5483285530664453,0.3998730428262851,0.2615979484851507
2026-07-09,DDOG,BREAKOUT,263.6,0.4742056538374818,1,85.2,68.0,0.06,NO DATA,,6.0,-2.298934542897628,2.704860009987899,-0.485581439977721,-1.1413731005118757
2026-07-09,RBLX,PRE-BREAKOUT,54.91,1.3294470763949024,1,72.8,59.3,0.03,NO DATA,,,0.8013084576964072,-0.8013090134709009,-1.6390487679234993,-1.3606676606195547
2026-07-09,ARKK,BREAKOUT,81.13,0.1602392903124286,1,71.0,55.5,0.12,NO DATA,,,-1.090838473336576,-1.9844735078683464,-5.497352189146657,-0.21208307207226756
2026-07-09,TMO,BREAKOUT,513.35,1.4161868349444775,1,74.2,60.4,0.05,NO DATA,,,2.6687421433658765,4.036234016600512,5.812798761353117,-0.027446856114582845
2026-07-09,XLF,PRE-BREAKOUT,55.23,0.5341327645824903,1,76.9,63.4,0.14,NO DATA,NEUTRAL,3.0,0.8690912266388908,1.720080219402108,2.7521274669563702,0.18191462961698415
2026-07-09,DHR,PRE-BREAKOUT,191.54,1.809024163523289,1,66.0,56.6,0.04,NEUTRAL,,,3.920853634623484,3.920853634623484,7.0324707668559805,-0.14153392378988094
2026-07-09,XYZ,BREAKOUT,76.85,0.5009767213423139,1,65.7,55.8,0.09,NO DATA,,,0.5855602495222099,4.085878807767777,6.076768566124154,-0.7707432315662175
2026-07-09,SOFI,BREAKOUT,18.1,0.7187880205185954,1,70.0,55.5,0.18,NO DATA,,,3.756909870969648,2.4861836301687594,-4.309393951247418,0.11280574326032479
2026-07-09,SNOW,PRE-BREAKOUT,262.78,-0.1446099792661533,0,82.8,68.9,0.14,NO DATA,NEUTRAL,15.0,-0.5061221527394485,5.007992404827719,2.755152223788684,-2.1047797831641444
2026-07-09,IWM,BREAKOUT,296.48,0.1888857747307935,1,56.5,55.1,0.24,BULLISH,,,-0.1652758248870136,-0.6644597390633493,-0.3001901180887051,0.6099148018047256
2026-07-09,MA,PRE-BREAKOUT,521.07,1.4056112806298177e-06,1,73.4,58.4,0.12,NO DATA,,,1.0881436725151994,3.2529256205979906,5.847578641515285,-0.35200940758115223
2026-07-09,ABNB,BREAKOUT,144.75,1.112262943248057,1,62.9,55.0,0.15,NO DATA,,,2.6735717562607944,1.2366102149449485,2.10708328273424,-1.1822332826059088
2026-07-09,JPM,PRE-BREAKOUT,333.6,0.6924471409200695,1,66.7,59.5,0.17,BULLISH,,,0.8603121165177163,2.784776573272625,2.8627080025432705,0.2540670105547882
2026-07-09,RIVN,BREAKOUT,17.8,-0.0567425502820001,0,74.7,55.6,0.99,NO DATA,,,-1.7977553806947897,-1.68539325842697,-3.988763187708484,-0.7683088869853565
2026-07-09,AXP,BREAKOUT,340.68,0.4168152235281256,1,56.2,55.3,0.24,NO DATA,,,2.9059488588310494,4.220969108428362,6.131856089062682,0.18430841885585078
2026-07-09,TFC,BREAKOUT,50.73,0.808199072833512,1,65.9,55.0,0.11,NO DATA,,,0.8534445556785064,1.3999696833458135,3.9374088503166336,0.46286888426819267
2026-07-09,ABBV,PRE-BREAKOUT,253.77,-0.5398613325119735,0,74.1,67.0,0.11,NO DATA,,,-2.9330987055053583,-4.224296389739606,0.2443154784444288,-0.6093252003840477
2026-07-09,ZS,PRE-BREAKOUT,146.22,-0.2393686792589925,0,80.5,56.5,0.25,NO DATA,NEUTRAL,36.0,-4.753108827478499,4.014496196067998,0.1436141948989544,-1.8112198176534884
2026-07-09,XLV,PRE-BREAKOUT,163.27,-0.5267326133953789,0,82.8,66.1,0.45,NO DATA,,51.0,-1.4883344534264624,-3.0501664199590843,-0.9003472458150289,-0.30807146678891245
2026-07-09,BMY,PRE-BREAKOUT,57.94,-0.8111818765910818,0,82.3,56.4,0.12,NO DATA,NEUTRAL,18.0,-0.6213292525807909,-1.708662818537357,4.435620161431145,-0.1737961196162815
2026-07-09,GS,PRE-BREAKOUT,1063.0,-0.219186834871825,0,56.5,55.8,0.27,NO DATA,WEAKENING,,-0.7356487572024929,7.243650047036689,3.05361815028222,2.4629953178559663
2026-07-09,TXN,PRE-BREAKOUT,311.22,-0.1542348710317548,0,68.3,55.0,0.23,NO DATA,,,-0.4326800700670031,-2.3219811472792644,-6.902981251832514,2.830876998525571
2026-07-09,TGT,BREAKOUT,134.21,-1.099023462967324,0,59.8,55.4,0.38,NO DATA,,,-0.0740434984702205,-0.9169889858943132,3.674848036513434,-0.536166338087618
2026-07-09,PYPL,PRE-BREAKOUT,44.88,0.6573066779423893,1,77.7,55.2,0.37,NO DATA,NEUTRAL,21.0,3.2085554697509275,5.548125962310078,26.40374229553548,-1.4821465652475159
2026-07-09,WFC,PRE-BREAKOUT,86.99,-0.2517487950976705,0,89.6,62.2,0.35,NO DATA,NEUTRAL,73.0,-0.3765256613996521,-2.513931367380584,0.6635943696833029,0.3389445112229503
2026-07-09,AAPL,PRE-BREAKOUT,314.51,0.4737528218498645,1,91.2,62.9,0.45,NEUTRAL,,117.0,0.1711580955047165,0.0250179905348825,5.87035049933826,-0.9189842522721422
2026-07-09,ROKU,PRE-BREAKOUT,140.22,-0.0998417978500295,0,63.4,60.3,0.15,NO DATA,,,0.3351893035274933,1.0982702231036503,2.5673993183702404,-0.17953321364452424
2026-07-09,META,PRE-BREAKOUT,608.5,3.465904166880649,1,84.2,55.2,1.09,NO DATA,NEUTRAL,60.0,9.976996215720009,8.634343143359697,9.209528024214256,-3.1718406018184653
2026-07-09,RTX,PRE-BREAKOUT,195.15,-0.1972844531650362,0,73.2,59.3,0.27,NO DATA,,,0.0672637759615971,-1.2299795930213968,-0.7345752290906062,-0.47201177551676415
2026-07-10,RIVN,BREAKOUT,18.5,-5.51351598791174,0,82.9,58.0,0.12,NO DATA,,0.0,-6.432435319230363,-3.783787907780828,-5.648649061048353,1.766002649025026
2026-07-10,BLK,BREAKOUT,1037.83,-0.168625299452938,0,70.9,56.4,0.08,NO DATA,,,-0.6041395417602042,5.3544438312693385,3.311713013872703,1.9408028175008232
2026-07-10,PYPL,BREAKOUT,46.14,0.3901163736979154,1,92.9,60.4,0.08,NO DATA,,0.0,3.2726517682681098,20.32943315510115,22.583444675533197,1.3901171058198039
2026-07-10,UBER,BREAKOUT,75.39,-1.127469272413658,0,82.3,55.9,0.06,BULLISH,,0.0,-1.4988696959404852,-3.6079079865428954,-3.8864583041880154,0.8473502296463193
2026-07-10,SPY,BREAKOUT,752.63,0.3069889218681496,1,83.0,58.2,0.05,BULLISH,,0.0,-0.4597235148537456,0.2896506329263721,-1.2409845438869358,0.04522566021141412
2026-07-10,VLO,BREAKOUT,282.91,-0.8032546721461861,0,91.4,66.9,0.03,NO DATA,,1.0,4.150191280740774,3.048080730731496,9.030404107230426,0.6151150173611111
2026-07-10,GS,BREAKOUT,1064.01,-0.8148451781174509,0,55.5,56.1,0.05,NO DATA,,,-1.701108619309263,8.276232957308908,0.1137179822675547,0.6856246328249469
2026-07-10,TFC,BREAKOUT,51.91,-0.4238130866711852,0,86.9,60.0,0.05,NO DATA,,1.0,-0.9050190322455568,0.7163632561351744,0.1441072255654383,0.4866653790113823
2026-07-10,MS,BREAKOUT,224.24,-0.8829849684106633,0,75.0,60.9,0.03,NO DATA,,1.0,-1.944520088165864,1.364066334566894,-4.423733077387792,0.8013319858503294
2026-07-10,WFC,BREAKOUT,87.62,-0.5706428365875066,0,93.9,63.8,0.02,NO DATA,,1.0,-0.5141059058737355,-0.6956632048592339,-0.6956632048592339,0.6788589495225725
2026-07-10,ROKU,BREAKOUT,141.34,-0.4598822404087685,0,67.5,61.9,0.01,NO DATA,,,0.7075112055261225,1.4008824990934956,2.1862124492579924,0.2352786567652432
2026-07-10,AAPL,PRE-BREAKOUT,315.48,-0.0507140470968898,0,87.6,63.1,0.06,BULLISH,,1.0,0.493394211548666,3.7206174575497992,5.69684055348199,-0.4743532965054565
2026-07-10,SNOW,BREAKOUT,272.66,-4.129687560887423,0,92.5,72.9,0.13,NO DATA,,3.0,-1.4706983435471463,-0.2897399262130583,-1.3790090601905851,1.6823059420119217
2026-07-10,XLF,BREAKOUT,55.94,-0.4111564453474106,0,88.6,67.4,0.17,NO DATA,,3.0,0.232391302867753,1.108332808886339,0.5720384725298632,0.8102282238415417
2026-07-10,NOW,BREAKOUT,110.62,-2.648705079184374,0,86.3,58.1,0.08,NO DATA,,3.0,0.5785591540684001,-5.324531407581279,-6.671489908000789,2.232635416149699
2026-07-10,XYZ,BREAKOUT,79.16,-2.3244066513084616,0,82.1,60.4,0.07,NO DATA,,3.0,-0.5558347388793224,3.3476472443074194,0.9853492185526194,1.3949907731822933
2026-07-10,ZS,BREAKOUT,147.88,-5.822285452758357,0,80.9,57.8,0.06,NO DATA,,4.0,-4.097912277374388,0.2096310802043918,1.3930230196147244,0.0
2026-07-10,JPM,BREAKOUT,337.52,-0.3259026345892412,0,77.9,62.4,0.06,BEARISH,,4.0,-0.8858737913910604,2.782058444569031,1.0606796940968368,0.5961784936722897
2026-07-10,ABNB,BREAKOUT,147.9,0.4868121143931672,1,74.8,58.8,0.04,NO DATA,,,-1.061526821464042,0.3245469119759934,-1.2981773309404618,0.08850492433296425
2026-07-10,TMO,BREAKOUT,526.51,0.0949668127148599,1,83.4,64.9,0.05,NO DATA,,6.0,0.3798616865064309,1.667580487995244,1.1338778881217848,0.15055516271136088
2026-07-10,DHR,BREAKOUT,197.18,0.8875102321641358,1,80.3,62.1,0.04,BULLISH,,6.0,1.5113113206762183,1.830811079284312,3.37255392588228,0.816412969893127
2026-07-10,BKNG,BREAKOUT,179.65,-0.701364102617071,0,64.9,55.6,0.06,NO DATA,,,-2.143054243385579,1.7534111059047075,1.1299708743563843,0.17661665396984527
2026-07-10,TGT,PRE-BREAKOUT,134.5,0.4684051173327137,1,60.5,55.9,0.07,NO DATA,,,-0.5624877475894516,2.0346715990938664,3.001239308637314,0.7560293095176103
2026-07-10,AMD,PRE-BREAKOUT,553.7,0.7567301153038566,1,77.0,56.9,0.22,NO DATA,NEUTRAL,0.0,-3.487445431020868,-4.435612308391285,-10.4641484981714,-0.49567622964545754
2026-07-10,IBM,BREAKOUT,297.53,-3.334122491324396,0,80.0,61.3,0.08,NO DATA,,18.0,-3.1482968727680736,-29.52114417164865,-29.03059407874836,0.6637392663999695
2026-07-10,META,BREAKOUT,673.43,-0.6266394469126264,0,119.7,67.0,1.53,NO DATA,,,-2.4798449031450858,1.170128678347237,-4.0716912276517165,4.570223487575303
2026-07-10,HD,BREAKOUT,342.97,0.1268328948003754,1,57.5,55.1,0.18,NO DATA,,,-1.7086085221557357,-0.4461024458680868,-1.1954412580728715,0.24207385824863362
2026-07-10,XLI,PRE-BREAKOUT,181.97,-0.027478062897558,0,58.4,55.0,0.56,NO DATA,,,-0.8792684963524202,-1.049624905976946,-1.406823288394034,0.02208231792724462
2026-07-10,NVDA,PRE-BREAKOUT,208.6,1.131355088143429,1,78.6,55.1,0.9,BULLISH,NEUTRAL,15.0,-2.4304895593015914,1.869606903163953,-2.775648341997241,-0.3846527191993011
2026-07-10,TXN,PRE-BREAKOUT,311.93,-0.1506775702631622,0,68.3,55.4,0.22,NO DATA,,,-4.77058866309649,-3.934943352299596,-9.411348330605025,-1.403424817488502
2026-07-10,RTX,PRE-BREAKOUT,195.53,0.209687741730808,1,72.8,59.8,0.21,NO DATA,,,0.10727834733241,-0.1475940767361472,-1.360766525397318,-0.09733731781595757
2026-07-10,GE,PRE-BREAKOUT,360.51,-0.3078988387327996,0,50.0,57.1,0.25,NO DATA,WEAKENING,,-1.9666546204725568,-0.0443798775302671,-3.239858375006065,-0.6211037581481991
2026-07-13,ROKU,BREAKOUT,141.62,0.8614576598578028,1,74.8,62.4,0.01,NO DATA,,,0.0988522149667652,1.5534580738728607,1.7723519861689698,-0.48333778006260125
2026-07-13,HOOD,PRE-BREAKOUT,113.14,-2.501327948918376,0,75.4,62.5,0.08,NO DATA,,0.0,0.2739941207726594,-6.293091176359902,-12.250310430177768,-0.6251715370235155
2026-07-13,DHR,PRE-BREAKOUT,199.05,0.1858820240870641,1,81.8,63.7,0.03,NEUTRAL,,3.0,1.5331614172978226e-06,2.9942197974558784,1.0349161569211511,-0.17583828090905126
2026-07-13,JNJ,PRE-BREAKOUT,257.87,0.1493019284183873,1,68.3,60.6,0.05,NO DATA,,,-1.5589226728523595,-3.063558684335859,-3.5095174606512023,0.37746173991514503
2026-07-13,TMO,PRE-BREAKOUT,526.18,1.0680732435609108,1,79.7,64.5,0.05,NO DATA,,6.0,1.4994882595725418,3.232734509370615,0.0094987397373617,-0.5407410401187607
2026-07-13,XLV,BREAKOUT,161.11,0.142757332189567,1,69.0,61.1,0.22,NO DATA,,,-1.7503610662697542,0.4282807099235297,-1.1544907206256678,0.08082870291751772
2026-07-13,RBLX,PRE-BREAKOUT,56.42,0.148886241459835,1,75.4,61.0,0.08,NO DATA,,12.0,-3.456219034556676,-4.271537891646222,-5.618574973413686,0.3252038123541059
2026-07-13,MA,BREAKOUT,535.12,0.1663196601930399,1,85.7,64.9,0.09,NO DATA,,15.0,0.5419381692424121,3.0684665172940173,2.302287793654927,0.7536985632161266
2026-07-13,ABBV,PRE-BREAKOUT,248.39,-0.9541859732930016,0,62.1,60.6,0.06,NO DATA,,,-2.1498437731962534,2.415555936087786,2.008939523657359,0.11689506771702671
2026-07-13,AAPL,BREAKOUT,322.09,-1.487165763305668,0,94.6,66.8,0.32,NEUTRAL,BREAKOUT,17.0,-2.328950267927823,3.378819384479113,1.3097467268222858,0.5391290276437066
2026-07-13,V,BREAKOUT,355.55,0.0421915924711682,1,81.8,65.4,0.16,NO DATA,,18.0,-0.053485370926209,2.5067982400725954,1.223849727205207,0.7909017267875283
2026-07-13,BMY,BREAKOUT,58.81,-0.1851736171536288,0,89.8,58.8,0.12,NO DATA,,18.0,-3.162726130012836,2.8906619988661806,2.295527711974336,0.5557479761170014
2026-07-13,JPM,PRE-BREAKOUT,337.0,-1.1186911019797847,0,77.4,62.1,0.19,NEUTRAL,NEUTRAL,1.0,1.7477788274295252,1.8249240048915056,0.5548946935274481,0.555768749191076
2026-07-13,XLF,BREAKOUT,56.09,-0.4902859213603476,0,89.2,68.3,0.33,NO DATA,,20.0,0.1604569534244568,1.1766803351756046,-0.0891408173875194,0.4846534952446727
2026-07-13,HD,PRE-BREAKOUT,344.03,-2.2367260253239105,0,58.3,56.1,0.13,NO DATA,,,-1.8283317633999865,1.159779383679302,-3.194486368944016,0.2039068546234266
2026-07-13,AXP,BREAKOUT,356.41,-0.5821970609471957,0,94.8,64.8,0.26,NO DATA,BREAKOUT,23.0,-0.3787779359182612,1.447772880732506,-1.2569813765659703,1.7171600666968145
2026-07-13,SNOW,BREAKOUT,265.61,2.6128488358754325,1,80.3,67.1,0.15,NO DATA,,35.0,3.889161718838235,1.6603249176129893,3.286772462592,1.357807468816511
2026-07-13,NET,PRE-BREAKOUT,270.83,0.4172327493549979,1,86.9,65.4,0.23,NO DATA,,36.0,4.032049625226162,0.6018504061876975,0.5870891067217041,-0.6296581519513911
2026-07-13,IBM,BREAKOUT,293.94,-0.5936560780367585,0,74.1,58.4,0.34,NO DATA,PRE-BREAKOUT,,-26.67757330066032,-26.00876449394966,-28.05234897766923,1.0223961838806144
2026-07-13,RTX,PRE-BREAKOUT,196.78,-0.2845811461006586,0,75.1,61.2,0.23,NO DATA,NEUTRAL,0.0,-2.048127439669301,-1.5568266894858795,-1.516303042956443,0.26030203883534464
2026-07-13,NOW,BREAKOUT,109.96,2.018916246976889,1,82.4,57.3,0.33,NO DATA,NEUTRAL,15.0,-4.647145803818571,-5.411056624017393,-4.783560432664429,1.6618706997885289
2026-07-13,DDOG,PRE-BREAKOUT,259.29,0.7946325859197152,1,73.0,61.7,0.24,NO DATA,,,4.412052522784567,1.1685785507419215,1.5079687635586525,-0.3222866592780177
2026-07-13,ADBE,PRE-BREAKOUT,228.36,1.283058892158346,1,93.5,57.2,0.3,NO DATA,,72.0,-3.3193209058955766,3.043439113064344,2.7938367022088144,1.3906280713822585
2026-07-13,LLY,PRE-BREAKOUT,1189.26,-0.1012060874514396,0,61.4,57.3,0.36,NO DATA,,,-3.2263029833152537,-1.829955576366816,-3.699871253316137,-0.7126126147406856
2026-07-13,CRM,BREAKOUT,171.71,0.1863600135675656,1,93.1,55.6,0.5,NO DATA,,86.0,-2.416867067384694,0.5649016806133842,1.2113407990989484,1.5919610140386085
2026-07-13,CMCSA,PRE-BREAKOUT,24.21,0.1858701394737741,1,84.3,56.5,0.48,NO DATA,,96.0,-4.213132862215545,-0.454356127758258,-1.7761227317409871,1.65464316800173
2026-07-13,XYZ,PRE-BREAKOUT,78.06,-0.1921551856144341,0,73.2,58.3,0.38,NO DATA,PRE-BREAKOUT,,2.472454347642236,4.432483529421476,1.5757121643957743,0.9896498828547475
2026-07-13,UBER,PRE-BREAKOUT,75.44,-0.0463961037952316,0,81.5,56.2,0.5,NO DATA,NEUTRAL,24.0,-4.453868198495904,-1.8557782137760523,-4.334572946785108,0.7110259897870106
2026-07-13,OXY,PRE-BREAKOUT,54.3,1.0313086746805993,1,78.3,55.1,1.1,NO DATA,NEUTRAL,63.0,0.4972370070427653,-1.1970505969080865,1.6390398281933467,2.268861366586281
2026-07-13,CVX,PRE-BREAKOUT,181.07,0.5439844677645423,1,81.4,56.3,0.59,NO DATA,,219.0,-0.4873974250721368,0.6623418391583749,3.86518753430131,1.4852667044388026
2026-07-13,KO,PRE-BREAKOUT,84.18,0.142555300258738,1,87.0,61.0,0.31,NO DATA,,237.0,-1.3067215121707283,0.8790664872241692,-2.447133824445207,0.49108117451191846
2026-07-13,TFC,PRE-BREAKOUT,51.79,0.4441020617178466,1,82.5,59.5,0.29,NO DATA,NEUTRAL,225.0,-0.6754110439055242,1.810093666278482,-2.491741692336236,0.6386720393828562
2026-07-14,XLI,BREAKOUT,182.23,0.0823162392649455,1,57.4,55.1,0.12,NO DATA,,,-1.19080417132538,-1.5474929143887477,-1.959060713324159,0.7207424111273011
2026-07-14,ABNB,BREAKOUT,146.13,0.0034178518004119,1,63.0,55.5,0.05,NO DATA,,,1.5397282439009818,-0.1026512505720474,-1.3891698463589752,-0.7927312564710122
2026-07-14,NET,PRE-BREAKOUT,274.63,0.2658068497842568,1,87.3,66.9,0.07,NO DATA,,0.0,-0.5789576721691442,1.1033039588207332,-0.8447738562452192,-0.5676543561853038
2026-07-14,SOFI,PRE-BREAKOUT,18.41,0.1624087158070504,1,74.6,56.1,0.07,NO DATA,,,-2.933183925945691,-6.137964765640914,-4.182512821029672,0.4412571837243924
2026-07-14,AXP,PRE-BREAKOUT,356.35,-0.1276865402913281,0,94.0,64.8,0.04,NO DATA,,1.0,0.5865027196313252,-0.2806212702355543,-1.5602613877025808,-0.3780708082220348
2026-07-14,KO,PRE-BREAKOUT,84.41,-0.0118451298674213,0,86.3,61.7,0.05,NO DATA,,1.0,-2.322003378459672,-3.37638009881086,-2.890651320100547,-0.09495766297292284
2026-07-14,RTX,PRE-BREAKOUT,196.92,0.0355502199695688,1,73.5,61.4,0.04,NO DATA,,,-0.8524226580551366,-2.057031681448996,-1.9760497575752465,-0.005089111903355046
2026-07-14,C,BREAKOUT,142.54,0.1192694779480815,1,56.2,58.0,0.24,NO DATA,,,-5.845617468534046,-9.705607239086392,-7.27654375868725,-2.110724951312526
2026-07-14,ZS,BREAKOUT,145.84,1.2239440482720767,1,73.8,55.3,0.13,NO DATA,,,1.611356583520465,2.8113017288852484,1.9747677048156345,-1.5865180396276606
2026-07-14,DIA,PRE-BREAKOUT,524.67,0.0800554358870892,1,67.2,59.9,0.24,BULLISH,,,0.1324856204257039,-0.8179350755593916,-0.6846318839401355,-0.21926200605242738
2026-07-14,DDOG,PRE-BREAKOUT,263.97,0.6781110602056948,1,76.7,63.9,0.07,NO DATA,NEUTRAL,0.0,0.1856239175202097,-2.00022637367647,-3.4776704602292736,-1.7887272114925472
2026-07-14,SNOW,PRE-BREAKOUT,272.22,-0.2461289424110194,0,86.0,69.9,0.14,NO DATA,,6.0,-0.1285742718435557,-1.2196040347937889,-0.1799974335728095,-1.9951555828539487
2026-07-14,V,PRE-BREAKOUT,357.79,0.4863184491732173,1,82.4,66.7,0.07,NO DATA,,6.0,-0.9247111909002196,0.0293778708137048,-0.7350073268799493,-0.5534621904481132
2026-07-14,HOOD,BREAKOUT,111.36,0.0269391070837267,1,68.5,60.2,0.15,NO DATA,,,3.7535927761560206,-10.237069787650272,-4.489941980646944,1.0649901351220905
2026-07-14,META,PRE-BREAKOUT,661.85,-0.158648063312121,0,94.8,63.7,0.15,NO DATA,,9.0,2.940242888659625,-2.393290055809477,-2.725693501761165,-0.7202321516331434
2026-07-14,MA,PRE-BREAKOUT,541.17,0.2457638080455385,1,88.0,67.1,0.1,NO DATA,,9.0,-1.1013134555396102,0.4490225965847222,-0.530334683561766,-0.5040025871550116
2026-07-14,DHR,PRE-BREAKOUT,201.47,0.0024847885618832,1,84.7,65.8,0.21,BULLISH,,12.0,-0.3375225660729569,1.1713911902787952,-11.14806447270763,-1.0641511010402291
2026-07-14,TMO,PRE-BREAKOUT,533.0,0.352721366381332,1,82.8,67.1,0.2,NO DATA,,12.0,0.4296394047549249,-0.0975646400093808,-1.7898645454678703,-0.6622391128508849
2026-07-14,GS,BREAKOUT,1117.27,-0.3911297704169522,0,92.9,64.8,0.6,NO DATA,,15.0,3.1147302164259774,-4.658679575829923,-2.8381627902163293,3.7374118751017584
2026-07-14,XLF,BREAKOUT,56.54,0.0176852441820794,1,93.6,70.7,0.46,NO DATA,,15.0,0.0353756160081649,-0.4952275883742412,-0.7605224436654344,-0.8382400985575723
2026-07-14,MS,BREAKOUT,229.68,-0.3896709935086345,0,93.8,65.2,0.31,NO DATA,,15.0,-1.0367544633260162,-6.68746911038592,-6.297768088260708,1.4609485005335643
2026-07-14,JPM,BREAKOUT,340.61,-0.4110297833069752,0,91.6,64.0,0.65,BULLISH,,16.0,1.8496238108421248,0.1438613380451576,1.3563932316514815,-2.2509188433844236
2026-07-14,XYZ,BREAKOUT,80.32,-0.3112553600295996,0,94.2,62.9,0.2,NO DATA,BREAKOUT,16.0,1.8550766416754945,-0.4731045301216923,0.0746977756697903,-0.07621640963335101
2026-07-14,SCHW,PRE-BREAKOUT,102.73,-0.0194694008832354,0,84.3,71.6,0.1,NO DATA,,16.0,-0.2325176252753008,-1.4263511411892864,-2.979300175996092,-1.211172003355503
2026-07-14,WFC,PRE-BREAKOUT,87.47,-0.4801611389529969,0,83.9,63.1,0.78,NO DATA,NEUTRAL,19.0,-0.5253688122758147,-0.5253688122758147,-0.2639266358956986,-3.216607452631528
2026-07-14,PLTR,PRE-BREAKOUT,133.75,1.1588807863609814,1,75.1,55.0,1.11,NO DATA,NEUTRAL,0.0,0.0074725284754672,-1.0242954147196262,-0.8149505330023364,-4.944627043799556
2026-07-14,CRM,PRE-BREAKOUT,171.28,-0.9399823861832604,0,88.8,55.2,0.59,NO DATA,NEUTRAL,126.0,-2.498832321345166,-0.2977555625519988,-0.7122854048378393,-5.098700890841643
2026-07-14,NVDA,PRE-BREAKOUT,209.73,1.096647489294276,1,80.4,55.0,0.59,NEUTRAL,NEUTRAL,78.0,1.3207457206885094,-3.2994814482459542,-1.163403763823572,2.294501153124532
2026-07-14,SPY,PRE-BREAKOUT,751.49,0.1477033075539915,1,73.6,56.2,0.49,NEUTRAL,PRE-BREAKOUT,,0.4417886543525184,-1.0911684749838666,-0.4271474940617984,0.23225573288668017
2026-07-14,PYPL,PRE-BREAKOUT,47.3,-0.2536991433915769,0,94.6,63.6,0.42,NO DATA,,234.0,17.378436485758296,19.57716992239116,18.076106710615427,-1.9937056296283724
2026-07-14,AAPL,PRE-BREAKOUT,315.29,-0.066609606309872,0,79.5,61.9,0.3,BULLISH,,274.0,3.783121556369725,5.760535563489162,3.859171101654423,-1.1187759037794631
2026-07-14,RBLX,BREAKOUT,55.03,-0.990367780571395,0,66.8,58.4,0.24,NO DATA,,,3.7070683169620526,-6.087588033480319,-4.597492276939853,-0.29075022889570507
2026-07-15,RIVN,BREAKOUT,17.88,-0.4474315600640499,0,70.0,55.4,0.0,NO DATA,,,-4.418343665615819,-3.579419624618764,-3.9149871075179967,1.771425519670759
2026-07-15,DIA,BREAKOUT,524.69,0.2401441245366207,1,67.3,59.9,0.56,BEARISH,,,-0.0845569973460623,-1.3682507208125376,-0.6960369232904294,0.23061654825248493
2026-07-15,RBLX,BREAKOUT,56.07,1.783484385275938,1,71.2,60.0,0.0,NO DATA,,,-3.673981948398069,-5.029427501337614,-11.467809185574394,2.8088833211102413
2026-07-15,PLTR,PRE-BREAKOUT,135.57,-1.3351076884001296,0,80.1,56.7,0.01,NO DATA,,0.0,-0.833515939067451,-0.5310864472113065,-8.113889728683171,0.46365174358935735
2026-07-15,META,PRE-BREAKOUT,664.5,2.529721227779345,1,90.9,64.1,0.01,NO DATA,,0.0,0.0060162569366064,-2.806625193989842,-5.617760284400865,0.38726819007728097
2026-07-15,TMO,PRE-BREAKOUT,537.63,-0.4352476559448404,0,83.5,68.6,0.01,NO DATA,,0.0,1.0341689342868243,-2.120421020264865,-2.077632949676124,0.5935519438806163
2026-07-15,NVDA,PRE-BREAKOUT,212.26,0.1130688777913922,1,89.3,56.7,0.01,NEUTRAL,,1.0,-2.2896476507658607,-4.230661085792479,-0.0942252150222561,0.07554469301413312
2026-07-15,WFC,PRE-BREAKOUT,85.97,1.7913250392351632,1,62.9,56.2,0.0,NO DATA,,,1.8579280472112376,-0.1544767359571276,-0.0503879044379566,0.7621075376968032
2026-07-15,UPS,PRE-BREAKOUT,114.02,-0.947200104011354,0,91.6,64.4,0.0,NO DATA,,1.0,1.158571669855073,-2.3204242068620053,0.0017769356356101,0.4046794157495889
2026-07-15,SCHW,PRE-BREAKOUT,101.69,1.08171985006131,1,77.3,67.1,0.01,NO DATA,,1.0,0.7976338790456925,0.5426955112889073,-1.1634108661280589,0.4549941557025876
2026-07-15,JNJ,BREAKOUT,255.19,-3.201534436121737,0,59.9,57.1,0.05,NO DATA,,,-2.045534221284875,-2.4961764472672314,0.1724224627973283,-1.4811934903368618
2026-07-15,TGT,BREAKOUT,136.0,1.6838185927447151,1,68.0,57.6,0.02,NO DATA,,,2.310304080738741,1.857892204733456,0.6393096026252298,0.20149572571711755
2026-07-15,ABBV,BREAKOUT,245.01,-0.3673316965219494,0,52.7,56.3,0.01,NO DATA,,,3.8284149176149738,3.416189087307665,3.3835366114680308,-0.5964504707733533
2026-07-15,XLF,PRE-BREAKOUT,56.39,0.3014743275244104,1,87.2,70.1,0.04,NO DATA,,3.0,0.6384110657918061,-0.620675801512071,-0.6029451373283449,0.21359724320562223
2026-07-15,MS,PRE-BREAKOUT,228.13,0.1841068915784057,1,84.3,64.1,0.21,NO DATA,NEUTRAL,3.0,-4.802305916925106,-8.041385715347333,-4.745633090148022,-2.1829846974457627
2026-07-15,SNOW,PRE-BREAKOUT,277.77,-2.1240612315269765,0,88.3,72.0,0.11,NO DATA,,6.0,-2.7900820773762853,-1.234835893764394,-3.589304895068305,0.7102962374925377
2026-07-15,ROKU,PRE-BREAKOUT,142.19,0.7947164527876449,1,80.1,62.6,0.02,NO DATA,,7.0,1.146358621716543,1.3643750494496816,0.6259243484455235,0.40914351970204027
2026-07-15,HD,BREAKOUT,343.97,-0.7355285514997754,0,56.5,55.7,0.05,NO DATA,,,1.1774250701142095,-3.177600213704146,-3.639848763836607,0.3701071937417187
2026-07-15,AAPL,BREAKOUT,321.17,1.970918828034992,1,86.5,65.5,0.13,BULLISH,,15.0,3.674950759868211,1.5999511885985176,1.3821938208834057,0.876583209690257
2026-07-15,DHR,BREAKOUT,201.13,-0.1690482344091796,0,81.3,64.9,0.08,BEARISH,,15.0,1.929097850562294,-0.0099435139702843,-10.933227569408622,0.47726547785842804
2026-07-15,TFC,BREAKOUT,52.34,0.8788674762333655,1,88.2,62.0,0.05,NO DATA,,15.0,0.7402512605380618,-3.5163794850228136,-2.1353410043742005,0.4042330729328252
2026-07-15,BMY,PRE-BREAKOUT,58.3,0.7204137576382983,1,77.1,55.1,0.11,NO DATA,NEUTRAL,0.0,3.790734685305671,3.1903942494204327,4.219551151857987,0.17558994342660017
2026-07-15,AXP,PRE-BREAKOUT,357.86,0.1620752365188164,1,94.0,65.7,0.13,NO DATA,BREAKOUT,22.0,1.036720316385943,-1.657074644894306,-2.548485375740517,0.30417875775079967
2026-07-15,ADBE,BREAKOUT,227.77,-1.409317487555982,0,84.4,55.2,0.18,NO DATA,NEUTRAL,24.0,3.310355867143935,3.0601069030882257,-4.131360315075931,1.077998412886883
2026-07-15,CRM,BREAKOUT,171.91,-2.856145657611539,0,89.4,55.3,0.15,NO DATA,,36.0,0.4479045289868265,1.0935915805554162,-5.182944564016053,1.7665354243229254
2026-07-15,SPY,BREAKOUT,755.12,-0.0410534009702106,0,84.8,58.6,0.26,NEUTRAL,,39.0,-0.5826927239213641,-1.7255499979514852,-1.0210333265532303,0.3205476091337356
2026-07-15,ABNB,BREAKOUT,148.85,-0.3157508345230059,0,79.8,59.1,0.19,NO DATA,NEUTRAL,15.0,-0.705406078765322,-2.626803868722704,-5.911989887969219,0.4367404251198373
2026-07-15,ZS,BREAKOUT,154.65,-4.177172685802622,0,88.4,61.2,0.33,NO DATA,,54.0,-5.315232670041226,-3.123176641306987,-8.011642737254489,1.4004897982115643
2026-07-15,V,PRE-BREAKOUT,357.59,-0.6851381055293703,0,79.7,65.7,0.44,NO DATA,NEUTRAL,22.0,1.9220115614469504,0.6463820870488969,-1.3494004432232027,-0.5673807864744087
2026-07-15,MA,PRE-BREAKOUT,540.1,-0.9053838228742404,0,83.7,66.6,0.38,NO DATA,NEUTRAL,52.0,2.118122204655384,1.3590080432153726,-1.5034289078411447,0.0966429644284917
2026-07-15,SBUX,PRE-BREAKOUT,107.2,-1.9496262963138435,0,89.9,61.8,0.17,NO DATA,NEUTRAL,58.0,0.5140204927814515,-2.787913137407448,-3.5577418199226067,0.16953970827931245
2026-07-15,RTX,PRE-BREAKOUT,195.77,0.0612961074977919,1,67.8,58.6,0.24,NO DATA,,,-1.0489470090260626,-1.0082142963322764,-0.7842077592447504,0.8428589316701498
2026-07-15,HOOD,BREAKOUT,114.83,0.6183061181985069,1,77.2,63.0,0.63,NO DATA,NEUTRAL,15.0,-7.672214018055902,-13.541758443527932,-9.01332112084508,1.3398010695005917
2026-07-15,XLV,BREAKOUT,159.23,-0.5903452325988678,0,57.2,55.4,0.86,NO DATA,,,1.6140193755936838,0.012560447151925,0.1255998717460656,-0.5748868797254748
2026-07-15,BKNG,PRE-BREAKOUT,180.28,1.397827297402824,1,65.7,56.2,0.44,NO DATA,WEAKENING,,2.4018197306143563,-0.4603966339903559,-1.342355996033081,0.2573617000480846
2026-07-15,GILD,BREAKOUT,132.37,-0.5061592896863466,0,73.3,55.1,0.32,NO DATA,,,2.96895297405591,0.6345899477730474,-1.533582882911067,0.04614950821380282
2026-07-15,GOOGL,PRE-BREAKOUT,370.91,0.0026996920369766,1,84.3,56.9,0.73,NO DATA,NEUTRAL,82.0,-4.435040453188617,-5.10097052266723,-7.77007998223542,-0.4283631896441079
2026-07-15,KO,PRE-BREAKOUT,83.19,-0.8895336600045801,0,68.5,56.0,0.48,NO DATA,,,2.079574671168788,-1.2862089835532715,-1.1900505490537447,-0.18055070121921543
2026-07-20,UPS,BREAKOUT,117.72,-3.882091806083157,0,102.9,69.6,1.51,NO DATA,,,-2.723255993515465,-4.596210133652681,-5.55777826804998,0.15290545642988412
2026-07-20,BKNG,PRE-BREAKOUT,181.68,-1.227434528708619,0,66.7,56.2,0.87,NO DATA,,,-1.254957124348102,-4.871201105760303,2.8126339091439925,-0.15961762319658543
2026-07-20,ROKU,PRE-BREAKOUT,144.43,-0.2077096982534839,0,87.8,65.9,0.49,NO DATA,,0.0,-0.110777350646728,-1.9109615945819387,-1.0454904320810734,0.36557495306044224
2026-07-20,DDOG,BREAKOUT,265.08,-0.7092152531193354,0,69.1,61.0,0.02,NO DATA,,,-3.881849522358221,-7.805191116022163,-4.987173453164487,-0.03865866580533067
2026-07-20,ZS,PRE-BREAKOUT,150.47,-0.4319749290763932,0,74.2,57.4,0.02,NO DATA,PRE-BREAKOUT,,-1.1630217181477198,-7.157574966277538,-2.106730210834177,-1.740696657232283
2026-07-20,V,PRE-BREAKOUT,358.74,0.510120790605659,1,73.0,62.4,0.02,NO DATA,,,-0.9978766557517308,-2.1720386451320968,0.8690855684783871,-0.40718191237703305
2026-07-20,WFC,PRE-BREAKOUT,88.18,-2.097979325181809,0,83.6,61.3,0.07,NO DATA,,6.0,-1.0669728151712128,-2.8146994251814546,-1.5969293516059202,0.4228032318083059
2026-07-20,RTX,PRE-BREAKOUT,196.1,-0.8465056392624907,0,65.7,58.2,0.06,NO DATA,,,-1.566158685679338,6.306722855944834,11.01316056161557,0.5787868367372606
2026-07-20,PLTR,PRE-BREAKOUT,134.71,0.103931485053535,1,75.8,55.6,0.15,NO DATA,NEUTRAL,0.0,-1.521784825098829,-8.418081251145406,-2.3606274372378686,-0.3777005450654106
2026-07-20,SNOW,BREAKOUT,271.36,1.0981708202721887,1,72.9,66.1,0.08,NO DATA,PRE-BREAKOUT,,0.1363542844664325,-2.295841360991861,0.5748870237818253,-0.6619556785791905
2026-07-20,VLO,BREAKOUT,312.16,0.3684000379913265,1,92.8,73.3,0.17,NO DATA,,15.0,0.4574813334407756,-2.5868660727872004,-2.69217596244715,-0.21314505897584915
2026-07-20,NET,PRE-BREAKOUT,278.99,-2.354918302543329,0,78.3,65.5,0.51,NO DATA,,15.0,-2.3943519270964044,-5.975121931173612,-4.795876070266859,0.424977548158938
2026-07-20,XLE,PRE-BREAKOUT,57.76,0.3116319714490762,1,93.2,62.2,0.27,NO DATA,,15.0,1.2811634349030507,2.8047109905042182,1.03878222013775,-0.20804252990615502
2026-07-20,MPC,BREAKOUT,316.24,-0.29408121724205,0,93.8,78.9,0.1,NO DATA,BREAKOUT,15.0,0.8369721794562645,-1.5250134823927266,-1.4997880367758694,0.11196612177919235
2026-07-20,RIVN,BREAKOUT,17.84,-3.363229982521501,0,66.1,55.0,0.13,NO DATA,,,-0.4484292103036094,-7.735431140848338,-7.623320951590089,0.37238919703080836
2026-07-20,TGT,BREAKOUT,141.9,-1.627909557511896,0,88.0,64.4,0.22,NO DATA,,21.0,-3.1534981273949563,-5.950910529256963,-1.8527051779146888,1.2249221922025841
2026-07-20,SBUX,PRE-BREAKOUT,106.6,-1.679176774302293,0,76.4,57.0,0.16,NO DATA,NEUTRAL,0.0,-2.5765395745998423,-3.733115706166447,-3.322717262253747,0.21803333168194922
2026-07-20,DHR,PRE-BREAKOUT,203.71,-1.2763238867254654,0,80.6,66.0,0.36,NO DATA,,27.0,-12.125082466822477,-5.5029208188110585,-3.539345147513626,-0.8978078862853034
2026-07-20,MA,PRE-BREAKOUT,542.91,0.8343928904249842,1,76.5,63.6,0.23,NO DATA,NEUTRAL,9.0,-0.8491300965226684,-2.3245145553878577,1.6208988548113468,-0.662247194190387
2026-07-20,LLY,BREAKOUT,1179.85,-2.7927258198870546,0,50.7,55.0,0.45,NO DATA,,,-0.5188668547643691,0.3664106202589389,1.3532572996567438,0.045800567310010726
2026-07-20,META,PRE-BREAKOUT,647.56,-0.2640719646152396,0,71.1,57.1,0.44,NO DATA,,,-0.5790972946763536,-6.40249929181272,-8.291124356478543,0.1068098684193122
2026-07-20,ABNB,PRE-BREAKOUT,146.56,-1.1053476791715011,0,57.6,55.0,0.41,NO DATA,,,-1.6784892852649953,-6.134001552798344,0.2046947395957698,0.5617258173847556
2026-07-20,AMZN,BREAKOUT,251.13,-0.4539459669636972,0,80.3,55.1,0.42,NO DATA,NEUTRAL,54.0,-1.425555269478829,-6.956554906976714,-7.860470915602102,0.6188564517806395
2026-07-20,XYZ,PRE-BREAKOUT,80.19,-1.1223333139701384,0,75.0,59.9,0.57,NO DATA,NEUTRAL,0.0,0.2369338488813705,-4.614044315039863,1.3093875343179118,-0.7505705343897286
2026-07-20,SCHW,PRE-BREAKOUT,101.93,0.5984508148016648,1,70.5,65.0,0.71,NO DATA,,,-2.217830933778856,-0.6037794899264575,1.910230632292835,-0.9354046584080498
2026-07-20,MSFT,BREAKOUT,399.83,0.6152636232703627,1,85.1,55.0,0.54,NO DATA,NEUTRAL,99.0,-0.7071444084438971,-4.743764451942853,-2.8664941389152854,-0.6119556186299342
2026-07-20,CRM,PRE-BREAKOUT,172.28,0.8764762515282165,1,81.9,55.5,0.56,NO DATA,NEUTRAL,63.0,-1.288601370679273,-8.90991834468235,0.7661981097722451,-1.704048480005018
2026-07-20,RBLX,BREAKOUT,54.8,-2.828467153284666,0,59.8,55.0,0.85,NO DATA,,,-4.1970802919707975,-13.229928399524546,-11.642339107764023,0.6191944522728082
2026-07-20,ADBE,PRE-BREAKOUT,234.75,-0.0042575108992279,0,83.6,58.9,0.69,NO DATA,NEUTRAL,132.0,-3.2332252770567096,-9.618744123984955,1.2779552715654952,-0.6659649445962855
2026-07-21,META,BREAKOUT,654.38,-0.9340876723243752,0,72.5,58.6,0.01,NO DATA,,,-4.158137028919549,-9.045202719917135,-9.3172204002978,1.2897758620005317
2026-07-21,VLO,PRE-BREAKOUT,315.86,-0.4938935626642385,0,91.7,74.5,0.02,NO DATA,,3.0,-1.9429326351815324,-4.598414101579818,-5.740074515682387,0.8458057250435443
2026-07-21,XYZ,PRE-BREAKOUT,80.18,0.685960784402079,1,73.8,59.4,0.13,NO DATA,PRE-BREAKOUT,,-3.392368315698865,-3.778995353106885,3.641804033575813,0.41619602376629977
2026-07-21,SNOW,PRE-BREAKOUT,276.57,-1.5113661465677743,0,78.4,68.6,0.08,NO DATA,NEUTRAL,9.0,-3.1709918671697013,-3.076979586146814,-2.245368134084497,-0.9732386621700497
2026-07-21,SCHW,BREAKOUT,103.32,-0.7500985588992264,0,74.4,67.8,0.35,NO DATA,,,-2.722679548747211,-1.5935705098540875,2.266635813548781,1.5993752438128728
2026-07-21,XLE,PRE-BREAKOUT,58.21,0.2405058823588608,1,92.7,64.1,0.24,NO DATA,,15.0,1.700740015357245,2.422262380836222,-1.099467969723041,0.37970525702033686
2026-07-21,ABBV,BREAKOUT,254.41,0.5660178858989932,1,71.1,65.5,0.06,NO DATA,,,-0.4363024048748807,1.9456724781111208,3.455057665591468,0.1262893911371116
2026-07-21,JPM,PRE-BREAKOUT,340.0,0.9999982048483456,1,69.5,59.3,0.1,NO DATA,,,2.414703369140625,3.885291604434743,5.091175752527573,0.3688730244670163
2026-07-21,WFC,PRE-BREAKOUT,86.8,0.5241903841220871,1,64.0,56.3,0.18,NO DATA,,,-1.006127282771094,-1.132135347287223,-0.4906509329097029,0.4054192826336673
2026-07-21,MRK,PRE-BREAKOUT,126.14,-0.5113344327080778,0,54.8,55.0,0.17,NO DATA,,,1.054384985494787,3.908361601568693,4.502939055191652,0.32154463100685254
2026-07-21,UPS,BREAKOUT,114.95,0.913440626359284,1,78.8,59.5,0.25,NO DATA,NEUTRAL,15.0,-0.8072848525343923,-1.70638527026017,-9.635639232155969,1.2196175296580487
2026-07-21,OXY,BREAKOUT,55.91,0.7064931231904573,1,88.5,59.9,0.25,NO DATA,,39.0,2.84385619746021,2.4861370721884284,-3.541405284965508,0.6341770203432785
2026-07-21,XLF,PRE-BREAKOUT,56.17,-0.0712104893800379,0,70.1,63.8,0.45,NO DATA,,,-0.2136385311366473,0.2492458132295067,2.545840260140808,-0.08922062141989237
2026-07-21,RTX,PRE-BREAKOUT,196.43,-0.328359383948802,0,66.1,58.8,0.25,NO DATA,WEAKENING,,-1.117570396718141,7.969988911444277,10.907851511790136,-0.22629213941654985
2026-07-21,BMY,PRE-BREAKOUT,60.57,-0.3384486074512191,0,87.3,60.4,0.21,NO DATA,,51.0,0.3136838724338828,2.5094934003432234,5.002473954302614,-0.13297542646330832
2026-07-21,XLV,PRE-BREAKOUT,160.3,-0.3743000946711315,0,53.9,56.0,0.39,NO DATA,WEAKENING,,-0.5427369458632323,1.416099391278065,4.341855587545805,-1.0800635608810834
2026-07-21,AAPL,PRE-BREAKOUT,326.81,0.3243459861043107,1,75.9,64.0,0.37,NO DATA,NEUTRAL,3.0,-0.3674330973558802,1.812377903541048,3.970786166130549,-1.059429711220674
2026-07-21,COIN,BREAKOUT,178.97,-0.0279386662874707,0,110.9,60.3,1.45,NO DATA,,,-7.1799770256537405,-11.555012970814763,-6.1853976105021085,4.650007513834015
2026-07-21,TGT,PRE-BREAKOUT,139.54,-0.7524684727217498,0,74.6,61.5,0.29,NO DATA,,,-1.9138160673854665,-2.724563622689949,2.5524032787417643,-0.43699450272568174
2026-07-21,DIA,PRE-BREAKOUT,522.87,-0.252455143158195,0,50.1,55.0,0.74,NO DATA,WEAKENING,,-0.3503808083868848,-0.8682346987838765,0.6853503186140906,0.32629309059738776
2026-07-21,TMO,PRE-BREAKOUT,520.85,0.449266092235044,1,55.6,55.7,1.16,NO DATA,,,1.0770897518779354,9.102430597220884,10.66717349419818,-3.6352878162118323
2026-07-21,AMZN,BREAKOUT,227.5,8.81318815461882,1,1.02,,,NO DATA,,,7.626376309237637,2.026373894660028,1.476923345209478,-0.35201602603131416
2026-07-21,AMZN,BREAKOUT,227.5,8.81318815461882,1,1.02,,,NO DATA,,,7.626376309237637,2.026373894660028,1.476923345209478,-0.35201602603131416
2026-07-22,MRK,BREAKOUT,127.06,0.5036966379995161,1,60.7,56.4,0.0,NO DATA,,,2.691638381504061,2.912005750697257,2.5971986544558163,0.8395355145408969
2026-07-22,TMO,PRE-BREAKOUT,522.78,0.2601504740880537,1,55.7,56.8,0.02,NO DATA,,,9.47626292593802,7.02973130128831,10.268185847327036,0.24069626668348806
2026-07-22,ABBV,PRE-BREAKOUT,257.96,-1.7696525537056296,0,82.4,67.9,0.0,NO DATA,,0.0,-0.4031580757736101,-0.4070384314973657,2.070083653655129,0.6677045741213089
2026-07-22,RIVN,BREAKOUT,17.85,-3.725493187997863,0,63.3,55.1,0.01,NO DATA,,,-7.78711997494311,-7.675072592513575,-8.515406589882053,-0.9572076244542282
2026-07-22,PYPL,PRE-BREAKOUT,56.02,-1.097824385403656,0,85.0,76.3,0.02,NO DATA,,3.0,-0.0357015351660177,0.0892532931528304,4.159226123029437,0.23276825723723568
2026-07-22,JPM,PRE-BREAKOUT,345.99,0.6445276512914002,1,87.4,63.7,0.01,NEUTRAL,,3.0,1.1300887009694978,2.950955867808677,-0.3699553585137963,-0.04634697361687698
2026-07-22,HON,PRE-BREAKOUT,235.42,-1.3444036688418517,0,76.3,56.9,0.04,NO DATA,NEUTRAL,0.0,4.295845475722252,4.0756229474848205,2.114801793320852,1.1311259447541027
2026-07-22,UPS,BREAKOUT,116.96,-0.6797187794738799,0,88.3,62.7,0.07,NO DATA,,15.0,-3.976281266532089,-4.944097620680943,-12.004914394644798,0.22348473819384934
2026-07-22,BMY,BREAKOUT,61.52,-1.2272441650708152,0,93.2,63.0,0.09,NO DATA,,15.0,-0.0162576047899869,1.690509384413219,2.5682680008470262,0.7713789895766668
2026-07-22,AMD,PRE-BREAKOUT,546.96,1.5156501389498251,1,67.3,55.2,0.21,NO DATA,,,-1.3291643920202183,-9.508919810035248,-21.46409288456309,-3.223552711839686
2026-07-22,PFE,BREAKOUT,25.16,-1.2122434728285851,0,92.9,55.0,0.13,NO DATA,,18.0,-2.305246726128559,-1.9475354678301064,-0.0397471441563064,0.9623086045664861
2026-07-22,XLF,PRE-BREAKOUT,56.23,-0.4001403732611818,0,69.4,64.3,0.28,NO DATA,,,-0.7113607841815923,1.155968465437022,0.8002850883439168,0.05346422914018044
2026-07-22,RTX,PRE-BREAKOUT,196.34,-1.191810125292861,0,64.6,58.5,0.12,NO DATA,,,6.176776775240811,10.8774614756688,9.268263084067335,1.1514409813717028
2026-07-22,DIA,PRE-BREAKOUT,523.26,-0.305780463912537,0,51.0,55.6,0.74,NEUTRAL,WEAKENING,,-1.4194976826470094,-0.4647429508931966,-1.581819517752884,0.023009168556789108
2026-07-22,JNJ,PRE-BREAKOUT,255.08,-0.0078416345484798,0,51.8,56.1,0.44,NO DATA,WEAKENING,,1.642617615521351,4.261412971236959,4.096753480985127,0.8579042700802613
2026-07-22,NVDA,BREAKOUT,212.03,0.2169530222912141,1,88.0,56.2,0.64,BULLISH,NEUTRAL,15.0,-1.542237180193399,-7.319721498450249,-10.385325422423271,-0.7139735517749523
2026-07-22,TFC,BREAKOUT,51.8,-0.2413142141688229,0,63.8,55.2,0.58,NO DATA,,,-2.1282490616139245,-0.3696220721977503,-0.0064231253958982,0.233551828318729
2026-07-22,DE,PRE-BREAKOUT,605.86,0.3292807692783788,1,51.3,55.0,0.35,NO DATA,WEAKENING,,0.6866304973508709,3.1624499936041306,0.8401300972223346,0.5145889289332721
2026-07-23,BLK,PRE-BREAKOUT,1056.63,-0.1268145838656965,0,73.7,55.6,0.45,NO DATA,,,-0.0908507287023469,3.872694209716257,3.950294343070648,-0.5186281331616895
2026-07-23,SCHW,PRE-BREAKOUT,101.23,0.1481747045519754,1,62.0,60.0,0.02,NO DATA,,,0.4381339022214225,4.378038252058273,2.76267618738732,-0.5257999927036348
2026-07-23,JNJ,BREAKOUT,257.3,0.3089783212993057,1,58.2,58.0,0.03,NO DATA,,,2.3707710441058545,3.664986780539492,-0.575201195406631,-0.15256401134413913
2026-07-23,DE,BREAKOUT,613.37,-0.3089529018475805,0,60.8,57.8,0.02,NO DATA,,,2.4112645131863712,4.3155072558926495,-2.266173646718132,0.4396263703463999
2026-07-23,NET,BREAKOUT,273.82,-1.2672536324900914,0,68.3,60.9,0.01,NO DATA,,,-4.261926120632393,-3.5497749968900623,3.4950020628286858,1.4722251815505376
2026-07-23,JPM,PRE-BREAKOUT,348.88,-0.288064664067873,0,91.0,65.7,0.08,NEUTRAL,,6.0,1.24111197405358,2.416302900307772,0.5646658173342208,-0.46810973918385784
2026-07-23,BMY,PRE-BREAKOUT,61.1,0.9247150826961412,1,87.0,61.7,0.04,NO DATA,,6.0,1.6202948487526827,4.091650530476419,6.153847152784879,-0.032910868365378945
2026-07-23,AMD,PRE-BREAKOUT,555.99,-2.492849712618484,0,74.8,56.7,0.16,NO DATA,,,-6.122410078053339,-18.23234318653438,-12.69806747451618,-1.3741832999516541
2026-07-23,UPS,PRE-BREAKOUT,116.57,-1.8229392684016252,0,83.9,61.7,0.08,NO DATA,,15.0,-3.072394156441671,-10.891453459177551,-11.1109957171824,0.5956512976688985
2026-07-23,MRK,BREAKOUT,129.03,1.4337788753100045,1,77.8,59.4,0.22,NO DATA,NEUTRAL,15.0,1.5810333443530566,2.1622935164060677,0.5890051043422548,0.2745732099861693
2026-07-23,SNOW,BREAKOUT,272.55,-3.3755251867489946,0,71.2,63.9,0.15,NO DATA,,,-1.6474050417927943,-0.8035276640754031,9.374428950106626,2.2591555587463406
2026-07-23,TMO,BREAKOUT,580.19,-0.6834010262263318,0,131.6,74.7,2.01,NO DATA,,,-2.0562212782666114,-0.651515340745067,-0.5894587064151492,8.96933646095117
2026-07-23,RTX,BREAKOUT,211.8,-0.6728045325779091,0,124.7,73.3,1.5,NO DATA,,,0.1347730022426763,2.859439435604043,0.8830011960354643,5.192936609003562
2026-07-23,PYPL,PRE-BREAKOUT,55.55,0.3960404280174162,1,80.0,74.3,0.48,NO DATA,,78.0,1.0801107576578022,4.986498100493648,3.7803807846605024,-0.06305142941885548
2026-07-23,XLI,PRE-BREAKOUT,181.65,0.2966127151501826,1,51.9,55.5,1.02,NO DATA,WEAKENING,,0.556016329264723,0.4624307697022057,-1.7946603965601806,0.13418519775509394
2026-07-23,XLV,PRE-BREAKOUT,161.45,-0.1486486752138749,0,60.7,58.0,0.57,NO DATA,WEAKENING,,0.6937177604328036,3.598633946631124,1.2821333369222354,0.2948010050147372
2026-07-23,LLY,PRE-BREAKOUT,1187.28,-0.0277987356078576,0,50.3,55.5,0.56,NO DATA,WEAKENING,,0.5928343369403196,2.664352981447091,-2.860550102571632,-1.409275458578425
2026-07-23,XLF,PRE-BREAKOUT,55.71,0.2512986431898992,1,56.3,58.1,0.5,NO DATA,,,1.077008388603509,3.3925659201599228,2.315562735595044,-0.6601229918306947
2026-07-24,AAPL,BREAKOUT,324.68,0.8592798041051939,1,67.2,60.3,0.05,STRONGLY BULLISH,,,3.6773715478028346,4.07126712082377,-4.939069438923519,0.04041686293987137
2026-07-24,XLE,PRE-BREAKOUT,59.84,0.1838248043774226,1,91.8,70.5,0.16,NO DATA,,0.0,-2.4732610121130363,-1.9886338137050417,-0.4846269434148672,0.033682144499676256
2026-07-24,ROKU,PRE-BREAKOUT,142.01,0.2957486626161954,1,56.4,57.9,0.01,NO DATA,,,0.6407986542816152,2.337864820121609,2.1125234186578035,0.09176599455974134
2026-07-24,JNJ,BREAKOUT,261.2,0.1569622326043305,1,73.1,61.1,0.08,NO DATA,,,1.818534535616869,1.6577330701749184,-1.856812364657107,0.8331097904260232
2026-07-24,LLY,BREAKOUT,1195.04,0.2317554485623942,1,54.7,56.8,0.08,NO DATA,,,0.0649690596130704,1.1086301896798465,-4.0035442393664615,0.7150851698471391
2026-07-24,NET,BREAKOUT,266.6,-0.5120084952878929,0,56.0,56.0,0.06,NO DATA,,,-0.3713483302466326,1.4178562951284608,4.643665036132071,1.3876120879946745
2026-07-24,MA,BREAKOUT,532.16,0.5111253913884043,1,54.3,55.4,0.05,NO DATA,,,3.673711284699392,5.855383216367029,7.693170397237209,0.22064228889729612
2026-07-24,SNOW,BREAKOUT,267.19,-0.138475495258523,0,58.8,59.9,0.04,NO DATA,,,2.1445463631626844,5.879708782695602,9.764586541149324,1.4219397820847213
2026-07-24,XLF,PRE-BREAKOUT,55.83,0.1701580459619354,1,56.8,59.6,0.17,NO DATA,,,1.88071120923381,1.5224795005835268,1.9881759389378224,0.0
2026-07-24,XLV,BREAKOUT,162.44,0.0277029120608007,1,72.3,59.9,0.13,NO DATA,,,0.5909836841199072,2.339328670994869,0.0677191897056234,0.6380071628595938
2026-07-24,UPS,PRE-BREAKOUT,114.54,-0.4277954847583322,0,67.8,56.9,0.09,NO DATA,,,-2.935757444690452,-10.14575508641223,-10.437928791422488,0.49080209945427433
2026-07-24,BMY,BREAKOUT,62.07,0.2255503213672562,1,94.9,64.4,0.22,NO DATA,BREAKOUT,15.0,0.7894334997438622,1.6594143291784975,5.2199090681387945,0.6990738366273833
2026-07-24,JPM,BREAKOUT,350.09,0.1342504951851738,1,89.0,66.5,0.13,BEARISH,,15.0,1.7452689899829403,-1.53675013422887,0.485591860642092,0.211494931369463
2026-07-24,MRK,BREAKOUT,130.94,-0.5345918029906334,0,89.6,62.0,0.12,NO DATA,,18.0,-0.1374717375622882,-0.4429505037791624,-0.5651466715730947,0.7357501113594601
2026-07-24,V,BREAKOUT,352.99,0.0665758530030924,1,50.8,55.5,0.12,NO DATA,,,2.512183792277222,4.2653516100845605,3.53015108707488,0.5318529820039164
2026-07-24,TFC,PRE-BREAKOUT,51.87,-0.5205350412163172,0,63.3,55.2,0.38,NO DATA,,,-0.5040760235173221,-0.1413672237421931,-1.038589609917216,0.4101544557488791
2026-07-24,WFC,BREAKOUT,86.86,-0.5485849119182442,0,59.9,55.4,0.46,NO DATA,,,-0.1015108245983112,-3.993503360629712,-1.0401740481495,-0.27846094252894726
2026-07-24,LMT,BREAKOUT,579.31,0.0094923675363889,1,117.4,71.0,1.48,NO DATA,,,0.1191072137543033,-1.7451775030585863,0.5920820000302178,0.0
2026-07-24,NVDA,BREAKOUT,211.74,-0.8072633023548971,0,80.9,55.5,0.63,BULLISH,NEUTRAL,15.0,-7.1927861968282185,-10.26258878490794,-5.190327760460947,-0.6275136966200934
2026-07-24,SLB,BREAKOUT,52.46,-0.0762520607218611,0,140.5,65.8,1.94,NO DATA,,,-1.7727815873105717,-6.671751649880566,-5.470834630980004,6.035574757400771
2026-07-24,COP,PRE-BREAKOUT,120.69,-0.3562829263149631,0,92.7,67.5,0.31,NO DATA,BREAKOUT,348.0,-4.868498645807439,-2.8272673824726557,-0.8354068800037785,0.05823602046708907
2026-07-24,CVX,PRE-BREAKOUT,195.53,-0.3784619822365819,0,90.3,72.1,0.31,NO DATA,,348.0,-3.668907117533915,-2.725879148480253,-0.2060602188403,0.020578410296614003
2026-07-24,OXY,PRE-BREAKOUT,57.39,-0.1568230753431847,0,84.5,63.7,0.47,NO DATA,,351.0,-4.286460524175325,-2.3697529547013865,-0.5575889617978425,-0.5208320225830084
2026-07-24,PYPL,PRE-BREAKOUT,56.2,-0.0889652564432323,0,79.5,75.5,0.38,NO DATA,,351.0,-0.2313172689960571,3.825620060713685,1.7971513958588137,0.5499976021902901
2026-07-24,SCHW,PRE-BREAKOUT,101.7,0.265487925961772,1,62.6,61.1,0.26,NO DATA,,,2.140706080133816,2.4250266826258264,3.179954146213585,0.0
2026-07-27,TFC,BREAKOUT,52.16,-0.3355049648167831,0,69.5,56.7,0.01,NO DATA,,,0.5943274936793107,-1.266076082100891,-1.436932979185882,0.5216392320695772
2026-07-27,XYZ,BREAKOUT,79.31,1.4500051500096507,1,62.4,55.8,0.01,NO DATA,,,4.7787145052592255,4.135665537625297,3.5052280139838894,2.3720049188085093
2026-07-27,V,BREAKOUT,359.31,1.0798481649289604,1,71.5,60.4,0.02,NO DATA,,,1.8369144430036035,1.748022685842308,1.5813485178188744,1.0147905684604674
2026-07-27,MA,BREAKOUT,543.19,1.800469578439394,1,73.8,60.6,0.01,NO DATA,,,3.600949943850208,6.288771071989073,5.114227195479472,0.6522661873066639
2026-07-27,WFC,BREAKOUT,87.63,-0.4222273921825022,0,71.2,57.9,0.01,NO DATA,,,-1.4331678760306066,-3.067066750270129,-0.27582973265612,1.1470345512314166
2026-07-27,SCHW,BREAKOUT,102.55,1.3164324972003014,1,66.2,63.1,0.02,NO DATA,,,3.0345081643672325,1.439938668446797,2.9372863918324934,0.6962823143798336
2026-07-27,ROKU,BREAKOUT,142.92,0.3848315286196037,1,64.1,59.9,0.01,NO DATA,,,0.6926977764549311,1.5183293715999424,2.0430984731952404,0.09861195213402713
2026-07-27,BKNG,BREAKOUT,182.83,2.0237372309231865,1,74.0,56.7,0.07,NO DATA,PRE-BREAKOUT,,9.01383665623461,5.69381693002464,5.403930817626852,1.8088534507123333
2026-07-27,BLK,BREAKOUT,1067.95,-1.0431145096914691,0,74.8,57.2,0.04,NO DATA,,,2.7716699122735102,2.8484475038332744,5.494639719351323,1.1092444087678042
2026-07-27,NET,BREAKOUT,266.73,-0.0862295204888907,0,54.4,56.3,0.04,NO DATA,,,-0.9860135329675676,6.24602206292411,6.002320786703776,2.0331936730650555
2026-07-27,VLO,PRE-BREAKOUT,304.24,-0.2070781778982083,0,69.7,64.0,0.19,NO DATA,,,-2.1399550898088298,2.0608661740885044,1.0846728059827326,-2.231404958677686
2026-07-27,XLF,BREAKOUT,57.05,-0.5696783976843179,0,86.0,68.9,0.3,NO DATA,,15.0,0.9640639336040256,-0.0876424189307575,0.5784418371870942,0.7991421368631509
2026-07-27,JNJ,BREAKOUT,264.34,1.3127024130263203,1,82.9,63.4,0.13,NO DATA,,15.0,0.904142765502062,-3.2231189663997983,-3.7565243012372704,-0.3227054378177684
2026-07-27,MRK,BREAKOUT,131.76,-0.3870673952641097,0,92.4,63.2,0.13,NO DATA,,15.0,0.0455428993767145,-1.4951477791948835,-3.028235698947773,-0.04578684216776076
2026-07-27,SNOW,BREAKOUT,276.01,-1.5651597980485277,0,87.4,65.2,0.14,NO DATA,,15.0,-2.047032588832829,8.00333542390335,11.419875649178248,2.5889735524187167
2026-07-27,AAPL,BREAKOUT,336.23,-0.2973849629531922,0,82.1,67.0,0.2,BULLISH,,18.0,1.0578848614136849,-0.918219766905286,-9.835954752420225,0.45643492324648316
2026-07-27,BMY,BREAKOUT,62.55,0.1918435954361556,1,94.4,65.8,0.14,NO DATA,BREAKOUT,15.0,1.678654634885846,3.69304653933104,4.668267339253602,0.4992774561590895
2026-07-27,ADBE,BREAKOUT,234.91,3.0011522344162405,1,83.4,57.0,0.31,NO DATA,NEUTRAL,15.0,6.074663775821061,5.52977476330696,6.994166420284633,2.3455194193865045
2026-07-27,DE,PRE-BREAKOUT,625.63,-1.4065794335559747,0,76.7,61.4,0.1,NO DATA,NEUTRAL,3.0,2.2713148115449635,-4.181389846534692,-3.287886201334054,-0.07163002915046805
2026-07-27,XLV,BREAKOUT,163.84,0.0610366463661173,1,87.5,62.5,0.35,NO DATA,NEUTRAL,33.0,2.087398990988729,-0.1953098922967931,-0.9765591472387336,0.2706447455216672
2026-07-27,CRM,BREAKOUT,172.67,2.348413797136525,1,82.0,55.0,0.6,NO DATA,NEUTRAL,33.0,5.113800891874682,4.656284655045578,7.6909694493786995,2.6518368818144067
2026-07-27,XLE,PRE-BREAKOUT,58.9,-0.3945692285819426,0,78.9,63.6,1.26,NO DATA,,147.0,-2.258065034254295,0.1018660177804035,-0.1867556612438961,-2.029518795958161
2026-07-27,ZS,PRE-BREAKOUT,148.28,0.4518457973038753,1,65.7,55.0,0.35,NO DATA,,,2.2592425700111267,0.0741835646401647,4.167795194137568,2.515448558198897
2026-07-27,NOW,PRE-BREAKOUT,107.56,0.4927448288309991,1,67.0,55.0,1.31,NO DATA,WEAKENING,,2.8449263170156462,2.3335809732467614,6.164003757350546,3.128167650810687
2026-07-27,KO,PRE-BREAKOUT,83.72,0.1243390822832073,1,71.6,56.0,0.7,NO DATA,PRE-BREAKOUT,,5.43477859898042,5.697560754621993,3.750597957897233,1.0091207672397418
2026-07-27,XOM,PRE-BREAKOUT,154.81,-0.012923398919443,0,84.9,66.3,0.46,NO DATA,,285.0,-1.779329551143339,0.7429391143781072,-0.4828992274047637,-2.4659073894384367
2026-07-27,CVX,PRE-BREAKOUT,191.82,-0.9592348412370612,0,78.2,64.4,0.45,NO DATA,,300.0,-3.056447292912949,-0.6119307381879786,-0.1623047689565703,-3.141842665499586
2026-07-28,RTX,BREAKOUT,218.42,0.6547047447649654,1,117.5,77.3,1.96,NO DATA,,,-1.7776267103480337,-1.791312255524042,-0.5546950560416801,1.1766355396774975
2026-07-28,BLK,BREAKOUT,1062.14,0.3271687568846761,1,71.5,56.2,0.98,NO DATA,,,1.6052442621735268,2.659726085867908,6.495377716949968,0.6825842073560999
2026-07-28,TFC,BREAKOUT,52.32,0.2293551733734405,1,71.9,57.6,0.01,NO DATA,,,-1.0002430790425811,-1.8897485295566947,-0.3378477300708087,0.38373132585983477
2026-07-28,JNJ,PRE-BREAKOUT,265.95,2.477912594443274,1,88.9,64.6,1.34,NO DATA,,0.0,-0.1579248808810354,-3.609698776643867,-4.143638775791969,1.5228379797237985
2026-07-28,XOM,PRE-BREAKOUT,154.77,0.1938407470561089,1,84.8,66.2,1.04,NO DATA,,0.0,0.6277357568387703,-0.2132278977727096,-1.1633307879736934,-0.38767596236500673
2026-07-28,CRM,PRE-BREAKOUT,173.6,3.9228131694178474,1,85.8,55.6,1.58,NO DATA,,0.0,8.513827697472642,6.002306608560452,10.0172842702558,1.9066805542737355
2026-07-28,KO,PRE-BREAKOUT,84.07,5.758536311467573,1,78.8,57.0,1.25,NO DATA,,0.0,5.959321792618884,4.186982678590023,2.961814628992217,5.0315253625414424
2026-07-28,SCHW,PRE-BREAKOUT,104.18,-0.4799382749320652,0,76.5,66.5,0.89,NO DATA,,1.0,-0.013196260097464,0.7237601907268304,1.7861266492263923,0.05759028452485928
2026-07-28,SNOW,PRE-BREAKOUT,272.92,-2.7443966452509034,0,77.2,63.5,1.01,NO DATA,,1.0,3.656746994168386,7.460061109224996,16.066975309127898,0.036631826549419474
2026-07-28,VLO,PRE-BREAKOUT,305.14,-0.1294503777978916,0,68.8,64.4,0.01,NO DATA,,,-1.6320365530217644,2.543092972564852,1.1765127437661858,-0.00983792346355755
2026-07-28,GILD,BREAKOUT,133.09,0.285521993164867,1,62.9,55.0,0.04,NO DATA,,,-0.2704968611172446,-2.163944162696533,1.622961905477494,1.9843673407211964
2026-07-28,CVX,PRE-BREAKOUT,191.73,-0.1069243746495669,0,75.8,62.9,0.02,NO DATA,NEUTRAL,0.0,-0.7979510243693878,1.771809552027107,-1.5528524151394487,0.7736848530016448
2026-07-28,NOW,PRE-BREAKOUT,108.05,0.1295719031987532,1,68.2,55.6,0.28,NO DATA,,,7.135587354216078,2.943085013358257,9.338268754880556,1.2504734040861638
2026-07-28,MCD,BREAKOUT,276.55,-1.5494432657973285,0,71.0,55.2,0.26,NO DATA,,,-1.8188432422086915,-2.1370404453308662,-2.968723074347997,2.0467646035798706
2026-07-28,DE,BREAKOUT,638.57,0.2419453206970183,1,91.5,65.3,0.13,NO DATA,,15.0,-4.325287406700721,-7.187938219747843,-3.3199187062988478,0.8319655386038415
2026-07-28,XLF,BREAKOUT,57.09,0.7619574809579661,1,87.0,69.2,0.36,NO DATA,,15.0,-0.718163767427259,-0.2627454427938676,1.383781867429026,0.43952179202777913
2026-07-28,TGT,BREAKOUT,143.2,0.6878474571185486,1,93.3,63.9,0.24,NO DATA,,15.0,1.1094034717069738,0.1322762260223979,2.6409511459606403,1.1187169482595043
2026-07-28,DHR,BREAKOUT,207.68,-3.6739199481135376,0,90.8,62.0,0.45,NO DATA,NEUTRAL,15.0,-5.388094427405597,-6.115179252918406,-6.211479786548118,2.152669581444816
2026-07-28,PEP,BREAKOUT,145.03,-1.4583235977847264,0,93.9,59.9,0.49,NO DATA,NEUTRAL,15.0,-1.0549541474177764,-3.771635138527375,-4.08880500343679,2.4465366564071798
2026-07-28,LULU,BREAKOUT,120.43,0.078885266029145,1,90.3,55.3,0.25,NO DATA,NEUTRAL,15.0,-1.1625020515678253,-1.2953560187810145,2.158929485424619,0.9929543840819611
2026-07-28,V,BREAKOUT,364.68,0.7033550282953529,1,89.0,64.0,0.46,NO DATA,,24.0,0.9230735572111148,0.211440255090934,1.1584575753914372,0.6978729450847742
2026-07-28,ABNB,BREAKOUT,149.71,1.9838305228650333,1,80.8,59.0,0.51,NO DATA,NEUTRAL,15.0,2.204257903170082,1.2090069283687994,0.1402699679014792,1.341414416802248
2026-07-28,ROKU,PRE-BREAKOUT,143.77,0.1182461163012031,1,74.1,61.8,0.31,NO DATA,,,1.0850676991407646,0.8624848764247945,2.476178501116142,-0.20990977861837065
2026-07-28,COST,BREAKOUT,985.12,-1.7419175356650718,0,120.5,62.8,1.42,NO DATA,PRE-BREAKOUT,78.0,-1.1257482035817976,-3.3731916265594557,-3.783297914372107,1.9935234412697784
2026-07-28,ZS,PRE-BREAKOUT,149.6,0.9558815369631556,1,72.1,56.2,0.55,NO DATA,WEAKENING,,2.787436011003304,1.069516676632482,9.10427889084434,-0.135775250576141
2026-07-28,ADBE,BREAKOUT,249.7,-0.5626759435541354,0,109.3,63.6,1.53,NO DATA,PRE-BREAKOUT,93.0,5.498595384774234,0.2843426760550205,3.11973978148779,2.1451129772936386
2026-07-28,XLV,BREAKOUT,167.51,-0.0610712286066822,0,116.5,68.4,1.43,NO DATA,PRE-BREAKOUT,93.0,-0.7581604124147384,-2.961015430865129,-3.229654287197401,1.5850744757802668
2026-07-28,XYZ,BREAKOUT,82.2,0.2676376751159485,1,94.1,61.6,0.72,NO DATA,,108.0,-0.0243305289832379,-1.1678858104993572,2.9683690871635457,0.8862644505610244
2026-07-28,NET,PRE-BREAKOUT,267.76,-1.0195702198622334,0,54.5,57.0,1.3,NO DATA,WEAKENING,,0.978490021964636,4.19032379232452,12.53734186296147,-0.8471067068588896
2026-07-28,MSFT,BREAKOUT,399.68,-1.572510755186182,0,84.8,55.0,1.24,NO DATA,NEUTRAL,15.0,-2.4704306291713074,16.054544074712894,23.06946387187875,1.043432920819239
2026-07-28,PFE,PRE-BREAKOUT,25.23,0.2179938462628178,1,94.7,56.5,1.45,NO DATA,BREAKOUT,112.0,-0.3170843498601941,-0.8719768970200733,0.713435780468129,1.2160487885398268
2026-07-28,BA,PRE-BREAKOUT,221.55,0.4491077268992557,1,62.4,55.3,3.23,NO DATA,WEAKENING,,-3.4032974467001007,-2.441886982781121,7.045815239047331,1.1820330969267139
2026-07-29,OXY,BREAKOUT,56.12,-0.1247340750881157,0,70.3,55.9,0.41,NO DATA,,,-0.3029209498584182,-1.1582301840642777,-4.116177168048791,3.337658495966663
2026-07-29,XLE,PRE-BREAKOUT,59.11,-0.803589373146331,0,77.9,61.5,1.09,NO DATA,,0.0,-0.2537657173529744,-0.541362010611835,-3.0451676987125422,2.6228975929041463
2026-07-29,DHR,PRE-BREAKOUT,202.13,-2.7704948403023404,0,72.9,58.7,0.37,BULLISH,,,-2.948598343172554,-2.2906050561519797,-1.2219840389306984,0.4420947553538188
2026-07-29,PEP,PRE-BREAKOUT,144.73,-0.8498583569405029,0,89.3,59.7,0.48,NO DATA,,0.0,-3.129968252440961,-3.5237995696728324,-4.111104277415267,0.29399283714890284
2026-07-29,LLY,PRE-BREAKOUT,1225.15,-1.181892507422568,0,83.8,62.1,0.36,NO DATA,,0.0,-5.863179141967318,-8.602589797677842,-4.649550246398407,-0.4489358474354145
2026-07-29,ZS,PRE-BREAKOUT,153.35,0.2738860596419584,1,89.3,59.2,0.27,NO DATA,,0.0,-3.2344314381164376,0.7238387439629562,5.412451187795488,-0.36931843339749615
2026-07-29,TFC,PRE-BREAKOUT,52.93,-1.1619145537332616,0,84.4,60.3,0.36,NO DATA,,0.0,-2.7024093792250667,-2.870780732936632,-1.1309818489079029,-0.7737305801571965
2026-07-29,VRTX,PRE-BREAKOUT,491.23,-1.6082107012467466,0,51.1,57.3,0.18,NO DATA,,,-1.9400256077537543,-4.175233348797283,-1.3028547580022378,0.46493580847713933
2026-07-29,AAPL,PRE-BREAKOUT,341.7,-1.027216142403787,0,89.4,69.7,0.65,NEUTRAL,,6.0,-2.5043401586964045,-11.279318309646618,-9.06291333143565,-0.10290978586095997
2026-07-29,NOW,PRE-BREAKOUT,113.82,1.7395915056737123,1,90.2,60.5,0.95,NO DATA,,9.0,-3.2946760720222934,0.3250768242894543,2.987173801355765,-0.18080326583873507
2026-07-29,XOM,PRE-BREAKOUT,158.83,-1.2686504807616712,0,90.8,69.2,0.5,NO DATA,,9.0,-1.806872729982536,-3.00168500531721,-5.147330328490965,3.0580293647950487
2026-07-29,CVX,PRE-BREAKOUT,192.93,-0.5338755525401087,0,77.6,62.9,0.51,NO DATA,,9.0,-1.1837482724263693,-0.7367091731780991,-4.215393556762819,2.6228799023984153
2026-07-29,COP,PRE-BREAKOUT,118.84,-0.6563467194599911,0,79.4,59.5,0.36,NO DATA,,9.0,-0.5037459890596103,-0.3950765501245137,-3.838954682865357,3.3742318366413544
2026-07-29,CMCSA,BREAKOUT,24.55,0.2444016714931234,1,92.9,58.3,0.4,NO DATA,,15.0,-3.584521074159085,0.0407310221685625,0.8146639511201601,-0.12402102514743317
2026-07-29,ROKU,BREAKOUT,144.59,0.5117932298600761,1,85.0,63.6,0.44,NO DATA,,15.0,0.3458028479774684,0.8645109190750547,1.639122148051168,-0.11812811105505654
2026-07-29,SCHW,PRE-BREAKOUT,105.93,-1.3641077972703146,0,93.0,69.6,0.24,NO DATA,,15.0,-1.796793066655168,-0.3472225103141584,1.6765080598442006,0.02830874676918868
2026-07-29,DIS,BREAKOUT,99.29,-0.8258624023535918,0,87.1,55.0,0.52,NO DATA,,21.0,-3.152378223275889,-1.158224000756943,2.4876645545678944,-0.5561766155854436
2026-07-29,PFE,PRE-BREAKOUT,25.27,-0.4352993770791064,0,93.9,59.7,0.48,NO DATA,,36.0,-1.4246147708266332,-0.9497400607617402,2.136919137088972,0.39604111473159037
2026-07-29,BLK,PRE-BREAKOUT,1099.88,-1.6656309239417126,0,89.8,62.8,0.8,NO DATA,,39.0,-0.1372881480536612,2.432083943958649,3.063966619511891,-1.0459753112233947
2026-07-29,ADBE,BREAKOUT,263.48,-0.0189795522312009,0,121.1,68.6,1.53,NO DATA,,,-5.913164605858373,-4.6075617360366605,-1.5788646864207028,0.32507137057217705
2026-07-29,LOW,PRE-BREAKOUT,217.22,-0.7135631300316206,0,69.8,55.4,0.33,NO DATA,,,-3.2869893052874097,-2.37547299576754,1.252187847070367,-1.049307408028637
2026-07-29,JNJ,PRE-BREAKOUT,268.0,-0.8712654683127332,0,87.9,66.1,0.39,NO DATA,,51.0,-4.5447733864855415,-5.070894155929338,-3.8843297246676776,0.6635882505784473
2026-07-29,BMY,PRE-BREAKOUT,63.68,-0.8950995440459127,0,93.1,68.8,0.55,NO DATA,,57.0,1.8530160338435344,2.810931565174505,-0.0785159106230611,0.42452903182621193
2026-07-29,DDOG,PRE-BREAKOUT,258.19,2.327747862826311,1,51.2,56.4,0.39,NO DATA,,,4.016421069210176,5.968475194049199,9.675050709839413,0.7971938620354425
2026-07-29,MRK,PRE-BREAKOUT,131.67,-0.9721277514631655,0,86.4,62.7,0.43,NO DATA,,57.0,-1.4278170531382814,-2.9619528798766472,-2.53664325126855,0.4172263407754363
2026-07-29,GILD,PRE-BREAKOUT,134.46,-1.2866311709511715,0,71.8,57.2,0.76,NO DATA,,,-2.365016525883633,-2.4617031857174125,-2.008036213865886,0.06700143908821697
2026-07-29,NET,PRE-BREAKOUT,268.31,0.8385813270447422,1,53.9,57.2,0.49,NO DATA,,,5.620369963265438,5.378103773387126,9.187131100249012,0.1741732088025127
2026-07-29,XYZ,PRE-BREAKOUT,82.93,-0.9043768175861878,0,94.6,62.7,0.59,NO DATA,BREAKOUT,216.0,-0.4099887400330179,-1.0129068637518168,1.5314083543255523,-1.0589618165781514
2026-07-29,MSFT,BREAKOUT,400.01,-2.367438677802584,0,87.4,55.4,0.59,BULLISH,NEUTRAL,48.0,12.560288714950095,21.68038389372297,21.632976021302596,0.012708222243066397
2026-07-29,LULU,BREAKOUT,120.41,-1.1460852260635508,0,85.8,55.3,0.4,NO DATA,NEUTRAL,60.0,-0.7723583116571737,2.7074148068643105,2.574538772718605,-1.2632950855399574
2026-07-30,ROKU,PRE-BREAKOUT,145.25,-0.1101574265813253,0,88.6,64.7,0.0,NO DATA,,0.0,-0.1652361398719879,1.4320150299860157,3.3184215657271947,-0.22019357337568654
2026-07-30,NET,PRE-BREAKOUT,276.71,2.3472178715137315,1,72.3,62.1,0.02,NO DATA,,,0.8203574089581677,8.897396759157836,2.789921822767978,0.3679987792066017
2026-07-30,MSFT,BREAKOUT,445.0,1.3707878884304776,1,145.6,70.5,1.51,NO DATA,,,4.235236350070225,10.535737798455056,12.117021539238062,12.126794775269463
2026-07-30,BMY,PRE-BREAKOUT,63.62,1.9569284246613232,1,89.8,67.3,0.41,NO DATA,,12.0,2.6563935218386554,3.5680593990072937,0.8330737596336197,-0.649762055985248
2026-07-30,SBUX,BREAKOUT,106.62,-0.7221923896819648,0,78.3,58.7,1.27,NO DATA,BREAKOUT,15.0,-1.848762439219018,-2.109880649535885,-1.9326915036131571,2.957558910222964
2026-07-30,DDOG,PRE-BREAKOUT,268.54,0.0074467709070267,1,83.4,61.9,0.25,NO DATA,NEUTRAL,9.0,-0.212258426788149,7.302448013884097,-14.616074593679604,-0.14951533421597896
2026-07-30,VLO,BREAKOUT,305.94,1.892531537663636,1,67.4,63.0,0.29,NO DATA,,,2.2749538786966,0.9119471093443574,-0.9642445465205588,-1.629498056140108
2026-07-30,JPM,PRE-BREAKOUT,349.08,0.5299623799075472,1,69.3,58.8,0.34,NO DATA,,,0.776328791372147,2.417780741856277,2.068290303932842,0.8209849322608196
2026-07-30,BLK,PRE-BREAKOUT,1097.9,0.0874383233047098,1,87.6,61.0,0.5,NO DATA,NEUTRAL,135.0,-0.6840318199801977,3.026687756882449,2.860009912389553,0.01575662807706699
2026-07-30,XLE,PRE-BREAKOUT,58.57,0.6487976147164979,1,70.4,59.1,0.72,NO DATA,,,1.6732102391335948,-0.0853671542365176,-0.7000173341094261,-0.9718664620540723
2026-07-30,BAC,PRE-BREAKOUT,61.69,0.0972604960285334,1,70.3,61.4,0.55,NO DATA,,,0.4214633861881267,1.9614224767043424,2.1235208299562367,0.736860594707996
2026-07-30,XOM,PRE-BREAKOUT,156.24,0.5376355805521496,1,80.3,65.6,0.43,NO DATA,,195.0,-1.1520819363689334,-2.09324568647394,-1.5336395591817935,-1.0590135005482455
2026-07-30,COP,PRE-BREAKOUT,117.77,1.0529015336931924,1,72.9,57.6,0.55,NO DATA,PRE-BREAKOUT,,1.623288984056586,-0.5191735281162402,-1.5144865753958954,-1.57547064951313
2026-07-30,CVX,PRE-BREAKOUT,191.31,0.6533885100589345,1,71.8,60.6,0.46,NO DATA,PRE-BREAKOUT,,1.995238332602352,-1.3367225631419566,-1.943006391377216,-1.016364506431143
2026-07-30,TMO,PRE-BREAKOUT,571.12,0.9420086846897318,1,85.4,67.1,0.63,NO DATA,,210.0,0.5567985349784188,-1.1153522902367283,1.5583449242278322,-1.576870296115682
2026-07-30,SCHW,PRE-BREAKOUT,104.65,-0.3010042193285708,0,82.5,64.5,0.32,NO DATA,NEUTRAL,48.0,0.2713935658855356,1.3289887655652717,2.577140213938569,-0.5168956726501217
2026-07-30,MRK,PRE-BREAKOUT,129.35,0.340157159747057,1,67.1,57.0,0.43,NO DATA,,,0.6571294536081896,-1.0436799381522956,-0.7576381003575526,-1.6569527861277522
2026-07-30,LMT,BREAKOUT,570.7,0.588750229296251,1,80.3,64.3,0.72,NO DATA,NEUTRAL,51.0,2.10968814339845,3.2644151200006486,2.1289601517325134,-0.6043574082277148
2026-07-30,UAL,PRE-BREAKOUT,124.06,-0.4030327594762633,0,58.2,55.1,0.31,NEUTRAL,,,-2.200546645933673,6.899883215530791,4.078667674663468,2.0348353227555926
2026-08-03,AMZN,BREAKOUT,271.58,5.083220327573834,1,118.1,67.9,2.2,NO DATA,,,2.1503842063975225,0.2503902222641637,2.397082383787702,2.4707350704838325
2026-08-03,BAC,BREAKOUT,61.95,0.2340616960502375,1,73.5,62.5,0.38,NO DATA,,,1.5334972169150982,1.6949152542372836,3.083132542940371,0.5003996041581985
2026-08-03,XLV,BREAKOUT,163.65,-0.5193992962066564,0,67.3,57.3,0.01,NO DATA,,,-0.9471395639990104,0.4888462867352164,2.926979799209437,0.6644120644592066
2026-08-03,T,BREAKOUT,23.66,-0.0633962055635176,0,73.6,58.7,0.0,NO DATA,,,-1.183435499718506,0.2113232648886564,1.6483484237554806,1.7634402039230512
2026-08-03,CRM,PRE-BREAKOUT,184.02,4.613625968283842,1,91.9,59.8,0.39,NO DATA,,0.0,3.787634764245219,1.4944051040435429,7.3307219361134255,2.700793992670773
2026-08-03,CVX,PRE-BREAKOUT,196.83,-1.3539636812819182,0,84.8,67.2,0.66,NO DATA,,1.0,-4.103685381063297,-4.692966279197156,-1.832185588352741,-0.7366747623600415
2026-08-03,COP,PRE-BREAKOUT,120.48,-2.1331310905466707,0,83.4,62.1,0.5,NO DATA,,1.0,-2.756831560476846,-3.729756673177086,1.4399433515936222,-1.6102277451460607
2026-08-03,SCHW,PRE-BREAKOUT,105.79,0.5009922439022709,1,94.4,66.7,0.01,NO DATA,,1.0,0.2370609161206694,1.4717622023695174,1.7827939892527294,0.5891322302995567
2026-08-03,DHR,BREAKOUT,198.08,0.1262125560655669,1,58.9,55.3,0.01,NO DATA,,,-1.6659941542321977,0.9592062437091328,5.699714820874135,1.2103808914066125
2026-08-03,ABBV,BREAKOUT,254.8,-2.7531382801768585,0,56.5,55.6,0.02,NO DATA,,,-4.317110262261459,-4.289640848827516,-2.6805332728794684,0.20323364225479343
2026-08-03,XOM,PRE-BREAKOUT,154.8,-0.6330702039930629,0,70.7,61.5,0.02,NO DATA,,,-1.1824851812318389,-0.6176734155462766,2.559427266281081,-1.2738006281783418
2026-08-03,XYZ,PRE-BREAKOUT,81.6,-0.2879928140079204,0,72.0,58.0,0.02,NO DATA,,,3.7254894480985823,-3.161768819771554,-3.2107801998362757,-0.6154603805362533
2026-08-03,ZS,BREAKOUT,154.25,-0.1296576649868314,0,88.2,58.6,0.19,NO DATA,,15.0,5.815235799483387,5.413294070350486,14.54132426306726,1.6798998652039356
2026-08-03,TMO,BREAKOUT,580.79,-0.0172175069463512,0,86.2,70.6,0.16,NO DATA,,15.0,-2.7617555398681044,-0.1325746773790808,3.254188681176723,0.29601466884308775
2026-08-03,V,BREAKOUT,370.6,0.0458685951623994,1,92.9,66.5,0.16,NO DATA,BREAKOUT,15.0,-0.4574573432440698,-0.2204396823774009,-2.6848288143382413,0.6473097221152542
2026-08-03,LMT,BREAKOUT,585.05,0.1264811601305522,1,84.7,68.4,0.13,NO DATA,,15.0,0.7315643260992728,-0.3760404092064703,3.095457336045004,0.13042004639484722
2026-08-03,ROKU,BREAKOUT,146.4,0.2783436592810753,1,94.8,66.9,0.17,NO DATA,BREAKOUT,15.0,0.6352471523597554,2.506835603974552,3.715844493094685,0.5785839241322162
2026-08-03,BLK,BREAKOUT,1103.75,0.1087158479614949,1,85.6,61.3,0.07,NO DATA,,15.0,2.4806346439694225,2.314840210928652,2.505098474660249,0.8877494759291237
2026-08-03,HON,BREAKOUT,246.88,0.1215135595355049,1,84.6,62.1,0.1,NO DATA,,16.0,0.4721851064567065,-2.7787503374140505,-1.894342567112563,0.9956791353876143
2026-08-03,GOOGL,BREAKOUT,373.23,0.083060993200401,1,88.5,61.0,0.47,NO DATA,NEUTRAL,15.0,1.1842547213472543,-4.14757656136967,-4.209203704506106,2.617023894767186
2026-08-03,CMCSA,BREAKOUT,24.79,-0.0201700386764411,0,94.3,58.4,0.19,NO DATA,NEUTRAL,15.0,0.564745079369835,1.5328764675028084,1.6538957762785558,1.9616078408271336
2026-08-03,XLF,BREAKOUT,57.43,-0.026117159102657,0,92.3,65.7,0.27,NO DATA,,18.0,0.7835644578012095,0.6616774739526656,0.6616774739526656,0.6146861560586392
2026-08-03,NET,BREAKOUT,283.0,0.3727889313714664,1,92.1,63.7,0.22,NO DATA,,18.0,6.4770270573376765,0.5052977652937279,9.749115313742273,-0.04839406420111453
2026-08-03,VZ,BREAKOUT,47.49,-0.2737405551662233,0,85.4,62.5,0.24,NO DATA,,21.0,-1.2844786942193465,-1.0528496979010424,-0.9686275441211348,1.0895071706282824
2026-08-03,DDOG,BREAKOUT,275.28,-0.610285489859179,0,94.8,65.1,0.34,NO DATA,BREAKOUT,24.0,4.675237538682215,-16.706628419742504,-5.267364581772413,1.5748035979697161
2026-08-03,COST,BREAKOUT,963.34,-0.9612372485473748,0,83.4,55.6,0.14,NO DATA,NEUTRAL,21.0,-1.607949884159542,-1.4729976525357122,-1.0993003508626271,1.3930191053135832
2026-08-03,NOW,BREAKOUT,116.92,-2.3349277784756683,0,92.6,61.1,0.83,NO DATA,BREAKOUT,39.0,1.0434479897779985,0.3677715310649094,8.997607288236614,2.9488435496773846
2026-08-03,SPY,BREAKOUT,753.56,0.5454088473587113,1,79.4,57.3,0.46,NO DATA,NEUTRAL,15.0,2.358142296544908,1.9905511914902336,2.583739754880176,0.3226072647708128
2026-08-03,RTX,BREAKOUT,217.98,-0.6101505200089985,0,85.6,72.5,0.24,NO DATA,,45.0,-0.3539613457226533,2.078547794038592,2.4763487229512213,0.6272679564438925
2026-08-03,MSFT,BREAKOUT,486.57,0.221960642144888,1,121.9,78.1,1.47,NO DATA,,,1.0921415630073796,2.5383286782188343,3.810167264602217,2.4552426476454965
2026-08-03,CRWD,PRE-BREAKOUT,200.73,0.9017054182896542,1,72.6,61.0,0.76,NO DATA,,,5.2259259805226606,3.317889398519627,12.17057921691296,1.6661388796038696
2026-08-04,BAC,PRE-BREAKOUT,62.48,1.2564010717804748,1,81.5,64.9,0.49,NO DATA,,0.0,1.232394366197188,1.1043504624604925,2.4327784891165223,-0.016002435349642224
2026-08-04,HON,PRE-BREAKOUT,246.77,1.0191691300033896,1,84.4,62.1,0.47,NO DATA,,0.0,0.2462743944734681,-0.5254083936332455,-7.026145969994838,1.1549178568639413
2026-08-04,XLF,PRE-BREAKOUT,57.32,1.165039424536865,1,84.1,64.6,0.01,NO DATA,,0.0,1.1863224005582689,0.4884830323117471,0.837402716435008,-0.2788425312543566
2026-08-04,PFE,PRE-BREAKOUT,25.03,1.6580091682949163,1,76.6,57.4,0.0,NO DATA,,0.0,3.116258353745033,6.911706867286595,6.352380500333189,0.039952970864964674
2026-08-04,DDOG,PRE-BREAKOUT,276.86,4.153718612859382,1,93.5,65.9,0.03,NO DATA,,3.0,2.279135096342686,-15.506034574954402,-10.864697399661612,-0.573833073536096
2026-08-04,LULU,PRE-BREAKOUT,122.49,0.3183910959408718,1,88.9,57.5,0.02,NO DATA,,3.0,0.8327227824560977,4.971835930324674,2.5471472041403933,-1.5525173424215686
2026-08-04,CMCSA,PRE-BREAKOUT,24.68,0.3646696019597737,1,87.1,57.8,0.08,NO DATA,,6.0,0.2836304700162086,2.755269896076024,3.930306395989764,-0.6514651909255247
2026-08-04,SCHW,PRE-BREAKOUT,105.98,0.6699400277469768,1,90.8,67.1,0.05,NO DATA,BREAKOUT,12.0,1.628538391954109,1.2333907548336027,1.3274731827718045,-0.5761788934791126
2026-08-04,PLTR,BREAKOUT,151.08,7.903100524530663,1,128.9,68.0,1.51,NO DATA,,,4.864967352251282,13.853583867378822,15.79295898954609,15.51532233174453
2026-08-04,CRWD,BREAKOUT,208.87,0.2010787983591745,1,89.0,65.4,0.23,NO DATA,,15.0,0.4739793222346713,2.657154291638487,6.2383271396008855,1.609563480640345
2026-08-04,PANW,BREAKOUT,359.33,0.2087180508907246,1,88.9,64.6,0.17,NO DATA,,15.0,0.9267257568556456,1.2606755215435717,6.809892798533039,1.2877023471976012
2026-08-04,NVDA,BREAKOUT,211.59,0.0425316299358412,1,77.8,56.7,0.2,NO DATA,,15.0,3.6060311076625178,5.846215186855326,2.7931376719126595,2.2551314730321357
2026-08-04,JPM,BREAKOUT,358.65,0.312279106000808,1,89.5,65.6,0.42,NO DATA,,15.0,0.1645030627004106,-0.3150734661447378,0.9452135912231696,0.6692335678114335
2026-08-04,BKNG,BREAKOUT,194.14,-0.3142068716921352,0,79.3,61.0,0.22,NO DATA,,16.0,6.6343897560837295,10.44606890334054,9.647674419072583,0.06226719579002811
2026-08-04,XLK,BREAKOUT,184.27,1.56292065799336,1,80.0,56.2,0.38,NO DATA,NEUTRAL,15.0,0.8900003593147906,2.007923818691656,0.9876791327349078,2.516294740097064
2026-08-04,XYZ,BREAKOUT,82.82,1.8111563569478697,1,81.6,60.6,0.12,NO DATA,NEUTRAL,21.0,1.6662605025865664,-4.612412460758264,-4.527892182052373,0.018281178843276298
2026-08-04,ROKU,PRE-BREAKOUT,146.4,0.2390710382513622,1,90.6,67.0,0.3,NO DATA,,24.0,0.3825182471770367,4.583333750240135,3.0806035943370005,-0.23312969447894225
2026-08-04,GOOGL,PRE-BREAKOUT,375.9,0.9643505976281984,1,90.2,62.0,0.41,NO DATA,,30.0,-3.583401788831798,-5.746212345578938,-8.539508434964413,-1.4162963258310854
2026-08-04,NOW,PRE-BREAKOUT,115.64,0.6139730838127752,1,86.6,60.2,0.27,NO DATA,,30.0,1.3663102911649294,7.990312394861612,10.290557692431117,-1.4011787978869938
2026-08-04,QQQ,BREAKOUT,715.44,1.107009022638159,1,72.0,55.5,0.8,NO DATA,,,0.2599781662988783,1.0608897038011496,0.4207218225191763,1.1555938314274685
2026-08-04,WFC,BREAKOUT,88.55,0.1242277381246503,1,89.9,59.1,0.28,NO DATA,NEUTRAL,21.0,0.1253305755046616,-1.46809712027103,-1.24223947121153,-0.3754714226264458
2026-08-04,TFC,BREAKOUT,52.38,0.9641052339312725,1,65.6,56.3,0.29,NO DATA,,,-0.0928382829838787,-1.0380354943554064,-1.1136448624571986,-0.15407938978948338
2026-08-04,CRM,PRE-BREAKOUT,188.68,0.8956938293340541,1,92.8,62.6,0.34,NO DATA,,49.0,2.278988619641221,2.1517943041997327,4.658682012244603,-1.5380482158048234
2026-08-04,SOFI,BREAKOUT,18.34,1.063248895376824,1,76.8,57.3,0.41,NO DATA,NEUTRAL,24.0,-0.4907306434023983,0.2180979322061161,-1.9629250695947205,1.1092559510491633
2026-08-04,SLB,BREAKOUT,50.2,0.9960174560546816,1,77.2,55.1,0.36,NO DATA,NEUTRAL,21.0,-0.5776895469878356,0.6573680862487493,6.932271524254538,-0.9937166189823075
2026-08-04,V,PRE-BREAKOUT,366.12,1.317300778796056,1,76.7,63.1,0.43,NO DATA,NEUTRAL,3.0,0.4743331197336243,-1.172342449410372,-0.9013418212010418,-1.0692710691417113
2026-08-04,VLO,PRE-BREAKOUT,308.99,-0.5679842870117185,0,68.4,63.0,0.51,NO DATA,,,-2.135986715286096,-3.456423328070895,4.831875927290322,-0.8259115803955179
2026-08-04,HD,BREAKOUT,346.19,1.2074280358148712,1,89.0,57.0,0.45,NO DATA,NEUTRAL,42.0,2.0075723297719468,2.723936311617176,2.394641955668311,0.06176753703965481
2026-08-04,C,PRE-BREAKOUT,137.75,-0.5589867676667423,0,76.7,56.1,0.51,NO DATA,NEUTRAL,28.0,-0.0798552525238203,-1.996370235934664,-1.4373834682679218,0.5615033007967882
2026-08-04,MSFT,BREAKOUT,497.78,-0.1782943122934525,0,112.2,79.7,1.47,BULLISH,,,-2.2572085293076203,0.2552345598049143,1.0212025965599818,-1.384189497484717
2026-08-04,ADBE,PRE-BREAKOUT,253.02,1.0710598875737305,1,83.2,60.9,0.6,NO DATA,,129.0,2.4899246400358623,4.817797587178134,4.224959076388473,-1.0623053265887226
2026-08-04,SMCI,BREAKOUT,30.83,2.8141401589709503,1,84.7,55.1,1.05,NO DATA,NEUTRAL,69.0,-1.6542338799084642,0.9730754484807111,2.497568541906352,3.526537187172175
2026-08-04,DE,PRE-BREAKOUT,621.09,-0.373533701838708,0,79.4,56.1,0.49,NO DATA,NEUTRAL,57.0,-1.4635560063758926,-0.0418591363822122,-0.5055608354616532,0.9255240155576805
2026-08-04,XLE,PRE-BREAKOUT,58.58,0.0085337734255,1,63.8,56.8,1.26,NO DATA,,,-2.1679730739313463,-1.8436326391259787,4.011608578313047,-1.8540570430574783
2026-08-04,XOM,PRE-BREAKOUT,154.12,0.1751877690425856,1,66.1,59.7,0.61,NO DATA,,,-2.248575629861272,-1.33959257599598,3.0183797559582195,-2.218497675460332
2026-08-05,COP,BREAKOUT,117.94,-2.458876619020395,0,66.2,55.9,0.63,NO DATA,,,-1.656444666647234,3.624591953535698,7.221093969424339,0.729184833431574
2026-08-05,CMCSA,PRE-BREAKOUT,24.93,-0.7220216606498184,0,94.1,59.4,0.55,NO DATA,,0.0,0.9626958535657666,1.0830355513014578,2.1660622276554053,-0.04011323208752535
2026-08-05,XLK,PRE-BREAKOUT,187.22,-0.6997096132307573,0,88.8,58.8,0.01,NO DATA,,0.0,-1.009506553223647,-0.4807139599301618,0.8759751150259393,0.23542132465234206
2026-08-05,MRK,BREAKOUT,130.09,-1.3529081166464108,0,70.6,57.5,0.02,NO DATA,,,-1.3221653338554102,0.6380184248945415,2.17541561145769,1.1015653610229492
2026-08-05,JPM,PRE-BREAKOUT,360.89,-0.457205731836567,0,93.4,67.1,0.02,NEUTRAL,,3.0,-1.271859072579245,-0.3047996494993243,1.1887258377292982,0.4055751430938314
2026-08-05,TMO,PRE-BREAKOUT,568.15,1.7037784194039909,1,70.1,63.7,0.02,NO DATA,,,2.089240434964362,5.551351305360605,6.135705318247826,0.5630797124003984
2026-08-05,HON,PRE-BREAKOUT,249.83,-0.6844673909508515,0,83.9,64.5,0.06,NO DATA,,6.0,-3.926741717571078,-3.0527770602759925,-6.081753268003498,-0.06832998654805139
2026-08-05,SOFI,PRE-BREAKOUT,18.65,-2.144772117962459,0,81.3,58.8,0.11,NO DATA,,12.0,-2.9490596167843006,-2.8418185563892773,-3.806967645803653,0.320852745959736
2026-08-05,DE,PRE-BREAKOUT,620.4,-1.3539651837524145,0,76.4,56.0,0.05,NO DATA,NEUTRAL,0.0,-0.8961916738444918,-1.7923872829021563,-0.1015442406108925,0.2640239881601465
2026-08-05,TFC,PRE-BREAKOUT,52.95,-0.1888602943888745,0,85.1,59.5,0.09,NO DATA,,12.0,-1.654532543322863,-3.019661043363438,-1.5049344531987778,0.5317105585039896
2026-08-05,NOW,BREAKOUT,119.05,-1.5371682312447477,0,92.2,62.9,0.19,NO DATA,,15.0,-1.4279727222838332,7.047461101559222,4.947503100719239,1.489759730254986
2026-08-05,ADBE,BREAKOUT,260.73,-0.5407865131673639,0,89.8,64.0,0.17,NO DATA,,15.0,-0.1879376234514701,4.69067290111537,-0.7594062823610701,1.0019873345349628
2026-08-05,RCL,BREAKOUT,329.93,-0.7607633656429036,0,90.6,67.8,0.14,NO DATA,,15.0,-2.8430310087082886,-6.646864486406209,-6.646864486406209,0.9977282794358697
2026-08-05,SMCI,PRE-BREAKOUT,31.67,-4.262710152118039,0,87.9,56.8,0.21,NO DATA,,15.0,-7.230820458583517,-0.663090986824583,18.755922356651595,0.06310681627646672
2026-08-05,AXP,BREAKOUT,350.55,-0.4450177622664417,0,61.9,57.0,0.17,NO DATA,,,-2.267863042785448,-3.334763842087437,-1.8456749187660493,0.9489223345177662
2026-08-05,RTX,BREAKOUT,220.23,0.9444660394105072,1,83.7,74.4,0.15,NO DATA,,27.0,1.0356529453050551,1.4293897045312052,0.813897143309698,0.9498496736510889
2026-08-05,BAC,PRE-BREAKOUT,63.36,-0.1736111111111102,0,94.1,68.6,0.39,NEUTRAL,,27.0,-0.5681818181818173,0.7891423774488053,2.288506247780541,0.15898008218640733
2026-08-05,LOW,PRE-BREAKOUT,218.33,0.7374169566281489,1,90.8,56.1,0.13,NO DATA,,27.0,0.0320587626457026,0.2519144793718167,-1.080931974211921,-0.0183458109803527
2026-08-05,PFE,PRE-BREAKOUT,25.52,1.1363615436613763,1,93.5,63.7,0.33,NO DATA,BREAKOUT,30.0,2.6645797920824985,5.995294816067975,3.095609192564198,0.35419186591241447
2026-08-05,DHR,BREAKOUT,198.57,0.5489266566497365,1,59.4,55.4,0.2,STRONGLY BULLISH,,,0.7100748992995263,5.438885590566303,3.635994000167608,0.4209915439766952
2026-08-05,LULU,BREAKOUT,123.93,-0.3388992687561833,0,93.4,59.9,0.33,NO DATA,BREAKOUT,63.0,0.6455284087255603,3.122733036196083,-2.4691335862325308,0.7396599781666483
2026-08-05,DIA,BREAKOUT,546.19,-0.6188327214717048,0,122.2,70.0,1.42,NEUTRAL,,,-1.546322593786055,-1.399978573161364,-1.7365720555404351,0.5310577051761243
2026-08-05,KO,BREAKOUT,86.92,-0.1035413816674116,0,73.2,59.6,0.39,NO DATA,,,-0.0805355797042199,-0.0575210002507713,-0.2416025259173325,0.5660876929119256
2026-08-05,C,PRE-BREAKOUT,138.19,-0.3980031915128158,0,79.9,57.0,0.63,NO DATA,NEUTRAL,117.0,-3.1623074576895926,-2.149213965769501,-0.4414199066106883,0.31417253591785516
2026-08-05,SBUX,PRE-BREAKOUT,105.71,0.2743354460316017,1,61.8,55.3,0.55,NO DATA,,,-1.0884832855475712,-1.5681802938907092,2.043646239656998,0.9717029924786106
2026-08-05,ORCL,PRE-BREAKOUT,145.09,-0.4824595839489736,0,91.4,55.4,0.39,NO DATA,,264.0,-1.1165475079584246,4.107797264978848,5.64477136901018,-0.5077572837053121
2026-08-05,TGT,PRE-BREAKOUT,147.93,-0.1554810057174469,0,86.9,66.2,0.26,NO DATA,,264.0,-1.331923018118794,1.982059451683224,4.103292097613732,0.3645893483947983
2026-08-06,AMZN,PRE-BREAKOUT,273.72,-0.6904915343176976,0,84.2,64.0,0.04,NO DATA,,0.0,0.2776600125413187,-0.5297424325325706,-3.138241676599272,0.044010680313111596
2026-08-06,HON,PRE-BREAKOUT,249.72,-3.1114860851184574,0,80.9,64.1,0.06,NO DATA,,0.0,-1.7005247048569392,-8.124467567738366,-6.579365471359172,0.33855054538548923
2026-08-06,LULU,PRE-BREAKOUT,123.51,0.9877769872347086,1,86.2,59.3,0.15,NO DATA,,3.0,4.104932257351375,1.700267679015106,-3.1981235862733826,-0.7367853990526604
2026-08-06,DE,BREAKOUT,618.14,-0.5370939715568054,0,71.9,55.0,0.06,NO DATA,,,0.4351792619542116,-0.0307353986101427,-0.9318269513682153,0.41993583729064543
2026-08-06,ABNB,PRE-BREAKOUT,152.98,-2.006795880435753,0,79.2,61.0,0.13,NO DATA,,9.0,16.400841498378064,20.917764235546528,21.01582225311316,-0.22952724172556693
2026-08-06,MSFT,BREAKOUT,493.2,0.5798859607854342,1,94.1,77.1,0.26,NEUTRAL,,15.0,1.1862341021485985,1.9593151429757223,0.5568492731618788,0.22360734357643658
2026-08-06,SLB,BREAKOUT,51.0,1.6666636747472423,1,82.0,57.2,0.18,NO DATA,,15.0,-0.9215710209865196,5.254902559168198,2.078434065276501,1.6229240147613728
2026-08-06,T,BREAKOUT,23.35,1.2847949401724712,1,62.3,55.1,0.15,NO DATA,,,1.8843722292391532,4.925053533190572,5.26766562615012,1.734603763200594
2026-08-06,OXY,BREAKOUT,56.82,-0.835971100487285,0,75.3,56.4,1.42,NO DATA,NEUTRAL,15.0,-1.6015490189860804,3.942276264151734,1.54875178271639,4.868981351086196
2026-08-06,RCL,PRE-BREAKOUT,327.41,-1.3163904268300906,0,83.6,66.6,0.15,NO DATA,,39.0,-2.2632173727131195,-6.187961914271296,-5.354141631956117,-1.1300507162943747
2026-08-06,CMCSA,BREAKOUT,25.03,0.4670402596961725,1,87.8,59.6,0.33,NO DATA,,69.0,1.318420337001843,2.4770260428696456,4.594487835300759,0.969696044921875
2026-08-06,NET,PRE-BREAKOUT,288.16,-1.4176109775710628,0,80.5,61.1,1.23,NO DATA,NEUTRAL,69.0,4.202522561657361,6.527623966096301,14.8077410370161,-3.3383393857712202
2026-08-06,LMT,PRE-BREAKOUT,583.45,-0.3427864929246371,0,74.6,64.5,0.35,NO DATA,PRE-BREAKOUT,,0.771276408780736,2.454369617147991,2.4955025735924163,1.1617074543414532
2026-08-06,XOM,PRE-BREAKOUT,153.83,0.0422572141070824,1,61.9,57.7,0.45,NO DATA,,,-1.15359817859001,3.212589793852174,2.443986446457729,1.7081027860497058
2026-08-06,ADBE,PRE-BREAKOUT,257.45,0.0349615633800296,1,81.3,62.1,0.55,NO DATA,NEUTRAL,159.0,3.014174191135419,2.431536785813998,5.065057383715289,-2.734078126033405
2026-08-06,NOW,PRE-BREAKOUT,116.04,-0.2025161106723758,0,80.0,59.4,0.45,NO DATA,NEUTRAL,171.0,7.618060370060291,9.910376521481677,9.660461909686308,-3.6000692516268273
2026-08-06,V,PRE-BREAKOUT,368.7,0.039327697505597,1,79.4,64.4,0.48,NO DATA,NEUTRAL,63.0,-1.8638948130678703,-1.5947905277410463,-0.8814721434686028,0.2794808583642085
2026-08-06,ZS,PRE-BREAKOUT,161.74,0.5317213450696278,1,93.2,63.2,0.33,NO DATA,,276.0,4.2908326176463705,10.393225579175096,16.34721941126576,-3.6498571724429185
2026-08-06,CRM,PRE-BREAKOUT,185.47,0.7009242855776884,1,74.7,57.8,0.63,NO DATA,PRE-BREAKOUT,,3.919774353353137,6.4700497227061655,8.572812377844127,-4.943514093347767
2026-08-06,TMO,PRE-BREAKOUT,576.01,0.6961718600805558,1,75.3,65.7,0.35,NO DATA,NEUTRAL,15.0,3.123209666498848,5.032898734396974,3.4513315130705213,-0.17825818431216012
2026-08-07,ABNB,BREAKOUT,172.69,3.1154133558508037,1,133.3,76.7,1.63,NO DATA,,,6.954656869675251,4.288031281894219,6.584050934387488,8.612501721946906
2026-08-07,CMCSA,PRE-BREAKOUT,25.17,0.7548693299624981,1,86.6,60.5,0.08,NO DATA,,3.0,0.1191925424690163,1.1918923851986114,4.012714760332854,-0.7151382782287408
2026-08-07,DIA,PRE-BREAKOUT,539.3,0.0593352711269322,1,90.8,63.5,0.18,BULLISH,,6.0,-0.1402823973205923,-0.4811761376147237,-0.5460252837880039,0.09662378135807446
2026-08-07,DE,PRE-BREAKOUT,618.0,0.4579315679358818,1,69.9,55.1,0.04,NO DATA,,,-1.4109984956512944,0.2864109273867314,-1.480586474767395,-0.4049917313071404
2026-08-07,KO,PRE-BREAKOUT,86.75,0.3458248435248559,1,67.8,58.9,0.1,NO DATA,,,0.1383316963481628,-0.0461105654493876,1.1066271867119957,-0.39147535275079426
2026-08-07,MSFT,BREAKOUT,504.66,-0.9253774354268268,0,93.1,78.9,0.25,BULLISH,,15.0,0.0889967224220217,-2.606758961556424,-2.019350309413149,-0.13003519296052873
2026-08-07,CRWD,BREAKOUT,214.31,0.0513266618194719,1,88.3,66.5,0.23,NO DATA,,15.0,5.062761262707934,3.485604395173754,1.2318589651636345,3.1028485353835933
2026-08-07,AMZN,BREAKOUT,277.3,-1.0169451906497966,0,85.4,65.4,0.31,NO DATA,,15.0,0.2848886901877438,-3.613415514137445,-5.283089110535751,0.22404515157683486
2026-08-07,PANW,BREAKOUT,367.56,-1.0066423572852057,0,86.8,65.4,0.21,NO DATA,,15.0,4.755688471248741,5.291655720324572,4.5461935503514725,1.6718156079135005
2026-08-07,ADBE,BREAKOUT,263.82,0.5268711451285467,1,86.3,65.4,0.26,NO DATA,,15.0,3.4644801209453915,-1.921764839663404,0.07580509956481,0.9913991648709172
2026-08-07,CRM,BREAKOUT,192.0,0.3854195276896158,1,85.7,62.1,0.23,NO DATA,,15.0,2.8697888056437177,0.6875038146972656,2.19271183013916,2.313000999415122
2026-08-07,SPY,BREAKOUT,771.64,0.2099437257821022,1,94.2,65.3,0.19,BULLISH,,16.0,0.1801396113310629,0.1101537289895564,0.6090958031554564,0.3200819689381117
2026-08-07,HD,BREAKOUT,353.2,0.6851628304607903,1,93.9,60.1,0.16,NO DATA,,16.0,-0.6851645585229654,-2.766140239020028,-4.0600267974058575,0.5693582096889123
2026-08-07,LOW,BREAKOUT,221.72,0.7351642177140656,1,93.8,58.6,0.13,NO DATA,,16.0,-1.2808926200557005,-2.5933604452899486,-1.4658121862244604,0.19231384591221642
2026-08-07,LULU,BREAKOUT,125.27,2.6422941095670884,1,91.4,61.9,0.13,NO DATA,,16.0,2.0196400189652883,-3.512410994985204,-4.5661347076252765,-0.1523309839594324
2026-08-07,BLK,BREAKOUT,1136.74,-0.0307885137817362,0,87.6,65.7,0.04,NO DATA,,17.0,-0.4697622662999022,2.1262587909009527,3.25404054302215,0.28601614531955005
2026-08-07,XLV,PRE-BREAKOUT,164.33,0.8215132208247048,1,71.9,58.7,0.27,NO DATA,,,2.5010664159960063,2.5010664159960063,1.8499331328348367,-0.32228567292931176
2026-08-07,T,PRE-BREAKOUT,23.67,0.5069747170567893,1,67.2,57.6,0.08,NO DATA,,,1.6054044658240183,2.450359104351492,5.154201054703996,-0.8856984081883904
2026-08-07,TMO,BREAKOUT,581.56,2.139074214182553,1,78.2,68.1,0.22,NO DATA,NEUTRAL,15.0,3.117477550279645,3.688357136946326,1.157228493593749,-0.3482672085840248
2026-08-07,NET,BREAKOUT,321.55,-6.617947748819199,0,125.7,71.1,1.67,NO DATA,,,-3.40849126484509,-3.1410318124611294,-1.7944335937500036,11.802555352341077
2026-08-07,TGT,PRE-BREAKOUT,147.61,1.41589116471931,1,79.8,64.9,0.19,NO DATA,NEUTRAL,15.0,2.203143788953991,4.328975001693642,4.6541533280530105,-0.6866973716767291
2026-08-07,PLTR,BREAKOUT,169.36,1.5647109747496006,1,109.1,71.9,1.43,NO DATA,,,3.4659870852261743,0.9919658042824744,2.7633403909617376,2.661627247312268
2026-08-07,HON,PRE-BREAKOUT,242.65,1.4671364986058857,1,63.9,55.2,0.36,NO DATA,,,-0.184114127215127,-3.30271757241011,-3.5812871568649567,-0.07892433208889546
2026-08-07,BAC,PRE-BREAKOUT,63.01,0.2539250419700278,1,82.4,66.0,0.39,NEUTRAL,NEUTRAL,18.0,1.348993192114846,2.8566855397456785,2.348830128185261,-0.4603189135354663
2026-08-07,JPM,PRE-BREAKOUT,356.62,0.2523663882204785,1,75.9,62.5,0.38,STRONGLY BULLISH,NEUTRAL,9.0,0.8889037476647049,2.4003120059955263,1.7441524137430937,-0.1515515144102416
2026-08-07,VZ,PRE-BREAKOUT,46.8,0.5555584899380737,1,68.9,57.7,0.52,NO DATA,,,0.4914503831129869,0.3846144064878867,3.589742611616092,-1.3832762346479548
2026-08-07,ORCL,BREAKOUT,145.97,0.7193288158258127,1,91.7,55.9,0.44,NO DATA,,117.0,3.4801692483097986,5.007877494894072,3.1170817787634024,1.2894724247403602
2026-08-07,COP,PRE-BREAKOUT,117.93,-0.2713468919260954,0,62.4,55.2,0.56,NO DATA,WEAKENING,,3.6333789112185135,7.230185896327529,6.792160444341314,-0.9849276334691521
2026-08-07,OXY,PRE-BREAKOUT,56.31,-0.710353671795228,0,65.6,55.0,0.76,NO DATA,,,4.155570104562074,3.977977689683084,3.6405622630999113,-0.517489134171287
2026-08-07,LMT,PRE-BREAKOUT,582.89,0.8680904127762124,1,71.9,64.3,0.35,NO DATA,,,3.477495435593553,4.08824490094615,4.42450422477333,-0.29853140726750355
2026-08-07,SMCI,PRE-BREAKOUT,31.2,-0.2243616642096081,0,81.1,55.0,0.6,NO DATA,NEUTRAL,75.0,0.8333303989508236,20.544873751126804,27.692308181371445,1.9060632719106032
2026-08-07,DHR,PRE-BREAKOUT,204.05,0.3479512407919265,1,76.8,60.4,0.22,BULLISH,NEUTRAL,6.0,2.607201723689041,0.8527288831819657,-0.7841230344316706,-0.2900299247155229
2026-08-07,XOM,PRE-BREAKOUT,153.3,-0.1696064669714278,0,56.9,55.8,0.47,NO DATA,,,3.5629441671253184,3.537015174621853,3.763866486770214,-1.4208195558474255
2026-08-07,BA,BREAKOUT,233.95,0.2008968450289907,1,85.1,59.1,0.38,NO DATA,,318.0,-0.4958353126168737,-1.1754661473638817,-0.974567997886162,0.8053727970735511
2026-08-07,MRK,PRE-BREAKOUT,128.75,-0.1320374127730582,0,57.7,55.0,0.42,NO DATA,,,1.6854354710254853,3.2388335292779127,5.506793272148059,-0.4128681151799104
2026-08-07,ARKK,BREAKOUT,79.26,0.214484361816523,1,85.9,57.6,1.34,NO DATA,NEUTRAL,324.0,1.488774213230185,2.662128118322011,2.3214717059312244,1.6241854919004806
2026-08-10,XOM,BREAKOUT,154.84,1.9407137824225789,1,63.7,58.4,0.01,NO DATA,,,2.539348282021964,1.7757584284331789,4.275385374494436,0.954003383375397
2026-08-10,HON,PRE-BREAKOUT,246.21,-1.3768704259702116,0,72.2,58.3,0.61,NO DATA,,,-6.814678693049128,-5.24754943141145,-6.807198347653556,-0.1827757584013356
2026-08-10,SNOW,PRE-BREAKOUT,329.93,0.5940698476760201,1,94.9,80.2,0.0,NO DATA,,0.0,1.2760326882785722,2.258056218838085,0.0545525873859585,-0.617258642507463
2026-08-10,XLK,PRE-BREAKOUT,187.99,0.1489463654773809,1,87.7,59.2,0.01,NO DATA,,0.0,-1.0106940061223384,1.47880433664606,1.239431525197479,0.05852030091887182
2026-08-10,GE,PRE-BREAKOUT,371.9,-0.7784337502520778,0,76.9,58.4,0.01,NO DATA,,0.0,-1.032536284325417,-3.027691678290529,-0.664159000865482,0.3891057321806999
2026-08-10,SPY,PRE-BREAKOUT,772.89,0.1850208081640031,1,90.3,65.7,0.0,NO DATA,,0.0,-0.3014662424673933,0.6456293758248282,-0.0284668050878826,-0.08535734052606138
2026-08-10,XLE,BREAKOUT,58.57,1.1268559710369264,1,59.2,55.3,0.05,NO DATA,,,4.029367090960869,4.251325547705336,6.846511577692824,1.1999976116677988
2026-08-10,VLO,BREAKOUT,307.04,1.037326115006385,1,59.6,59.3,0.03,NO DATA,,,5.49765940194579,11.685778213826978,13.076472916039023,2.024742246104408
2026-08-10,MRK,BREAKOUT,129.37,-0.0386431752193356,0,61.4,56.6,0.02,NO DATA,,,0.8116241547076664,4.776998571351788,5.1016473840172525,-0.22554716191630358
2026-08-10,SLB,PRE-BREAKOUT,51.38,0.7103910702311464,1,80.3,57.4,0.03,NO DATA,NEUTRAL,1.0,4.476450574495481,1.3234748409712205,4.8267820364958345,0.4551742485506717
2026-08-10,JPM,PRE-BREAKOUT,358.0,0.1103321267239874,1,79.1,63.5,0.02,NO DATA,,4.0,1.1284940069614176,1.4273702099336592,0.8268132556084149,0.1230707246943398
2026-08-10,NVDA,PRE-BREAKOUT,223.5,-1.024605497151147,0,92.0,63.9,0.08,NO DATA,,6.0,-2.684563758389262,0.8053704929565155,0.6756127547364373,-0.25005036640237677
2026-08-10,CRM,PRE-BREAKOUT,191.54,1.2138485398162633,1,80.8,61.4,0.06,NO DATA,,6.0,3.0959597059116284,5.132084743232489,-0.2975873338711846,-1.3334062732035674
2026-08-10,ADBE,PRE-BREAKOUT,265.58,0.4612518547259832,1,84.4,66.1,0.09,NO DATA,,9.0,-0.7041225035476539,1.848780116866864,-4.345209245375093,-0.8106760551095398
2026-08-10,BLK,PRE-BREAKOUT,1139.97,-0.7447581542716061,0,86.0,66.3,0.04,NO DATA,,9.0,0.7780876532112663,3.760622281315515,0.6263309869174165,-0.578152595032047
2026-08-10,TGT,PRE-BREAKOUT,149.43,-0.0970329504722156,0,83.7,66.9,0.18,NO DATA,,12.0,1.1376494840550295,4.068791077317761,1.0573475920738344,-0.3740798730860132
2026-08-10,XLV,BREAKOUT,166.81,0.0749340918372685,1,89.6,63.9,0.24,NO DATA,,15.0,0.7193780389880314,0.9411935032746824,0.1438780958922188,0.0
2026-08-10,DHR,BREAKOUT,205.43,-0.0681530029047336,0,79.5,61.5,0.24,NO DATA,,15.0,0.9784366652418064,-0.7496473788402713,-1.362992317182255,-0.7325649737453584
2026-08-10,LMT,BREAKOUT,598.14,0.4179647989496629,1,79.4,69.0,0.25,NO DATA,,15.0,-0.0618551624619631,-0.021732409532047,-0.735615368580096,0.6497163440611741
2026-08-10,TMO,BREAKOUT,594.98,-0.2285799325712659,0,86.7,72.0,0.13,NO DATA,,16.0,1.684090221520048,0.1529487795283004,-1.5916484981638068,-0.9208704887415825
2026-08-10,BAC,BREAKOUT,63.55,0.2989798244953575,1,94.0,68.5,0.14,NO DATA,,16.0,0.7081038552321052,0.8497188637145994,0.535010841303604,-0.015827642588279112
2026-08-10,ARKK,BREAKOUT,80.2,0.1199546300264927,1,91.1,59.3,0.27,NO DATA,,18.0,0.4987512146148266,2.9800453090905514,1.932668329177054,0.07553513579659457
2026-08-10,SMCI,BREAKOUT,32.75,0.4122086153685592,1,91.2,58.4,0.67,NO DATA,,18.0,-3.511449216886331,19.572518618052243,16.88549245586832,2.7947345412391393
2026-08-10,PANW,BREAKOUT,375.58,0.7734664656165174,1,92.7,67.9,0.28,NO DATA,,18.0,2.188611692041314,5.43692422386709,0.0479284747923254,0.41774847261134057
2026-08-10,MSFT,BREAKOUT,506.37,0.6911932217918706,1,89.1,79.2,0.2,NO DATA,,18.0,-0.6925089785816211,-2.05849860472888,-5.316774546187818,0.6900162552082342
2026-08-10,COP,BREAKOUT,121.04,0.0165214462935754,1,85.7,60.5,0.2,NO DATA,NEUTRAL,16.0,3.342443290957529,2.193464290520561,5.386647024614791,1.3774362198578587
2026-08-10,XLF,BREAKOUT,57.89,-0.1920867777587352,0,84.7,65.9,0.23,NO DATA,NEUTRAL,16.0,-0.1554685834158813,0.6391403032185222,-0.535495195967029,-0.1041624308735114
2026-08-10,OXY,BREAKOUT,58.14,-0.5331925850452581,0,94.9,60.3,0.45,NO DATA,BREAKOUT,30.0,1.5823897029429224,-0.7567926334030745,1.547989190793504,1.2698964164020112
2026-08-10,ORCL,BREAKOUT,148.98,-0.0402750913241222,0,92.7,58.1,0.26,NO DATA,BREAKOUT,33.0,-2.3493114998395277,4.859713532489687,-1.5639724147641392,0.8434159966945863
2026-08-10,LLY,BREAKOUT,1214.33,-0.3283177020713008,0,86.3,58.3,0.5,NO DATA,NEUTRAL,15.0,-0.0863544448121538,-0.5813889526528974,-2.5668447473349443,-0.05903224185799811
2026-08-10,AMZN,PRE-BREAKOUT,275.81,0.3438239299699059,1,80.6,64.8,0.23,NO DATA,,40.0,-1.2834962424597105,-3.872229113225591,-5.257243189661815,-0.17123331459154445
2026-08-10,QQQ,BREAKOUT,724.06,-0.0082866060823613,0,82.1,57.5,0.36,NO DATA,,48.0,-0.774795982787158,1.106262923544845,0.80241901461033,-0.08851840483857842
2026-08-10,NET,PRE-BREAKOUT,298.48,0.2646706692816459,1,90.9,63.9,1.24,NO DATA,BREAKOUT,48.0,2.8444120948482667,10.83824262003002,2.8578161905739017,-1.588566686048231
2026-08-10,JNJ,PRE-BREAKOUT,259.9,0.0807946716285197,1,64.0,56.2,0.39,NO DATA,,,-0.0384810338711917,0.8387789812488065,0.9503636464746144,-0.06943090671254898
2026-08-10,FDX,BREAKOUT,320.87,1.2995943980184717,1,93.8,56.9,0.26,NO DATA,BREAKOUT,51.0,0.4861759203980569,5.759343691686858,3.3097485693193494,-0.29821144024534385
2026-08-10,BA,PRE-BREAKOUT,235.09,-0.9953634778170076,0,83.6,59.8,0.37,NO DATA,,55.0,-0.7869303274643502,-2.024755697369227,-3.887874027716116,-0.0725186290731031
2026-08-10,ABNB,BREAKOUT,180.86,2.123187519762343,1,119.8,80.2,1.37,NO DATA,,,2.278002724504616,2.36094486498534,-0.868078466143537,0.3481749265381068
2026-08-10,NOW,PRE-BREAKOUT,125.02,1.9436865687427545,1,94.2,67.1,0.38,NO DATA,,61.0,2.015678223906053,1.7837146056630973,-5.855065630905302,-0.12811982401806518
2026-08-10,CVX,PRE-BREAKOUT,192.2,1.415191555122437,1,64.8,56.7,0.52,NO DATA,WEAKENING,,1.4352613879788363,1.971676892966317,4.550626597965179,1.2435716952076474
2026-08-10,MPC,PRE-BREAKOUT,310.23,3.2524279806010803,1,55.4,58.5,0.38,NO DATA,WEAKENING,,8.14601208490978,14.559159689106666,15.141003389244464,1.3413815681613457
2026-08-10,PLTR,BREAKOUT,179.05,-2.1334846537061987,0,108.4,75.1,1.45,NO DATA,,,-2.2954468352939186,-0.0223431964055145,-3.6302691696409934,-0.581361567313031
2026-08-10,WFC,PRE-BREAKOUT,87.4,0.1601841138756728,1,65.5,55.1,0.22,NO DATA,,,0.0572047462725192,0.8123576777477767,0.1601841138756728,-0.389680616493553
2026-08-10,KO,PRE-BREAKOUT,87.27,-0.4526183109888805,0,70.7,60.8,0.52,NO DATA,,,-0.9052327753711495,0.1718782731125432,-0.3322982044991432,0.06892309763398505
2026-08-10,DIA,PRE-BREAKOUT,539.64,-0.1204524804730906,0,86.9,63.7,0.81,NO DATA,,13.0,-0.5198095207279364,-0.4031659126917919,-1.0919434209032848,-0.17048717958578619
2026-08-10,NFLX,BREAKOUT,74.98,1.74713378971371,1,81.5,55.1,0.32,NO DATA,,15.0,-0.2533996858797815,4.3478232378894734,1.3870320659727955,-0.45858691757434233
2026-08-10,T,PRE-BREAKOUT,23.83,1.0281190219868015,1,68.8,59.1,0.5,NO DATA,,,2.811582039446084,3.147293007578919,3.566933718740172,-0.8827279686409127
2026-08-10,VZ,PRE-BREAKOUT,46.89,0.2985685205734152,1,67.8,58.1,0.45,NO DATA,,,0.8104083125691433,2.8364282804502547,2.495204464258936,-0.6799823320996228
2026-08-11,GE,BREAKOUT,369.21,-0.3385630250864967,0,70.5,56.4,0.01,NO DATA,,,-1.050896082916052,-0.2248029894064298,1.5925885912869764,0.2836045794175212
2026-08-11,WFC,BREAKOUT,87.75,-0.3475786953570157,0,71.8,56.7,0.01,NO DATA,,,1.3447296925080128,1.219372871594551,-0.3988586599670584,0.11426657604145118
2026-08-11,SMCI,PRE-BREAKOUT,32.21,-1.893820610152978,0,84.0,57.4,0.08,NO DATA,,0.0,16.76498171484496,23.68829603411329,16.14405416768739,1.7800425606732104
2026-08-11,XLE,PRE-BREAKOUT,60.22,1.179010802351017,1,92.1,61.8,0.03,NO DATA,,0.0,1.3450660566205184,2.80637636567936,5.745599975383232,-0.3157172245687801
2026-08-11,XOM,PRE-BREAKOUT,159.68,0.0751522117721728,1,86.0,64.8,0.01,NO DATA,,0.0,-0.5997969296747835,-0.382009441245777,3.682363200522134,-0.08135029068476624
2026-08-11,COP,PRE-BREAKOUT,123.12,2.27420254137858,1,94.6,63.5,0.01,NO DATA,,0.0,2.710005058105148,2.290444129314258,5.360624773150683,-0.22758577751363218
2026-08-11,MA,PRE-BREAKOUT,563.0,-0.2770866001054618,0,61.0,59.3,0.02,NO DATA,,,-0.5808205206483126,1.1172252268816607,2.0088805610290854,-0.08167355353763209
2026-08-11,T,PRE-BREAKOUT,24.06,1.8079835379609297,1,72.3,60.9,0.0,NO DATA,,,0.7896924355777277,3.449706523892098,3.4912702349554228,-0.12473505300843214
2026-08-11,BLK,PRE-BREAKOUT,1131.5,1.532475989422227,1,78.7,64.1,0.01,NO DATA,,0.0,2.599207616410738,3.732212149248785,2.019441059296288,-0.06628955133604626
2026-08-11,VZ,BREAKOUT,47.26,0.0317425431208384,1,70.9,60.2,0.02,NO DATA,,,-0.5924681713154251,2.581463271765404,2.708423435309661,-0.27641347393611876
2026-08-11,CVX,PRE-BREAKOUT,195.08,0.8099260109233968,1,78.3,59.6,0.04,NO DATA,,3.0,-0.0927344535935641,1.6350566839765994,4.551982117012084,-0.33861969612064613
2026-08-11,MRK,PRE-BREAKOUT,131.04,-0.4731393704629728,0,76.0,60.4,0.02,NO DATA,NEUTRAL,0.0,1.4346750373514352,3.663000868353658,3.1517080043844024,-0.7561911908114396
2026-08-11,NFLX,PRE-BREAKOUT,76.04,-1.6438704424942958,0,86.8,57.9,0.03,NO DATA,,3.0,-2.406629294486257,2.7880111284973284,2.2751139440641768,-0.11797609936433713
2026-08-11,TMO,PRE-BREAKOUT,597.41,1.2537494206763415,1,84.4,71.6,0.01,NO DATA,,3.0,0.9373813236512668,-1.526593457199615,-1.401051534566917,0.05002381092688982
2026-08-11,LLY,PRE-BREAKOUT,1230.6,-1.26604749461644,0,91.1,60.4,0.09,NO DATA,,6.0,-0.9805025559178376,-4.098810809386674,-0.3957435016455314,-0.10470615886640298
2026-08-11,BA,PRE-BREAKOUT,235.8,-1.0856634889041343,0,82.2,59.9,0.1,NO DATA,,6.0,-1.9508070618141744,-1.7514850852649273,-5.402884835201976,1.2113954231497186
2026-08-11,JNJ,BREAKOUT,262.1,-0.9004234130580017,0,70.9,58.6,0.06,NO DATA,,,-0.4731074583889822,-0.6676817613446767,3.437613640428263,-0.2215295739941415
2026-08-11,TGT,PRE-BREAKOUT,152.75,-0.2553187493606792,0,92.6,71.1,0.1,NO DATA,,9.0,0.8183306055646482,1.132566761073036,-0.176762207830401,-0.6446592282497772
2026-08-11,DIS,PRE-BREAKOUT,103.27,0.2420806072106228,1,85.0,61.1,0.05,NO DATA,,9.0,-0.0484155895195807,3.4666393668258912,0.6584651382223217,-0.2229146697551
2026-08-11,DHR,PRE-BREAKOUT,207.69,-0.1203705323288303,0,82.2,62.3,0.05,NO DATA,,9.0,-0.9148282121754466,-2.522992465577452,-3.9048573204994512,-0.6304590419896932
2026-08-11,CMCSA,PRE-BREAKOUT,25.19,1.826119962406797,1,79.5,59.9,0.07,NO DATA,,12.0,1.1115494773898011,3.930132215862564,4.009530619053004,-0.6349200101906909
2026-08-11,HON,PRE-BREAKOUT,243.76,-5.595669873159046,0,62.4,55.3,0.08,NEUTRAL,,,-3.7430440554041335,-4.020345128869709,-6.584342503336398,-0.2510951179159658
2026-08-11,ISRG,BREAKOUT,396.59,1.169976798791737,1,89.3,58.1,0.18,NO DATA,,17.0,1.180057241400918,-0.5244686538679681,-1.3641310482409352,-0.29488119571683336
2026-08-11,HD,BREAKOUT,355.66,-0.3247469822829457,0,89.9,60.2,0.15,NO DATA,,17.0,-3.438679447848725,-4.723616557509285,-5.108814532313171,0.430472025451789
2026-08-11,XLI,BREAKOUT,186.86,-0.6207872480776122,0,89.8,61.5,0.13,NO DATA,,18.0,-0.5244541995009706,-0.1873089442171016,-1.7606725226272415,0.2600193454326875
2026-08-11,LOW,BREAKOUT,222.66,-0.635500261749976,0,87.6,58.1,0.08,NO DATA,,18.0,-3.0045804272419256,-1.8817923198135595,-3.152789279777041,0.054822329363408466
2026-08-11,JPM,BREAKOUT,362.06,-0.0055215862227606,0,88.9,66.7,0.11,BULLISH,,18.0,0.8617336010001789,0.2154328945176553,0.328674805280892,0.0722586069297183
2026-08-11,C,BREAKOUT,137.02,-0.912272462077852,0,87.8,55.3,0.08,NO DATA,,19.0,0.4087007962740309,1.6858866085642072,0.4597824379538495,0.5102813453462726
2026-08-11,DIA,BREAKOUT,541.33,-0.7481519042220163,0,87.2,64.6,0.3,BULLISH,,20.0,-0.854374025115233,-0.9189799854929138,-1.6369855985489516,0.170686455560372
2026-08-11,XLF,BREAKOUT,58.0,-0.3275838391534214,0,84.8,66.8,0.16,NO DATA,,20.0,-0.1379341914735991,0.2758618058829472,-0.2758618058829472,-0.05189862183259214
2026-08-11,GILD,BREAKOUT,135.11,0.4884940215090843,1,85.6,56.9,0.18,NO DATA,NEUTRAL,15.0,0.5625010119069546,2.4054478649630293,6.165348561473048,-0.28558912504501033
2026-08-11,BKNG,PRE-BREAKOUT,212.25,0.2921060622791519,1,87.3,70.3,0.12,NO DATA,,24.0,0.0047088371429623,-0.0895182291666666,-1.884570082449941,-1.352877121737151
2026-08-11,CRM,PRE-BREAKOUT,197.85,-0.2046968288002245,0,87.6,65.4,0.13,BULLISH,,25.0,-2.2896096415371465,-0.8289073975905014,-0.8642914381357376,-0.28858897335950245
2026-08-11,DE,BREAKOUT,620.58,-0.4237951260061218,0,70.7,55.3,0.13,NO DATA,,,-0.1305199118163719,-1.8901711969548716,-5.133911711121055,-0.13295341301188365
2026-08-11,NOW,PRE-BREAKOUT,127.54,7.178354535810129e-07,1,92.8,68.8,0.17,NO DATA,,28.0,-2.038574218750005,-2.775599811823746,-6.311747009746334,-0.9259261476539253
2026-08-11,ABNB,BREAKOUT,183.2,0.971613388394691,1,106.8,79.3,1.38,NO DATA,,,-1.6948683293105151,0.4694309817651536,0.0272925764192201,-2.8234956275348533
2026-08-11,SPY,PRE-BREAKOUT,773.75,-0.4083971753836833,0,87.3,66.2,0.36,BULLISH,,87.0,-0.1628445577544426,0.3347369118537964,-0.8142149005452343,0.19404162104340955
2026-08-11,PANW,PRE-BREAKOUT,383.5,0.0782236748288787,1,94.1,69.4,0.67,NO DATA,BREAKOUT,146.0,0.9152567837353324,0.2007794038257822,-2.4406741464309,-0.21815819635600914
2026-08-11,KO,PRE-BREAKOUT,86.87,-0.4201712289421386,0,65.6,59.1,0.47,NO DATA,,,-0.1841843162511204,0.966961073411594,2.244733158540594,-0.2877863383166941
2026-08-11,CRWD,PRE-BREAKOUT,224.55,-1.1801407719953847,0,94.9,70.7,0.49,NO DATA,BREAKOUT,230.0,-1.2335788112683752,-3.3845482305757395,-5.179248199089155,-0.5151908168602433
2026-08-11,MSFT,PRE-BREAKOUT,503.35,0.0913872173624172,1,83.6,77.4,0.34,NEUTRAL,,251.0,-2.353286932629512,-1.764349512562709,-4.494876999882045,-0.34185886943727795
2026-08-11,LULU,PRE-BREAKOUT,125.77,-0.1272158620087727,0,80.8,59.7,0.55,NO DATA,NEUTRAL,246.0,-3.895998452268399,-4.945533074852655,-5.374888974930053,-1.7996893558964413
2026-08-11,LMT,PRE-BREAKOUT,598.15,-0.0944542384592037,0,76.3,67.3,0.36,NO DATA,,6.0,1.4327460842807027,1.7604267618124674,1.5079800903044842,-0.4725074130962897
2026-08-12,DE,BREAKOUT,621.55,0.0482625027652715,1,70.6,55.7,0.03,NO DATA,,,-1.4753431127322751,-3.4800124028386623,-6.583540361545726,0.16667501276360208
2026-08-12,TGT,PRE-BREAKOUT,152.77,0.4516637519586157,1,88.1,71.1,0.2,NO DATA,,3.0,1.7935422575348086,-1.1520622459671876,4.078025790403869,-0.6894660445587921
2026-08-12,PANW,PRE-BREAKOUT,384.09,0.5831931506328335,1,89.9,69.7,0.06,NO DATA,,3.0,3.100835741623064,-2.1687599870798446,-6.334450320074716,-0.7556003097240076
2026-08-12,T,PRE-BREAKOUT,24.4,-0.4713121007700377,0,78.2,63.0,0.04,NO DATA,,3.0,0.737704605352689,1.1475422343269783,2.9508231116122947,-0.6938778624242666
2026-08-12,AMZN,PRE-BREAKOUT,272.96,-1.4544626752488845,0,72.5,61.3,0.08,NO DATA,,,-2.868550379977828,-4.268025513410841,-2.6084421388149748,0.3342284125422577
2026-08-12,JPM,PRE-BREAKOUT,362.97,0.734223149468268,1,87.3,67.3,0.05,STRONGLY BULLISH,,3.0,0.0385666450567464,-0.5537671281157953,-1.5731300753161492,0.2568756639684635
2026-08-12,SMCI,BREAKOUT,36.49,3.781855116154463,1,109.5,65.9,1.78,NO DATA,,,7.317072752568121,4.90545020360886,0.2466479338303247,10.72785207618216
2026-08-12,BAC,PRE-BREAKOUT,64.12,0.9903263465657582,1,93.5,70.9,0.15,NO DATA,,9.0,-0.046792985198658,-0.3587033848277714,-1.4815998612830503,0.18750429153442383
2026-08-12,CRWD,PRE-BREAKOUT,223.48,-0.7159455509161848,0,89.8,68.9,0.15,NO DATA,,12.0,0.9173074902885652,-4.286739799317887,-9.777159082328392,-0.8877878661060821
2026-08-12,MRK,PRE-BREAKOUT,131.08,1.945380594150509,1,76.3,60.0,0.11,NEUTRAL,NEUTRAL,3.0,3.4101335457413797,3.7305471625748488,16.112295505219844,-0.13034670398100898
2026-08-12,NVDA,BREAKOUT,223.01,0.2668022633689393,1,87.8,61.8,0.28,BULLISH,,15.0,1.0268611505124532,0.8968183071772327,-2.443837694007552,1.6275831200610633
2026-08-12,XLK,BREAKOUT,189.38,-0.2059322562234306,0,89.0,60.1,0.21,BULLISH,,15.0,0.7339762765133288,0.4963603993128918,-3.0309433996998405,1.816328093572154
2026-08-12,AVGO,BREAKOUT,422.77,-1.3458886457729633,0,83.4,60.9,0.16,NO DATA,,15.0,-1.1708476655820497,-7.176480668973374,-14.260706533971629,2.446650529198498
2026-08-12,LMT,PRE-BREAKOUT,596.1,1.94010703360908,1,72.6,66.0,0.1,NO DATA,,,0.3204176758303937,-0.3959083653120319,-1.1659076641398294,-0.3814224906533315
2026-08-12,FDX,BREAKOUT,324.52,0.6101318870947917,1,94.0,59.0,0.17,NO DATA,BREAKOUT,27.0,4.569828085638989,2.1477844922886167,1.1894505370431772,0.16437638908791405
2026-08-12,C,BREAKOUT,137.9,-0.065266454971904,0,92.3,57.0,0.16,NO DATA,,27.0,0.6018823259891637,0.4423455452037214,-3.633067882778512,0.8101869412327038
2026-08-12,CVX,PRE-BREAKOUT,196.63,0.0050853835368163,1,85.1,61.1,0.16,NO DATA,NEUTRAL,21.0,-0.3257066631331666,2.1951402742659143,4.643235776247746,-0.7322294389256621
2026-08-12,GILD,PRE-BREAKOUT,136.56,-0.6444107529428472,0,94.7,59.2,0.14,NO DATA,,30.0,1.1570001388755384,1.728176749374129,8.084362993201246,-1.3110397902947721
2026-08-12,WMT,BREAKOUT,115.34,-0.0086684315461382,0,94.8,57.6,0.52,NO DATA,NEUTRAL,36.0,0.0898442897594852,-1.1124104380256228,-1.1383532898997015,-0.785802024423358
2026-08-12,JNJ,PRE-BREAKOUT,259.54,0.4546510058962412,1,58.5,55.0,0.24,NO DATA,,,0.9786493689857456,1.0903888098896044,5.344071689184463,-1.4626589574734359
2026-08-12,BLK,BREAKOUT,1154.0,0.6052846925097487,1,88.1,68.0,0.2,STRONGLY BULLISH,,89.0,2.499130487028813,-0.5970549955318457,0.4263469623321057,0.7102846717089047
2026-08-12,KO,PRE-BREAKOUT,86.75,0.0115298400351224,1,63.0,58.2,0.39,NO DATA,,,0.7723321832222623,0.2651335526612031,4.14985414884276,-0.8094409695470894
2026-08-12,LLY,PRE-BREAKOUT,1220.52,-0.08111056788295,0,81.5,58.1,0.43,NO DATA,NEUTRAL,51.0,-1.0856012575582523,-3.0609875971153677,4.901186856447459,-1.0938123527896475
2026-08-12,XLV,PRE-BREAKOUT,168.28,0.0861677274529423,1,90.4,65.8,0.77,NO DATA,,117.0,0.059427669843415,-0.7309228358938606,4.397428497611867,-0.9463700909923736
2026-08-12,ISRG,BREAKOUT,402.75,-0.5288652719584109,0,92.7,60.1,0.75,NO DATA,,135.0,-0.3674763466984792,-3.083802216693824,-1.2489134150954375,0.6430193409319866
2026-08-12,ORCL,BREAKOUT,152.77,-0.2814712719181679,0,90.7,59.3,1.01,NO DATA,,168.0,2.2582975850645512,-4.006026119994524,-5.865027453954481,5.038494670279354
2026-08-12,TMO,PRE-BREAKOUT,603.36,-0.2941822506204858,0,85.1,73.3,0.41,NO DATA,,189.0,-1.2380643979651476,-2.958431157911531,1.687214602781712,-0.9570211615444215
2026-08-12,DHR,PRE-BREAKOUT,207.24,-0.3107026377554449,0,78.9,61.7,0.23,NO DATA,NEUTRAL,42.0,-1.616483598895759,-2.224471683645777,2.0555877243775287,-1.3931736191840578
2026-08-12,XOM,PRE-BREAKOUT,159.53,0.0376081852257405,1,83.5,64.4,0.34,NEUTRAL,NEUTRAL,216.0,-1.2163327583614765,1.2098080071881063,3.284651333580478,-0.7822277697924299
2026-08-12,MCD,PRE-BREAKOUT,275.91,-0.3261897844858921,0,83.8,55.2,0.75,NO DATA,NEUTRAL,99.0,-1.3265195172338895,-3.762096778189681,-3.0662128204736234,-0.8097761335502236
2026-08-12,BKNG,PRE-BREAKOUT,211.91,-0.1203346801487054,0,82.6,69.8,0.36,NO DATA,,246.0,0.6748130517156474,-3.3740764915124624,0.5143693077249792,-1.550236232754206
2026-08-12,NOW,PRE-BREAKOUT,124.64,-0.3129011553273432,0,81.9,64.4,0.37,NO DATA,,276.0,2.0940308087291397,-5.568038391975138,2.053912827537056,-3.057865373908823
2026-08-12,MA,PRE-BREAKOUT,559.85,0.1044918386342283,1,54.3,56.9,0.55,NO DATA,,,1.284268648270738,0.4304741923059708,2.4774440837947624,-0.6910809464841134
2026-08-12,SPY,PRE-BREAKOUT,773.15,-0.0116410064549217,0,83.7,64.9,0.42,BULLISH,,279.0,0.6117835973371949,-0.0620858940495023,-0.5290050367207175,0.538572522219067
2026-08-12,DIS,PRE-BREAKOUT,103.1,0.3491746697116022,1,80.1,60.2,0.3,NO DATA,NEUTRAL,250.0,1.6488875380774184,0.3879728419010725,3.714840257202509,-0.2318148040174846
2026-08-12,PFE,PRE-BREAKOUT,26.34,-0.094910652780496,0,80.3,63.7,0.58,NO DATA,,285.0,1.7463904216421675,2.0121520092384158,7.213362836439499,-0.8640174392706161
2026-08-12,OXY,PRE-BREAKOUT,58.7,-0.3918207483762825,0,89.2,61.0,0.4,NO DATA,,285.0,-1.7035762130503402,0.5792179140159129,2.36797300270509,-0.9481905863013876
2026-08-12,ZS,PRE-BREAKOUT,177.03,0.3502196782942856,1,94.6,71.0,0.43,NO DATA,BREAKOUT,288.0,6.298363371056459,4.185732611086397,4.276114841278666,-2.419494399541664
2026-08-12,VZ,PRE-BREAKOUT,46.89,0.2452571296976622,1,63.6,57.3,0.29,NO DATA,,,2.8364282804502547,2.495204464258936,5.267648987740588,-0.8038947840814388
2026-08-12,IWM,BREAKOUT,303.14,0.032984836832821,1,93.3,61.0,0.44,NEUTRAL,,330.0,0.1187570099623981,0.3034893311980483,-0.4684300254987337,0.6744406276488314
2026-08-12,XLF,BREAKOUT,57.94,-0.0431465040950189,0,80.3,66.4,0.44,NO DATA,NEUTRAL,87.0,0.5522925811757083,-0.6213292525807909,-0.7939255398061263,0.05190760275114914
2026-08-13,T,BREAKOUT,24.34,0.9860309108712196,1,74.8,61.8,0.01,NO DATA,,,2.259652381464411,2.300737956163819,3.327853814832677,0.12371417173405283
2026-08-13,VZ,BREAKOUT,47.1,2.377921912320857,1,64.9,58.7,0.01,NO DATA,,,2.9299353338350884,3.057326784559113,4.437364387917161,0.10642664441832565
2026-08-13,BKNG,PRE-BREAKOUT,212.26,0.5088082247670942,1,83.1,70.3,0.36,NO DATA,,0.0,-0.0942252150222561,-1.889192499764436,-1.125979875064775,0.34863163682039494
2026-08-13,GILD,PRE-BREAKOUT,135.87,1.670714204495792,1,88.4,58.1,0.41,NO DATA,,0.0,1.8326345847880752,5.571503968062299,5.571503968062299,0.7875228988533279
2026-08-13,SOFI,BREAKOUT,18.2,1.2637379405262743,1,73.1,55.0,0.02,NO DATA,,,0.494510524875519,-2.9670338054279664,-1.538461119264033,0.8918608843314292
2026-08-13,JNJ,BREAKOUT,261.45,0.2409587195508267,1,65.4,57.3,0.01,NO DATA,,,-0.420728206725708,3.694773513697652,2.2642934087540683,0.33352207453093524
2026-08-13,ORCL,PRE-BREAKOUT,153.97,1.4613244272930612,1,87.8,60.1,0.01,NO DATA,,3.0,-2.240693464661337,-7.261159130913287,-7.728773576528707,-0.8481230833186831
2026-08-13,NET,PRE-BREAKOUT,314.98,5.032061264926537,1,93.2,68.8,0.0,NO DATA,,3.0,0.2539839924112187,-4.324088719422668,-11.451519568826797,0.7465023593923098
2026-08-13,LMT,PRE-BREAKOUT,607.59,-1.5767195369204612,0,77.7,69.8,0.04,NO DATA,,6.0,0.1793960854821867,-0.0691283743714975,-5.943155669324715,0.5043609476384487
2026-08-13,AVGO,PRE-BREAKOUT,420.79,-0.7058135116759596,0,79.0,60.3,0.12,NO DATA,NEUTRAL,0.0,-6.606623200557289,-9.69367142755294,-13.488914000024511,-0.05768302882258992
2026-08-13,KO,PRE-BREAKOUT,87.23,0.217812872802142,1,66.3,60.1,0.07,NO DATA,,,0.5502683531728215,1.8227670466860195,3.748710306087351,0.4959062503931941
2026-08-13,C,PRE-BREAKOUT,138.04,0.4998520193705234,1,88.6,57.3,0.09,NO DATA,,12.0,0.9345130621955198,-0.2825312253807716,-6.063461193172037,0.5160571635621719
2026-08-13,PLTR,BREAKOUT,174.15,2.7906945201469604,1,85.7,71.1,0.2,NO DATA,,15.0,-0.063167794353829,-1.4987118655568148,-0.1090974941905358,1.3797946111957087
2026-08-13,ZS,BREAKOUT,179.71,4.7131448866402765,1,93.3,72.7,0.14,NO DATA,,15.0,2.1646019161513643,3.3331461511558502,-2.6487135116342,1.0038341449209713
2026-08-13,PANW,BREAKOUT,395.57,0.1087038956442619,1,94.9,72.7,0.15,NO DATA,,15.0,-2.856640034969314,-5.417495096079706,-11.631317451122746,1.837157999057528
2026-08-13,CRWD,BREAKOUT,223.93,0.7145084532205904,1,87.0,69.1,0.15,NO DATA,,15.0,-3.1170468681095964,-4.916715862570756,-15.0002249194433,1.4428699458271017
2026-08-13,NFLX,BREAKOUT,76.57,2.181008049849208,1,90.0,58.2,0.26,NO DATA,,15.0,2.076536061263395,1.5671890336507943,4.662399620802462,2.425553259620558
2026-08-13,QQQ,BREAKOUT,727.63,0.6102012457181197,1,83.5,58.6,0.18,BULLISH,,15.0,0.4727687594270102,-1.3908154191519035,-2.295123527647121,0.20036094826214268
2026-08-13,PFE,BREAKOUT,26.5,1.132072592681309,1,81.4,65.0,0.13,NO DATA,,16.0,1.0943430774616745,2.8301886792452837,4.867927983122052,0.6841516869233959
2026-08-13,DIS,BREAKOUT,104.27,0.5082986973797032,1,84.7,62.9,0.14,NO DATA,,16.0,2.474343985922219,-0.3068984863889983,2.925098009805527,0.5619083745354141
2026-08-13,SPY,BREAKOUT,775.84,0.2629414418968431,1,84.4,66.4,0.12,BULLISH,,16.0,0.06444973905299,-1.0814069644474094,-1.7065405771889215,0.3080952391487172
2026-08-13,XLF,BREAKOUT,58.12,0.2408780480612623,1,82.6,67.8,0.12,NO DATA,,16.0,0.0688228620304747,-0.4817616094495988,-2.0130750809713427,0.4661610260692942
2026-08-13,CMCSA,BREAKOUT,25.78,1.5515915639091546,1,84.8,63.2,0.09,NO DATA,,16.0,1.5515915639091546,1.6291728585704113,2.4825449041658034,0.6281894453299725
2026-08-13,XLK,BREAKOUT,189.84,0.4898884705335725,1,86.5,60.6,0.08,NEUTRAL,,17.0,0.0895462003981953,-2.2229271401245803,-3.550354981291813,0.1429653031813759
2026-08-13,BLK,BREAKOUT,1170.48,1.055974114919732,1,91.7,70.6,0.05,BULLISH,,17.0,0.2776621957444793,-1.3780692035799431,-2.6194427680043675,0.4186358295194358
2026-08-13,ARKK,BREAKOUT,82.04,0.6704002168340062,1,94.5,62.8,0.17,NO DATA,BREAKOUT,15.0,-1.1457844050206147,-3.5226700074611164,1.4992645576138468,0.006141395169337954
2026-08-13,NVDA,BREAKOUT,225.76,-0.2037548495048628,0,89.1,63.5,0.32,NEUTRAL,,18.0,-0.265767336060691,-2.666546113942208,-3.946666325515754,0.43286234841136045
2026-08-13,ABNB,PRE-BREAKOUT,180.75,2.4232392159405256,1,88.8,74.5,0.17,NO DATA,,19.0,1.831257293827801,1.3831258644536653,2.351313969571231,0.4469822428856569
2026-08-13,ADBE,BREAKOUT,261.24,3.5408016514986187,1,69.7,59.7,0.12,BULLISH,,,1.0641513603092427,0.7273061738009076,4.203032162265777,1.1053083484299517
2026-08-13,TGT,BREAKOUT,155.41,0.0643423890585811,1,92.3,74.0,0.27,NO DATA,,24.0,-0.598419839431783,-1.8853383131464732,1.8274242326748624,0.6493506493506493
2026-08-13,NOW,BREAKOUT,125.64,1.281439032155364,1,80.6,65.4,0.13,NO DATA,,24.0,-1.3053167780961483,-4.894939618139501,3.2712511938872963,0.5282503760349816
2026-08-13,AMZN,PRE-BREAKOUT,268.97,-1.4276666978427062,0,66.6,58.0,0.21,NO DATA,,,-2.349706697221122,-3.5394236505813943,-3.2940531094313594,-0.01496877622889828
2026-08-13,MRVL,BREAKOUT,226.88,-2.071582917938445,0,89.1,55.3,0.29,NO DATA,,30.0,-2.142099668344084,-4.79548660084626,10.635575858090595,0.27639157898732336
2026-08-13,SMCI,BREAKOUT,41.59,-5.842751028102654,0,120.3,72.7,1.71,NO DATA,,,-4.207741878846147,-10.0504932738348,-12.23851887472951,1.7814362086474043
2026-08-13,LRCX,BREAKOUT,332.44,1.3746870910916262,1,86.2,55.0,0.17,NO DATA,,57.0,-0.0240688991810545,-1.3596398063607336,-6.590663343972785,0.4630369609802459
2026-08-13,INTC,BREAKOUT,106.39,-1.7200887690631177,0,88.2,55.0,0.86,NO DATA,NEUTRAL,60.0,-3.656358680327098,-9.117395956944966,-13.403517949602437,0.5547352203243751
2026-08-13,MU,BREAKOUT,957.09,-0.7585475671207809,0,80.7,55.0,0.62,NO DATA,NEUTRAL,18.0,1.5223200685966018,-1.7062126063771463,1.8012952898728145,0.17557930622229886
2026-08-13,CVX,PRE-BREAKOUT,196.99,0.3604228378304372,1,85.3,61.4,0.46,NO DATA,NEUTRAL,54.0,0.6496109341091189,3.538254080850387,4.457081208417142,-0.8138382776413421
2026-08-13,XLE,PRE-BREAKOUT,61.0,0.0983629070344518,1,94.1,64.3,0.62,NEUTRAL,BREAKOUT,225.0,1.4918030285444417,4.393443123238986,4.508196721311475,-0.8356518625823882
2026-08-13,CRM,BREAKOUT,200.0,0.68499755859375,1,85.0,64.9,0.76,BULLISH,NEUTRAL,15.0,-1.8949966430664065,-1.9300003051757808,2.714996337890625,1.8208094766769118
2026-08-14,LMT,BREAKOUT,604.99,0.6057999796484225,1,74.8,66.5,0.16,NO DATA,,,-1.859536482524506,-2.618221059180732,-6.846392944640615,0.8344325601390354
2026-08-14,SOFI,PRE-BREAKOUT,18.48,-1.0281335739862374,0,77.6,57.0,0.2,NO DATA,,0.0,-0.9199163098355932,-0.3246749118293026,2.326839001147776,0.16277145306639146
2026-08-14,JPM,PRE-BREAKOUT,365.01,-0.6082001739892375,0,86.3,67.2,0.21,BULLISH,,0.0,-1.1095609832393267,-2.123226825121227,-3.679354929381213,-0.030289817410560152
2026-08-14,KO,PRE-BREAKOUT,87.62,0.0912998724517038,1,67.9,61.5,0.21,NO DATA,,,-0.7304230119452302,3.115725261494053,3.9716942183532176,-0.13726277705428563
2026-08-14,BKNG,PRE-BREAKOUT,213.58,-0.7116782664136447,0,78.7,71.1,0.15,NO DATA,,0.0,-4.129602721773609,-0.2715610075849857,-1.8541084758931137,-0.36561300866505264
2026-08-14,SPY,PRE-BREAKOUT,778.28,-0.2518364439252226,0,83.6,67.6,0.2,NEUTRAL,,0.0,-0.7208224661874547,-1.184663930899705,-1.6138188437162682,0.08484253874486397
2026-08-14,BA,PRE-BREAKOUT,231.84,-0.0560702579937956,0,68.7,56.6,0.18,NO DATA,,,-2.540546519909341,-4.1580413439259045,-7.608696968494572,0.5644089095746002
2026-08-14,ISRG,PRE-BREAKOUT,401.3,-1.6919985632631478,0,86.8,59.6,0.19,NO DATA,,3.0,-2.733619094875252,-0.8921003686261866,-5.604286678645966,-0.06230219225078458
2026-08-14,XYZ,PRE-BREAKOUT,82.98,-0.1265365148228536,0,74.2,58.2,0.3,NO DATA,,,-3.350208546345886,-2.470474445437723,-0.9881855120398036,-0.2647654362794483
2026-08-14,MA,PRE-BREAKOUT,568.35,0.1601143249098227,1,65.5,61.6,0.3,NO DATA,,,-1.0715211110011476,0.9448351725389244,2.16064130954737,0.16048853960057405
2026-08-14,C,PRE-BREAKOUT,139.64,-0.2148407777924387,0,93.8,60.0,0.26,NO DATA,,3.0,-0.8092276519364429,-4.83385893035774,-5.721860572554864,-0.4108643285401178
2026-08-14,VZ,PRE-BREAKOUT,48.45,0.0412821892737299,1,82.6,65.3,0.22,NO DATA,,3.0,-0.8049507259215423,1.8782262339557476,2.0639850628265224,0.49771434610932536
2026-08-14,TGT,PRE-BREAKOUT,155.61,-0.7036826748612404,0,88.0,74.2,0.28,NO DATA,,6.0,-2.9561117493503475,2.1785232311548013,6.317076307053683,0.11575328977482516
2026-08-14,XLI,PRE-BREAKOUT,186.46,0.0268124567392092,1,78.5,61.0,0.3,NO DATA,,6.0,-0.0750791997110683,-2.418750966297233,-3.3304730237048203,0.20991409857462257
2026-08-14,CMCSA,PRE-BREAKOUT,26.34,-0.6074399955361375,0,90.0,66.6,0.2,NO DATA,,12.0,-2.923311712892108,0.9491273826419544,1.9362201270680588,0.4965590498518854
2026-08-14,GLD,BREAKOUT,402.74,-0.3128542021333575,0,86.1,63.9,0.51,NO DATA,,15.0,0.6828202399500896,2.7561196647689865,5.11992485264997,0.807098779243304
2026-08-14,IWM,BREAKOUT,304.57,0.1608817541431385,1,90.4,62.8,0.45,NEUTRAL,,15.0,-0.1674499922534206,-0.9357450764346024,-1.513612156457257,-0.07248804636017299
2026-08-14,SLB,BREAKOUT,53.66,0.1956753441081642,1,86.6,61.5,0.26,NEUTRAL,,15.0,0.3727182451575958,-0.2049958310463095,0.3913509725769084,0.4033789453190347
2026-08-14,XOM,BREAKOUT,161.02,-0.5651468076316282,0,91.5,65.6,0.24,NEUTRAL,,15.0,0.2732621499609845,2.32890589520614,2.5400575148127884,0.6935288438828957
2026-08-14,T,BREAKOUT,24.89,-0.0401801495917999,0,88.0,65.9,0.21,NO DATA,,15.0,-0.8437111081728378,0.9240692616850056,1.6070747911906114,0.2847831368653012
2026-08-14,ABNB,PRE-BREAKOUT,186.52,-1.3188947251802812,0,90.5,77.2,0.39,NO DATA,,16.0,-3.876263518050181,-0.0696979467893913,0.4181873535051481,-0.07022356148847575
2026-08-14,DIS,PRE-BREAKOUT,106.45,0.3898523849408439,1,92.2,67.1,0.38,NO DATA,,16.0,-2.7712541099107586,0.4509162096531502,1.2494117231534732,0.18129275427395322
2026-08-14,NVDA,BREAKOUT,226.68,-0.6705471757061195,0,86.6,64.1,0.46,NEUTRAL,,33.0,-0.7367237926434045,-4.0232938245130825,-5.27615968735525,0.6524639151316052
2026-08-14,COP,PRE-BREAKOUT,126.74,0.0276167949178723,1,94.9,64.9,0.46,NO DATA,BREAKOUT,0.0,0.6469919193575471,3.0298262829846085,6.414703422114175,0.8352079533928044
2026-08-14,PFE,PRE-BREAKOUT,26.76,0.0934224492231233,1,83.4,66.8,0.61,NO DATA,,81.0,0.4110644216494651,5.5306418950603975,4.895365077818449,-0.5223857971415107
2026-08-14,NFLX,PRE-BREAKOUT,78.26,-0.1277745181326732,0,94.9,62.1,0.43,NO DATA,BREAKOUT,150.0,-2.862258314507537,2.504473831718783,1.699458647956325,0.3067554955483983
2026-08-14,TMO,PRE-BREAKOUT,593.32,-0.8878847918281955,0,70.5,66.0,0.19,NO DATA,,,-1.3163200691658885,3.407938048160133,6.059128216013272,-0.634350165962277
2026-08-14,GE,BREAKOUT,368.06,0.0869436729914953,1,65.1,55.1,0.32,NEUTRAL,,,0.372219930386689,-3.2141468819409544,-5.349672575887763,0.5157456954341765
2026-08-17,C,PRE-BREAKOUT,139.33,-0.5814272152892503,0,92.0,59.5,0.41,NO DATA,,0.0,-1.2057748535962372,-6.93318153380801,-5.461852278258011,-0.05741895500130269
2026-08-17,GE,PRE-BREAKOUT,368.38,0.1995195815122983,1,65.7,55.3,0.4,BULLISH,,,1.8214876860553315,-6.444428403160458,-7.204518068871646,-0.1384466471754465
2026-08-17,NVDA,PRE-BREAKOUT,225.84,-0.3675192583971244,0,81.6,63.5,0.01,NEUTRAL,,0.0,-2.7010248436220072,-3.9806915942633623,-7.686859844341543,0.3641819382185764
2026-08-17,XLI,PRE-BREAKOUT,186.66,-0.1821454386484766,0,77.4,61.5,0.01,NO DATA,,0.0,-1.6554123410378478,-3.69120096835908,-4.10371798992821,-0.06433709759350294
2026-08-17,SPY,PRE-BREAKOUT,776.47,-0.4906856485722278,0,78.2,65.8,0.0,NEUTRAL,,0.0,-1.16166597459899,-1.7862923762750045,-1.674247465694106,-0.020613928710556305
2026-08-17,KO,BREAKOUT,87.86,-0.9959018775875677,0,68.3,62.5,0.02,NO DATA,,,1.0926470462374451,3.0047803323469164,4.700657709730858,-0.4674450313469739
2026-08-17,T,PRE-BREAKOUT,24.91,-0.8831773020569369,0,87.1,66.1,0.01,NO DATA,,3.0,-0.0401460516649004,0.963466955159668,3.131274725241337,-0.5624724511108754
2026-08-17,GLD,PRE-BREAKOUT,402.56,0.7228739121380968,1,82.5,63.9,0.01,NO DATA,,3.0,-0.996127833622628,3.154811646866305,5.994138126342967,0.21420377802863658
2026-08-17,ARKK,PRE-BREAKOUT,81.26,0.5874922966211787,1,80.9,59.5,0.08,NO DATA,,6.0,-2.596601617180776,2.473537586840267,3.273441015192354,-0.16029254730436365
2026-08-17,VRTX,PRE-BREAKOUT,508.02,1.4822227063833646,1,70.8,57.5,0.04,NO DATA,,,3.9703166098591134,6.346208764541754,7.789068709001372,-0.3717261261122096
2026-08-17,JPM,PRE-BREAKOUT,363.61,-0.6627946956818469,0,81.7,66.0,0.08,STRONGLY BULLISH,NEUTRAL,6.0,-0.0990071780204102,-3.31674382086061,-1.9856399305746577,-0.24804153499281426
2026-08-17,MRVL,BREAKOUT,235.87,-0.6529012460021694,0,93.4,58.7,0.41,NO DATA,,15.0,-8.424131937083988,6.418787682552225,-2.78967512352872,2.5808465981773714
2026-08-17,MU,BREAKOUT,1012.9,-0.1135353934248175,0,93.2,59.6,0.22,NO DATA,,15.0,-7.122123628628193,-3.807876681820143,-10.116497909390732,2.8703471810389116
2026-08-17,LRCX,BREAKOUT,339.19,1.3709119779152177,1,86.5,56.5,0.11,NO DATA,,15.0,-3.3226175807852893,-8.449541914768455,-8.555672800573609,1.6578439067496775
2026-08-17,QQQ,BREAKOUT,732.88,-0.4107091041933871,0,81.7,60.3,0.16,NEUTRAL,,21.0,-2.097204212746288,-2.995034292683488,-3.6240575095215104,0.25715798267986467
2026-08-17,JNJ,PRE-BREAKOUT,260.79,0.6250291145114285,1,58.2,55.8,0.1,NO DATA,,,3.957201331171624,2.5231010073957894,4.697269276015895,-0.5684697336783123
2026-08-17,XLK,BREAKOUT,190.93,-0.3352048991081518,0,82.2,61.3,0.31,NEUTRAL,,24.0,-2.7811265295199847,-4.100976219810602,-5.698421907632218,0.41050407970450903
2026-08-17,TFC,PRE-BREAKOUT,53.3,-1.4258894643014135,0,92.6,60.8,0.19,NO DATA,BREAKOUT,25.0,-1.6697939072943486,-5.759850765035027,-4.671667217090022,-0.3766420979082671
2026-08-17,MS,BREAKOUT,219.25,-0.4561003420752565,0,80.5,55.9,0.15,NO DATA,NEUTRAL,21.0,-0.7753691896201539,-5.38198542839581,-2.358037933384407,0.0
2026-08-17,VZ,PRE-BREAKOUT,48.55,-0.988672101288936,0,82.5,65.7,0.14,NO DATA,,36.0,-0.0205954366069071,1.318225801666297,3.295574718597135,-0.4950451032088859
2026-08-17,PFE,PRE-BREAKOUT,26.84,0.0745179223232587,1,82.0,67.7,0.27,NO DATA,,54.0,1.5275707898658724,3.539496704647332,4.210131569875157,-0.11198464210622544
2026-08-17,XLV,PRE-BREAKOUT,167.69,-0.3816548084216025,0,75.8,62.8,0.58,NO DATA,NEUTRAL,3.0,1.2165279548804728,2.8027905001183373,4.180330936992182,-0.5496792709476732
2026-08-17,XOM,PRE-BREAKOUT,160.89,0.385353040484773,1,90.4,65.5,0.32,BULLISH,,64.0,2.9026027463445607,3.269310644840816,1.9640767305350404,0.0
2026-08-17,PLTR,PRE-BREAKOUT,175.99,-1.954654780522869,0,79.9,69.0,0.51,NO DATA,,105.0,-2.5285565735934976,-1.1534708143262806,-0.0568217571177746,0.011494066440263075
2026-08-17,COP,PRE-BREAKOUT,126.47,0.8776799486476545,1,88.2,64.2,0.34,NO DATA,BREAKOUT,210.0,2.5697803595343767,6.657704902070403,5.440030128501325,-0.49692164338531847
2026-08-17,SLB,PRE-BREAKOUT,53.77,0.2138707858158824,1,84.7,61.8,0.25,NEUTRAL,,369.0,-1.0414746429744222,-0.4091515025840733,0.4277478147665927,0.3905506466149475
2026-08-18,LLY,BREAKOUT,1206.58,1.64679931474706,1,67.5,55.1,0.1,NO DATA,,,6.1131434152988255,4.046148984241623,,1.4233041460015206
2026-08-18,LMT,BREAKOUT,603.12,0.722904309051266,1,73.0,62.5,0.06,NO DATA,,,-2.3162845844836024,-6.557566102231936,,1.0661261147905865
2026-08-18,MA,PRE-BREAKOUT,564.44,1.7592649559186884,1,55.6,57.7,0.06,NO DATA,,,1.6441022434846828,2.8683305369591885,,0.2863417855795246
2026-08-18,NOW,BREAKOUT,119.29,0.1508938056024132,1,60.3,55.1,0.15,NO DATA,,,6.630896930373193,7.703911247832221,,1.5123249403941381
2026-08-18,ADBE,BREAKOUT,259.94,1.2310589553118036,1,61.7,56.0,0.12,BEARISH,,,4.820343625722524,5.909051239889495,,2.279166052256729
2026-08-18,ISRG,BREAKOUT,394.04,-0.725816496857875,0,74.7,55.3,0.08,NO DATA,,,0.9339156483359822,-3.865090458178426,,0.9402335341855447
2026-08-18,PANW,PRE-BREAKOUT,376.36,-0.5898568794671362,0,70.2,60.9,0.14,NO DATA,,,-4.4106680397425375,-4.912850696889285,,-1.4424135849674455
2026-08-18,NET,PRE-BREAKOUT,307.61,-2.056173836315672,0,70.7,59.4,0.1,NO DATA,,,-5.113616305447649,-4.704003560210173,,-1.0537167409004917
2026-08-18,CRM,BREAKOUT,195.07,0.5485207308394138,1,68.8,58.5,0.12,NEUTRAL,,,5.649252236576937,7.22817356279557,,1.6337618983317366
2026-08-18,CRWD,PRE-BREAKOUT,215.8,-1.3345698939085722,0,69.0,59.8,0.13,NO DATA,,,-6.5662627975845735,-11.051901321481845,,-0.4207545218163595
2026-08-18,PLTR,PRE-BREAKOUT,174.39,-1.6342718698705052,0,76.0,67.6,0.13,NO DATA,NEUTRAL,1.0,0.4587433003075082,3.182523333566297,,-0.3361355090099368
2026-08-18,MSFT,PRE-BREAKOUT,483.53,-0.3929425510697315,0,62.8,63.2,0.11,NEUTRAL,,,-0.0268868743440112,-0.059977615789087,,0.2477365309223716
2026-08-18,KO,BREAKOUT,88.15,0.7770834764295526,1,70.2,62.1,0.16,NO DATA,,,2.495744156688698,3.346566618401688,,1.6325570408616425
2026-08-18,GE,PRE-BREAKOUT,370.99,1.1321066447629966,1,67.9,57.0,0.19,NEUTRAL,,,-3.9785409347076426,-6.097200701585625,,-0.6875397443901862
2026-08-18,BKNG,PRE-BREAKOUT,207.14,0.5358694602684241,1,64.3,60.6,0.11,NO DATA,,,2.8290045379936344,1.1972555359599857,,0.4834955654049947
2026-08-18,ZS,BREAKOUT,188.12,-1.2864145501583122,0,88.0,73.1,0.34,NO DATA,,15.0,-1.871142832492228,-3.388796982145707,,0.46084950849889056
2026-08-18,NFLX,BREAKOUT,77.71,0.0772058204432023,1,86.0,58.6,0.2,NO DATA,,15.0,3.2299591052671874,2.4192463491064617,,1.8547799583966147
2026-08-18,XLV,BREAKOUT,169.93,-0.1353516458293528,0,91.0,67.1,0.3,NO DATA,,15.0,3.383741938316508,2.759957110096801,,0.9697665893999236
2026-08-18,VZ,BREAKOUT,48.59,-0.082323035479433,0,83.2,64.5,0.1,NO DATA,,16.0,1.58468946357596,1.7699130745821148,,1.0611700103209545
2026-08-18,T,BREAKOUT,24.99,-0.3201286618162828,0,89.4,65.4,0.09,NO DATA,,16.0,0.5202114415102042,1.200483855651642,,1.4586734436792723
2026-08-18,VRTX,BREAKOUT,520.66,1.446241778013729,1,82.4,62.1,0.08,NO DATA,,16.0,6.030806583681056,5.260628393379323,,0.8631582411787889
2026-08-18,TMO,BREAKOUT,591.73,-0.437697150991587,0,67.1,63.5,0.07,NO DATA,,,3.6857989331863736,6.344112945304444,,0.5738561759016683
2026-08-18,XLF,PRE-BREAKOUT,57.9,-0.1036266794682348,0,68.6,61.4,0.34,NO DATA,,,-0.7253893916470993,-0.7253893916470993,,0.26050313722071156
2026-08-18,CMCSA,BREAKOUT,25.94,1.002315971239213,1,77.0,61.4,0.19,NO DATA,NEUTRAL,21.0,2.505783163407437,3.5080970758277763,,1.2905746094821111
2026-08-18,DIS,PRE-BREAKOUT,104.58,-0.5641634502108118,0,75.4,59.3,0.15,NO DATA,NEUTRAL,1.0,2.2470838641956234,3.059857314301852,,0.666669025513285
2026-08-18,ABBV,PRE-BREAKOUT,255.03,1.5331539196981725,1,62.8,58.2,0.35,NO DATA,,,4.289691887504656,3.893656218906844,,1.4380980379475894
2026-08-18,UBER,BREAKOUT,77.04,-3.050360278548489,0,81.7,58.6,0.59,NO DATA,NEUTRAL,48.0,1.2980281873407806,2.2845314794364047,,0.2600342717417657
2026-08-18,COST,BREAKOUT,966.78,-0.5616608136352089,0,81.9,57.4,0.33,NO DATA,NEUTRAL,18.0,-1.012640907509979,-1.9694252845140543,,1.322494530840325
2026-08-18,BLK,PRE-BREAKOUT,1157.23,-0.1672058324349972,0,73.9,62.4,0.2,NEUTRAL,,,0.1460421822206892,-0.0587567874903881,,0.16476315894489005
2026-08-18,COP,PRE-BREAKOUT,128.93,0.6553896660857583,1,94.9,68.4,0.39,NO DATA,BREAKOUT,85.0,1.279765633331793,4.607147380119051,,1.128882462344667
2026-08-18,SMCI,PRE-BREAKOUT,37.91,-1.3189136180107814,0,85.5,64.5,0.73,NO DATA,,222.0,-3.508304323253256,-1.7673392812798727,,-3.0825505297925075
2026-08-18,V,PRE-BREAKOUT,365.29,-0.2764929838493102,0,62.0,56.3,0.57,NO DATA,WEAKENING,,0.0684411138881038,1.5740941566760258,,0.2173667337133771
2026-08-18,JPM,BREAKOUT,362.11,0.3175857517397991,1,74.8,63.4,0.42,NEUTRAL,PRE-BREAKOUT,,-1.339369317161916,-2.907959854114603,,0.3823151915672192
2026-08-18,C,BREAKOUT,137.7,-0.0145296472176751,0,74.4,55.3,0.39,NO DATA,PRE-BREAKOUT,,-3.4931013873286503,-4.3936137280432925,,-0.873577000263622
2026-08-19,ADBE,BREAKOUT,267.75,2.0093388918067228,1,71.6,59.5,0.07,NEUTRAL,,,1.6694682430263772,3.182068725927871,,-0.3610291685589868
2026-08-19,PLTR,BREAKOUT,175.3,0.1968079135544359,1,74.6,67.7,0.08,NO DATA,,,-0.7644000491345259,0.3365655388753144,,0.6237655159715159
2026-08-19,NOW,BREAKOUT,121.94,4.9368534397840405,1,64.7,57.7,0.06,NO DATA,,,6.404789240610138,5.010663483481888,,-0.7113553346031326
2026-08-19,BLK,BREAKOUT,1162.7,-0.3681049328878941,0,74.9,63.5,0.04,NEUTRAL,,,-1.9678381105132488,0.8523252216016559,,0.6211325938368952
2026-08-19,VZ,PRE-BREAKOUT,48.9,0.6850728228048342,1,88.2,65.9,0.12,NO DATA,,0.0,0.593044226398744,2.55624033922067,,0.1236043623034987
2026-08-19,NFLX,PRE-BREAKOUT,78.73,2.140227252035234,1,91.2,60.9,0.06,NO DATA,,1.0,1.790930254856387,1.6258124428178138,,0.6172089207314997
2026-08-19,ISRG,PRE-BREAKOUT,398.97,0.1854754630869733,1,77.9,57.7,0.07,NO DATA,,1.0,-6.138303384633407,-6.366391627385837,,0.8614947544059667
2026-08-19,BKNG,BREAKOUT,212.48,0.5600518490894779,1,72.3,64.7,0.14,NO DATA,,,-1.228353201624854,0.4141569137573291,,-0.024011069271458584
2026-08-19,MSFT,BREAKOUT,482.63,0.2962927208407588,1,60.5,63.0,0.06,NEUTRAL,,,-0.3066543943633053,0.9696864178757546,,-0.3238995790914895
2026-08-19,COST,PRE-BREAKOUT,969.02,-0.9963684718194652,0,85.7,58.5,0.1,NO DATA,,4.0,-3.664526040161708,0.2456114852183152,,-0.11650232960216898
2026-08-19,DIS,PRE-BREAKOUT,105.01,1.457004966695875,1,75.7,60.3,0.08,NO DATA,NEUTRAL,0.0,2.199790205527296,5.332826026427537,,0.10582069608557369
2026-08-19,IWM,BREAKOUT,302.87,-0.3797004587106282,0,73.8,57.6,0.26,BULLISH,,,-1.7169038109636574,-1.617855442697157,,0.8826545646714347
2026-08-19,SPY,BREAKOUT,770.18,-0.0337605611472253,0,66.0,58.6,0.14,BULLISH,,,-0.9841886849908398,-0.8712287123626881,,0.3791742912561503
2026-08-19,XLF,PRE-BREAKOUT,57.89,-0.647781327261294,0,66.7,61.3,0.31,NO DATA,,,-1.623767899569092,0.5700487488393926,,0.0691578759021736
2026-08-19,T,PRE-BREAKOUT,25.18,0.0992848439477957,1,92.0,66.9,0.13,NO DATA,,12.0,-0.119143691301534,2.025419118576717,,0.36144640147268764
2026-08-19,MRK,BREAKOUT,148.48,3.192349960064073,1,137.7,81.1,1.56,NEUTRAL,,,0.343484303046924,1.468213673295653,,8.707556729970454
2026-08-19,CRM,BREAKOUT,200.7,3.0642780784831274,1,77.9,61.9,0.16,BULLISH,,15.0,2.356747720867594,4.165419809962014,,-0.9839872957005363
2026-08-19,CMCSA,BREAKOUT,26.71,-0.2059128167521266,0,86.9,66.1,0.13,NO DATA,,15.0,-1.0857353938826488,1.1606157160751442,,-0.22901286848773322
2026-08-19,FDX,BREAKOUT,334.9,-1.7915540611469776,0,88.1,62.0,0.18,NO DATA,,15.0,-2.6455632890648264,-0.2538107515769565,,0.7826320987892965
2026-08-19,ABBV,BREAKOUT,264.07,0.8368988447369567,1,92.3,66.3,0.17,NO DATA,,16.0,-0.848265015993626,0.1704052007694482,,1.000307509490186
2026-08-19,KO,BREAKOUT,89.68,0.8586049824288365,1,84.3,67.0,0.2,NO DATA,,16.0,0.914362176628003,2.575822774051655,,-0.25895446715138487
2026-08-19,PEP,BREAKOUT,142.12,0.6191950464396252,1,83.4,56.8,0.18,NO DATA,,16.0,-0.0281439409972678,1.7942570848193835,,0.5280740802041909
2026-08-19,DHR,BREAKOUT,209.71,0.7653437801755958,1,94.1,61.7,0.14,NO DATA,,16.0,2.9564654342231496,2.5749847934536043,,1.7637059024784636
2026-08-19,SLB,BREAKOUT,53.98,-1.2134109615793698,0,82.9,61.4,0.11,NEUTRAL,,16.0,-0.7965927434965727,0.0370507595405763,,0.9208827041866751
2026-08-19,V,PRE-BREAKOUT,365.98,0.2664043314568027,1,63.8,57.0,0.13,NO DATA,,,-0.0683067418088128,4.489317356716038,,-0.0439268804692862
2026-08-19,SBUX,PRE-BREAKOUT,107.79,-2.8295780093055707,0,82.2,58.3,0.1,NO DATA,NEUTRAL,13.0,-3.525375393107408,-0.2783209353655024,,0.6225790202953693
2026-08-19,GLD,BREAKOUT,408.62,1.0975994778346925,1,85.7,64.5,0.83,NO DATA,,21.0,1.6249840354424636,4.422202153934278,,2.574334482467649
2026-08-19,MA,PRE-BREAKOUT,577.32,-0.3793381689855798,0,77.1,64.2,0.13,NO DATA,NEUTRAL,4.0,-0.6010573709662838,3.904244673935157,,-0.4892823685011789
2026-08-19,HD,BREAKOUT,348.0,-0.9310316765445402,0,67.7,55.0,0.55,NO DATA,,,-3.882186714260057,-3.0373584264996407,,1.1644858535300888
2026-08-19,UBER,PRE-BREAKOUT,76.23,2.3809499789391424,1,75.2,57.1,0.27,NO DATA,NEUTRAL,1.0,3.04342522859479,4.014168851537898,,0.3214543959248857
2026-08-19,XLV,BREAKOUT,176.13,-0.0851667929716305,0,122.3,75.9,1.46,NO DATA,,,-2.1234319027715656,-0.811902033587582,,1.614331916653369
2026-08-19,ARKK,BREAKOUT,81.7,1.4810326341607982,1,79.5,58.4,1.2,NO DATA,NEUTRAL,15.0,1.9216605178291355,2.717256020740893,,2.122552460882124
2026-08-19,SOFI,BREAKOUT,18.39,0.3268077491482262,1,71.5,55.3,0.48,NO DATA,,,-2.555736398619115,-0.8156619297544127,,1.104188541954002
2026-08-19,AMZN,BREAKOUT,264.84,-0.0830708664901355,0,58.1,55.0,0.48,NO DATA,,,-1.785989521385544,-1.0459117488979102,,0.5396006284891723
2026-08-19,SMCI,PRE-BREAKOUT,37.44,-1.642626167362566,0,79.9,63.0,0.74,NO DATA,NEUTRAL,69.0,-2.510683760683755,-6.063039078671703,,-0.6949968526962956
2026-08-20,UBER,BREAKOUT,80.05,-1.692692448689292,0,93.3,64.0,0.4,NO DATA,,15.0,-1.5615202351557584,,,0.5509998720287376
2026-08-20,ARKK,BREAKOUT,83.49,-0.7426006149454589,0,84.5,61.4,0.29,NO DATA,,15.0,3.257874098062836,,,0.01200592548743508
2026-08-20,DIS,BREAKOUT,108.57,-1.045410740910236,0,91.8,66.5,0.21,NO DATA,,15.0,-0.7276422775196815,,,-0.04676241617423074
2026-08-20,SLB,BREAKOUT,54.12,-0.9623037649804496,0,83.8,61.9,0.13,NEUTRAL,,15.0,-0.461938411151574,,,0.5975718009025766
2026-08-20,VLO,BREAKOUT,349.21,-1.715299899572422,0,87.7,73.2,0.17,NEUTRAL,,24.0,-0.1002304196436183,,,0.646909885981692
2026-08-20,MRVL,BREAKOUT,241.2,1.3121913321575762,1,89.9,58.7,0.71,NO DATA,,35.0,-1.7247125679382986,,,0.12643951884171342
2026-08-20,GLD,BREAKOUT,414.01,0.0314037459089174,1,88.2,67.0,1.1,NO DATA,,84.0,2.2583960173818287,,,-0.90856606391303
2026-08-20,NOW,BREAKOUT,129.38,0.1313982468370823,1,82.9,63.9,0.45,NO DATA,,84.0,-0.6956285921015095,,,0.7468529646496315
2026-08-20,MA,BREAKOUT,579.1,-0.4524295512433124,0,83.7,64.9,0.43,NO DATA,NEUTRAL,39.0,0.2642039169076976,,,-0.28759036867483107
2026-08-20,PLTR,BREAKOUT,176.36,-0.7881598884650083,0,73.4,68.2,0.39,NO DATA,,,2.029940145954999,,,0.39385948501086815
2026-08-21,MSFT,BREAKOUT,483.37,-0.0082780122337711,0,56.8,62.5,0.22,BULLISH,,,0.8151100727380154,,,-0.26394867084734974
2026-08-21,SOFI,BREAKOUT,18.53,2.050727724835986,1,71.7,55.7,0.17,NO DATA,,,-1.565030916793508,,,1.4508941282081003
2026-08-21,GLD,BREAKOUT,420.96,0.7387892731420492,1,92.8,70.2,0.33,NO DATA,,15.0,1.3611750383424246,,,1.2690817535370875
2026-08-21,ARKK,BREAKOUT,84.76,1.7992020553437584,1,87.3,63.6,0.27,NO DATA,,15.0,-0.9910356666525396,,,1.1648868257566978
2026-08-21,T,BREAKOUT,25.45,-0.5304497679464916,0,92.7,69.1,0.23,NO DATA,,15.0,0.9430276387332728,,,0.1988117104078973
2026-08-21,MU,BREAKOUT,984.97,-2.355399704432625,0,83.2,56.1,0.21,NO DATA,,15.0,-7.567743923593488,,,1.5754390521381285
2026-08-21,CMCSA,BREAKOUT,26.57,0.8946149924396336,1,83.1,64.5,0.24,NO DATA,,24.0,1.6936411658399382,,,0.5677502577483512
2026-08-21,VRTX,BREAKOUT,547.87,0.0346793141792296,1,90.5,66.8,0.38,NO DATA,,27.0,-0.051102112641914,,,0.8958586111920754
2026-08-21,COIN,BREAKOUT,189.07,-1.520596961856055,0,123.2,67.9,1.73,NO DATA,,,-5.072197742878791,,,4.473450062106412
2026-08-21,CRM,BREAKOUT,208.38,0.2447961422266434,1,93.9,65.8,0.29,BULLISH,,30.0,0.3263257311612221,,,0.07302203213831031
2026-08-21,ADBE,BREAKOUT,273.76,0.6191505597112924,1,84.2,61.9,0.28,STRONGLY BULLISH,,30.0,0.9168574713880348,,,0.0551002482594095
2026-08-21,RIVN,BREAKOUT,16.95,0.0294980749619787,1,92.5,56.6,0.95,NO DATA,NEUTRAL,15.0,-2.064894504603379,,,0.4372248208837636
2026-08-21,MA,BREAKOUT,580.42,-0.0017380329115053,0,92.6,65.7,0.4,NO DATA,NEUTRAL,42.0,3.3492962598743223,,,0.12198522903420755
2026-08-21,V,BREAKOUT,370.69,0.2282259414031947,1,94.3,61.4,0.5,NO DATA,BREAKOUT,21.0,3.161672465431864,,,0.5851267510391355
2026-08-21,VLO,BREAKOUT,348.33,0.4220101033413045,1,84.0,70.5,0.4,BULLISH,,54.0,-0.6689059225447088,,,0.5797723089021143
2026-08-21,SNOW,BREAKOUT,322.76,2.8999860940598308,1,59.4,64.3,0.28,NEUTRAL,,,0.0061961765078956,,,0.11515923537839126
2026-08-21,TSLA,BREAKOUT,357.5,1.8629380873033217,1,96.9,56.0,1.48,NO DATA,PRE-BREAKOUT,72.0,-2.391604977054196,,,1.3762929715754049
2026-08-21,PEP,BREAKOUT,143.17,0.0908032770537298,1,92.1,58.8,0.46,NO DATA,,75.0,1.0477042459630683,,,0.4152564261592432
2026-08-21,DIS,BREAKOUT,107.93,-0.027794379802743,0,86.1,65.6,0.36,NO DATA,,78.0,2.483091457751835,,,0.23294819298444042
2026-08-21,UBER,BREAKOUT,79.79,-1.1843574123284637,0,90.3,63.8,0.5,NO DATA,,81.0,-0.6266437955541578,,,1.495856622168504
2026-08-21,PLTR,BREAKOUT,176.16,2.060622891764768,1,71.2,67.5,0.34,NO DATA,,,-0.153270101244073,,,0.011490579961147804
2026-08-21,LLY,BREAKOUT,1267.75,-0.9856040321189116,0,90.2,61.2,0.65,NO DATA,,84.0,-1.642275392550779,,,-0.9964661017988301
2026-08-21,NOW,BREAKOUT,131.0,-1.6488577573354006,0,86.9,65.1,0.43,NO DATA,,84.0,-2.2519060673604487,,,0.4161797966341523
2026-08-21,SPY,BREAKOUT,766.65,-0.0831523893522112,0,57.4,55.0,0.64,BULLISH,,,-0.414795447319504,,,0.45240130048266275
2026-08-21,ZS,BREAKOUT,178.61,1.6096526568229934,1,67.4,61.3,0.54,NO DATA,,,-1.4276929855026388,,,0.16004503239843484
2026-08-21,DE,BREAKOUT,632.4,2.664452877925368,1,84.0,58.5,1.53,NO DATA,NEUTRAL,30.0,2.5679972562361675,,,0.37362825958981
2026-08-21,OXY,BREAKOUT,61.65,-0.4541785370887802,0,94.7,68.1,0.59,NO DATA,BREAKOUT,192.0,-2.497971434952857,,,0.03251049677316423
2026-08-21,BLK,BREAKOUT,1156.71,0.0527311330465253,1,68.9,60.8,0.26,NEUTRAL,,,1.3745870055210436,,,0.9527914875706901
2026-08-24,HOOD,BREAKOUT,108.13,-4.207896207292433,0,127.1,62.5,2.2,NO DATA,,,,,,-1.1791306102563253
2026-08-24,COIN,BREAKOUT,186.49,-3.8821884221548455,0,120.2,67.0,1.75,NO DATA,,,,,,1.2118582445528316
2026-08-24,BKNG,BREAKOUT,209.62,2.06802873344847,1,63.5,60.8,0.47,NO DATA,,,,,,0.5820061297211111
2026-08-24,BLK,BREAKOUT,1156.55,1.011196672620081,1,68.8,60.8,0.3,BEARISH,,,,,,0.19799549483463857
2026-08-24,DIS,BREAKOUT,109.76,0.4145374798566143,1,92.6,68.7,0.29,NO DATA,,15.0,,,,0.565968284709923
2026-08-24,VLO,BREAKOUT,352.69,-1.4729663111549796,0,85.1,72.1,0.13,NEUTRAL,,15.0,,,,-0.7481469532632973
2026-08-24,CMCSA,BREAKOUT,27.05,0.0147905896199141,1,91.9,67.5,0.09,NO DATA,,15.0,,,,0.18621689515897874
2026-08-24,ADBE,BREAKOUT,277.18,0.1461113554650834,1,90.9,63.3,0.17,BULLISH,,23.0,,,,-0.10896760126060992
2026-08-24,T,BREAKOUT,25.6,0.4101559519767705,1,93.1,70.3,0.18,NO DATA,,24.0,,,,0.6721951869955783
2026-08-24,MSFT,BREAKOUT,486.57,0.3401373088179772,1,56.7,63.7,0.11,NEUTRAL,,,,,,-0.006207842873750032
2026-08-24,RIVN,BREAKOUT,17.1,-2.3099419666312677,0,93.9,57.6,0.53,NO DATA,,42.0,,,,0.11785774055943876
2026-08-24,UBER,BREAKOUT,79.37,-0.2129313356107135,0,85.3,63.1,0.26,NO DATA,,54.0,,,,0.253803223980619
2026-08-24,LULU,BREAKOUT,123.29,-0.3568833854156156,0,63.1,55.1,0.41,NO DATA,,,,,,0.9498649779281937
2026-08-24,FDX,BREAKOUT,329.25,1.3242172669893697,1,70.9,57.3,0.42,NO DATA,,,,,,-0.02460519735743372
2026-08-24,SBUX,BREAKOUT,107.13,0.3827134467724711,1,74.7,56.6,0.45,NO DATA,PRE-BREAKOUT,,,,,0.13074279721186532
2026-08-24,VRTX,BREAKOUT,548.99,-0.1165821625280076,0,86.9,67.1,0.2,NO DATA,,222.0,,,,0.1696912136658169
