ticker,day,signal,alert_price,day_close,eod_return_pct,is_win,rsi,pct_b,vol_ratio,adx,gap_pct,dist_52w_high,mins_in_pre_breakout,ret_1d,ret_3d,ret_5d,score,quintile
ABBV,2024-06-21,PRE-BREAKOUT,171.525,170.39,-0.661711120827879,False,63.09311183489969,79.80924724181064,1.212447680727171,24.827232719335647,0.3311450647766183,-5.475013728720483,9.0,0.7083515522518603,-0.2186270222999562,-0.0029150269639967,-0.39,Q1 (lowest)
ABBV,2024-07-17,PRE-BREAKOUT,173.635,175.27,0.9416304316526158,True,60.96791120428404,93.25592713482516,1.2931894686342706,14.625182736965296,0.183215130023642,-7.0840197693575,38.0,-1.436922279494344,-0.0143980188325955,1.4829959397586991,0.81,Q2
ABBV,2024-08-02,PRE-BREAKOUT,187.08,189.29,1.1813128073551311,True,65.75081094819842,87.06615140344263,1.252604705746813,34.07065338164822,0.6694428337989466,0.0,14.0,-1.4539234552063285,0.229848193286283,1.523412443874275,1.21,Q3
ABBV,2024-10-30,PRE-BREAKOUT,197.11,201.5,2.2271827913347804,True,61.34475896295242,94.61272884375435,1.2101454939652263,19.23404235656141,1.145420955397211,-4.9661399548532765,15.0,3.429557100096388,1.7046319314088505,2.074983511744698,1.21,Q3
ABBV,2025-02-25,PRE-BREAKOUT,204.52,204.14,-0.1858008996675258,False,79.27549570892629,87.95148521779828,1.243164427827573,32.82196078045791,0.5365542924343389,0.0,37.0,-0.7383141013103947,2.2051633092118084,1.5841971445335323,1.5100000000000002,Q4
ABBV,2025-09-19,PRE-BREAKOUT,222.27,222.47,0.0899806541593506,True,72.54568649659907,94.86817828946909,1.3493468309847447,36.541912268476295,0.1914500653182499,0.0,31.0,0.1439690466549661,-1.025779457416656,-0.746839429522651,1.5100000000000002,Q4
ABBV,2025-10-02,PRE-BREAKOUT,235.02,236.56,0.65526338183984,True,67.45620943095523,93.1812105725936,1.36380015675691,38.07324502610261,-1.4281037728128363,0.0,9.0,-0.4723002297676851,-0.9318355884605556,-1.842396391796448,1.21,Q3
ABBV,2025-11-21,PRE-BREAKOUT,234.545,236.28,0.7397301157560442,True,60.5369435525456,80.87623260353469,1.3436622845109425,24.099694292128664,0.4772281542819782,-6.109337916359771,35.0,-2.1467095866464843,-2.9354708051759757,-4.022682214500405,-0.39,Q1 (lowest)
ABBV,2026-06-22,PRE-BREAKOUT,228.73,230.01,0.5596117693350244,True,61.29077329159264,90.648478086799,1.4945615387913858,16.73526642037544,2.517437295025169,-11.412554218839508,33.0,2.6362960696017144,6.3000043719669465,11.183491452804622,0.81,Q2
ABNB,2024-11-05,PRE-BREAKOUT,137.935,137.82,-0.0833726030376692,False,61.451995074076486,89.61283943234704,1.4102248720267785,29.162601636046983,0.4968218017096564,-18.6169580211678,100.0,2.1568129916264867,-2.410555696523717,-3.432776307681164,0.6100000000000001,Q2
ABNB,2025-06-06,PRE-BREAKOUT,140.33,140.64,0.2209078600441629,True,68.53674759154451,94.39555233541374,1.5053575044707266,12.674796671512416,1.376647971447312,-14.948581340602155,21.0,-0.9406399201881432,-1.6176156203235303,-3.413382740682691,0.81,Q2
ABNB,2026-05-08,PRE-BREAKOUT,142.6825,141.49,-0.8357717309410724,False,61.34555544840239,70.75429092901041,1.2337163575984218,15.333302916697264,-1.6623949878969158,-2.580108198085725,,-3.947575911551867,-6.807071645086121,-6.891174460778308,1.21,Q3
ABNB,2026-07-28,PRE-BREAKOUT,151.05,153.11,1.3637868255544536,True,60.52100398943455,90.36404957299528,1.380095612740307,15.359622600906484,1.341413591175268,-1.389914725038604,39.0,1.2975835815954846,0.3111552466070829,-0.7480966567361959,1.21,Q3
ABNB,2026-08-24,PRE-BREAKOUT,192.39,190.21,-1.133115026768532,False,74.60293758660075,82.71742775792256,1.37193461308542,40.12568022585269,0.9076348104644892,0.0,35.0,,,,0.31000000000000005,Q2
ADBE,2024-09-03,PRE-BREAKOUT,577.46,571.04,-1.1117653170782515,False,64.96834738211481,85.54700260875943,1.460494612216791,24.33971399690052,0.3290332689194106,-9.507530405192515,41.0,-0.3827104907699297,-2.433068957157217,-0.5160530599522076,0.81,Q2
ADBE,2024-09-12,PRE-BREAKOUT,577.05,586.55,1.646304479681137,True,60.62107747331707,85.50819547774104,1.4249517943918648,28.93308309493094,0.1835004652124564,-8.56701745541622,12.0,-6.963001473009263,-10.747768824192008,-8.770470496490756,0.81,Q2
ADBE,2025-12-11,PRE-BREAKOUT,346.645,350.43,1.0918951665248382,True,61.16709069792161,94.80663011210324,1.6841432527454447,24.49700965130554,-0.4327805787893841,-37.60478606368083,10.0,2.8227725771322323,0.3591570627010355,2.6439152447028,0.6100000000000001,Q2
ADBE,2025-12-11,BREAKOUT,347.37,350.43,0.8809050867950606,True,61.60754693004952,96.18935322811151,2.8270050658006363,24.49700965130554,-0.4327805787893841,-37.60478606368083,35.0,2.6081699628638058,0.149696289259286,2.429685925670034,1.85,Q5 (highest)
AMZN,2024-06-21,PRE-BREAKOUT,188.0701,189.08,0.5369806258411177,True,60.07109157068245,90.40498533104218,1.96819639029035,9.822266923333714,0.91348737238045,-1.7941952506596337,46.0,-1.3293447496438846,2.9456569651422617,2.7542389779130247,1.21,Q3
AMZN,2024-06-28,PRE-BREAKOUT,194.995,193.25,-0.8948947408907945,False,64.07941716803532,94.9702734770658,1.3622766356643097,18.96457116907121,-0.0606520090978036,0.0,0.0,1.13079822559552,1.3308033539321515,2.202620580014865,1.21,Q3
AMZN,2024-09-20,PRE-BREAKOUT,188.07,191.6,1.8769607061200624,True,60.14829557586625,83.52981083582476,1.36655368418524,17.6315156821127,0.1896034128614237,-5.064999999999998,39.0,3.0892752698463357,2.3714574360610454,-0.0531716913915001,-0.39,Q1 (lowest)
AMZN,2025-01-27,PRE-BREAKOUT,233.8,235.42,0.6928999144567904,True,62.59359040253905,87.50290773656585,1.3852853584968312,18.355261922522157,-3.678944006812854,-0.2421204655509273,6.0,1.8605645851154808,0.3592814371257378,1.5483319076133344,1.21,Q3
AMZN,2025-02-03,PRE-BREAKOUT,236.165,237.42,0.5314081256748441,True,61.50058281500526,75.59178208061437,1.3804863679732418,17.099016473206703,-1.523056210030295,-0.1973546084400582,0.0,2.496136175978664,1.128448330616315,-1.2808841276226393,0.010000000000000009,Q1 (lowest)
AMZN,2025-05-15,PRE-BREAKOUT,205.0439,205.17,0.0614990253306631,True,60.88115952035153,83.30299036717929,1.5462347655468385,19.68061524874382,-1.80737217598098,-13.1413699082872,37.0,0.2663332096199865,-0.4749714573318273,-0.948040882952389,-0.39,Q1 (lowest)
AMZN,2025-06-05,PRE-BREAKOUT,212.3256,207.91,-2.07963618141195,False,64.99216225661335,88.25498828528158,1.4862114484836273,18.03095267443206,1.1195290257202248,-14.38899446418244,15.0,0.5860810001243301,2.488819059030096,0.4306593269958971,0.81,Q2
AMZN,2025-06-27,PRE-BREAKOUT,219.58,223.3,1.6941433646051547,True,64.59595817205724,94.93727518552495,1.5341469360253397,20.393094502491813,1.2896094325718417,-10.303230603982485,17.0,-0.0865288277621031,0.1548410602058361,1.771563894708073,0.81,Q2
AMZN,2025-07-11,PRE-BREAKOUT,225.1553,225.02,-0.0600918565985348,False,64.17978511904585,88.41090390813795,1.5556809962351803,23.86415823419312,0.5938990371636919,-8.179790134677358,43.0,0.2374805301052147,-0.8728641964013342,0.4329012019703663,0.81,Q2
AMZN,2025-07-31,PRE-BREAKOUT,232.58,234.11,0.6578381632126585,True,65.20052155227016,87.0098764270687,1.5733707736709297,30.560381538126475,2.424084451974461,-4.903742873667687,16.0,-7.666179379138366,-8.09613896293749,-4.063118066901718,1.21,Q3
AMZN,2025-07-31,BREAKOUT,234.215,234.11,-0.0448306043592382,False,67.09903772573702,95.42816922348686,2.5697107626483118,30.560381538126475,2.424084451974461,-4.903742873667687,44.0,-8.310740131930066,-8.737698268684756,-4.732830945925755,1.75,Q5 (highest)
AMZN,2025-09-04,BREAKOUT,234.14,235.68,0.6577261467498166,True,59.845197381299634,97.08206832171112,2.1503562544414483,14.468435602317973,2.298774282047875,-6.638849871932576,52.0,-0.7730417698812565,1.7510890919962514,-1.789527633040061,2.05,Q5 (highest)
AMZN,2026-04-24,PRE-BREAKOUT,262.165,263.99,0.6961264852287637,True,79.66185200591227,86.07403592765223,1.340810907670769,30.668150162686302,1.9209659714599363,-0.109649122807018,45.0,-0.3986039326378486,0.3337592737398203,2.32487174107908,1.5100000000000002,Q4
AMZN,2026-04-29,PRE-BREAKOUT,263.76,263.04,-0.2729754322110898,False,75.86350264648435,80.50720412247755,1.333192209363935,34.10208680109791,-0.6584520600693029,-1.6250615553619532,30.0,0.4928723081589367,3.143008795875045,4.257658477403707,0.31000000000000005,Q2
AMZN,2026-04-30,PRE-BREAKOUT,259.48,265.06,2.1504547556651703,True,70.05938325342218,72.68475740014628,1.3345261663089405,34.98040056364719,3.851125304136251,-0.3598621159892377,,3.3836904578387434,5.422383227994447,4.505164174502851,1.5100000000000002,Q4
AMZN,2026-05-01,PRE-BREAKOUT,270.43,268.26,-0.8024257663720801,False,79.07893843906007,85.62770039968008,1.3430016772578106,36.3195156557958,0.1961819965290808,0.0,43.0,0.5990459638353749,1.6862034537588295,0.8320082831046851,1.5100000000000002,Q4
ARKK,2024-07-11,PRE-BREAKOUT,46.29,45.71,-1.252970403974937,False,65.68664803165272,91.91088085523816,2.507933567832953,18.660134033634108,1.327529923830249,-15.315149281238474,0.0,1.080146899978397,6.718513717865629,0.6048822639879048,0.6100000000000001,Q2
ARKK,2024-07-12,PRE-BREAKOUT,46.4899,46.79,0.645516553057762,True,65.91846514351136,93.95591423506538,1.6370962588776778,20.173691268179294,0.3281557646029284,-15.757464061924065,38.0,2.6029309591975984,4.173164493793278,0.3013557783518654,0.6100000000000001,Q2
ARKK,2024-07-12,BREAKOUT,46.57,46.79,0.472407129053036,True,66.4024402498187,95.41478842678409,1.650726384187086,20.173691268179294,0.3281557646029284,-15.757464061924065,39.0,2.426454799226976,3.9939875456302327,0.1288383079235608,1.85,Q5 (highest)
ARKK,2024-07-17,PRE-BREAKOUT,48.415,48.43,0.0309821336362709,True,68.8786129977466,94.6885531810317,1.7543911021485048,26.305590946917164,-1.943319838056682,-8.956874308883155,0.0,-3.810802437261177,-1.5594340596922494,-7.652587008158624,0.81,Q2
ARKK,2024-07-17,BREAKOUT,48.45,48.43,-0.0412796697626483,False,69.17974713799762,95.07936462117256,1.7512948630013605,26.305590946917164,-1.943319838056682,-8.956874308883155,39.0,-3.880288957688344,-1.630546955624368,-7.719298245614039,2.05,Q5 (highest)
ARKK,2024-07-18,PRE-BREAKOUT,47.64,46.57,-2.2460117548278764,False,62.39321377751356,80.29844964129212,1.1402233026350594,28.763223222382734,0.0825934338220094,-10.744563214154072,38.0,-2.120067170445,0.2518891687657377,-5.142737195633927,-0.39,Q1 (lowest)
ARKK,2024-09-18,PRE-BREAKOUT,46.63,46.18,-0.9650439631138812,False,60.4926052478362,88.32162557085589,1.171573668227506,17.91456904160906,0.1519756838905781,-15.112421673424246,115.0,1.6941882907999122,0.664808063478437,0.4932446922581961,0.6100000000000001,Q2
ARKK,2024-09-26,PRE-BREAKOUT,47.15,47.27,0.2545068928950255,True,60.06847684404506,79.02236746142847,1.5977501168907289,15.661716501149217,1.472471190781045,-13.638039071138955,8.0,1.5482502651113552,-2.057264050901376,-3.732767762460229,-0.39,Q1 (lowest)
ARKK,2024-11-13,PRE-BREAKOUT,56.335,55.84,-0.8786722286322844,False,72.1373665446873,94.55425488155554,1.344923921202081,22.41933154896545,0.9505368773103312,-1.7977528089887624,0.0,-4.411112097275227,-2.1744918789384955,-1.8727256590041712,1.5100000000000002,Q4
ARKK,2024-11-14,PRE-BREAKOUT,54.88,53.85,-1.876822157434404,False,65.6961839203052,81.78323409512119,1.265001795624178,24.409052465736043,0.1969914040114602,-3.4745030250648195,35.0,-2.587463556851315,1.895043731778424,-0.2004373177842555,0.010000000000000009,Q1 (lowest)
ARKK,2024-11-15,PRE-BREAKOUT,53.43,53.46,0.0561482313307152,True,60.0935475955555,70.98144088677118,1.6320300583822185,25.02660653965341,0.0,-6.914433880726015,,3.1443009545199323,3.4624742653939764,5.203069436646081,0.81,Q2
ARKK,2024-11-18,PRE-BREAKOUT,54.985,55.11,0.2273347276529962,True,63.88695761999525,78.09195269613429,1.2283775428576846,24.933395772718782,1.9827908716797649,-7.588591184096803,21.0,1.7004637628444164,-0.3910157315631469,3.719196144403023,-0.39,Q1 (lowest)
ARKK,2024-11-20,PRE-BREAKOUT,54.91,55.28,0.6738299034784276,True,61.8058381790647,71.96191446548181,1.225827181156696,25.982847645084664,-0.1072961373390598,-3.336214347450302,,-0.2549626661810116,3.860863230741222,4.07940265889638,1.21,Q3
ARKK,2024-11-21,PRE-BREAKOUT,55.185,54.77,-0.7520159463622346,False,62.85194999407767,71.24760525274554,1.2278297185569218,26.64424375312876,0.8863965267727967,-4.442523768366465,,1.8573887831838336,1.8392679170064337,5.064782096584207,1.21,Q3
ARKK,2024-11-22,PRE-BREAKOUT,56.12,56.21,0.1603706343549597,True,64.53870943127589,74.97289626859963,1.2318320651577634,26.931843397427382,0.0547745115939273,-5.324114088159028,,1.621525302922316,1.8353528153955831,5.969351389878834,0.81,Q2
ARKK,2024-11-25,PRE-BREAKOUT,57.925,57.03,-1.545101424255496,False,68.5068644373197,82.9846018550167,1.2406560410396137,27.48223614964901,2.206013164917278,-2.834917891097667,41.0,-2.9779887785929984,0.0949503668536896,1.8385843763487355,0.010000000000000009,Q1 (lowest)
ARKK,2024-12-09,PRE-BREAKOUT,61.04,61.31,0.4423328964613419,True,66.28590332055751,86.97421229474996,1.2496069398919225,37.48092177435875,0.8426073131955503,0.0,11.0,-0.737221494102221,-0.1965923984272566,3.112712975098294,1.21,Q3
ARKK,2024-12-17,PRE-BREAKOUT,62.64,62.98,0.5427841634738128,True,66.57570607373967,82.3790333737763,1.2095836961735962,43.77498707518915,-0.2383222116301216,0.0,30.0,-6.51340996168582,-5.172413793103452,-2.6819923371647505,0.010000000000000009,Q1 (lowest)
ARKK,2025-01-30,PRE-BREAKOUT,62.89,63.51,0.9858483065670176,True,60.70870801855741,86.02188455860414,1.2604920336608507,14.01041708845638,1.228580666020042,-1.778342330898694,31.0,-0.0318015582763605,0.3657179201780837,-0.2703132453490248,1.21,Q3
ARKK,2025-05-12,PRE-BREAKOUT,53.34,54.48,2.1372328458942507,True,60.87775693648265,89.3462860972167,1.3565272729107305,16.142183019344397,5.725413826679645,-23.381080274544903,19.0,7.630296212973366,6.35545556805398,7.611548556430437,0.6100000000000001,Q2
ARKK,2025-05-12,BREAKOUT,54.13,54.48,0.646591538887852,True,62.546318859124455,95.3260829463481,1.824419685974781,16.142183019344397,5.725413826679645,-23.381080274544903,30.0,6.059486421577672,4.8032514317383965,6.041012377609452,1.85,Q5 (highest)
ARKK,2025-05-19,PRE-BREAKOUT,57.02,57.4,0.6664328305857513,True,63.760754057808136,85.11922301791297,1.3469856383895928,21.75635723439214,-3.1180400890868603,-12.906595046254848,29.0,0.7716590669940331,-1.1224131883549642,1.8063837250087584,0.81,Q2
ARKK,2025-06-06,PRE-BREAKOUT,59.0,61.13,3.610169491525428,True,62.51424033774487,85.01334123538753,1.5374085520014065,20.240773615046887,3.2469836763662143,-15.905699791107129,3.0,5.779661016949147,7.677966101694918,5.406779661016945,0.6100000000000001,Q2
ARKK,2025-06-20,PRE-BREAKOUT,66.68,67.73,1.5746850629873983,True,71.2560666251219,94.02121669232504,1.3920462259404354,23.972982491687763,2.246517897259249,-0.3730229782154581,0.0,3.2543491301739462,4.229154169166156,4.739052189562082,1.5100000000000002,Q4
ARKK,2025-06-23,PRE-BREAKOUT,67.725,68.85,1.6611295681063123,True,73.07146390870686,93.29561536155066,2.128872937870601,25.04713543907808,-0.5462867267089982,0.0,58.0,3.802141011443341,4.880029531192332,3.78737541528241,1.5100000000000002,Q4
ARKK,2025-06-23,BREAKOUT,68.12,68.85,1.0716382853787283,True,73.68951910087439,95.28541816948074,2.1083855116162145,25.04713543907808,-0.5462867267089982,0.0,73.0,3.200234879624181,4.271873165002931,3.1855549031121573,2.7499999999999996,Q5 (highest)
ARKK,2025-07-01,PRE-BREAKOUT,68.81,68.94,0.1889260281935699,True,65.30349962647287,71.84538097768103,1.3788468208974278,32.26898402104441,-1.266182956323802,-1.041813318316197,,2.572300537712536,2.368841738119453,5.1736666182240985,1.21,Q3
ARKK,2025-07-16,PRE-BREAKOUT,73.82,75.25,1.937144405310224,True,68.14773849893389,85.61607615239814,1.395647230159521,31.217685349259103,0.9643201542912284,-1.4392396469789577,38.0,3.278244378217288,4.050392847466823,4.768355459225156,1.21,Q3
ARKK,2025-07-22,PRE-BREAKOUT,75.83,76.39,0.7384939997362552,True,66.88771591279402,82.68973250865697,1.3841221568710402,36.714112816355055,0.026038276266106,-1.0562926703593885,5.0,1.991296320717401,1.2659897138335856,-1.4374258209152095,0.010000000000000009,Q1 (lowest)
ARKK,2025-07-31,PRE-BREAKOUT,76.235,75.33,-1.1871187774644207,False,61.92523016133399,67.71558712404422,1.3740394287212074,32.49891633998056,1.4144084600132096,-2.5505603503799947,,-6.657047287991085,-4.728799108021256,-2.4726175641109798,1.21,Q3
ARKK,2025-08-12,PRE-BREAKOUT,76.67,76.78,0.1434720229555229,True,60.43911220025716,70.44399566184903,1.396802130843371,22.188261584492952,1.68815632061677,-3.091588303490908,,1.6173209860440785,0.4434589800443503,-3.4433285509325686,1.21,Q3
ARKK,2025-08-13,PRE-BREAKOUT,77.84,77.91,0.089928057553948,True,63.20941477067528,84.6902356942877,1.4126601772070764,21.83735426983596,0.9377442042198474,-1.0949375241530264,38.0,-1.014902363823235,-0.9378211716341264,-5.2158273381295,0.010000000000000009,Q1 (lowest)
ARKK,2025-08-14,PRE-BREAKOUT,77.305,77.05,-0.329862234008162,False,60.97997222241721,75.25336279252046,1.40951451447077,22.2818134889262,-1.2450263124117558,0.0,18.0,-0.3816053295388418,-4.236465946575261,-4.909126188474227,0.010000000000000009,Q1 (lowest)
ARKK,2025-10-10,PRE-BREAKOUT,88.76,86.52,-2.523659305993701,False,60.05696321949285,69.49423861120107,1.6376739238398197,30.65065467874415,0.6218634082478807,-0.940235599265108,,-1.1153672825597216,0.6083821541234701,-2.839116719242914,1.21,Q3
ARKK,2026-08-19,PRE-BREAKOUT,82.625,83.31,0.8290468986384294,True,60.13442554399691,85.18967503072646,1.9412147052347315,17.858070428715994,2.122552116234987,-14.46017507835296,13.0,0.7806354009077108,1.567322239031772,,0.81,Q2
ARKK,2026-08-20,PRE-BREAKOUT,83.24,83.27,0.0360403652090354,True,61.10261374735107,84.12372655308883,1.2307353666164296,18.32769953612512,0.0120033609410525,-9.964335891062357,29.0,3.5679961556943764,,,-0.39,Q1 (lowest)
ARKK,2026-08-21,PRE-BREAKOUT,85.35,86.21,1.0076157000585817,True,64.80127738195483,91.03546029340976,1.25549767859158,18.981369081833098,1.1648853128377554,-10.00756511401708,21.0,-1.675454012888099,,,0.81,Q2
ARKK,2026-08-21,BREAKOUT,86.38,86.21,-0.1968048159296153,False,66.35296069435483,95.59773654840151,1.9803603626986472,18.981369081833098,1.1648853128377554,-10.00756511401708,44.0,-2.84788145404028,,,2.05,Q5 (highest)
AVGO,2024-06-20,PRE-BREAKOUT,1765.15,1734.56,-1.7329971957057555,False,75.51288342022644,91.89250518112657,1.7421568841384922,37.3192185142953,0.0521492133235722,-1.4407803725797848,42.0,-6.034614621986798,-10.444438149732324,-10.111888508058806,1.5100000000000002,Q4
AVGO,2024-06-21,PRE-BREAKOUT,1703.425,1658.63,-2.6297019240647432,False,67.69860405194926,79.95697363722178,1.7613455396209892,38.61582022463427,-2.2426436675583354,-5.156736126679313,33.0,-6.52890500022014,-6.541233103893624,-5.7469509957878975,-0.39,Q1 (lowest)
AVGO,2025-06-06,PRE-BREAKOUT,253.49,246.93,-2.5878732888871365,False,71.86669995654144,81.04561382013952,2.0140435327952515,40.18648516084456,-3.3816796829915825,-85.78739877629356,28.0,-3.633279419306485,-0.2288058700540504,-1.8896208923429008,-0.29,Q1 (lowest)
AVGO,2025-10-13,PRE-BREAKOUT,354.33,356.7,0.6688680044026768,True,60.28875514590849,94.38172396929755,1.822313210149206,16.80277919600193,8.6683300988818,-12.16007792840328,13.0,-2.878672424011512,-0.0508001016002051,-1.4365139841390724,0.81,Q2
AVGO,2025-10-13,BREAKOUT,354.705,356.7,0.5624392100477875,True,60.43420307679087,95.27546995642224,2.652691215867232,16.80277919600193,8.6683300988818,-12.16007792840328,39.0,-2.98135069987736,-0.1564680509155514,-1.540716933790044,2.05,Q5 (highest)
AVGO,2025-11-24,PRE-BREAKOUT,374.3,377.96,0.9778252738445012,True,60.0057799385673,83.83928401653739,1.5957302732900684,14.76672608018722,2.213403880070556,-11.860718171926012,46.0,2.866684477691681,7.656959658028311,1.942292278920647,-0.39,Q1 (lowest)
AVGO,2025-11-25,PRE-BREAKOUT,376.475,385.03,2.272395245368205,True,60.39445351644204,85.92537345814802,1.5343894716659867,15.22294800656654,1.844110487882323,-2.077827866728856,23.0,5.603293711401811,2.551298226973892,1.098346503751907,1.21,Q3
AVGO,2026-05-29,PRE-BREAKOUT,435.5,446.77,2.587830080367389,True,62.11337988775251,94.6841830702642,1.4981131565349204,22.28998880448872,1.4932720708894005,-3.0037063143773244,25.0,5.618828932261774,10.041331802525836,-11.428243398392649,1.21,Q3
BA,2024-07-01,PRE-BREAKOUT,188.38,186.7,-0.8918144176664226,False,60.15389593111463,76.27217406245344,2.1844723000857136,15.960272201690875,0.1043898686885323,-31.127256215234414,0.0,-1.57129206922179,-1.8844887992355783,-2.7285274445270127,-0.5900000000000001,Q1 (lowest)
BA,2024-07-08,PRE-BREAKOUT,190.51,185.84,-2.4513148916067333,False,62.22754660290785,92.86197780932292,1.5722665269944187,15.804741885059553,1.141589568792937,-30.060165739584505,28.0,-3.8160726471051296,-3.4643850716497795,-5.98393785103143,0.6100000000000001,Q2
BA,2024-12-30,PRE-BREAKOUT,174.07,176.55,1.424714195438627,True,61.73379719813542,65.17098662262907,1.7990748310911049,38.04548235259071,-3.873395307658256,-30.668303537174875,,1.683230884127079,-2.395587981846377,-0.8961911874533247,0.6100000000000001,Q2
BA,2025-01-24,PRE-BREAKOUT,177.0,176.06,-0.5310734463276823,False,60.95321262437936,69.95354726139564,1.4805603216507843,19.458067787512007,-1.400560224089636,-16.639424648577965,,-1.039548022598872,-1.8870056497175165,-0.2711864406779603,0.6100000000000001,Q2
BA,2025-01-28,PRE-BREAKOUT,180.26,177.78,-1.375790524797509,False,64.0090749520403,93.17516836453616,2.8619801316585907,19.92646301420928,3.511075588033801,-17.346168365420912,0.0,-3.66137800954177,-2.074780872073661,-2.235659602795962,0.6100000000000001,Q2
BA,2025-03-24,PRE-BREAKOUT,182.47,180.9,-0.8604154107524487,False,64.07963092215302,94.82888676138568,1.557839944697008,26.94409755454121,2.200887092246357,-7.710244054096065,40.0,0.0657642352167504,-1.8413985860689344,-6.532580698196957,0.81,Q2
BA,2025-05-13,PRE-BREAKOUT,203.52,203.42,-0.0491352201257973,False,76.99986893684715,94.6404136095239,1.5782563149780722,25.54406298272649,0.8890344028610216,0.0,28.0,0.5896226415094283,1.1301100628930734,2.0391116352201144,1.5100000000000002,Q4
BA,2025-05-14,PRE-BREAKOUT,206.15,204.72,-0.6936696580160111,False,78.28442757459544,94.65594525981416,2.6561866063209725,27.342058956891357,1.1699931176875549,0.0,30.0,0.043657530924086,-0.4365753092408468,-1.4261460101867562,1.5100000000000002,Q4
BA,2025-05-14,BREAKOUT,206.48,204.72,-0.8523827973653579,False,78.43514051358038,95.13212574620582,2.9142613099673627,27.342058956891357,1.1699931176875549,0.0,39.0,-0.11623401782254,-0.5956993413405607,-1.5836884928322268,2.7499999999999996,Q5 (highest)
BA,2025-05-29,PRE-BREAKOUT,210.305,208.18,-1.010437222129764,False,73.13869853945249,85.02552400184484,1.641705880444452,33.250748449704226,0.1364764267990102,-2.9710598545769678,2.0,-1.4193671096740512,1.4859370913672998,-0.6110173319702321,1.5100000000000002,Q4
BA,2025-07-29,PRE-BREAKOUT,231.6586,226.08,-2.4081126278066063,False,62.72661945450266,67.91507706519036,1.6111412238842422,42.2542795460128,1.3070513091662803,0.0,,-2.511713357501083,-4.212492003318677,-2.934749670420176,1.21,Q3
BA,2025-12-02,BREAKOUT,203.34,205.38,1.0032457952198248,True,58.567415344285976,96.56557863000782,2.59046305197888,34.7788920414775,6.349887375308379,-21.450838318308197,20.0,-0.3934297236156247,-0.7130913740533181,-1.4606078489229857,1.15,Q3
BA,2026-01-02,PRE-BREAKOUT,222.76,227.77,2.249057281379072,True,70.94587319803193,93.41915594254009,1.5843205015002642,36.08855304918836,0.4743920412675024,-8.53483865532058,37.0,2.4106661878254645,2.406177051535291,5.28371341353924,1.11,Q3
BA,2026-01-07,PRE-BREAKOUT,231.585,228.12,-1.4962108944879864,False,77.12554143514383,94.25152012230994,1.4803802972934237,40.20244773763649,1.005046989209886,-3.176341730558595,48.0,-1.8157479974955253,3.551611719239154,4.760671027916319,1.5100000000000002,Q4
BA,2026-01-09,PRE-BREAKOUT,233.36,234.53,0.5013712718546398,True,75.40015840222486,93.25701789065349,1.4839655407257877,42.29800384223985,0.422200721259569,-4.212654815064454,38.0,2.763969832019193,3.9638327048337327,6.136441549537192,1.5100000000000002,Q4
BA,2026-01-27,PRE-BREAKOUT,247.33,244.56,-1.1199611854607243,False,71.50658952667168,70.71710403289516,2.50027170197556,55.836415552070015,-2.3869902990782137,-1.4753123140987503,,-2.320785994420413,-5.502769579104845,-5.733230906076904,1.5100000000000002,Q4
BA,2026-04-17,PRE-BREAKOUT,229.575,223.38,-2.698464554067296,False,62.69929607398476,92.43351503987466,1.4104373276562785,23.870133065740426,1.9142909356725133,-13.194527067221896,17.0,-1.9579658063813463,0.7426766851791409,1.2479581836001346,0.81,Q2
BA,2026-04-22,PRE-BREAKOUT,227.7,231.28,1.5722441809398386,True,60.04777322178963,82.05658478381324,2.898983254127213,21.400268632456257,3.600109509034502,-13.083482054332745,25.0,2.832674571805014,1.5942028985507353,-1.5766359244620003,-0.39,Q1 (lowest)
BA,2026-05-07,PRE-BREAKOUT,235.39,231.03,-1.8522452100768876,False,60.94594203637375,94.39756419514468,1.5964722065817412,15.718232348244014,0.6610707606662819,-8.812214951417806,21.0,0.836908959598975,0.6287437869068433,-2.625430137219074,0.81,Q2
BAC,2024-07-18,PRE-BREAKOUT,43.605,43.01,-1.3645224171539936,False,71.41249878834311,93.50404745546604,1.2620165284786944,19.47779110157141,-0.8185538881309674,-0.3399048266485513,39.0,-1.6167870657034706,-2.7405114092420604,-4.414631349615863,1.5100000000000002,Q4
BAC,2024-07-19,PRE-BREAKOUT,43.235,42.9,-0.7748352029605663,False,66.55506215355021,84.77786619534294,1.2247269976523143,20.4226027472195,-0.3487561032318032,-2.5379560389757634,37.0,-2.162599745576506,-2.4170232450560927,-3.619752515323228,0.010000000000000009,Q1 (lowest)
BAC,2024-07-22,PRE-BREAKOUT,42.725,42.3,-0.994733762434182,False,62.56940382800717,74.46162678822031,1.199277109313741,20.930740643234103,-0.6060606060606014,-2.787219578518024,,-0.737273259215927,-2.4458747805734387,-3.8267992978349863,1.21,Q3
BAC,2024-09-03,PRE-BREAKOUT,40.745,40.7,-0.1104429991409856,False,60.01693976050066,91.05882481915046,1.346351027898484,15.14841709899755,-0.4171779141104336,-7.659188760480403,40.0,-0.6013007731009877,-4.87176340655295,-3.595533194256955,0.81,Q2
BAC,2024-10-30,PRE-BREAKOUT,42.515,42.31,-0.482182759026222,False,61.255041723705055,70.22777128652304,1.2645395314297314,29.048212408577275,-1.9280507876792856,-3.625651484251079,,-1.6347171586498888,-2.787251558273556,6.809361401858157,1.21,Q3
BAC,2024-11-21,PRE-BREAKOUT,46.9203,46.46,-0.9810252705119036,False,70.55785023685216,81.13464711402055,1.26897047202201,39.02447401910275,0.7164567954841473,-1.4759358288770004,41.0,0.1698625115355241,1.768317764379176,1.2568120834692034,0.31000000000000005,Q2
BAC,2025-01-07,PRE-BREAKOUT,46.375,46.08,-0.636118598382753,False,61.82429749866474,91.86975559365511,1.2754735535309394,27.02666515017408,1.938325991189433,-4.961272765333901,30.0,-0.3557951482479766,-2.835579514824793,1.5633423180593025,1.21,Q3
BAC,2025-01-08,PRE-BREAKOUT,46.185,46.21,0.0541301288297035,True,60.6918070985901,86.85957902010229,1.3292777275244774,26.50984946166353,-0.3906249999999994,-3.537785220849916,46.0,-2.3275955396773904,-0.8769080870412496,0.9851683447006568,1.21,Q3
BAC,2025-01-16,PRE-BREAKOUT,46.72,46.64,-0.1712328767123251,False,60.42664068389606,94.61878358362571,1.3974798765670584,22.19941953130664,-0.2123142250530816,-1.4025539041239306,0.0,-0.4066780821917759,-1.9905821917808213,-0.4280821917808128,1.21,Q3
BAC,2025-01-17,PRE-BREAKOUT,46.685,46.53,-0.3320124236906953,False,60.01940727377291,89.34987300915733,1.2857518793561538,21.47825426181736,-0.0643224699828497,-2.3655013606866286,35.0,-0.0535503909178658,-0.6318946128306773,0.8675163328692324,1.21,Q3
BAC,2025-05-16,PRE-BREAKOUT,44.4522,44.69,0.5349566500645638,True,71.0887745975173,89.36154238750753,1.4033744622412982,23.583060931534813,-0.0901306894997727,-7.09650408205987,42.0,0.7149252455446646,-2.704478068577028,-2.8169584407520776,1.11,Q3
BAC,2025-06-11,PRE-BREAKOUT,44.935,44.73,-0.456214532101937,False,64.31754646125259,76.56842793762198,1.3601998433135771,20.039804668023944,0.2439565313816798,-5.610215616495708,41.0,-0.7010125737176027,-1.1683542895293326,0.2781795927450762,-0.39,Q1 (lowest)
BAC,2025-07-08,PRE-BREAKOUT,47.56,47.15,-0.8620689655172492,False,62.35544066608966,69.57076739218961,1.3604352156048551,33.63407356580647,-2.383888203863536,-0.5518087063151504,,-1.5138772077375922,-1.745164003364183,-2.9646761984861305,1.21,Q3
BAC,2025-09-02,PRE-BREAKOUT,50.2404,50.42,0.3574812302449834,True,66.37504911939476,80.18039811650029,1.329976837078548,21.847736097424576,-1.0248324793062733,0.0,34.0,-0.3590735742549796,-0.9362982778799492,0.0987253286199912,0.010000000000000009,Q1 (lowest)
BAC,2025-10-15,PRE-BREAKOUT,52.015,52.28,0.5094684225704135,True,61.3165111675482,73.09825300688665,1.3384833975832626,22.142530350686123,2.9546815731682905,-4.444868370850817,,-3.0279727001826453,0.048063058733055,-1.759107949629913,1.21,Q3
BAC,2026-02-04,PRE-BREAKOUT,55.57,55.38,-0.3419111031131864,False,61.83489697075279,84.71954410591044,1.3405918758762791,23.750795059206524,0.606060606060603,-4.89082969432314,33.0,-1.1337052366384786,1.5116069821846254,-3.095195249235197,0.010000000000000009,Q1 (lowest)
BAC,2026-04-15,PRE-BREAKOUT,53.89,54.32,0.79792169233624,True,71.77094136194764,94.3511851705571,1.4695825170290937,24.37163144721657,1.686972820993437,-6.812227074235805,0.0,-0.7051401002041243,0.1113379105585494,-1.428836518834669,1.11,Q3
BAC,2026-06-18,PRE-BREAKOUT,56.565,56.2,-0.6452753469459823,False,71.02299141993397,86.90612045459675,1.1397601804183146,28.385274687195608,1.2382805589952162,-1.257641921397378,35.0,1.4231415186069118,2.059577477238573,2.324759126668443,1.5100000000000002,Q4
BAC,2026-07-14,PRE-BREAKOUT,60.455,60.62,0.2729302787197075,True,69.01346664672494,94.64485764951915,1.455672438214433,39.61241269594021,-0.8403361344537815,-0.6677796327211997,56.0,1.8774294930113395,1.3481101645852367,1.2654040195186511,1.21,Q3
BKNG,2025-02-21,PRE-BREAKOUT,5153.69,4990.64,-3.163752573398852,False,63.5535713972005,92.90430760067144,2.806272804082496,25.409091671166312,3.890614818372229,-5.322488746004985,41.0,-2.029807768802541,-2.3117416841137017,-2.671483927050315,0.81,Q2
BLK,2024-11-06,PRE-BREAKOUT,1013.145,1029.82,1.6458651032181926,True,67.57673710923099,84.76227145792053,1.2960678671393688,24.65750920849492,3.1458569527283453,-0.137829190253505,5.0,2.261769045891749,4.016700472291719,1.760360066920336,0.010000000000000009,Q1 (lowest)
BLK,2024-11-06,BREAKOUT,1020.695,1029.82,0.8939986969662715,True,70.08887387053858,95.05050717073522,2.81375160585618,24.65750920849492,3.1458569527283453,-0.137829190253505,19.0,1.5053468470012976,3.2472971847613503,1.0076467504984317,2.7499999999999996,Q5 (highest)
BLK,2024-11-14,PRE-BREAKOUT,1054.55,1047.08,-0.7083590156939005,False,70.2493180183015,94.92177452173848,1.3142457203395923,32.70720318653805,0.9437622456303728,-2.1692097472101937,25.0,-0.6808591342278758,-2.507230572282021,-2.517661561803609,1.5100000000000002,Q4
BLK,2024-11-14,BREAKOUT,1054.91,1047.08,-0.74224341413013,False,70.32501803554915,95.19424732677844,1.7658672214685311,32.70720318653805,0.9437622456303728,-2.1692097472101937,37.0,-0.7147529173104995,-2.5405010854006678,-2.550928515228795,2.05,Q5 (highest)
BLK,2025-07-16,PRE-BREAKOUT,1080.27,1082.24,0.1823618169531716,True,60.00915976931345,68.50075153392527,1.6873304696317986,32.69994121645615,0.8058040835053755,-5.875155201266797,,2.324418895276193,1.1802604904329477,3.712034954224398,0.81,Q2
BLK,2025-07-17,PRE-BREAKOUT,1095.935,1105.38,0.8618211846505646,True,63.00063365960559,75.2068209349463,1.3726003164640823,31.03273084467826,0.2550266114725006,-2.6289745020063724,0.0,0.6984903301746886,0.4065022104413268,2.047110458193228,0.010000000000000009,Q1 (lowest)
BLK,2025-10-15,PRE-BREAKOUT,1189.065,1202.59,1.1374483312518544,True,60.379742031180406,93.12115484831254,1.5385386259146647,15.863515862260591,0.4806323581129744,0.0,0.0,-1.4889850428698308,-2.444357541429615,-4.994260196036381,1.21,Q3
C,2024-07-11,PRE-BREAKOUT,66.18,65.71,-0.7101843457238033,False,66.08783510621242,88.13492107305086,1.3028805791956424,22.577438133503275,-1.1869214690952548,0.0,25.0,-2.508310667875507,1.647023269870035,-1.9492293744333729,1.21,Q3
C,2024-07-12,PRE-BREAKOUT,65.2,64.52,-1.042944785276084,False,60.00941986718672,75.76108774906353,2.0112821054289336,22.929482419730885,1.3696545426875757,-1.8960883845924308,0.0,-0.092024539877304,3.6963190184049024,-0.092024539877304,0.010000000000000009,Q1 (lowest)
C,2024-07-16,PRE-BREAKOUT,66.67,67.27,0.899955002249879,True,64.24852520409966,86.63853018343049,1.2864406336584404,20.446499747546568,-0.2149217070924172,-2.747088683189016,10.0,1.4099295035248205,-2.294885255737215,-3.014849257537131,1.21,Q3
C,2024-09-19,PRE-BREAKOUT,62.38,63.02,1.0259698621353006,True,60.02254237830098,81.37657353997271,1.5110630105181089,18.78780606717267,1.7028380634390703,-11.403638515012574,6.0,-0.3847386983007406,-1.6191086886822783,-1.0740621994228947,-0.39,Q1 (lowest)
C,2024-10-15,PRE-BREAKOUT,64.8101,62.64,-3.3483978577413165,False,60.4458564124466,84.62800204179437,1.3417613416397052,18.821019003954746,1.1210422663232764,-2.3665138293151817,11.0,-0.8642171513390745,-3.0243742873410224,-1.9288660255114605,0.010000000000000009,Q1 (lowest)
C,2024-12-10,PRE-BREAKOUT,72.515,72.5,-0.020685375439565,False,68.82578873989485,90.67064052883852,1.3450029497005622,26.34614088277325,0.1948232674645151,-0.5122525266509823,37.0,-0.7653588912638859,-2.075432669102938,-1.923739915879468,1.21,Q3
C,2024-12-11,PRE-BREAKOUT,71.54,71.96,0.5870841487279668,True,61.689862678260845,71.30583678838005,1.341870774229948,27.50678500490059,0.6896551724137931,0.0,,-0.1537601341906617,-0.0698909700866806,-4.780542353927874,1.21,Q3
C,2025-01-06,PRE-BREAKOUT,72.54,72.74,0.2757099531292922,True,62.00013312682536,85.34484694782873,1.3395074366611597,16.52267375152758,1.7323943661971888,-2.0689655172413794,31.0,1.571546732837056,-1.571546732837056,1.3234077750206696,1.21,Q3
C,2025-01-14,PRE-BREAKOUT,73.58,73.5,-0.1087251970644173,False,61.21041669324558,90.70210502327852,1.3500339945497248,18.023274010106864,0.7489350006870987,-1.2350705754614697,32.0,6.3740146779016005,8.711606414786623,11.022016852405544,1.21,Q3
C,2025-07-15,PRE-BREAKOUT,88.725,90.72,2.248520710059177,True,72.79729343271569,81.56201512308618,1.4067004891342052,39.76186206280007,1.308571428571424,-1.3751127141568968,17.0,1.4595660749506922,5.325443786982258,5.945336714567491,0.31000000000000005,Q2
C,2025-07-15,BREAKOUT,91.28,90.72,-0.6134969325153399,False,77.12461386955886,95.37745214132973,2.1354222670951133,39.76186206280007,1.308571428571424,-1.3751127141568968,96.0,-1.3803680981595148,2.3773006134969346,2.9798422436459235,2.05,Q5 (highest)
C,2025-07-16,PRE-BREAKOUT,89.68,90.02,0.3791257805530655,True,71.1570263902569,82.7765089853011,1.457903298212263,41.3739104513495,0.8377425044091767,0.0,28.0,3.8024085637823326,3.3117752007136474,7.036128456735044,0.31000000000000005,Q2
C,2025-07-17,PRE-BREAKOUT,91.975,93.09,1.2122859472682894,True,76.09430011832998,93.51972934563015,1.410035743775968,42.87081252643111,0.1221950677627187,-0.7716049382716081,36.0,1.6036966567001998,2.201685240554505,3.712965479749939,1.5100000000000002,Q4
C,2025-11-12,PRE-BREAKOUT,103.34,102.87,-0.4548093671376029,False,61.01233976406571,93.8492194169086,1.2543482889091735,7.6691059723322175,0.4466057959507628,-2.6379360324668952,32.0,-2.5837042771434118,-4.983549448422687,-3.3965550609638138,1.21,Q3
C,2025-12-19,PRE-BREAKOUT,114.87,114.86,-0.0087054931661923,False,76.19699078886002,88.16572058710308,1.2367821649358706,29.609449891330453,0.3234955242400025,0.0,29.0,2.803168799512491,5.82397492817968,2.8379907721772355,1.5100000000000002,Q4
C,2026-05-07,PRE-BREAKOUT,130.24,129.09,-0.8829852579852624,False,62.11464695283183,66.37469640327068,1.2067516248435302,20.08125394585707,0.0156739811912305,-4.096204434423162,,-3.6010442260442352,-2.917690417690426,-4.161547911547923,1.21,Q3
C,2026-06-10,PRE-BREAKOUT,133.445,133.38,-0.0487092060399398,False,60.91551771227288,83.59423473451642,1.243893612352848,22.97665934079099,-0.400801603206407,-0.3107658157602781,30.0,3.465847352841995,5.81887669077149,7.744763760350713,0.010000000000000009,Q1 (lowest)
C,2026-06-18,PRE-BREAKOUT,145.0,143.06,-1.337931034482757,False,74.99743142113967,94.77067363973622,1.4853901662214866,35.88359565219323,1.8848240367227764,0.0,0.0,0.4620689655172327,-0.972413793103446,-2.234482758620696,1.5100000000000002,Q4
CMCSA,2025-12-19,PRE-BREAKOUT,29.555,29.57,0.0507528336998835,True,61.61413571570871,88.25859459505327,1.425073582321626,32.86734752814757,-0.4459861248761083,-21.98453608247422,18.0,-0.9981390627643314,0.7612925054982285,1.0658095076975174,0.6100000000000001,Q2
CMCSA,2026-01-29,BREAKOUT,30.055,29.24,-2.7116952254200672,False,60.29634017225978,99.20018933250957,1.8863336026667223,15.511624342798768,-2.7631115804294266,-24.42138866719873,19.0,-1.014806188654133,-0.981533854599894,2.645150557311601,1.85,Q5 (highest)
CMCSA,2026-06-29,BREAKOUT,25.142,24.22,-3.667170471720629,False,59.5318059290692,96.05685385780234,3.9512358598948167,33.667927139707835,16.72421234354769,-36.22350674373795,19.0,-2.3546257258770136,-5.377456049638058,-6.888871211518572,1.15,Q3
COIN,2024-07-15,BREAKOUT,244.48,242.85,-0.6667212041884798,False,59.17273197140382,95.84909797293594,2.633996166071382,14.51915111684145,5.210531143931743,-22.05498552071788,22.0,2.867310209424092,-4.597513089005227,8.454679319371722,1.85,Q5 (highest)
COIN,2024-10-21,PRE-BREAKOUT,213.735,213.72,-0.0070180363534352,False,65.3454342841325,93.74156642055742,1.4236128376123078,27.041159110097627,-2.1842786431133927,-21.2720317471667,21.0,-1.4106253070390973,-2.1405010877956423,1.1065103983905211,0.6100000000000001,Q2
COIN,2024-10-29,PRE-BREAKOUT,219.49,219.66,0.0774522757300959,True,63.51377547690811,82.5659914795076,1.353946223709662,29.757405068350938,2.223507635354006,-22.74141074684494,29.0,-3.530912570048749,-16.679575379288355,-11.631509408173493,-0.5900000000000001,Q1 (lowest)
COIN,2024-11-06,PRE-BREAKOUT,223.39,254.31,13.84126415685573,True,61.09116775637475,85.22433727465796,1.4973993886119044,25.046919332513312,14.187976902454116,-30.656751635622605,7.0,14.409776623841724,45.14526165002911,27.45422803169347,0.6100000000000001,Q2
COIN,2024-11-06,BREAKOUT,231.45,254.31,9.876863253402467,True,63.26191401611716,95.38840508865046,2.638034993923792,25.046919332513312,14.187976902454116,-30.656751635622605,23.0,10.4255778785915,40.0907323395982,23.015770144739705,1.85,Q5 (highest)
COIN,2024-11-13,PRE-BREAKOUT,305.85,284.72,-6.908615334314204,False,71.63959473175113,94.30383728395458,1.886621295148488,33.248181169523164,1.842509322219784,-1.5759930915371372,0.0,-8.831126369135212,6.395291809710643,4.629720451201559,1.5100000000000002,Q4
COIN,2024-11-14,PRE-BREAKOUT,276.09,278.84,0.9960520120250644,True,61.873635491529306,76.1330691233576,1.4490710156852324,33.95376850367203,2.138943523461638,-12.188502343942751,30.0,10.77909377376944,17.559491470172777,6.932522003694464,-0.39,Q1 (lowest)
COIN,2024-11-18,PRE-BREAKOUT,314.59,325.41,3.439397310785483,True,68.70804436491623,88.07106251847563,1.4094121498686325,34.66572226784554,-1.3127350008174083,-5.671724648408582,30.0,3.172383101815067,-6.154041768651247,-0.7533615181664859,0.81,Q2
COIN,2024-11-20,PRE-BREAKOUT,320.82,320.01,-0.2524780250607825,False,68.60904714919974,81.8772919625418,1.4307200202798862,36.54723429941607,2.366207597744711,-0.2581358901078737,22.0,-7.976435384327653,-2.680630883361376,-3.067140452590229,0.010000000000000009,Q1 (lowest)
COIN,2024-11-21,PRE-BREAKOUT,295.18,295.23,0.016938816993025,True,60.1176963808999,67.84679141814692,1.581057700169253,37.68058021510977,3.106152932720852,-1.6594450078362786,,3.2048241750796054,-0.640287282336197,0.3455518666576264,1.21,Q3
COIN,2024-12-05,PRE-BREAKOUT,332.88,320.57,-3.6980293198750314,False,64.46286190606747,84.63493099628212,1.4025246070324642,40.51367635379913,3.752946153381283,0.0,35.0,3.2263878875270398,-9.150444604662336,-5.984138428262441,0.010000000000000009,Q1 (lowest)
COIN,2025-01-21,BREAKOUT,294.85,294.19,-0.2238426318467101,False,56.75872919920586,96.39937669471855,2.022001695948395,17.19548243931497,1.0288344388790995,-14.009661835748789,34.0,0.3391555027980328,1.068339833813796,-4.419196201458378,2.05,Q5 (highest)
COIN,2025-01-23,BREAKOUT,300.84,296.01,-1.605504587155958,False,58.69163357917324,95.36939459873189,2.1196353464225486,16.047160766966424,-2.066925806996792,-13.901984750596585,46.0,-0.9440234011434568,-6.322297566812917,0.1529051987767705,2.05,Q5 (highest)
COIN,2025-05-12,PRE-BREAKOUT,212.45,207.22,-2.4617557072252247,False,60.310651309460994,83.73039588156917,1.977519522707559,15.938019305641175,4.826409793297213,-41.994063209359176,1.0,20.92257001647446,15.05766062602966,24.25982584137445,-0.5900000000000001,Q1 (lowest)
COIN,2025-05-15,PRE-BREAKOUT,247.755,244.44,-1.3380153780952948,False,66.76624333359334,94.91886397689224,1.5385673047581936,20.142074430446872,-2.6232868911582794,-23.342645946103247,1.0,7.5497971786644,5.499384472563621,9.765695949627654,0.6100000000000001,Q2
COIN,2025-05-15,BREAKOUT,248.14,244.44,-1.4910937374062985,False,66.96684344249351,95.25387604004256,2.744788273539023,20.142074430446872,-2.6232868911582794,-23.342645946103247,23.0,7.382928991698233,5.335697590070126,9.595389699363263,1.85,Q5 (highest)
COIN,2025-06-18,PRE-BREAKOUT,269.685,295.29,9.494410145169372,True,60.90136053679242,93.32959071818584,1.5429773864293037,16.034293825303532,0.0590900137876721,-26.12478901111693,2.0,14.348221072733,27.86028143945714,39.077071398112615,0.6100000000000001,Q2
COIN,2025-06-27,PRE-BREAKOUT,351.4,353.43,0.5776892430278969,True,70.59888392270214,91.33692527135776,1.7460465314964393,29.167413880367317,-1.474391446929899,0.0,19.0,-0.2589641434262857,0.8679567444507716,1.622083096186695,1.5100000000000002,Q4
COIN,2025-07-18,PRE-BREAKOUT,416.795,419.78,0.7161794167396338,True,76.62695319274134,93.87824178583696,1.8594766372281908,41.85756547131482,2.2081558125380383,0.0,0.0,-0.759366115236512,-4.554997060905245,-6.030542592881391,1.5100000000000002,Q4
COIN,2025-10-10,PRE-BREAKOUT,377.44,357.01,-5.412780839338705,False,63.19662902280038,78.50193756860604,1.724776559420961,22.46771178678428,0.1705426356589212,-7.808852255943584,31.0,-5.418079694785924,-10.89974565493853,-10.973929631199663,-0.39,Q1 (lowest)
COIN,2026-04-22,PRE-BREAKOUT,208.05,206.24,-0.8699831771208856,False,60.77008865354194,93.26656858532688,1.566160344428418,18.93989904900452,4.200051033426904,-53.32078707894612,40.0,-4.864215332852682,-5.46503244412401,-12.650805094929114,0.6100000000000001,Q2
COP,2025-06-16,PRE-BREAKOUT,94.915,95.0,0.0895538113048451,True,61.77559706032388,93.05326041904031,1.3577437129770915,19.747573859649435,-0.8663366336633553,-16.851041934653978,32.0,0.6163409366275022,-0.2370542063952046,-5.820997734815367,0.6100000000000001,Q2
COP,2026-01-05,PRE-BREAKOUT,97.175,99.2,2.0838693079495814,True,62.35464468959543,94.49471090759472,1.6569505928361783,26.64779510248717,4.653567735263702,-8.859566446748342,0.0,-0.066889632107021,1.5899151016207889,-1.7236943658348312,0.81,Q2
COST,2024-06-21,PRE-BREAKOUT,862.195,848.31,-1.610424555929935,False,73.95034010790553,78.96683115316995,1.3369057188727165,46.5801742263642,0.4869903993321195,-0.9543496985357388,2.0,-1.6278220124217937,-0.6210891967594359,-1.4155730432210858,0.31000000000000005,Q2
COST,2024-07-11,PRE-BREAKOUT,876.745,846.59,-3.4394265151212697,False,64.31087638013778,76.36941102568801,1.2718071569386835,34.931594886752194,0.7293822302133919,-0.2864069459322407,1.0,-3.8603014559535582,-2.9626630320104503,-4.262927076858151,0.010000000000000009,Q1 (lowest)
COST,2024-08-27,PRE-BREAKOUT,909.335,908.9,-0.0478371557236946,False,72.00425764308723,94.76398526106604,1.753857590852269,28.276612133406424,0.0201678412566877,0.0,40.0,-2.3407215162728896,-1.864549368494564,-2.124079684604689,1.5100000000000002,Q4
COST,2024-11-21,PRE-BREAKOUT,949.66,955.65,0.6307520586315113,True,65.99729695414052,92.84881008007552,1.2522548313798303,25.23810989015818,0.7456253771226574,-1.6656071201525655,32.0,1.511067118758295,2.2997704441589653,2.339784765073819,1.21,Q3
COST,2024-11-22,PRE-BREAKOUT,958.9701,964.01,0.5255534035941254,True,68.33247391025989,94.3233537144813,1.3475251657790557,26.77562289122777,0.7419034165227889,0.0,0.0,0.2002043650787427,0.269028200149301,1.6715745360569634,1.21,Q3
COST,2024-12-13,PRE-BREAKOUT,999.5,989.35,-1.0155077538769364,False,68.71503583125089,79.77481015225568,1.2952141229456244,41.35309894923564,-0.7476805714343514,-0.6333631583709566,4.0,-0.6633316658329159,-3.477738869434716,-4.545272636318154,0.010000000000000009,Q1 (lowest)
COST,2026-02-05,PRE-BREAKOUT,991.425,989.29,-0.2153465970698732,False,67.81427457457997,88.34541824047139,1.3307138523925313,35.95780756969021,1.752951397761535,-9.147892948015516,43.0,0.9819199636886312,-2.0369669919560165,0.749930655369802,0.81,Q2
COST,2026-04-08,PRE-BREAKOUT,1022.445,1030.27,0.7653223400769656,True,64.31817572855036,93.92898981355523,1.254554984762885,17.077968048575453,-0.8655658747939698,-4.12925202251974,37.0,0.9374587386118494,-4.068189486965071,-3.686750876575272,1.21,Q3
CRM,2024-09-19,PRE-BREAKOUT,264.48,265.99,0.5709316394434327,True,62.11297045058098,88.20090363438486,1.600609888296613,10.569046085494051,3.284078754506208,-20.338929563241603,10.0,0.8771929824561377,2.253478523895939,4.2649727767695,0.6100000000000001,Q2
CRM,2024-11-14,PRE-BREAKOUT,334.33,331.65,-0.8016032064128277,False,73.74085463562682,87.89527574130366,1.7155387220183305,40.53840959540399,0.2106988177455139,-0.0029262868346328,34.0,-2.7128884634941506,-3.2602518469775306,0.4337032273502194,1.5100000000000002,Q4
CRM,2024-11-15,PRE-BREAKOUT,326.22,325.26,-0.294279933787026,False,65.44599644468732,75.20153303678102,1.6984103634550642,41.35988527917949,-1.4231870948288772,-2.949697129312627,1.0,-1.2169701428483928,-0.1594016308013115,4.843357243577939,0.010000000000000009,Q1 (lowest)
CRM,2025-01-27,PRE-BREAKOUT,342.39,347.1,1.375624288092537,True,60.10954328723632,94.51660596221774,1.788702824543206,15.856421163476664,-0.4552533844494974,-9.23967705983092,12.0,5.128654458366191,0.3446362335348599,-0.9200035047752496,0.81,Q2
CRM,2025-12-04,BREAKOUT,248.7599,247.46,-0.5225520672745003,False,58.95911573389317,96.4529764442852,2.87074307694342,19.597292415129512,2.0798424932975887,-35.107510805447575,47.0,4.747589945163995,4.928487268245402,5.4631393564638175,1.85,Q5 (highest)
CRM,2026-06-02,PRE-BREAKOUT,198.255,200.84,1.3038763208998554,True,60.40427342530536,94.10271727637834,1.5860819365505037,13.045698784306667,-4.093511450381672,-23.64576882445084,36.0,-3.856144863937848,-6.3529293082141685,-11.553302564878566,0.6100000000000001,Q2
CRM,2026-08-19,PRE-BREAKOUT,206.52,206.09,-0.2082122796823585,False,64.97302884885056,89.29339101754266,1.5026875756327251,18.45767591488297,-0.9839910268175684,-26.326860233632583,28.0,-0.5277939182645764,1.2299050939376293,,0.6100000000000001,Q2
CRWD,2024-11-25,PRE-BREAKOUT,365.16,363.68,-0.4053017855186817,False,69.02155690089018,86.06950401169202,1.9513655050987653,32.60216334718177,0.7360446999409039,-5.072038760678309,41.0,-0.2355131996932888,-5.255230583853653,-4.165297403877762,0.81,Q2
CRWD,2025-06-04,PRE-BREAKOUT,469.725,460.56,-1.9511416254191325,False,60.02670744997013,76.00576023933338,6.055469522126146,23.032734500209784,-6.958425403060805,0.0,1.0,-1.444462185321204,-1.1357709297993583,1.544520730214486,0.010000000000000009,Q1 (lowest)
CRWD,2026-04-08,PRE-BREAKOUT,436.93,426.51,-2.3848213672670715,False,60.20287537430234,78.02573315045706,1.418254690420135,19.098798474725516,3.960021737589488,-24.08838986242892,1.0,-9.669741148467718,-7.939486874327695,-5.89796992653285,-0.5900000000000001,Q1 (lowest)
CRWD,2026-05-27,PRE-BREAKOUT,639.54,645.36,0.9100290834037044,True,73.63180237079693,77.05340038639561,1.486173804345657,44.317090218849806,-4.547688184051816,0.0,39.0,4.9191606467148326,22.301967038809146,16.898082997154212,0.31000000000000005,Q2
CRWD,2026-05-29,PRE-BREAKOUT,718.95,731.0,1.6760553585089302,True,82.99532557752583,93.98086107198664,1.4845031099026258,46.79649779768196,0.9590163934426148,-0.0819000819000751,35.0,8.793379233604549,3.986369010362329,-6.666666666666675,-0.4899999999999999,Q1 (lowest)
CRWD,2026-06-02,PRE-BREAKOUT,752.005,768.95,2.253309485974169,True,77.86971779009757,90.65658324942424,1.4918165570850308,50.764179161095086,-2.2143523786389068,0.0,43.0,-0.5844376034733787,-10.769210311101656,-14.23860213695388,1.5100000000000002,Q4
CRWD,2026-06-04,PRE-BREAKOUT,695.545,719.09,3.3851152693211906,True,63.61193808866753,68.11538824527331,1.480414527415406,54.377918297182624,-9.83667955217292,-4.41847680171829,,-3.526011976220084,-7.277027367028735,-0.5772451818358246,1.21,Q3
CRWD,2026-06-29,PRE-BREAKOUT,747.47,742.91,-0.6100579287463122,False,68.18579122294778,84.79369478450536,1.4339498426321196,28.36306164581692,1.199560684077646,-10.366032959586782,23.0,2.09640520689793,-74.04845679425262,-73.96283462881453,-0.39,Q1 (lowest)
CVX,2024-11-01,PRE-BREAKOUT,152.5,153.07,0.3737704918032742,True,60.26102554085578,94.885654867173,1.8518703172327808,11.437260001836112,2.4593468619809147,-10.527265075452425,0.0,0.9639344262295074,3.4229508196721303,2.904918032786889,0.81,Q2
CVX,2024-11-21,PRE-BREAKOUT,162.23,161.63,-0.3698452813906148,False,68.98955744575056,84.8177844253914,1.2040675097738958,30.100095750947467,0.4276947870823762,-3.0060722659772736,40.0,0.0801331443013153,0.1849226406953161,-0.1849226406952986,0.010000000000000009,Q1 (lowest)
CVX,2025-06-13,PRE-BREAKOUT,144.82,145.91,0.7526584725866617,True,61.61554823551566,94.83984965760052,1.8704643172707396,18.322886677970622,1.4554735462509578,-13.969497359207164,0.0,0.8355199558072145,2.327026653777106,1.4086452147493582,0.81,Q2
CVX,2025-06-20,PRE-BREAKOUT,148.755,149.55,0.5344358172834633,True,67.53899798391129,91.4870053085954,1.394532976979443,25.11567323118392,0.2226870908968301,-12.058631535220458,42.0,-1.273906759436645,-3.714160868542238,-3.3377029343551503,0.81,Q2
CVX,2025-07-18,PRE-BREAKOUT,152.11,150.04,-1.3608572743409515,False,60.13570311347996,71.88281343521302,1.77405166595547,31.82179581298996,2.4045448540097865,-10.16556880897276,,-1.597528104661105,0.6639931628426736,1.7947537965945628,0.81,Q2
CVX,2026-01-06,PRE-BREAKOUT,158.18,156.54,-1.036793526362381,False,60.56363977603803,94.49563742024634,2.203475345555673,15.610367886613036,0.6286237412267325,-2.765414515459021,0.0,-1.8839297003413948,2.48451131622203,3.59716778353774,1.21,Q3
CVX,2026-01-29,PRE-BREAKOUT,172.765,171.19,-0.9116429832431272,False,75.07190567905232,92.6084913237,1.3361376530637243,40.78315960269117,1.6006590949214374,0.0,38.0,2.393424594101826,3.0532804676873244,3.7420773883599128,1.5100000000000002,Q4
CVX,2026-03-02,PRE-BREAKOUT,188.47,189.6,0.5995649174934978,True,70.33999952126828,94.02500097704144,1.4067118998583283,47.37278494820649,1.9115442278860688,0.0,17.0,0.1591765267681919,0.7587414442616899,0.5146707698838006,1.5100000000000002,Q4
CVX,2026-08-03,PRE-BREAKOUT,195.09,193.18,-0.9790353170331624,False,63.676899360051344,78.8761559987135,1.1511799579764737,24.732312275080293,-0.7366763196667261,-6.7819085957849845,34.0,-2.4040186580552554,-3.003741862730029,-0.0922651084115058,-0.39,Q1 (lowest)
DE,2024-08-15,PRE-BREAKOUT,377.1795,373.26,-1.039160399756622,False,60.01155824666976,75.01019812449677,1.7249883914995656,23.118350017383648,2.25461170576179,-18.624907338769468,0.0,0.1963256221507259,-1.216794656125278,-0.1562916330288479,-0.5900000000000001,Q1 (lowest)
DE,2024-09-04,PRE-BREAKOUT,393.8,391.95,-0.4697816150330174,False,67.36137715771619,88.45971263834896,1.2843988636387254,22.278527783595603,0.2203842464155209,-7.927906421580323,30.0,-2.5672930421533806,-1.6683595733875047,-1.3230066023362206,0.81,Q2
DE,2025-01-28,PRE-BREAKOUT,478.33,479.99,0.3470407459285483,True,69.50922983206587,89.38186082922827,1.367464932488882,27.67265952180457,-0.3593927501807192,0.0,42.0,-0.0355403173541193,-0.3700374218635632,-1.266907783329501,1.21,Q3
DE,2025-02-14,PRE-BREAKOUT,477.34,480.22,0.6033435287216768,True,60.51912419641193,69.12763618050974,1.4688395011502855,27.34117286291505,0.7893269272017395,-3.7033977073221007,,5.073951481124571,3.865169480873182,1.5104537646122338,1.21,Q3
DE,2026-02-12,PRE-BREAKOUT,603.18,598.11,-0.840545110912155,False,77.88149642509309,93.69366552599932,1.4876036903366163,46.70119715665494,0.0293786417274559,0.0,0.0,-0.0431048774826736,-1.64295898405119,9.832885705759486,1.5100000000000002,Q4
DE,2026-02-18,PRE-BREAKOUT,593.96,593.27,-0.1161694390194717,False,69.81378439445481,76.09149647114725,1.2934608907788594,52.61855820237977,0.4943079688436045,-1.9340939137247255,26.0,11.455316856353956,8.902956428042291,4.9919186477203805,0.010000000000000009,Q1 (lowest)
DE,2026-08-21,BREAKOUT,638.04,647.47,1.4779637640273438,True,60.12476475718417,95.49766763387204,1.636730570345535,18.65404354731873,0.3736270815215537,-6.271792781777831,36.0,1.6613378471569216,,,2.05,Q5 (highest)
DHR,2025-01-28,PRE-BREAKOUT,250.195,247.84,-0.9412658126661164,False,67.9573287351221,94.66897951587649,1.647009805930013,20.708503666627596,2.825332215970315,-10.745832739706508,29.0,-10.577749355502707,-10.973440716241326,-14.063030835947965,0.81,Q2
DHR,2025-07-28,PRE-BREAKOUT,205.59,202.94,-1.2889731990855615,False,60.178693037717885,81.56807756809539,1.457175699778045,12.787794701876564,-0.6229316721822081,-26.81293631571449,22.0,0.6128702757916197,-4.10039398803444,-3.954472493798334,-0.5900000000000001,Q1 (lowest)
DHR,2025-10-21,PRE-BREAKOUT,223.33,220.77,-1.146285765459187,False,69.1800898719824,94.93697592431288,3.1262626387251062,24.599457058232208,7.250827774845249,-24.05058677746192,0.0,-2.3418259974029545,-0.1432857206824079,-2.8791474499619425,0.6100000000000001,Q2
DHR,2025-10-21,BREAKOUT,223.575,220.77,-1.2546125461254518,False,69.32224054173538,95.38032165352128,2.1350314984466734,24.599457058232208,7.250827774845249,-24.05058677746192,38.0,-2.448842670244882,-0.2527116180252701,-2.9855753102985503,1.85,Q5 (highest)
DHR,2025-12-04,PRE-BREAKOUT,227.595,227.13,-0.204310288011601,False,60.64938064442584,71.4790224107823,1.439653535868058,36.38801505587652,-0.332662172809253,-8.83115846602019,,-0.5909620158615079,-1.9178804455282448,2.098025000549224,0.81,Q2
DHR,2026-07-20,PRE-BREAKOUT,202.43,201.11,-0.6520772612754993,False,63.56219705866868,77.61684796825006,1.3809156864902814,28.547510314943924,-0.8978069960261064,-15.790126007023344,40.0,-11.569431408388091,-4.905399397322534,-2.929407696487678,-0.5900000000000001,Q1 (lowest)
DIA,2024-07-08,PRE-BREAKOUT,394.625,393.46,-0.2952169781438126,False,60.78107982467242,91.868164452899,2.360299055700059,17.65430810254984,0.1803403606807306,-1.5626953369171148,0.0,-0.4269876464998422,0.7614824200190042,1.9600886917960123,1.21,Q3
DIA,2024-07-09,PRE-BREAKOUT,394.42,392.94,-0.3752345215759896,False,60.222565824144944,87.11160745482937,1.4630343199489553,18.76217802524077,-0.0609973059523083,-1.622702837854734,14.0,0.7200446224836404,1.4958673495258803,3.863901424877037,1.21,Q3
DIA,2024-07-10,PRE-BREAKOUT,394.7,397.26,0.6485938687610849,True,60.53912608844769,87.48949933403661,1.2696543342252975,19.184666973595185,0.0,-1.7527190898862337,26.0,0.7423359513554616,1.940714466683564,4.365340765138084,1.21,Q3
DIA,2024-07-18,PRE-BREAKOUT,407.78,406.72,-0.2599440874981474,False,70.77674701804992,94.32999412854758,1.3593524239409909,30.39564617778488,-0.3034496152258878,0.0,0.0,-1.1844622100152005,-1.0520378635538683,-2.0329589484525883,1.5100000000000002,Q4
DIA,2024-07-19,PRE-BREAKOUT,403.97,402.95,-0.2524939970790005,False,62.198833799765694,77.27747791969878,1.2031147567139542,31.80340025229405,-0.3319236821400527,-1.2647779962614958,30.0,0.0445577641903977,-1.3119786122731911,0.4950862687823353,0.010000000000000009,Q1 (lowest)
DIA,2024-07-31,PRE-BREAKOUT,409.3601,408.49,-0.2125512476667803,False,65.12527705724692,82.74835449246233,1.1984905134082369,28.07222370749729,0.0122726491740395,-1.0972738086568063,21.0,-1.497483511460929,-5.508621871061686,-5.274109518734241,0.010000000000000009,Q1 (lowest)
DIA,2024-08-23,PRE-BREAKOUT,410.8,411.83,0.2507302823758453,True,62.85864820280823,81.37808910664445,1.2088599611613715,20.79145755629829,0.4441935800530093,-1.080280630204158,34.0,0.4673807205452814,0.1314508276533504,1.3169425511197586,0.010000000000000009,Q1 (lowest)
DIA,2024-08-26,PRE-BREAKOUT,413.35,412.72,-0.1524132091447914,False,65.33188254890531,86.1092589418741,1.339587007704297,21.129626675211483,0.1966830973945565,-0.0242759692180765,28.0,-0.1112858352485874,0.135478408128705,-0.7499697592839053,1.21,Q3
DIA,2024-08-29,PRE-BREAKOUT,414.06,413.91,-0.0362266338211798,False,64.97034922903674,82.36892337750692,1.2075042037047592,22.050923681792696,0.7366169105849248,-0.3754026496161233,27.0,0.519248418103651,-0.8790996473940941,-2.316089455634443,0.010000000000000009,Q1 (lowest)
DIA,2024-09-13,PRE-BREAKOUT,414.48,414.94,0.1109824358231952,True,60.67936064532946,87.33387231641598,1.2904818005455947,18.40802387563312,0.1504963953685821,-1.0187165132985638,15.0,0.6996718780158215,0.4125651418645,1.4693109438332308,1.21,Q3
DIA,2024-09-13,BREAKOUT,415.61,414.94,-0.1612088255816789,False,61.92836958884098,95.4407142212086,2.13359607529464,18.40802387563312,0.1504963953685821,-1.0187165132985638,41.0,0.4258800317605404,0.139553908712491,1.1934265296792617,2.4499999999999997,Q5 (highest)
DIA,2024-09-16,PRE-BREAKOUT,416.04,417.38,0.322084414960094,True,62.47126137003651,94.29906953547176,2.082113375199817,17.15222418092641,0.3639080348966094,-0.3051344273323519,0.0,0.2932410345159048,1.2907412748774163,1.2186328237669437,1.21,Q3
DIA,2024-09-16,BREAKOUT,416.44,417.38,0.2257227931995,True,62.91393580952749,96.9365327945628,1.640771223616828,17.15222418092641,0.3639080348966094,-0.3051344273323519,22.0,0.196907117471903,1.1934492363846,1.1214100470656077,2.4499999999999997,Q5 (highest)
DIA,2024-09-24,PRE-BREAKOUT,422.19,422.13,-0.0142116108860944,False,67.46428671562924,92.04164741395088,1.298521681743133,16.138212825766562,0.1329818812186844,-0.071189577845806,30.0,-0.7271607570051383,0.180013737890521,-0.1634335251900797,1.21,Q3
DIA,2024-09-27,PRE-BREAKOUT,425.66,422.95,-0.6366583658318931,False,68.39163079804638,94.91128828027033,1.5638746805146615,15.64965989796807,0.2300649874294318,-0.120815862412051,44.0,-0.5967203871634685,-0.880984823568106,-0.5285908941408636,1.21,Q3
DIA,2024-09-30,PRE-BREAKOUT,421.72,423.12,0.3319738214929282,True,62.76178336537544,77.42589468953118,1.1925952476659982,16.31052717630689,-0.1253103203688314,0.0,4.0,-0.0521673148060389,-0.4125960352840768,-0.5003319738214962,0.010000000000000009,Q1 (lowest)
DIA,2024-10-01,PRE-BREAKOUT,420.68,421.5,0.1949225064181784,True,60.1052482341035,70.11179145162453,1.2183369278797034,15.880455433590914,-0.1654377008886341,0.0,,0.2923837596272745,0.6489493201483356,0.0285252448416859,1.21,Q3
DIA,2024-10-04,PRE-BREAKOUT,421.342,423.41,0.4908126889795084,True,60.11244474404136,67.25752768585896,1.2605427620699627,14.319238293315683,0.5690747178437036,-0.7421062582718818,,-0.4110674938648345,0.8800451889439047,1.7534449449615832,1.21,Q3
DIA,2024-10-09,PRE-BREAKOUT,423.07,425.05,0.4680076583071403,True,60.24094315571924,75.80493102316917,1.27439037172156,13.33274225556254,0.0213878326996138,-0.6164237972650654,0.0,0.3758243316708894,1.8483938828089896,1.8082114070957604,0.010000000000000009,Q1 (lowest)
DIA,2024-10-15,PRE-BREAKOUT,428.79,427.54,-0.2915179924904965,False,64.53795167776582,94.23687575538658,1.2613538741778172,18.09140347799524,-0.3620413562626197,0.0,17.0,0.4501037804053281,0.8978754168707214,0.1212714848760423,1.21,Q3
DIA,2024-10-18,PRE-BREAKOUT,431.49,432.64,0.266518343414674,True,65.43018721997377,91.98178817700826,1.19170652477841,23.25516022929228,-0.043935715111573,0.0,39.0,-0.4913207722079317,-1.4670096641868835,-2.3986650907321194,1.21,Q3
DIA,2024-10-21,PRE-BREAKOUT,429.25,429.37,0.0279557367501466,True,60.42690566640275,74.99734128853436,1.269472487331069,24.586126293717403,-0.0485392011834272,0.0,,0.0139778683750733,-1.2743156668608102,-1.20675596971462,1.21,Q3
DIA,2024-11-06,PRE-BREAKOUT,434.32,437.23,0.6700128937189227,True,63.64043779682282,93.3101749510348,2.106694121697491,19.34275858787263,2.9268292682926864,-2.389977810650882,7.0,0.7068520906244228,2.000828881930373,1.2640449438202268,1.21,Q3
DIA,2024-11-12,PRE-BREAKOUT,441.45,439.39,-0.4666440140446262,False,67.69176944654389,91.26133131931114,1.2032692815092685,23.40959332458757,0.1286652671497242,0.0,22.0,-0.3715030014724173,-1.5720919696454858,-1.9503907577302104,1.21,Q3
DIA,2024-11-21,PRE-BREAKOUT,437.76,438.97,0.2764071637426984,True,60.10879833627686,70.64886514548076,2.3161925239877954,19.82080081311202,0.361509590365883,-1.968352858851938,,1.2335526315789551,2.5402046783625742,2.81661184210526,1.21,Q3
DIA,2024-11-22,PRE-BREAKOUT,442.22,443.16,0.2125638822305634,True,64.70924466496224,80.26206997974546,1.3114868305128644,19.656992526994955,0.1412397202542195,-0.9119432969910304,6.0,1.2075437565012832,1.2482474786305418,1.4743792682375247,0.010000000000000009,Q1 (lowest)
DIA,2024-11-25,PRE-BREAKOUT,446.63,447.56,0.2082260484069603,True,68.58363034537857,87.88637421325181,1.2202577638275574,19.983526712096825,0.7784998646087166,0.0,42.0,0.5037726977587712,0.7746904596645948,0.2821127107449099,1.21,Q3
DIA,2024-11-29,PRE-BREAKOUT,449.8,450.09,0.0644730991551719,True,69.98155393910761,85.65391524273281,1.2182567615769937,23.07305960898795,0.1250725867691075,-0.2539654250579189,31.0,-0.2356602934637622,0.2534459759893255,-0.5891507336594117,1.21,Q3
DIA,2024-12-04,PRE-BREAKOUT,450.51,450.94,0.0954473818561201,True,68.48667343534858,87.8524117419407,1.2490509584268588,25.580951863179443,0.4376074482573928,-0.4887911306627538,39.0,-0.4084260060819904,-1.2053006592528483,-1.7757652438347653,1.21,Q3
DIA,2025-01-27,PRE-BREAKOUT,442.99,447.12,0.9323009548748268,True,62.45843607363388,88.6908732124359,1.1789195091286988,24.39884791157997,-0.7835720075655269,-1.5123963276710857,9.0,1.223503916566969,1.316056795864463,0.2889455743921923,1.21,Q3
DIA,2025-01-27,BREAKOUT,445.4875,447.12,0.3664524818316997,True,65.70208748185512,95.2275581006519,1.7031131042915706,24.39884791157997,-0.7835720075655269,-1.5123963276710857,59.0,0.6560228962653304,0.74805690395353,-0.2732961081960839,2.4499999999999997,Q5 (highest)
DIA,2025-02-03,PRE-BREAKOUT,444.8,444.27,-0.1191546762589994,False,60.06945666620128,72.02150935373248,2.1421587075451547,23.65291804955439,-1.2977390601495258,-1.2307624074156234,,0.1641187050359625,0.5755395683453243,-0.0044964028777065,1.21,Q3
DIA,2025-05-15,PRE-BREAKOUT,421.92,423.48,0.369738339021616,True,60.24807661772337,83.62085395348244,1.712431403826969,18.37898093984258,-0.4779455474973227,-6.7392557768217465,37.0,1.097364429275691,1.1969093667045911,-0.7347364429275746,-0.39,Q1 (lowest)
DIA,2025-05-19,PRE-BREAKOUT,426.09,428.04,0.4576497922974126,True,62.80883139159173,87.53726713521256,1.2584510866076388,17.6288686707615,-0.6681514476614753,-5.408701822858914,34.0,0.2065291370367885,-1.7062123025651816,-0.5257105306390557,0.81,Q2
DIA,2025-06-06,PRE-BREAKOUT,428.95,428.38,-0.1328826203520208,False,61.82940921149645,89.23853404907523,1.2920739892851754,11.119050129910082,0.8986484892798889,-5.980840023062928,32.0,-0.1375451684345436,0.1515328126821387,-1.4314022613358168,0.81,Q2
DIA,2025-06-12,PRE-BREAKOUT,429.21,430.49,0.2982223154167027,True,61.80749917258604,80.37326093302634,1.2448122509662942,12.263619735811256,-0.3258845437616466,-4.732336896261137,23.0,-1.4911115770834735,-1.4212157219076829,-1.7357470701987348,0.010000000000000009,Q1 (lowest)
DIA,2025-06-24,PRE-BREAKOUT,430.59,430.79,0.0464478970714706,True,60.05615400257349,93.25566923151534,1.7746052160604735,10.136549422259009,0.6600582542516079,-5.592761786490436,60.0,-0.1695348243108203,1.7208945864976022,3.321024640609399,0.81,Q2
DIA,2025-06-24,BREAKOUT,430.89,430.79,-0.0232077792475958,False,60.36077685345963,95.24503205670656,1.7418374662161409,10.136549422259009,0.6600582542516079,-5.592761786490436,64.0,-0.2390401262503127,1.6500731045046333,3.249089094664532,2.05,Q5 (highest)
DIA,2025-07-08,PRE-BREAKOUT,443.21,442.38,-0.1872701428216836,False,65.41816725911463,80.58378583190796,1.2933631533418182,22.086735984458038,-0.0698198198198203,-1.5390074067503432,36.0,0.2955709483089285,0.0812256041154337,-0.6904176349811607,0.010000000000000009,Q1 (lowest)
DIA,2025-07-17,PRE-BREAKOUT,443.51,445.22,0.3855606412482326,True,60.11154395440075,65.27367030686386,1.2903361135499345,25.954360613686653,-0.0700786689574107,-1.902692154166848,,-0.0563685148023719,0.326937385853755,0.8117066131541617,1.21,Q3
DIA,2025-07-23,PRE-BREAKOUT,447.14,450.21,0.686585856778636,True,63.28116595243698,76.38837271506976,1.2718620697547451,25.540091634850317,0.5146530025170848,-1.3261187741162943,6.0,-0.0067093080466906,0.2683723218678688,-0.5322717717046105,0.010000000000000009,Q1 (lowest)
DIA,2025-07-24,PRE-BREAKOUT,448.03,447.11,-0.20534339218355,False,62.357638196109846,80.82691832268803,1.274954160737484,26.33048569996674,-0.710779414051218,-0.1618840643988154,13.0,0.2209673459366581,-0.345958975961421,-1.4954355735107,0.010000000000000009,Q1 (lowest)
DIA,2025-07-25,PRE-BREAKOUT,447.52,449.02,0.3351805505899178,True,61.26796532009711,78.91390901964279,1.2767706049492855,27.06442304614628,0.0939366151506249,-0.8493369406129383,26.0,0.1832320343224868,-0.6167322130854467,-2.6367536646406764,0.010000000000000009,Q1 (lowest)
DIA,2025-07-28,PRE-BREAKOUT,449.23,448.34,-0.1981167775972315,False,63.10217794774854,90.12521455697288,1.2634206838022806,27.612020456345515,-0.0801746024675864,-0.4257772652681101,42.0,-0.6121585824633261,-1.7585646550764715,-1.6517151570465052,1.21,Q3
DIA,2025-08-13,PRE-BREAKOUT,449.2,449.42,0.0489759572573524,True,60.00925892299677,85.87445224842278,1.4053897169433498,17.96765134876483,0.3957902311774739,-1.3882112919678873,34.0,-0.0089047195013276,-0.0333926981300038,0.0356188780053484,1.21,Q3
DIA,2025-08-15,PRE-BREAKOUT,449.41,449.53,0.0267016755301278,True,60.0991030089606,80.90083546098995,1.2549719258921437,17.08187042101278,0.6100276070887773,-0.3947310063423011,31.0,-0.0801050265904215,-0.0111256981375606,1.6087759506908974,0.010000000000000009,Q1 (lowest)
DIA,2025-08-19,PRE-BREAKOUT,450.9401,449.29,-0.3659244320919679,False,61.74013285361274,84.02925864509447,1.256751100415413,17.2766641924559,0.1781538804142103,-0.4191244954982894,29.0,-0.3504013060714625,1.264003800061253,0.7872220722885449,0.010000000000000009,Q1 (lowest)
DIA,2025-08-20,PRE-BREAKOUT,449.63,449.36,-0.0600493739296714,False,60.14859436568207,77.88943570895091,1.3983697985819776,17.799649372721493,0.1112866967882659,-0.3659023373397741,3.0,-0.3736405488957602,0.7650735048817912,1.423392567221933,0.010000000000000009,Q1 (lowest)
DIA,2025-09-09,PRE-BREAKOUT,456.0613,458.01,0.4272890508359235,True,60.07076866756679,73.60148135273816,1.273556604788333,25.12854453227336,-0.0526085050416503,-0.1859752762279887,,-0.0287899894158987,0.7145311386868336,0.5961260032368358,1.21,Q3
DIA,2025-09-18,PRE-BREAKOUT,462.57,462.63,0.0129710097931128,True,64.00317392868627,93.50116696992974,1.4178700958887362,31.864203702405494,0.0065039240341736,-0.1428818843089766,28.0,0.079987893724194,0.0648550489655644,-0.6788161791728791,1.21,Q3
DIA,2025-09-18,BREAKOUT,462.84,462.63,-0.0453720508166924,False,64.32336678374506,95.08277769027563,1.7810005072849315,31.864203702405494,0.0065039240341736,-0.1428818843089766,40.0,0.0216057384841463,0.0064817215452488,-0.7367556823092145,1.75,Q5 (highest)
DIA,2025-09-19,PRE-BREAKOUT,461.14,462.94,0.3903369909355101,True,60.83640345378622,83.11452381665177,1.2514370533438803,32.916679947748364,0.0194539913105574,0.0,41.0,0.5486403261482478,-0.0260224660623681,0.2472134275924852,0.010000000000000009,Q1 (lowest)
DIA,2025-09-23,PRE-BREAKOUT,464.38,462.87,-0.3251647357767326,False,66.38041959061147,94.38477978501724,1.2603221625230212,34.43719427074189,0.1186188452994611,0.0,0.0,-0.7235453723243924,-0.4522158577027483,-0.1378181661570236,1.21,Q3
DIA,2025-10-01,PRE-BREAKOUT,464.05,464.26,0.0452537442085938,True,62.82565252620269,82.21557023331437,1.2528054240642537,33.59923562506754,-0.252296545478073,0.0,24.0,0.228423661243401,0.6012283159142255,0.4352979204827026,0.010000000000000009,Q1 (lowest)
DIA,2025-10-02,PRE-BREAKOUT,463.14,465.11,0.4253573433519081,True,60.03574291446694,71.56434706557812,1.300897242858285,33.41853591364641,0.0107698272519733,0.0,,0.943559182968434,0.611046335881168,0.0777302759424825,1.21,Q3
DIA,2025-10-06,PRE-BREAKOUT,464.97,466.84,0.4021764845043654,True,61.02732891633662,78.14581183786345,1.2978751436583118,34.35024135502632,0.172188830185452,0.0,0.0,0.2150676387723939,-0.3161494289954248,-0.9226401703335744,0.010000000000000009,Q1 (lowest)
DIA,2025-10-07,PRE-BREAKOUT,466.19,465.97,-0.047191059439278,False,64.14910741521551,83.40378466102675,1.2887801532332903,34.56136026677692,0.1520863679204945,-0.143312442514602,28.0,-0.0257405778759742,-2.4281945129668148,-0.74647675840323,0.010000000000000009,Q1 (lowest)
DIA,2025-10-29,PRE-BREAKOUT,476.15,476.37,0.0462039273338291,True,66.18115952709928,94.37046266701572,1.2962235325834033,25.08403721513083,0.3143665513989311,0.0,4.0,-0.2394203507298091,-0.5628478420665651,-0.6384542686128245,1.21,Q3
DIA,2025-10-30,PRE-BREAKOUT,477.835,475.01,-0.5912082622662611,False,68.08754311334977,94.6703816712067,1.5434711804983854,25.604491093935188,-0.4765203518273572,-0.1634706067274385,70.0,-0.4530852700199784,-1.45133780489081,-1.7903669676771286,1.21,Q3
DIA,2025-10-31,PRE-BREAKOUT,475.44,475.67,0.04837624095575,True,64.36213898875161,83.35531589543228,1.3285770542158108,25.91127840642181,0.1789436011873482,-0.4484962799958056,45.0,-0.4143530203600812,-0.4900723540299478,-1.1736496718828842,0.010000000000000009,Q1 (lowest)
DIA,2025-11-13,PRE-BREAKOUT,478.99,474.74,-0.8872836593665839,False,61.11655627823347,81.14303419042524,1.2823447854692973,21.08936720796815,-0.281713480818629,0.0,35.0,-1.501075179022526,-3.6931877492223215,-4.361260151568923,0.010000000000000009,Q1 (lowest)
DIA,2025-12-11,PRE-BREAKOUT,486.07,487.87,0.3703170325261817,True,64.90739026691088,94.31755477773004,1.2934065513566295,17.921383222110098,0.1765866832865827,-0.2920705940840103,30.0,-0.1378402287736367,-0.8414425905733691,-1.1438681671364213,1.21,Q3
DIA,2025-12-12,PRE-BREAKOUT,486.1,485.4,-0.1440032915038151,False,63.61908313106173,88.7034368091947,1.2876634097094772,19.029485054310744,0.1701272880070478,0.0,32.0,-0.1913186587122005,-1.2960296235342543,-1.0183089899197788,1.21,Q3
DIA,2026-01-07,PRE-BREAKOUT,492.14,489.96,-0.4429633844028136,False,63.3657729880263,94.7720356440422,1.25745271775687,20.388143883478197,0.2102666747538391,0.0,0.0,0.0792457430812342,0.7640102409883348,-0.1137887592961357,1.21,Q3
DIA,2026-01-08,PRE-BREAKOUT,491.25,492.53,0.2605597964376535,True,61.287756334929846,89.00882264813221,1.3056956832425357,21.287370962559667,-0.4388113315372637,-0.9401346515436472,14.0,0.7674300254452889,0.1404580152671751,0.657506361323159,1.21,Q3
DIA,2026-01-08,BREAKOUT,492.85,492.53,-0.0649284772243177,False,62.81391143035891,97.0638174148573,2.0217129692773868,21.287370962559667,-0.4388113315372637,-0.9401346515436472,40.0,0.4402962361773276,-0.1846403571066298,0.3307294308613159,2.4499999999999997,Q5 (highest)
DIA,2026-01-09,PRE-BREAKOUT,492.2638,495.02,0.5599030438557494,True,62.0764187636898,88.77502348474287,1.2816099170520496,21.60222295606557,0.0670009948632653,-0.4205333495077011,8.0,0.7386689819564173,-0.1389092596286826,0.2348740654909039,1.21,Q3
DIA,2026-01-09,BREAKOUT,493.63,495.02,0.281587423778941,True,63.58958489520904,95.26829139208068,1.816348715177358,21.60222295606557,0.0670009948632653,-0.4205333495077011,22.0,0.4598585985454655,-0.4152908048538402,-0.0425419848874621,2.4499999999999997,Q5 (highest)
DIA,2026-01-12,PRE-BREAKOUT,492.52,495.9,0.6862665475513676,True,60.75689189992847,84.3085178801365,1.2611640800186588,22.268996713068503,-0.5434123873782873,0.0,14.0,-0.1177617152602907,0.3979533826037595,-1.551206042394215,0.010000000000000009,Q1 (lowest)
DIA,2026-01-13,PRE-BREAKOUT,493.27,491.94,-0.2696292091552261,False,61.10895059027466,81.87272804315778,1.2660012567184653,22.31758952528463,-0.0705787457148549,0.0,32.0,-0.3426115514829602,0.0304093093032282,-0.5007399598597058,0.010000000000000009,Q1 (lowest)
DIA,2026-01-15,PRE-BREAKOUT,493.595,494.48,0.1792967919042921,True,60.77278838763795,78.93377224101101,1.2932907680529273,21.76120942603581,0.1607062939908093,-0.8711433756805794,2.0,-0.0354541678906819,-0.5662537100254289,-0.5399163281637821,0.010000000000000009,Q1 (lowest)
DIA,2026-01-16,PRE-BREAKOUT,493.55,493.42,-0.0263397832033219,False,60.08469386001524,75.76464503446984,1.3915651089703014,21.9936331664868,0.0040446529687716,-0.2863480540431456,0.0,-1.7566609259446897,0.0283659203728064,0.1033329956438032,0.010000000000000009,Q1 (lowest)
DIA,2026-02-11,PRE-BREAKOUT,501.73,501.33,-0.0797241544256939,False,61.8520678024779,94.8069628400438,1.2624997384306536,14.900490411241494,0.4602510460251051,0.0,24.0,-1.4071313256133782,-1.1719450700575995,-1.4649313375720052,1.21,Q3
DIA,2026-04-16,PRE-BREAKOUT,485.03,485.63,0.123703688431648,True,61.89239659672821,87.17563158488817,1.2003931968133048,23.64381816568462,0.226935137811513,-3.4229926280135388,43.0,1.894728161144683,1.3050739129538464,1.6431973280003356,1.21,Q3
DIA,2026-04-30,PRE-BREAKOUT,494.5,496.65,0.4347826086956475,True,63.48471263847296,74.75834142287869,1.2478328977104178,20.937980819774005,0.4727116458960039,-2.635983263598319,,0.1051567239635959,-0.3114256825075875,0.2851365015166885,1.21,Q3
DIA,2026-05-01,PRE-BREAKOUT,499.8,495.02,-0.9563825530212144,False,67.75035322851505,86.04146376768527,1.3165637664391248,20.802134628939985,0.4409543944427661,-1.0460251046025106,17.0,-2.0488195278111263,-0.1500600240096038,-0.7342937174869979,1.21,Q3
DIA,2026-05-06,PRE-BREAKOUT,498.62,499.05,0.0862380169267191,True,63.45527972763206,90.40788551871417,1.261774359463535,19.145698949432937,0.8154819863680702,-1.7812313209802744,26.0,-0.5435000601660542,-0.302835826882193,-0.2968192210501019,1.21,Q3
DIA,2026-05-07,PRE-BREAKOUT,498.5,495.91,-0.5195586760280793,False,63.0052934685186,85.97226860479168,1.2689216405250712,19.248538789353915,0.2925558561266365,-0.5678421996413561,36.0,-0.4754262788365104,-0.1223671013039144,0.4613841524573744,1.21,Q3
DIA,2026-05-11,PRE-BREAKOUT,496.51,497.11,0.120843487543055,True,60.151637739257495,75.96485395832555,1.215052569481884,18.647236708117997,-0.0665148247435116,-1.1496314006774222,6.0,0.2779400213490152,0.8640309359328151,0.1007029062858754,0.010000000000000009,Q1 (lowest)
DIA,2026-05-12,PRE-BREAKOUT,497.07,497.89,0.1649667048906579,True,60.65471306022755,77.01578826081682,2.0302850705359528,18.34264052492761,-0.1206976323147839,-0.9543733811516164,0.0,0.0140825235882256,-0.3420041442855108,-0.6216428269660158,0.010000000000000009,Q1 (lowest)
DIA,2026-05-20,PRE-BREAKOUT,500.49,500.24,-0.0499510479729864,False,60.07101726443194,90.9419097527418,1.3807738140944463,14.870118235481334,0.3826065832624775,-1.578003586371779,79.0,0.5234869827568991,0.9510679534056604,1.3107154988111651,1.21,Q3
DIA,2026-05-21,PRE-BREAKOUT,501.24,503.11,0.3730747745590944,True,60.8072153857168,91.0876904815821,1.2700168674021044,14.774117296554875,-0.2918599072445298,-0.3307431759314541,69.0,0.9735855079403072,1.125209480488386,1.90327986593248,1.21,Q3
DIA,2026-05-28,PRE-BREAKOUT,507.12,507.05,-0.0138034390282365,False,65.42411274220497,94.43566041546842,1.2248528035456074,17.414864117772616,-0.3048058712121244,0.0,32.0,0.7217226691907178,1.3665404637955414,1.8890992270074225,1.21,Q3
DIA,2026-06-01,PRE-BREAKOUT,508.46,511.44,0.5860834677260784,True,64.52294017035535,87.2424825230291,1.2265313332992027,17.942170881233164,-0.1820744743333627,0.0,27.0,1.0993981827479005,1.6205797899539915,0.0885025370727383,1.21,Q3
DIA,2026-06-02,PRE-BREAKOUT,509.82,514.05,0.829704601624095,True,66.11860137298751,87.59593734802513,1.2542524923742533,18.50391006834272,-0.4614422024088874,0.0,10.0,-0.3059903495351305,-0.0235377191950108,-0.0804205405829446,1.21,Q3
DIA,2026-06-02,BREAKOUT,511.94,514.05,0.4121576747274986,True,69.75538701586981,95.00490539713842,1.6372420933644571,18.50391006834272,-0.4614422024088874,0.0,28.0,-0.7188342383873124,-0.4375512755401041,-0.4941985388912709,2.4499999999999997,Q5 (highest)
DIA,2026-06-03,PRE-BREAKOUT,509.46,508.26,-0.2355435166647016,False,62.929215694206825,79.9569295377358,1.2299782521010427,19.4286404261723,-0.5602567843594862,0.0,43.0,1.421112550543726,-0.1079574451379803,-1.807796490401598,0.010000000000000009,Q1 (lowest)
DIA,2026-06-04,PRE-BREAKOUT,514.63,516.7,0.4022307288731808,True,66.79216810631593,94.93299688435896,1.4435527131878931,20.020726593665177,1.0683508440562044,-1.1263495768894003,22.0,-0.9579698035481816,-1.0143209684627734,-1.0240366865514996,1.21,Q3
DIA,2026-06-05,PRE-BREAKOUT,515.17,509.7,-1.06178543005221,False,65.90743482294609,89.9525189745437,1.237624247717271,21.25898482478177,0.1954712599187131,0.0,18.0,-1.2151328687617553,-2.8961313741095096,-0.4095735388318445,1.21,Q3
DIA,2026-06-12,PRE-BREAKOUT,514.945,513.06,-0.3660585111031478,False,60.33386844574649,84.18944082412725,2.036598819187342,17.739367854258905,0.6930265431129207,-1.4205535126766076,2.0,0.6787132606394866,0.2631348979016991,0.4146073852547341,0.010000000000000009,Q1 (lowest)
DIA,2026-06-25,PRE-BREAKOUT,522.51,519.26,-0.6219976651164572,False,63.88824590038415,93.514578550821,1.427437944915087,16.908738739654638,0.5149271002082991,-0.5599877262964239,34.0,-0.9109873495244092,-0.02296606763507,1.027731526669347,1.21,Q3
DIA,2026-06-25,BREAKOUT,523.07,519.26,-0.7283919934234536,False,64.31416815384546,95.59136798883137,1.664047477645036,16.908738739654638,0.5149271002082991,-0.5599877262964239,45.0,-1.0170722847802491,-0.1300017206110202,0.9195709943219732,2.4499999999999997,Q5 (highest)
DIA,2026-06-29,PRE-BREAKOUT,522.08,521.68,-0.0766166104811697,False,63.09507747497614,87.55321754939611,1.1984226835171945,17.277649823751265,0.5562530178657644,-0.7076557226143093,27.0,0.0593778731228825,1.1109408519767,1.2201195219123515,1.21,Q3
DIA,2026-07-07,PRE-BREAKOUT,528.46,528.45,-0.0018922908072495,False,67.15665126837908,87.89174665547392,1.230491299396371,20.334069204931176,0.4555830142051281,0.0,26.0,-1.0767134693259763,-0.5071339363433492,-0.7133936343337209,1.21,Q3
DIA,2026-07-28,PRE-BREAKOUT,527.59,526.89,-0.1326787846623411,False,60.01910254948688,79.17450474851057,2.334635486411705,14.987864949842448,0.9457852127537244,-1.665754871814228,7.0,-2.308610853124597,-0.6197994654940354,2.4337079929490546,0.010000000000000009,Q1 (lowest)
DIA,2026-08-03,BREAKOUT,529.59,531.22,0.3077852678487122,True,59.09845724595127,95.32378075027572,1.7866022711942329,13.232936260776716,0.9974824534635154,-1.0884944066101947,20.0,2.0468664438527764,1.6238977322079386,1.7749579863668077,2.4499999999999997,Q5 (highest)
DIA,2026-08-10,PRE-BREAKOUT,539.11,538.99,-0.0222589082005536,False,62.87343460792705,86.49818998520331,1.2113216866469887,17.611377242193075,-0.1704903450576255,-0.5876826145428311,44.0,-0.3394483500584372,-0.222589082005536,-0.9126152362226556,1.21,Q3
DIA,2026-08-11,PRE-BREAKOUT,539.46,537.28,-0.4041078115152307,False,63.09100125489333,83.7222703937928,1.2226799194603597,18.127819952067096,0.170689623184096,-0.7037453252519181,30.0,-0.4282059837615503,-0.4930856782708785,-1.2141771401030783,0.010000000000000009,Q1 (lowest)
DIS,2025-02-05,PRE-BREAKOUT,113.86,110.54,-2.915861584401892,False,60.78585693037781,81.55296757757469,1.5427691827797656,22.562803453270345,2.118270079435133,-7.751180589480537,0.0,-1.554540663973297,-4.022483751976109,-4.066397330054449,-0.39,Q1 (lowest)
DIS,2025-12-19,PRE-BREAKOUT,112.87,111.24,-1.4441392752724458,False,61.48174975229165,90.41951572970878,1.4524095735645424,21.272270538918736,0.402252614641985,-9.78953310216918,37.0,-0.4341277575972438,1.4264197749623455,1.1694870204660166,0.81,Q2
DIS,2026-08-24,PRE-BREAKOUT,109.825,110.61,0.7147735033007026,True,68.67515206126392,94.00670271874704,1.4027417159348932,23.992432407421628,0.5659677120059375,-9.321891300689886,42.0,,,,0.81,Q2
FDX,2024-06-25,BREAKOUT,256.29,256.38,0.035116469624244,True,55.33409713381166,96.7000586492954,2.3667436945383487,13.286083330508204,-0.1403454056372124,-11.468903154552365,77.0,15.568301533419165,16.992469468180555,16.36037301494401,2.05,Q5 (highest)
FDX,2024-09-17,PRE-BREAKOUT,298.45,297.34,-0.3719215949070242,False,62.71007041118423,83.43438889554868,1.537533003208686,19.2028422813663,1.1516249188394916,-6.663051798928295,40.0,-0.0938180599765363,-14.679175741330209,-10.494220137376445,-0.39,Q1 (lowest)
FDX,2024-09-19,PRE-BREAKOUT,303.03,300.39,-0.8712008712008668,False,67.52796199102515,94.76989053960828,1.779992298502749,17.95830395551406,1.998859710903169,-4.896019392702209,47.0,-15.968715968715966,-11.84701184701184,-12.111012111012109,1.21,Q3
FDX,2025-10-30,PRE-BREAKOUT,251.78,248.93,-1.131940583048691,False,66.5861879891766,92.65541333827616,1.5150422330293274,26.421844900523684,-0.2323345617689409,-18.191053580206454,33.0,0.8102311541822194,0.0397172134403027,2.811978711573601,0.6100000000000001,Q2
FDX,2025-11-11,PRE-BREAKOUT,262.5875,267.72,1.9545865663826532,True,66.59620329714411,93.70489385523098,1.522442292952085,33.5439559292831,0.2717712395131853,-16.798295920039326,3.0,2.3163707335650168,1.8936544961203503,0.1875565287761248,0.6100000000000001,Q2
FDX,2025-12-18,PRE-BREAKOUT,286.84,287.12,0.0976153953423614,True,70.79914629795444,91.4725398777738,1.524070652740904,27.56911094348322,0.3295418305517192,-0.902451014818454,122.0,0.6763352391577179,2.918003067912427,3.308464649281833,1.5100000000000002,Q4
FDX,2025-12-19,PRE-BREAKOUT,284.2,288.78,1.6115411681914091,True,65.32953522255505,79.31869422142061,1.693239162145042,27.63579753225345,-5.245193647255504,0.0,0.0,3.019000703729762,4.11681914144968,3.057705840957072,0.010000000000000009,Q1 (lowest)
FDX,2025-12-19,BREAKOUT,288.75,288.78,0.0103896103896009,True,72.37066388649252,95.150945906078,2.294751875602194,27.63579753225345,-5.245193647255504,0.0,92.0,1.395670995670986,2.4761904761904683,1.433766233766229,2.7499999999999996,Q5 (highest)
FDX,2026-02-12,PRE-BREAKOUT,373.81,369.46,-1.1636927851047385,False,82.33097074369894,87.13518192753594,1.5769055281250166,41.90445827591659,-0.2832552565639014,-0.5606261679711814,21.0,0.243439180332261,2.4798694523955973,3.9244535994221703,-0.4899999999999999,Q1 (lowest)
GE,2024-09-13,PRE-BREAKOUT,175.545,178.28,1.5580050699250982,True,61.30228215838473,93.19706262013555,1.4994952414143434,15.005089974565085,-0.1708898055391821,-5.785032200755061,19.0,3.3581133042809594,4.560084308866686,6.770343786493503,0.81,Q2
GE,2024-09-16,PRE-BREAKOUT,177.47,181.44,2.236997802445483,True,62.62110561168771,94.67747375293328,1.5723946771081256,15.681310359424057,0.2468027821404519,-1.0215411947590514,0.0,1.611539978587938,4.896602242632556,6.310925790274406,1.21,Q3
GE,2025-05-22,PRE-BREAKOUT,230.65,230.27,-0.164751788424017,False,72.00663265939141,78.32834616967854,1.3940632041533036,34.29373130500146,-1.006251605720645,-0.7437630158527775,43.0,0.9278127032299962,5.644916540212435,6.616084977238236,0.31000000000000005,Q2
GE,2025-06-27,PRE-BREAKOUT,257.675,254.51,-1.2282914524109907,False,71.48581844179688,94.72043154749014,1.3908844478797364,29.8538104059604,0.338645418326691,-1.8112115166451488,42.0,-0.1106044435820413,-5.016008537886877,-3.5024740467643367,1.5100000000000002,Q4
GE,2025-07-17,PRE-BREAKOUT,266.2,260.28,-2.223891810668676,False,71.49351250414827,94.3019195848078,1.6902614159050278,25.156999039694284,1.359981967089941,0.0,11.0,-1.100676183320814,-2.704733283245676,0.6799398948159288,1.5100000000000002,Q4
GE,2025-10-20,PRE-BREAKOUT,303.38,302.68,-0.2307337332718006,False,61.23302317420227,82.34570903516101,1.4025574427471854,22.53608401384904,1.239421603251825,-1.7962896312534795,39.0,1.0712637616190916,0.9921550530687556,3.118201595358949,0.010000000000000009,Q1 (lowest)
GE,2025-10-21,PRE-BREAKOUT,304.5,306.63,0.6995073891625601,True,62.46529071689806,93.78227033395036,2.34588517617136,22.85810602607099,1.5263644773358016,-0.9652193829139772,0.0,-2.170771756978658,-0.2068965517241364,1.7372742200328477,1.21,Q3
GE,2025-10-21,BREAKOUT,304.73,306.63,0.6235027729465353,True,62.69837489914856,95.25990935043092,1.9739593200437453,22.85810602607099,1.5263644773358016,-0.9652193829139772,67.0,-2.2446099826075647,-0.2822170445968607,1.6604863321628989,2.4499999999999997,Q5 (highest)
GILD,2024-09-12,PRE-BREAKOUT,82.08,83.16,1.3157894736842086,True,72.8912049271063,94.22179791340214,1.4407269029348213,39.63590438343155,2.569804793674325,-7.274601901706963,3.0,0.8893762183235916,1.181773879142299,2.2173489278752525,1.11,Q3
GILD,2024-09-12,BREAKOUT,82.27,83.16,1.0818038167011068,True,73.36183090627499,95.76319495591083,2.4106357418442195,39.63590438343155,2.569804793674325,-7.274601901706963,26.0,0.6563753494591058,0.9480977269964764,1.981281147441364,1.65,Q5 (highest)
GILD,2024-09-16,PRE-BREAKOUT,82.88,83.16,0.3378378378378392,True,73.21692691128747,90.22343127169246,1.3784046060807973,42.51335472853845,0.2294408887815454,-5.132317562149162,44.0,0.2051158301158321,1.2306949806949932,1.3392857142857135,1.11,Q3
GILD,2024-09-20,PRE-BREAKOUT,83.35,83.94,0.7078584283143413,True,70.94470111357388,80.32192882582103,1.3047717256203175,47.06829082799976,-0.7628128724672235,-3.883606369572689,14.0,0.7678464307138579,-1.367726454709059,0.3119376124775107,0.31000000000000005,Q2
GILD,2024-10-29,PRE-BREAKOUT,87.99,88.08,0.1022843504943782,True,62.71518012150475,76.34032553699065,1.3098635558414349,49.58340088350607,-0.4281207751239405,-0.2696629213483089,2.0,0.3409478349812608,1.7274690305716676,2.5343789066939477,0.010000000000000009,Q1 (lowest)
GILD,2025-03-04,PRE-BREAKOUT,114.8,114.74,-0.0522648083623713,False,75.34179544505714,83.24671437469694,1.3223785842353166,52.29627093787855,1.086300543150276,0.0,40.0,0.5574912891986068,2.2735191637630656,-0.3222996515679358,0.31000000000000005,Q2
GILD,2025-03-07,PRE-BREAKOUT,117.128,117.41,0.2407622430161844,True,78.10885370473318,81.93414481932544,1.3531308796855197,53.53162934953082,-0.336091003102379,0.0,30.0,0.0700088791749143,-2.6791202786694943,-4.856225667645655,0.31000000000000005,Q2
GILD,2025-10-31,PRE-BREAKOUT,121.73,119.79,-1.593690955393081,False,60.26291366010348,74.44186281969232,1.5920501809077423,25.33758783870771,-2.00945626477541,-4.545454545454546,,0.2628768586215338,0.6982666557134596,-2.3741066294257784,1.21,Q3
GILD,2025-11-21,PRE-BREAKOUT,126.365,126.64,0.2176235508249956,True,60.130835782439256,81.36539723566086,1.2403587157165512,17.934013644125244,0.2800224017921502,-2.4049348012805485,15.0,-0.8665374114667819,0.9061053297986076,-1.6104142761049316,0.010000000000000009,Q1 (lowest)
GILD,2026-02-11,PRE-BREAKOUT,154.94,155.8,0.5550535691235405,True,74.9060364345766,90.02988410940596,1.3399284747615503,43.52168373006022,1.1308836514297498,-3.45573770491804,30.0,-2.0201368271588973,0.2129856718729911,-2.465470504711497,1.5100000000000002,Q4
GLD,2024-08-01,PRE-BREAKOUT,226.15,225.77,-0.1680300685385785,False,60.587611527028834,80.65462162816227,1.3512466377523689,16.007834312049496,0.0838666960935765,-0.7621884445223097,33.0,-0.3581693566217123,-2.4099049303559656,-0.9462745965067498,0.010000000000000009,Q1 (lowest)
GLD,2024-08-20,PRE-BREAKOUT,232.08,232.46,0.1637366425370542,True,65.8353901561332,94.6540001056852,1.775889791292837,17.763997280662196,0.9066966020465412,-0.1638001638001618,0.0,0.0301620130989284,-0.0258531540847993,0.5644605308514192,1.21,Q3
GLD,2024-09-18,PRE-BREAKOUT,238.31,235.51,-1.1749402039360546,False,66.39543879439475,94.19646328403776,1.3447293789289971,22.268936543934657,0.3581360074155196,-0.5614211496564452,107.0,0.3608744912089233,1.8337459611430509,3.113591540430526,1.21,Q3
GLD,2024-09-26,PRE-BREAKOUT,246.14,246.98,0.3412691963922984,True,73.79039721893224,93.98541475958947,1.423653087128485,30.770715957757595,0.2889350099702958,-0.1381720648595941,31.0,-0.4550255951897198,-0.2153246120094144,-0.264077354351173,1.5100000000000002,Q4
GLD,2024-09-27,PRE-BREAKOUT,244.99,245.02,0.012245397771338,True,68.43097008429682,83.85298964059756,1.3963121643492902,32.609336509964734,-0.2712770264798719,0.0,38.0,-0.7877872566227221,0.2734805502265347,0.0040817992571088,0.010000000000000009,Q1 (lowest)
GLD,2024-09-30,PRE-BREAKOUT,243.29,243.06,-0.0945373833696369,False,63.495832454304704,73.85931977493779,1.3376896094120234,33.735260373563506,-0.4285364460044124,-0.7935865252247064,,0.9535944757285632,0.9042706235357052,0.3617082494142773,1.21,Q3
GLD,2024-10-01,PRE-BREAKOUT,246.1375,245.61,-0.2143111065969123,False,67.4145739125058,83.10861958863762,1.3383940388923654,33.864425728554174,0.8804410433637728,-1.587173050449424,25.0,-0.1939972576303863,-0.4621400639886196,-1.5306485196282502,0.010000000000000009,Q1 (lowest)
GLD,2024-10-23,PRE-BREAKOUT,251.75,250.87,-0.3495531281032752,False,67.55751534250882,90.40091690106075,1.329854674210354,36.4210990309488,-0.3347379198991825,0.0,15.0,0.4170804369414146,0.6276067527308888,2.284011916583913,1.21,Q3
GLD,2024-10-29,PRE-BREAKOUT,255.035,256.09,0.4136687121375413,True,71.29336063574719,91.49287803656004,1.362897519166562,36.82145588431972,0.4579007618521282,-0.2362855905170693,39.0,0.9665340051365512,-1.0057443096045633,-0.6410884780520285,1.5100000000000002,Q4
GLD,2024-10-29,BREAKOUT,255.7834,256.09,0.1198670437565434,True,72.31073400331876,95.01293502759049,1.7689950725898385,36.82145588431972,0.4579007618521282,-0.2362855905170693,57.0,0.6711147009540102,-1.2953928988354997,-0.9318040185563232,2.05,Q5 (highest)
GLD,2024-10-30,PRE-BREAKOUT,256.995,257.5,0.1965018774684314,True,73.8945941349476,94.51867256186908,1.2965791462660394,37.61377716630848,0.2616267718380319,0.0,41.0,-1.3560575108465198,-1.620654098328758,-4.395027140605855,1.5100000000000002,Q4
GLD,2024-10-31,PRE-BREAKOUT,253.6,253.51,-0.0354889589905376,False,62.242309937531,73.59505698446391,1.313031395024583,38.64563076396501,-0.7689320388349474,0.0,,-0.4455835962145092,-0.0788643533122983,-1.5575709779179765,1.21,Q3
GLD,2025-01-10,BREAKOUT,249.0,248.21,-0.3172690763052176,False,60.35100894327932,95.23632128665518,2.120118954227127,9.398329825753445,0.8744814121857875,-4.520388349514557,21.0,-1.3092369477911612,-0.0481927710843391,0.1084337349397631,2.4499999999999997,Q5 (highest)
GLD,2025-01-17,PRE-BREAKOUT,250.23,249.27,-0.3836470447188504,False,60.89282191831253,94.9381675641202,1.4655259022423843,11.648512025740754,-0.3591380686352776,-2.6796116504854397,56.0,1.1589337809215543,1.534588178875436,1.1029852535667264,1.21,Q3
GLD,2025-01-30,PRE-BREAKOUT,257.51,258.05,0.2097005941516913,True,66.17853424554372,92.53190389093304,1.6722880154644566,16.85366218003958,1.1801730920535012,-1.281553398058257,18.0,0.4077511552949445,1.9377888237350045,2.298939846996239,1.21,Q3
GLD,2025-01-30,BREAKOUT,258.2,258.05,-0.0580945003872878,False,67.04246109376193,95.4543649213108,2.310831801442573,16.85366218003958,1.1801730920535012,-1.281553398058257,30.0,0.1394268009295172,1.6653756777691755,2.0255615801704177,2.4499999999999997,Q5 (highest)
GLD,2025-01-31,PRE-BREAKOUT,259.05,258.56,-0.1891526732291098,False,68.13586661093873,94.69659352379163,1.3322266928009898,17.590117814067355,0.3991474520441669,0.0,42.0,0.3435630187222491,1.9610113877629736,1.8722254391044064,1.21,Q3
GLD,2025-02-03,PRE-BREAKOUT,259.93,259.94,0.0038471896279732,True,69.30183213802492,93.49170206150404,1.9116847573552087,18.62410309643816,0.4602413366336624,0.0,20.0,0.9887277343900254,1.346516369791867,3.2470280460123866,1.21,Q3
GLD,2025-02-03,BREAKOUT,260.58,259.94,-0.2456059559444264,False,70.07958824040269,96.02015363305158,2.7131934999298832,18.62410309643816,0.4602413366336624,0.0,32.0,0.736817867833301,1.093714022565056,2.989484995011137,2.7499999999999996,Q5 (highest)
GLD,2025-02-06,PRE-BREAKOUT,263.15,263.43,0.1064031920957741,True,71.18439220995161,90.93720365581385,1.3609894543024672,23.06541471648528,-0.1779426797410254,0.0,34.0,0.2850085502565077,1.611248337450127,2.7208816264488034,1.5100000000000002,Q4
GLD,2025-02-07,PRE-BREAKOUT,265.2651,263.9,-0.5146172640125071,False,74.09359435740375,94.49494327518784,1.5542971109638166,23.827423682901568,0.6794973996887296,-0.265021012380263,31.0,1.1704894462181366,0.9066024893587576,0.3863682029788322,1.5100000000000002,Q4
GLD,2025-02-19,PRE-BREAKOUT,269.55,270.85,0.4822852902986501,True,68.00467996610223,82.18151974730411,1.370300573745178,29.74160173752042,-0.0073882526782348,0.0,72.0,0.5342237061769607,0.9868299016879866,-0.1929141161194727,0.010000000000000009,Q1 (lowest)
GLD,2025-09-10,PRE-BREAKOUT,335.82,335.26,-0.1667560002382235,False,77.90717085554485,93.67198618414358,1.4306608982659954,28.150568612099555,0.4999101957732192,-0.2269876351472406,45.0,-0.3156452861652082,0.9201357870287749,0.3424453576320749,1.5100000000000002,Q4
GLD,2025-09-16,PRE-BREAKOUT,339.195,339.59,0.1164521882692792,True,79.65537130180574,84.2112687141838,1.435169432891418,29.9508470552592,0.3481750317193207,0.0,36.0,-0.6559648579725426,-0.0044222349975637,2.14183581715532,0.31000000000000005,Q2
GLD,2025-09-18,PRE-BREAKOUT,334.925,335.62,0.2075091438381706,True,67.80660190573974,70.25544426195782,1.449181836936218,30.835010356170987,-0.2225717422915986,-0.7715185959539291,,1.2704336791819049,3.444054639098296,2.933492572964093,1.21,Q3
GLD,2025-10-02,PRE-BREAKOUT,352.86,354.79,0.5469591339341401,True,73.19247756744181,86.29895563913813,1.4273183686725122,36.29679074759811,0.6263517119343927,0.0,17.0,1.3546449016607076,3.7975401008898646,3.562319333446691,1.5100000000000002,Q4
GLD,2025-10-09,PRE-BREAKOUT,369.69,365.43,-1.1523168059725692,False,80.70269735405026,93.33472900351636,1.429345511349974,40.02207135004034,0.22428149341928,0.0,11.0,-0.1541832346019619,3.002515621196144,7.238497119207983,-0.4899999999999999,Q1 (lowest)
GLD,2025-10-10,PRE-BREAKOUT,368.98,369.12,0.0379424359043813,True,75.10801586971887,88.89986754578429,1.457679120291293,39.53413782397998,0.5774019648085854,-1.8452860596293328,36.0,2.4689685077781878,4.989430321426626,5.42305816033389,1.5100000000000002,Q4
GLD,2025-10-17,PRE-BREAKOUT,391.4,388.99,-0.6157383750638652,False,78.39487937390817,93.38486373117134,1.9420743036841912,42.62312761941709,0.174044646235338,0.0,9.0,3.0020439448134906,-3.607562595809914,-3.546244251405211,1.5100000000000002,Q4
GLD,2025-10-21,PRE-BREAKOUT,385.23,377.24,-2.0740856111933152,False,63.11978708033661,74.46590912915434,1.5479457182818128,43.61784578035032,-4.120054570259199,0.0,,-2.063702203878214,-2.0014017599875493,-5.41235106300133,1.21,Q3
GLD,2025-12-01,PRE-BREAKOUT,389.5,389.75,0.0641848523748395,True,64.86374316602294,94.74792519500144,1.5028750417702306,14.969881749251302,0.7038259255439874,-3.787672082351478,44.0,-0.5802310654685471,-0.6084724005134801,-1.0474967907573771,1.21,Q3
GLD,2025-12-12,PRE-BREAKOUT,395.46,395.44,-0.005057401507101,False,68.76087595842588,94.7355046414094,2.0255957197213017,17.907918921535504,1.5041704811311067,-2.458142130720568,0.0,0.085975825620804,0.9684923886107422,0.9002174682648061,1.21,Q3
GLD,2025-12-12,BREAKOUT,395.655,395.44,-0.0543402711958587,False,68.92202095655782,95.29843877902772,2.0980963541837565,17.907918921535504,1.5041704811311067,-2.458142130720568,47.0,0.0366480898762908,0.918729701381266,0.8504884305771466,2.4499999999999997,Q5 (highest)
GLD,2025-12-17,PRE-BREAKOUT,398.42,399.29,0.2183625320014066,True,71.51214258985948,92.07531041645812,1.506401643981511,22.33475895986508,0.55318396524287,-1.800818553888129,47.0,0.0376487124140297,2.4622257918779185,3.3908940314241227,1.5100000000000002,Q4
GLD,2025-12-18,PRE-BREAKOUT,400.75,398.57,-0.5439800374298208,False,73.47420671252792,94.59186360357272,1.6902787494266729,23.752929420630963,-0.2529489844474061,-0.9574600024804556,48.0,-0.4316905801622004,3.216469120399248,3.9900187149095463,1.5100000000000002,Q4
GLD,2026-01-05,PRE-BREAKOUT,409.03,408.76,-0.0660098281299615,False,62.49136847730351,79.05506445570525,1.5591610568698802,29.028607349125345,2.036255900371601,-4.42962038681193,29.0,1.0145955064420786,0.6014228785174771,3.227147153020572,0.010000000000000009,Q1 (lowest)
GLD,2026-01-14,PRE-BREAKOUT,424.21,425.94,0.407816883147502,True,69.93300099215118,94.50511411505413,1.7113284824789172,28.34168109097004,1.0435690060005165,-0.1421026454775887,39.0,-0.2074444261097087,3.069234577214125,6.501496900120234,1.21,Q3
GLD,2026-01-15,PRE-BREAKOUT,424.909,423.33,-0.3716089798050895,False,69.47495906157731,90.41306199228212,1.4865808226022292,28.89168964593974,-0.6855425646804751,0.0,36.0,-0.8517117782866382,4.398824218832745,7.787785149290792,1.21,Q3
GLD,2026-01-16,PRE-BREAKOUT,418.64,421.29,0.6330021020447244,True,61.61363764274402,72.08671816749556,1.614937322049804,29.39249250917821,-0.1251978362034282,-0.6127623608959041,,4.44056946302313,7.918497993502779,11.002293139690426,1.21,Q3
GLD,2026-01-29,PRE-BREAKOUT,471.53,495.9,5.168281975696139,True,69.29125075737905,85.39401164584453,3.4571808727270628,40.4379359376418,3.022889032675508,0.0,0.0,-5.636969015757213,-3.656183063643872,-6.288041057833008,1.21,Q3
GLD,2026-01-29,BREAKOUT,486.0922,495.9,2.0176830650646087,True,80.11153460190924,96.13471159252424,5.990973834545396,40.4379359376418,3.022889032675508,0.0,20.0,-8.463867554344628,-6.5424213760270105,-9.09543498126487,0.050000000000000044,Q2
GLD,2026-01-30,PRE-BREAKOUT,463.1856,444.95,-3.936996314220484,False,62.663979215256326,72.3058965988695,1.607091288427853,43.036962269725024,-5.980036297640648,0.0,,-7.784266177532295,-1.989612803161409,-1.667927500336807,1.21,Q3
GLD,2026-08-17,PRE-BREAKOUT,405.56,405.49,-0.0172600848209865,False,65.61330640603902,88.13658546535228,1.6472654956645456,24.06900909617081,0.2129620404503241,-19.04012905827787,42.0,-1.7284742085018223,2.3917546109083707,5.210079889535455,0.6100000000000001,Q2
GLD,2026-08-18,PRE-BREAKOUT,400.33,398.55,-0.4446331776284497,False,60.16534324985526,75.75501912373312,1.809407610691644,24.53271625759546,-0.7250487065032424,-18.231498285944745,2.0,3.37471585941598,5.752753977968183,,-0.5900000000000001,Q1 (lowest)
GLD,2026-08-19,PRE-BREAKOUT,411.54,413.84,0.5588764154152585,True,65.91272556475973,90.81748615895609,1.6761169217717773,24.237015851340324,2.5743319533308218,-19.630973986690854,19.0,0.9039218544977332,3.681294649365791,,0.6100000000000001,Q2
GLD,2026-08-20,PRE-BREAKOUT,414.895,415.26,0.0879740657274754,True,67.45053491223187,90.41918432171782,1.827370704283515,24.86375517181565,-0.9085636961144382,-16.54769106674733,32.0,2.040275250364558,,,0.6100000000000001,Q2
GLD,2026-08-24,PRE-BREAKOUT,425.81,426.69,0.2066649444587951,True,72.14834488027735,94.06334537324337,2.993065984221539,26.97918639517245,1.2259070294784573,-14.62794918330308,0.0,,,,1.11,Q3
GLD,2026-08-24,BREAKOUT,426.71,426.69,-0.0046870239741233,False,72.49567490263456,95.08577693363016,2.3008682444809154,26.97918639517245,1.2259070294784573,-14.62794918330308,24.0,,,,2.3499999999999996,Q5 (highest)
HD,2024-06-12,BREAKOUT,346.03,344.14,-0.5461954165823734,False,59.98543332227532,95.29540773127148,1.7858389561349433,15.07548252737254,3.368878827594408,-15.050607287449385,37.0,0.5346357252261431,1.0028032251538963,2.1414328237436133,1.85,Q5 (highest)
HD,2024-06-21,PRE-BREAKOUT,353.91,355.8,0.534034076460113,True,65.31027292540408,91.8853719879838,1.1262500939942004,21.03996101673719,0.3961068356722435,-10.566801619433196,6.0,-0.8561498686106721,-3.416122743070281,-2.732333079031396,0.81,Q2
HD,2024-07-11,PRE-BREAKOUT,353.26,353.79,0.1500311385381955,True,61.35436694988007,83.08120195937741,1.1672568854834038,13.350730665010968,1.9176012551571755,-12.909919028340076,9.0,1.8428353054407491,4.489611051350284,3.629055086904828,-0.39,Q1 (lowest)
HD,2024-09-20,PRE-BREAKOUT,388.64,389.86,0.3139151914368123,True,69.80670375485568,94.06622208111018,1.1290777403953134,20.91404358527758,-0.5149356970845906,-1.2297570850202464,3.0,0.8542610127624519,2.133079456566493,2.8020790448744304,1.21,Q3
HD,2024-09-20,BREAKOUT,389.29,389.86,0.1464204063808454,True,70.81585410321799,95.56423178174846,1.5578571481212264,20.91404358527758,-0.5149356970845906,-1.2297570850202464,41.0,0.6858640088365895,1.9625472013152112,2.6304297567366106,2.7499999999999996,Q5 (highest)
HD,2024-10-04,PRE-BREAKOUT,400.03,408.36,2.0823438242131944,True,62.03474680628995,67.09222248874264,1.18342332701659,41.80842129033192,-0.3668788570873198,0.0,,2.007349448791348,4.009699272554563,2.967277454190937,1.21,Q3
HD,2024-10-07,PRE-BREAKOUT,406.52,408.06,0.3788251500541229,True,70.58351944837551,75.41634475408463,1.1607033851639217,41.6357774792272,-0.8497404251151012,-0.7823509402789179,40.0,1.884286135983476,0.8462068286923148,2.1893141788841963,0.31000000000000005,Q2
HD,2024-10-09,PRE-BREAKOUT,413.19,416.07,0.697015900675233,True,75.10680567103843,82.22209510088668,1.1625780886498258,41.905369450216696,1.4051861509488612,0.0,37.0,-0.7817226941600761,0.5397032842033975,1.3117452019652014,0.31000000000000005,Q2
HD,2025-01-27,PRE-BREAKOUT,419.75,424.87,1.2197736748064336,True,64.26622319519885,94.03545215608716,1.1083813889516554,26.6468729834231,0.0965018094089209,-3.9107958365208537,42.0,-0.2191780821917846,-1.2507444907683145,-2.6182251340083407,1.21,Q3
HD,2025-05-20,PRE-BREAKOUT,382.21,377.05,-1.3500431699850786,False,64.49644062557797,94.94554716680032,1.86190904168556,19.44666474117437,1.842479835521116,-12.05229849085472,12.0,-2.9748044268857448,-5.101907328432014,-3.702153266528866,0.81,Q2
HD,2025-07-01,PRE-BREAKOUT,376.9095,373.16,-0.9948011392655148,False,63.158748691836166,94.14437197014774,1.3261992707802448,15.390925326682693,-0.6273183504254886,-15.005679579015698,46.0,-1.3423646790542445,-2.459343688604292,-1.5572703792289553,0.6100000000000001,Q2
HD,2025-08-15,PRE-BREAKOUT,396.71,399.38,0.6730357187870273,True,63.99653888903795,82.48108523030034,1.3074135320949587,30.582069137254607,0.47212230215827,-7.1979970790736525,38.0,-0.5066673388621389,1.2679287136699426,4.05333871089714,-0.39,Q1 (lowest)
HD,2025-08-18,PRE-BREAKOUT,395.93,394.7,-0.3106609754249534,False,62.87811939913787,77.50914162043016,1.2908715831508522,31.316295094302383,-0.7035905653763339,-7.4159074576349795,15.0,2.846462758568429,0.4470487207334584,3.275831586391526,-0.39,Q1 (lowest)
HD,2025-08-19,PRE-BREAKOUT,406.01,407.2,0.2930962291569168,True,68.31363043045863,94.4496908983824,2.399249573499432,31.38986807989841,1.5999493286040023,-8.5008229594084,0.0,-1.05169823403364,1.669909608137738,0.3768380089160438,0.81,Q2
HD,2025-08-19,BREAKOUT,406.46,407.2,0.182059735275306,True,68.53476864838109,95.21944302162416,2.162559105726142,31.38986807989841,1.5999493286040023,-8.5008229594084,17.0,-1.1612458790532822,1.5573488166117309,0.2657088028342373,1.35,Q4
HD,2025-08-20,PRE-BREAKOUT,404.63,401.74,-0.7142327558510211,False,66.08726279069512,86.33913677622039,1.481926464804853,32.743166136866016,0.6090373280943071,-5.603078563646061,42.0,-1.7126757778711432,1.0552850752539311,0.8921730964090685,0.81,Q2
HD,2025-08-22,PRE-BREAKOUT,411.15,412.79,0.3988811869147619,True,66.67439391926425,93.07087242108952,1.3006897463597231,34.15005629141044,0.7970832285642484,-7.805364304425439,17.0,-0.547245530828165,-0.7077708865377522,-1.0653046333454934,0.81,Q2
HD,2025-09-05,PRE-BREAKOUT,415.49,418.95,0.832751690774743,True,67.45787212630118,89.26640202121257,1.304961015023939,35.31126098856321,1.1890014331171468,-4.562208776688228,18.0,1.0710245733952657,-0.5439360754771453,1.7328936917856,1.21,Q3
HD,2025-09-05,BREAKOUT,417.75,418.95,0.287253141831236,True,68.80290586795535,95.227230253865,1.8695897488741064,35.31126098856321,1.1890014331171468,-4.562208776688228,39.0,0.5242369838420102,-1.081986834230995,1.1825254338719324,1.75,Q5 (highest)
HD,2026-01-22,PRE-BREAKOUT,383.69,381.03,-0.6932680028147788,False,67.06198432272768,84.74839081032933,1.3860203232001045,15.519659124027676,0.4705698835274549,-9.468778685244905,37.0,0.0208501654981844,-0.867888138862098,-3.096249576481012,-0.39,Q1 (lowest)
HD,2026-02-03,PRE-BREAKOUT,383.6,381.1,-0.6517205422314911,False,61.24477284731743,71.29513622575206,1.33473071924735,15.655590552532235,-0.2195070348037617,-10.69859713759388,,0.9384775808133384,0.4040667361835126,1.5849843587069825,0.81,Q2
HON,2024-06-17,PRE-BREAKOUT,209.89,211.95,0.9814664824431856,True,64.6076738134315,78.47186712460086,1.3147510330652874,30.54479856411681,-0.2541600728911913,-1.0486855841321097,26.0,1.4197913192624796,2.4774882081090177,2.172566582495594,0.010000000000000009,Q1 (lowest)
HON,2024-06-20,PRE-BREAKOUT,214.125,214.14,0.0070052539404489,True,71.45654634976037,90.00750602523534,1.2560544291311373,31.840050266986218,0.2489782496359285,0.0,33.0,0.4506713368359619,0.1517805020431937,0.1190893169877386,1.5100000000000002,Q4
HON,2024-06-21,PRE-BREAKOUT,215.41,215.09,-0.1485539204308032,False,73.29550450169745,90.61471865447908,1.5582289583780344,32.920055042577026,0.7681890352106148,0.0,2.0,0.2228308806462048,-0.9191773826656096,-0.8681119725175268,1.5100000000000002,Q4
HON,2024-10-22,PRE-BREAKOUT,220.84,222.35,0.6837529433073677,True,73.55302577805452,83.57400895322266,1.374118617950565,31.164465546865884,-0.4288939051918685,-0.2342131339519008,34.0,-0.2264082593733019,-5.814164100706395,-6.72885346857454,0.31000000000000005,Q2
HON,2024-10-23,PRE-BREAKOUT,222.23,220.34,-0.8504702335418199,False,76.51907029562686,83.7953021531529,1.368748083649501,33.02394140868516,-0.3642905329435585,0.0,31.0,-5.908293209737658,-7.258245961391349,-8.11321603743869,0.31000000000000005,Q2
HON,2025-05-29,PRE-BREAKOUT,224.29,225.19,0.4012662178429737,True,61.43445567375751,74.79043404664822,1.4167109243088347,25.52127902380973,0.4140510217710602,-4.826271186440672,,1.0611262205180774,1.105711355833973,1.0611262205180774,1.21,Q3
HON,2026-01-29,PRE-BREAKOUT,225.865,227.24,0.6087707258760764,True,69.79072404824777,88.33711845534442,1.3842407133495722,34.93728667788425,2.123338257016259,-9.883527454242936,36.0,0.7327385827817506,2.2336351360325803,3.5352976335421533,0.81,Q2
HON,2026-03-03,PRE-BREAKOUT,244.04,243.85,-0.0778560891657096,False,63.817779905295644,70.02438978617738,1.3246000649786362,54.29000854158818,-1.6569908079341982,0.0,,0.7908539583674835,-3.5854777905261432,-1.4055072938862394,1.21,Q3
HOOD,2024-10-15,PRE-BREAKOUT,26.1022,26.8,2.6733378795657106,True,67.50688771414436,87.75841490223056,1.899900201544204,34.28917752896325,0.5000000000000058,0.0,15.0,3.17138019017554,2.788270720475663,5.010305644734928,1.21,Q3
HOOD,2024-11-06,PRE-BREAKOUT,27.92,29.86,6.9484240687679,True,60.85855620749176,76.87744044091495,2.23168061870573,32.83558036991468,11.097756410256409,-11.52073732718894,0.0,5.1575931232091605,17.478510028653275,14.290830945558731,-0.39,Q1 (lowest)
HOOD,2024-11-06,BREAKOUT,29.1347,29.86,2.4894713177070664,True,64.42651747433123,95.52504147205036,4.240972681200466,32.83558036991468,11.097756410256409,-11.52073732718894,18.0,0.773304684791677,12.58053111924955,9.525754512660168,1.35,Q4
HOOD,2024-11-18,PRE-BREAKOUT,34.545,35.0,1.3171225937183335,True,72.9001878134152,94.95225479856184,1.9051146260548888,36.05609203857377,2.4443069306930667,-2.06060606060606,65.0,2.011868577218122,1.5776523375307618,9.56723114777826,1.5100000000000002,Q4
HOOD,2024-11-20,PRE-BREAKOUT,36.5221,36.08,-1.2104999438696118,False,76.58385437429644,94.89418224534172,2.1954943589568785,38.4103449780428,4.994324631101016,0.0,15.0,-3.921187445409761,3.635880740702204,3.088267104027416,1.5100000000000002,Q4
HOOD,2024-12-05,PRE-BREAKOUT,40.62,38.92,-4.185130477597233,False,76.78603209072452,93.25682477785182,1.8826874526616648,42.49952737716442,6.775000000000002,0.0,12.0,2.5849335302806606,-8.02560315115706,-3.175775480059082,1.5100000000000002,Q4
HOOD,2025-01-14,PRE-BREAKOUT,42.7463,41.76,-2.307334202024503,False,60.02495069723836,89.12868938691545,1.9819754587930327,15.543259767892616,5.582217731750426,-8.35648148148148,33.0,6.582324084189753,12.641328021372612,17.34348937802804,0.81,Q2
HOOD,2025-01-27,PRE-BREAKOUT,47.88,47.74,-0.2923976608187146,False,62.00787007166984,74.12005806796128,1.837683931998554,26.540392055953724,-5.457746478873238,0.0,,3.174603174603166,10.693400167084372,8.395989974937335,1.21,Q3
HOOD,2025-02-18,PRE-BREAKOUT,61.9502,60.44,-2.437764526991042,False,68.13645669686889,92.98354276202674,1.8034129364508569,27.069345402529592,-0.107230392156874,0.0,19.0,-4.390946276202508,-16.707290694783875,-25.8759455175286,1.21,Q3
HOOD,2025-06-03,PRE-BREAKOUT,70.84,71.72,1.242236024844714,True,74.55972698956722,90.58825433937088,1.5031303923954675,34.51317089730798,2.824360105913506,0.0,35.0,2.0186335403726603,5.702992659514387,2.3574251835121425,1.5100000000000002,Q4
HOOD,2025-06-05,PRE-BREAKOUT,72.46,72.51,0.0690035881866014,True,76.16784853589874,93.29604498551,2.0683104774736223,36.86606643633809,1.7711360177113618,0.0,59.0,3.339773668230751,0.0690035881866014,1.904499033949779,1.5100000000000002,Q4
HOOD,2025-06-05,BREAKOUT,73.0703,72.51,-0.766795811704616,False,76.78157130488273,95.743027559631,2.1444479477565097,36.86606643633809,1.7711360177113618,0.0,65.0,2.4766560421949717,-0.766795811704616,1.0533691527200522,2.05,Q5 (highest)
HOOD,2025-06-09,PRE-BREAKOUT,69.3776,73.4,5.797836765757254,True,62.94648662741148,70.7726372354207,1.5341305567732046,40.05351601582991,-3.766025641025632,0.0,,4.5150019602869,6.432047231383044,10.626484629044532,1.21,Q3
HOOD,2025-06-10,PRE-BREAKOUT,70.8828,72.51,2.2956203761702443,True,66.08047854343361,74.78467130227942,1.5403330793028915,39.61465618959503,-0.2179836512261727,-1.9764957264957128,,5.639167752966858,2.4225905297194683,5.737922316838499,1.21,Q3
HOOD,2025-06-24,PRE-BREAKOUT,80.89,82.01,1.3845963654345463,True,70.85053490538664,94.5949504707506,1.6663748452621718,37.47382259474044,2.030124426981024,-2.7388535031847208,49.0,2.2994189640252185,2.645568055383855,14.142662875509949,1.5100000000000002,Q4
HOOD,2025-06-25,PRE-BREAKOUT,82.339,82.75,0.499155928539333,True,72.30686127972942,94.98259036528948,1.596650152324049,37.66127453474211,3.5727350323131235,0.0,0.0,2.6488055477963024,13.712821384762988,18.995858584631836,1.5100000000000002,Q4
HOOD,2025-07-03,PRE-BREAKOUT,92.475,94.4,2.081643687483116,True,68.90735111807602,88.77465084740045,1.6169075164855002,44.7742483615073,-2.541334966319666,0.0,22.0,1.0651527439848605,2.233035955663706,6.342254663422557,1.21,Q3
HOOD,2025-07-08,PRE-BREAKOUT,91.02,91.27,0.2746649088112503,True,65.7942796953252,76.11573607965319,1.5738190878107388,47.763876325183226,2.075754333404678,-4.613186364564207,28.0,3.867281916062415,8.042188529993416,9.36058009228742,0.010000000000000009,Q1 (lowest)
HOOD,2025-07-11,PRE-BREAKOUT,99.9,98.34,-1.5615615615615637,False,73.44187690373211,88.82636969991916,1.5905500844206766,51.9235144781724,-1.215805471124623,0.0,31.0,0.0600600600600481,3.3533533533533477,9.84984984984984,1.5100000000000002,Q4
HOOD,2025-07-16,PRE-BREAKOUT,101.23,103.25,1.995455892521976,True,73.64714561150345,83.32714230050225,1.597678392688518,55.64270154414368,0.4822182037371807,-0.4201680672268783,43.0,4.168724686357797,3.072211794922453,0.8396720339820154,0.31000000000000005,Q2
HOOD,2025-07-18,PRE-BREAKOUT,108.75,109.74,0.9103448275862024,True,78.97672620380914,94.5017985023075,1.7254825776698943,57.48348308803462,4.077761972498812,0.0,0.0,-4.0551724137931,-6.133333333333335,-3.586206896551729,1.5100000000000002,Q4
HOOD,2025-07-31,PRE-BREAKOUT,106.435,103.05,-3.180344811387236,False,65.4774083371041,76.26959586075066,1.5891463589516923,51.50912691467381,-2.1065032987747405,-3.316930927647167,1.0,-6.139897590078449,-0.9160520505472904,4.505097007563303,0.010000000000000009,Q1 (lowest)
HOOD,2025-08-13,PRE-BREAKOUT,109.9495,108.62,-1.2091914924578977,False,60.077577719976,70.29008772665664,1.9278457266151487,35.00994684567435,1.3673415724428102,-0.4710808688824845,,0.6916811809057734,4.61166262693327,-4.192379228645875,1.21,Q3
HOOD,2025-09-08,PRE-BREAKOUT,114.91,117.28,2.06248368288226,True,62.04956545843733,88.06585333085111,1.5929290421179825,20.26672755372761,9.264197530864193,-11.97183098591549,5.0,3.124184144112787,2.471499434339921,-0.0696197023757708,0.81,Q2
HOOD,2025-09-08,BREAKOUT,116.5701,117.28,0.6089897838296481,True,63.44970992043936,95.0213850943786,3.698077891887014,20.26672755372761,9.264197530864193,-11.97183098591549,58.0,1.655570339220781,1.01218065352951,-1.4927498560951722,2.05,Q5 (highest)
HOOD,2025-09-09,PRE-BREAKOUT,114.49,118.5,3.502489300375583,True,60.068644570952216,83.21968938654427,1.6263399648075854,19.335259622570927,-0.6394952251023193,0.0,46.0,2.5941130229714378,0.4716569132675398,2.524237924709582,0.010000000000000009,Q1 (lowest)
HOOD,2025-09-29,PRE-BREAKOUT,131.4,136.72,4.048706240487057,True,70.27047641836275,90.40375192311993,1.508603278421506,20.448671043874644,1.6423057973394648,-3.9589905362775992,39.0,8.964992389649924,10.882800608827994,9.78691019786909,1.5100000000000002,Q4
HOOD,2026-04-21,PRE-BREAKOUT,87.69,86.43,-1.4368799178925658,False,63.49754811969024,87.737722244828,1.374074462601517,28.824257021577694,-0.2136400986031305,-40.13183785911059,43.0,0.8438818565400947,-3.398335043904669,-6.408940586155781,0.6100000000000001,Q2
HOOD,2026-06-12,PRE-BREAKOUT,94.83,93.19,-1.729410524095751,False,62.684587523267886,93.29210171463248,1.5108403252569025,21.20707580985629,0.5475441830207042,-39.5054440508986,43.0,3.469366234314043,10.935358009068866,11.473162501318145,0.6100000000000001,Q2
HOOD,2026-07-02,PRE-BREAKOUT,112.36,112.73,0.3292986828052728,True,66.78637790601958,94.43807588496252,1.8032913777169544,23.807383331996693,3.782788771283938,-28.73540600813328,0.0,4.619081523673904,1.0412958348166623,-0.347098611605554,0.6100000000000001,Q2
INTC,2024-07-17,PRE-BREAKOUT,35.565,34.46,-3.1069872065232587,False,70.87176568929429,94.58882840757202,2.573784836658771,34.42428511168945,5.066977285963875,-32.34830575256106,0.0,-1.954168424012373,-6.171798116125406,-10.867425840011244,0.9100000000000001,Q3
INTC,2024-07-18,PRE-BREAKOUT,35.7954,34.87,-2.5852483838705624,False,72.09765688962953,94.19192458016488,2.0620240723575733,36.13537334991678,1.4509576320371445,-32.111899133175726,41.0,-7.86525642959711,-7.949066081116562,-13.117327924817154,0.9100000000000001,Q3
INTC,2024-09-17,BREAKOUT,21.72,21.47,-1.1510128913443831,False,52.85096099473128,95.51765778094143,3.07941507383125,32.644265697799575,3.8259206121473017,-58.80614657210401,68.0,-4.373848987108653,0.5524861878453085,5.018416206261509,1.15,Q3
INTC,2025-02-11,PRE-BREAKOUT,21.42,20.97,-2.1008403361344667,False,60.2228348700653,83.91374374628985,2.2485585986551504,12.208324111620389,0.5058168942842763,-57.16143011917659,4.0,4.948646125116706,10.177404295051351,20.07469654528477,-0.5900000000000001,Q1 (lowest)
INTC,2025-02-12,PRE-BREAKOUT,21.47,22.48,4.704238472286919,True,60.7514529260302,83.13052303920358,1.6200685790135558,13.509585774813443,4.816404387219846,-54.56121343445288,13.0,12.389380530973453,27.57335817419656,21.51839776432232,-0.5900000000000001,Q1 (lowest)
INTC,2025-02-14,PRE-BREAKOUT,23.13,23.6,2.0319930825767507,True,64.5948990302639,93.56152302560356,2.0933695424585617,18.031509170990866,0.9531703273932882,-47.71397616468039,0.0,18.417639429312587,12.79723303069607,4.928664072632947,0.6100000000000001,Q2
INTC,2025-02-14,BREAKOUT,23.27,23.6,1.4181349376880183,True,65.64735176609153,95.54160630234566,3.241864577385471,18.031509170990866,0.9531703273932882,-47.71397616468039,21.0,17.705199828104863,12.118607649333908,4.297378599054577,1.85,Q5 (highest)
INTC,2025-02-20,PRE-BREAKOUT,24.9,26.09,4.77911646586346,True,63.52359832402272,86.50918704436567,1.665199379160214,27.116983216318783,-0.6220839813374812,-44.268689057421454,36.0,-0.1204819277108336,-7.670682730923696,-7.269076305220878,0.6100000000000001,Q2
INTC,2025-06-10,PRE-BREAKOUT,21.8989,22.08,0.826982177186969,True,60.62968700112466,87.11673732310932,1.683964867389712,8.682889458175325,0.0976562499999979,-41.26756524232864,10.0,-5.566032997091185,-8.03191027859847,-5.018060267867337,0.6100000000000001,Q2
INTC,2025-08-18,PRE-BREAKOUT,24.3558,23.66,-2.8568143932861925,False,67.31040320450552,94.13676634095135,1.636901633912497,26.664676405775516,-2.280130293159604,-10.332238043081423,40.0,3.917752650292744,-3.513742106602939,0.7973460120382091,0.81,Q2
INTC,2025-08-25,PRE-BREAKOUT,25.17,24.55,-2.463249900675411,False,63.51942328456308,88.81769521684322,1.6770549399319865,27.27526790291406,2.822580645161288,-9.45600584154801,40.0,-3.2578466428287656,-0.9535160905840364,-3.8140643623361177,0.81,Q2
INTC,2025-10-24,PRE-BREAKOUT,38.875,38.28,-1.5305466237942094,False,66.90251695954872,90.90600659690053,1.8026684351732023,47.4635134779531,4.874213836478005,0.0,1.0,1.7106109324758825,6.340836012861745,2.8681672025723524,1.21,Q3
INTC,2025-11-28,PRE-BREAKOUT,39.68,40.56,2.217741935483877,True,62.23389228566759,88.71228580381604,1.7249259044039995,20.659000129218374,1.602825319206727,-11.36527811220804,20.0,0.8316532258064474,10.282258064516125,4.359879032258056,0.81,Q2
INTC,2025-12-05,PRE-BREAKOUT,42.035,41.41,-1.486856191269181,False,61.20695907985954,85.71285304729167,1.7083881260197358,27.04099545376552,1.617283950617287,-7.44972577696526,34.0,-4.127512786963243,-2.985607232068504,-10.051147852979646,0.81,Q2
INTC,2026-01-05,PRE-BREAKOUT,40.305,39.37,-2.3198114377868806,False,61.45798088169684,82.07915715103896,1.6764099119121274,16.733320184972992,5.611985779583547,-10.009140767824489,17.0,-0.6574866641855863,1.997270810073191,9.31646197742216,-0.39,Q1 (lowest)
INTC,2026-01-16,PRE-BREAKOUT,47.12,46.96,-0.3395585738539826,False,66.77782245832942,86.04725776293122,1.789416793562692,35.50005360055281,1.9660596026490125,-0.8210180623973699,37.0,3.056027164685919,15.28013582342955,-9.82597623089982,1.21,Q3
INTC,2026-01-20,PRE-BREAKOUT,49.4302,48.56,-1.7604622275450978,False,70.50551034475808,92.8097620509245,1.7983105035714375,37.06139460508642,0.7240204429301454,-3.612479474548437,27.0,9.75071919595713,-8.820923241257367,-11.12720563542126,1.5100000000000002,Q4
INTC,2026-05-12,PRE-BREAKOUT,117.76,120.61,2.4201766304347774,True,72.1704813643268,82.52628547760331,1.6395128531196772,63.22274223616568,-3.9245982694684782,0.0,43.0,2.148437500000001,-7.634171195652181,-5.910326086956529,0.31000000000000005,Q2
ISRG,2024-06-21,PRE-BREAKOUT,433.545,432.56,-0.227196715450533,False,72.15719798048791,86.11878024596885,1.2901517705163217,36.40806873170516,0.8160906253612236,-0.5632183908045951,2.0,-1.0391078204107982,2.079368923641141,2.6075724549931394,1.5100000000000002,Q4
ISRG,2024-07-19,PRE-BREAKOUT,451.605,455.01,0.7539774803201852,True,61.14160017227836,90.03942314054787,1.6189801744504084,27.536185394348795,7.999711635507286,-6.508503515984819,8.0,2.106929728413101,0.534759358288762,-2.2818613611452503,0.81,Q2
ISRG,2024-07-19,BREAKOUT,454.04,455.01,0.2136375649722426,True,62.133434529988655,96.1209880336842,2.1188817794139223,27.536185394348795,7.999711635507286,-6.508503515984819,65.0,1.559333979385073,-0.004404898246859,-2.805920183243769,2.05,Q5 (highest)
ISRG,2025-01-23,PRE-BREAKOUT,606.19,608.66,0.4074630066480663,True,73.68079245564346,94.86567678315858,1.4309123789145113,26.55350806702805,0.2539110492259733,0.0,28.0,-3.65232022963099,-5.287121199623892,-4.290733928306324,1.5100000000000002,Q4
ISRG,2025-01-24,PRE-BREAKOUT,584.15,584.05,-0.0171188906958868,False,60.50663456934964,73.37177549235234,1.5004932304221728,29.071486089297878,-4.396543226103241,-0.293226308460984,,-1.826585637250699,-1.9584010956089943,-2.10048788838483,1.21,Q3
ISRG,2026-01-06,PRE-BREAKOUT,585.04,592.85,1.3349514563106897,True,62.43295084139092,93.1994189800704,1.5036010418768,21.231670009621368,-0.2436526713513887,-7.219264477025153,39.0,1.2358129358676362,0.2051141802270008,-3.968959387392301,0.81,Q2
IWM,2024-07-18,PRE-BREAKOUT,221.12,217.95,-1.4336107091172283,False,72.37456128161068,94.81799085460698,1.6273718123918863,22.785010750016863,-0.3779527559055133,-1.0463045414069432,0.0,-1.9356005788712012,0.6828871201157701,-0.2487337192474726,1.5100000000000002,Q4
IWM,2024-07-19,PRE-BREAKOUT,216.96,216.84,-0.0553097345132764,False,63.81920580354426,80.27781242088481,1.2804246569112885,24.15194516258479,-0.1468226657490218,-2.9608192341941253,49.0,1.5348451327433554,0.4102138643067783,3.346238938053093,0.010000000000000009,Q1 (lowest)
IWM,2024-07-22,PRE-BREAKOUT,217.4,220.29,1.3293468261269483,True,64.2357281632743,78.56587061919492,1.281090265206047,25.08463352725167,0.3873824017708925,-3.4550311665182507,23.0,2.405703771849121,1.4581416743330209,1.991720331186745,0.010000000000000009,Q1 (lowest)
IWM,2024-07-23,PRE-BREAKOUT,221.87,222.63,0.3425429305449096,True,68.7767186985098,86.2019783359293,1.2716207076793569,26.21765227339894,-0.4902628353533906,-1.9189670525378464,32.0,-1.8118718168296797,1.0591787983954544,0.3155000676071522,1.21,Q3
IWM,2024-07-24,PRE-BREAKOUT,221.71,217.85,-1.7410130350457866,False,67.51965647677906,81.81601988127161,1.277125316943314,27.65097582812316,-0.7007141894623377,-0.8771148708815667,30.0,-0.5141851968788123,0.0090207929276901,0.9697352397275748,0.010000000000000009,Q1 (lowest)
IWM,2024-07-25,PRE-BREAKOUT,222.01,220.57,-0.6486194315571361,False,64.72199895155644,80.67030639422248,1.2787727758491292,28.564597783532196,0.2754188661923316,-3.0053428317008013,13.0,0.9954506553758876,0.2522408900499988,-2.445835773163361,0.010000000000000009,Q1 (lowest)
IWM,2024-07-26,PRE-BREAKOUT,222.6,224.22,0.7277628032345034,True,65.39774591916161,79.63239701688443,1.2682222138449903,29.43494239033275,1.5097248039171296,-1.7943009795191458,28.0,-0.3908355795148269,0.5660377358490654,-6.145552560646904,0.010000000000000009,Q1 (lowest)
IWM,2024-08-23,PRE-BREAKOUT,220.25,220.38,0.0590238365493736,True,60.117451261759726,81.71196653284522,1.4716135560965429,17.61407923050657,0.7585690204158103,-4.915405164737308,5.0,0.0908059023836497,-1.3575482406356456,-0.077185017026101,0.010000000000000009,Q1 (lowest)
IWM,2024-09-17,PRE-BREAKOUT,221.28,219.41,-0.8450831525668856,False,61.971242091822575,87.12653424915638,1.2862840988308917,15.490996786214753,0.9052892789853402,-3.112199465716821,36.0,-0.8270065075921965,0.1310556760665184,-0.0677874186551001,1.21,Q3
IWM,2024-09-18,PRE-BREAKOUT,223.17,219.45,-1.666890711117085,False,64.25973792399196,93.26003170391316,1.287698382691172,15.607200189649786,-0.0820381933366787,-2.310774710596615,9.0,0.3584711206703461,-1.0798942510194007,-2.4555271765918314,1.21,Q3
IWM,2024-09-19,PRE-BREAKOUT,222.59,223.97,0.6199739431241276,True,63.896342063207456,88.7809621890797,1.3483911500617791,16.2994369646771,2.37411711095922,-2.2929652715939475,25.0,-0.4582416101352308,-0.6559144615661117,-1.6802192371625002,1.21,Q3
IWM,2024-11-12,PRE-BREAKOUT,238.75,237.46,-0.5403141361256512,False,69.19062231251795,91.90077678969188,1.348732792823097,20.012106890490443,-0.7199007033512539,0.0,10.0,-1.5246073298429264,-4.301570680628276,-3.40104712041885,1.21,Q3
IWM,2024-11-25,PRE-BREAKOUT,243.67,242.4,-0.5211967004555267,False,69.30268622431868,91.25612418112986,1.3222747827878465,17.25480683731052,1.1391715877203998,-1.2122465866776908,43.0,-1.2516928632987168,-0.7387039848976005,-1.493823613904045,1.21,Q3
IWM,2025-07-23,PRE-BREAKOUT,225.73,226.68,0.4208567757940979,True,63.09929772447084,86.3156954480051,1.3886181597434843,16.6032278518816,0.6942267210104281,-7.89191419141914,49.0,-0.965755548664324,-0.7132414831878728,-1.847339742169844,0.81,Q2
IWM,2025-08-14,PRE-BREAKOUT,227.86,228.24,0.1667690687264089,True,60.30922634549231,87.36932142665795,1.3556104776083056,14.093550885320717,-1.2023181385693285,-4.612211221122116,36.0,-0.32037215834285,-0.7241288510488921,-0.8294566839287346,1.21,Q3
IWM,2025-09-05,PRE-BREAKOUT,235.42,237.77,0.9982159544643712,True,62.26108954303295,74.78822668666649,1.3435256281208885,23.899547729667997,0.4776195105456677,-2.396864686468648,,1.202106872823045,0.4290204740463934,1.2403364200152986,1.21,Q3
IWM,2025-09-09,PRE-BREAKOUT,236.76,236.85,0.038013177901674,True,63.2681340293606,76.19331738031396,1.3467370742473943,25.71439517661151,-0.1469045120671539,-1.7120462046204643,2.0,-0.139381652306126,0.667342456496035,0.6420003378949191,0.010000000000000009,Q1 (lowest)
IWM,2025-09-11,PRE-BREAKOUT,239.59,240.8,0.5050294252681697,True,67.10507343278024,86.11642728427906,1.3509328693317115,26.53852493205429,0.1776424311635526,-2.462871287128712,23.0,-0.5217246128803372,-0.5467673942985943,2.191243374097416,1.21,Q3
IWM,2025-09-12,PRE-BREAKOUT,238.88,238.34,-0.2260549229738747,False,63.6182090812538,78.16104652171242,1.355873282004197,27.51702676710697,-0.2491694352159562,-0.6600660066006577,44.0,0.1967515070328193,0.0041862022772902,1.7163429336905536,0.010000000000000009,Q1 (lowest)
IWM,2025-09-17,PRE-BREAKOUT,240.86,238.89,-0.8179025159844006,False,64.95927511507861,83.35941033279244,1.3473492778618352,29.14324391161271,0.2266241396676146,-1.6996699669967017,39.0,1.6524121896537365,1.4655816656979044,0.307232417171793,0.010000000000000009,Q1 (lowest)
IWM,2025-09-18,PRE-BREAKOUT,242.0399,244.84,1.156875374679966,True,66.77826813593106,92.69328920235638,1.4191743846862008,30.197289584480096,0.7995311649713363,-1.448019801980206,35.0,0.3884070353689624,0.7437203535450208,-1.136134992618984,1.21,Q3
IWM,2025-09-22,PRE-BREAKOUT,242.97,244.39,0.5844342922994558,True,65.40617953344335,90.94166414735872,1.458838216997837,32.454179346621444,-0.3045518149641866,-0.7596797908838481,54.0,0.3580688973947419,-1.5145902786352254,-0.5556241511297667,1.21,Q3
IWM,2025-12-12,PRE-BREAKOUT,253.69,253.85,0.0630691000827768,True,60.25503814117162,77.07552902752806,1.4243729687479565,18.08439148214666,0.0581846392552277,0.0,43.0,-0.6937601009105566,-2.5424730970869915,-1.143127439000357,0.010000000000000009,Q1 (lowest)
IWM,2026-01-08,PRE-BREAKOUT,257.17,258.27,0.4277326282225632,True,61.88567659090336,90.37978680940512,1.3314548236693955,13.100489885203167,-0.3053076561766092,-0.8999224204810012,38.0,1.189874402146441,1.6253839872457931,3.2429910176147976,1.21,Q3
IWM,2026-01-14,PRE-BREAKOUT,261.81,263.19,0.5270998052022442,True,67.19658990615213,93.15367777909252,1.307745683254718,18.76786721188325,-0.0841783049550515,-0.0573613766730314,44.0,1.413238608150945,0.294106413047623,3.048011917039081,1.21,Q3
IWM,2026-01-20,PRE-BREAKOUT,263.92,262.58,-0.5077296150348711,False,66.66277783672376,83.46670812564894,1.3147235420853185,24.476258179341954,-1.738410596026492,0.0,29.0,1.4663534404364975,0.3372234010306101,0.3069111852076395,0.010000000000000009,Q1 (lowest)
IWM,2026-01-21,PRE-BREAKOUT,265.87,267.79,0.7221574453680429,True,67.57923243264277,87.56954604403899,1.3144263608267897,24.71084220289776,0.7845228120953623,-1.1965683323299243,38.0,1.4744047842930814,-0.7108737352841563,-0.966637830518672,1.21,Q3
IWM,2026-01-23,PRE-BREAKOUT,266.46,264.81,-0.6192299031749522,False,64.1048861047214,79.27992804056775,1.3318177830231706,26.966826996952875,-0.2779939953297008,0.0,41.0,-0.9307213090144718,-1.18591908729264,-2.555730691285748,0.010000000000000009,Q1 (lowest)
IWM,2026-05-01,PRE-BREAKOUT,278.535,279.28,0.2674708743963766,True,66.74292571365112,76.85089538607603,1.1689214300830484,23.201579534935057,0.2482282260675604,0.0,16.0,-0.2351589566840898,2.9673111099143683,2.023085070098907,0.010000000000000009,Q1 (lowest)
IWM,2026-05-04,PRE-BREAKOUT,278.125,277.88,-0.088089887640451,False,65.1652686907988,74.02515229576734,1.17992246352432,22.873915984423647,-0.2076768834144887,0.0,,1.5946067415730345,1.4867415730337046,2.5905617977528035,1.21,Q3
IWM,2026-05-05,PRE-BREAKOUT,281.93,282.56,0.223459724044974,True,68.66183194635559,87.46012019688565,1.1675742766629396,22.75514788948502,0.8097020296530876,-0.5012890289315302,38.0,1.7273791366651314,0.7945234632710279,0.2270067037917165,1.21,Q3
IWM,2026-05-27,PRE-BREAKOUT,290.375,290.37,-0.0017219113215653,False,65.4570489561219,94.70745045484828,1.2432765327040385,17.630881493808985,0.223744449416555,0.0,35.0,0.5699526474386475,-0.4804132587171698,-0.9315540249677088,1.21,Q3
IWM,2026-05-29,PRE-BREAKOUT,289.5,290.43,0.3212435233160645,True,62.58486836168792,81.67609683342319,1.1787093179212726,18.14041592903825,-0.2225798719309582,0.0,33.0,-0.179620034542308,-0.6321243523316008,-2.711571675302253,0.010000000000000009,Q1 (lowest)
IWM,2026-06-04,PRE-BREAKOUT,291.75,292.01,0.0891173950299883,True,62.02728272131541,81.4883362553891,1.177111296870427,17.026582570979272,-0.0382382591163533,-1.4929972947984649,11.0,-3.4618680377035207,-2.3067694944301693,-0.4592973436161011,0.010000000000000009,Q1 (lowest)
IWM,2026-06-12,PRE-BREAKOUT,295.09,292.95,-0.7252024805991347,False,61.5001644129616,89.06993891533514,1.1805782648910246,15.309715777054633,0.4200957267311629,-0.5547375269663898,25.0,-0.1524958487241142,-1.765563048561449,1.047138161238955,1.21,Q3
JNJ,2024-08-02,PRE-BREAKOUT,161.78,164.14,1.4587711707256676,True,66.01743693709565,86.27443343236658,1.5956301706539553,32.26542833311292,0.7091316247822933,-7.614504913510718,42.0,-0.3276053900358519,-1.7801953269872637,-0.7170231178143136,0.81,Q2
JNJ,2024-10-15,PRE-BREAKOUT,164.93,164.1,-0.5032438004001774,False,61.85344297512345,91.40989036945216,1.7772084287800085,14.38401777365155,-0.9900990099009866,-3.453220217469233,24.0,-0.3941065906748351,0.1152003880434109,-0.8973503910750126,1.21,Q3
JNJ,2025-03-04,PRE-BREAKOUT,168.01,165.42,-1.541574906255582,False,73.28962779334724,93.878609540605,1.2614723381058073,36.23165728376419,0.478240076518419,-0.0597442944198795,0.0,-1.7201357062079556,-0.7856675197904845,-1.2796857329920703,1.5100000000000002,Q4
JNJ,2025-08-22,PRE-BREAKOUT,178.34,179.29,0.5326903667152566,True,73.05159415858412,83.01863157722508,1.3219060601369437,39.919668757615696,0.6175599396411947,0.0,38.0,0.0392508691263839,-0.8691263877985933,-0.6560502411124907,0.31000000000000005,Q2
JNJ,2025-10-14,PRE-BREAKOUT,188.575,190.85,1.2064165451411937,True,65.98826209338768,71.31709062894309,1.3173538682244506,29.685058678208893,1.05814562598218,-0.0942013816202673,,1.3761103009412694,2.4632109240355358,1.7526183216227005,1.21,Q3
JNJ,2025-12-19,PRE-BREAKOUT,209.065,206.37,-1.2890727764092476,False,60.60838722348842,67.44047660854834,1.337259892967397,37.2610478655385,-0.3600403245163458,-2.736144184526304,,-0.8346686437232461,-0.6146413794752812,-0.7198718102025664,1.21,Q3
JNJ,2026-01-20,PRE-BREAKOUT,216.46,218.21,0.8084634574517231,True,63.80228006142356,86.2009808046225,1.3289903115753618,25.673291145272024,-0.7180096954175401,-0.4144464179988143,32.0,0.7160676337429469,1.700083156241328,3.686593365979853,1.21,Q3
JNJ,2026-01-21,PRE-BREAKOUT,215.115,218.01,1.345791785788988,True,60.38133952819656,75.4741086515933,1.383446549468378,25.622745178063465,-3.304156546446088,-0.6193924488773445,0.0,1.5689282476814723,2.963531134509448,5.859656462822207,0.010000000000000009,Q1 (lowest)
JNJ,2026-01-22,PRE-BREAKOUT,219.89,218.49,-0.6366819773523021,False,69.98797881436404,90.54319680259547,1.3346700965374076,24.292664689214824,0.3486078620246866,-0.7104795737122569,34.0,0.1136932102414843,2.069216426395021,3.3653190231479404,1.21,Q3
JNJ,2026-02-20,PRE-BREAKOUT,241.33,242.49,0.4806696225085967,True,67.47682341946845,68.48162711535961,1.3140589745834506,43.495482800460856,-0.1782025839374661,0.0,,1.8688103426842877,1.5911821986491423,2.942029586044004,1.21,Q3
JPM,2024-07-12,PRE-BREAKOUT,206.66,204.94,-0.8322849124165291,False,60.25044490898358,74.0873120768347,2.0599136537038434,20.426150729823167,-1.6630513376717226,-0.6608245941675162,,1.6403754959837489,4.940481951030682,1.509726120197428,1.21,Q3
JPM,2024-07-15,PRE-BREAKOUT,209.9,210.05,0.0714626012386877,True,63.76296528112954,86.82133760951531,1.2549821306094973,19.886047877497727,1.097882307016688,-1.862759182109857,27.0,1.7722725107193895,0.0381133873272911,0.1810385898046667,1.21,Q3
JPM,2024-07-18,PRE-BREAKOUT,211.5,209.98,-0.7186761229314469,False,60.37633073577286,78.12073734844344,1.4119512943414858,22.56643118164924,-0.5717711071148656,0.0,48.0,-0.8132387706855787,-0.5531914893616963,-1.338061465721046,0.010000000000000009,Q1 (lowest)
JPM,2024-10-22,PRE-BREAKOUT,223.92,224.12,0.0893176134333766,True,65.26722664733711,81.59857759382818,1.2789756703710609,26.85443143535993,0.0089686098654754,-1.0516040289302058,41.0,-0.227759914255087,-0.7190067881386143,-0.4555198285101741,0.010000000000000009,Q1 (lowest)
JPM,2024-11-07,PRE-BREAKOUT,235.48,236.38,0.3821980635298139,True,61.59840066314514,94.58027946507362,1.5968455758558289,23.866194924781176,-1.0361855419736106,0.0,0.0,0.6369967725496858,1.732631221335151,2.713606251061668,1.21,Q3
JPM,2024-11-15,PRE-BREAKOUT,245.37,245.31,-0.0244528670986682,False,69.04787628604215,91.5177339427664,1.3033341291318208,37.62542274395002,-0.1695125480630076,-2.1007042823605597,36.0,-0.1385662468924495,-1.8706443330480511,1.2960019562293703,1.21,Q3
JPM,2025-01-17,PRE-BREAKOUT,252.78,259.16,2.523933855526554,True,64.6526003230787,94.70344120684224,1.3055782962268838,17.850019673822995,-0.0511267550241962,0.0,10.0,4.054909407389814,5.210064087348678,5.170503995569279,1.21,Q3
JPM,2025-05-19,PRE-BREAKOUT,264.375,264.88,0.1910165484633552,True,66.45907131816712,82.69846669726468,1.411922952479315,21.658090181054877,-0.7512333682164714,-4.425790319699942,40.0,0.4936170212765983,-1.401418439716306,0.3460992907801495,0.010000000000000009,Q1 (lowest)
JPM,2025-09-19,PRE-BREAKOUT,311.15,314.78,1.1666398843001753,True,65.4264115925731,86.7575759331848,1.3511910674055856,18.22704975256387,0.1181240621907239,0.0,15.0,0.4145910332637058,0.7295516631849716,1.5780170335850958,1.21,Q3
JPM,2026-06-18,PRE-BREAKOUT,330.608,325.22,-1.6297246285631253,False,68.24184410932652,94.72840364320598,1.4576926565240482,25.27079835748658,1.0466022911293738,-0.3436836914617118,0.0,0.2637564729226195,0.8596283211537483,-0.4712529642355879,1.21,Q3
JPM,2026-07-14,PRE-BREAKOUT,341.08,342.89,0.530667292130879,True,63.682205612929785,93.4542321459802,1.5056406902744472,27.71296420228021,-2.2509192000717344,-1.382583574081733,39.0,1.7092764160900789,0.0058637269848829,1.2167233493608638,1.21,Q3
KO,2024-08-02,PRE-BREAKOUT,68.325,69.33,1.4709110867178858,True,72.08438324252955,94.13221476758736,1.496601647336723,33.59936925063686,0.8387286639199638,0.0,0.0,-0.3293084522502869,0.1975850713501513,0.5195755579948832,1.5100000000000002,Q4
KO,2024-08-02,BREAKOUT,68.435,69.33,1.3078103309709883,True,72.49642559965065,95.3724080498912,1.68701977491597,33.59936925063686,0.8387286639199638,0.0,36.0,-0.4895155987433446,0.0365310148315795,0.3580039453496084,2.05,Q5 (highest)
KO,2024-09-05,PRE-BREAKOUT,71.49,71.17,-0.4476150510560823,False,64.13866472605926,71.19263314107633,1.2744433021182875,59.27870648928931,0.0826901874310946,-0.6163539241199875,,-0.4895789620925924,0.0839278220730204,-0.3636872289830618,1.21,Q3
KO,2025-02-24,PRE-BREAKOUT,71.15,70.59,-0.787069571328183,False,76.79447905069554,88.71127807250076,1.3307966665946709,41.268005091826005,-0.7147862648913679,-2.273661142309287,37.0,0.4778636683063798,-0.3935347856640915,1.6444132115249297,1.5100000000000002,Q4
KO,2025-03-04,PRE-BREAKOUT,71.4,70.19,-1.6946778711484705,False,67.75126238936362,72.57406544444304,1.3213208668997385,49.43280599952151,-0.3456858407079646,-0.945076016983991,,-1.8487394957983292,0.0420168067226906,-0.5042016806722681,1.21,Q3
KO,2025-11-07,PRE-BREAKOUT,70.525,70.55,0.0354484225451846,True,61.35886165412569,82.70346204786836,1.3443904414897183,19.7565371759562,1.0860121633362294,-6.549391069012183,27.0,-0.007089684509053,1.3966678482807506,0.9003899326479843,-0.39,Q1 (lowest)
KO,2025-11-24,PRE-BREAKOUT,71.8366,72.59,1.0487690118964417,True,60.3359686686368,78.27891378963973,1.3197550578290067,25.2002892468447,0.2878684030157556,-1.2855209742895843,17.0,1.0766099731891476,1.786554486153298,-1.6239632722038662,0.010000000000000009,Q1 (lowest)
KO,2026-01-30,PRE-BREAKOUT,73.815,74.81,1.3479645058592489,True,66.72775141883108,86.29825409770481,1.3243256529388705,25.50987281568393,0.3813155386081804,-0.6359945872801066,42.0,2.0524283682178424,4.788999525841627,7.064959696538649,1.21,Q3
KO,2026-02-10,PRE-BREAKOUT,76.165,76.81,0.846845664018901,True,61.08218258074547,69.70611243136527,1.3296474180118347,39.73303114015293,-1.718609721687833,-1.341262811590538,,3.197006499048103,3.302041620166744,4.365522221492797,1.21,Q3
KO,2026-05-15,PRE-BREAKOUT,80.7595,80.82,0.0749137872324499,True,67.1575886913069,87.21149555390556,1.2578237102239709,24.798070672941734,1.1311373523927863,-1.3609612555174098,40.0,0.545446665717346,0.9788322116902588,0.8921551024956832,1.21,Q3
LLY,2024-06-11,PRE-BREAKOUT,864.01,865.82,0.2094883161074593,True,77.34141080940623,94.57979327636303,1.393073019947188,33.15518723735524,1.9815028901734089,0.0,15.0,0.380782629830669,1.6712769528130524,3.177046561961093,1.5100000000000002,Q4
LLY,2024-06-12,PRE-BREAKOUT,862.32,867.3,0.5775118285555135,True,75.57507959585284,89.0953250442837,1.4010340369253158,34.71247824500753,0.7137742255896087,0.0,40.0,2.4364505056127643,2.631273773077273,2.7449206790982417,1.5100000000000002,Q4
LLY,2024-07-02,PRE-BREAKOUT,894.68,906.71,1.3446148343541922,True,64.23158856567127,66.05591102136815,1.8746168471044968,46.79165327961618,-1.2751949429661915,0.0,,0.3822595788438406,2.6065185317655533,5.040908481244694,1.21,Q3
LLY,2024-07-03,PRE-BREAKOUT,897.425,898.1,0.0752151990417102,True,65.4177022633958,66.01133122136908,1.8154970153174936,44.93083590808848,0.4731391514376111,-0.8377352712796755,,1.910466055659258,3.908404602055887,4.091149678246097,1.21,Q3
LLY,2024-08-20,PRE-BREAKOUT,959.0,949.97,-0.9416058394160556,False,65.80139320940124,94.9692014579802,1.4418653518908957,26.70489785965118,1.1162820971783858,-3.014329903415198,18.0,-0.7330552659019783,-0.6527632950990606,-0.4713242961418125,1.21,Q3
LLY,2025-02-21,PRE-BREAKOUT,891.995,873.68,-2.0532626303959165,False,67.50525419129052,88.85691817246297,1.3216071058629155,24.914948773752503,0.8589884551951622,-9.05189475219266,39.0,-1.1877869270567691,2.5801714135168905,3.210219788227511,0.81,Q2
LLY,2025-02-25,PRE-BREAKOUT,902.02,901.8,-0.0243897031107987,False,69.92559674523122,93.29147835659484,1.3518948670361155,25.74164080099324,1.0596777853415058,-8.189412720568322,17.0,1.440101106405624,2.0631471585995893,1.0021950732799676,0.81,Q2
LLY,2025-02-25,BREAKOUT,905.26,901.8,-0.3822106356185004,False,70.5186577448456,95.5201665336936,1.7742774943386732,25.74164080099324,1.0596777853415058,-8.189412720568322,31.0,1.077038640832468,1.6978547599584657,0.6406999094182837,2.3499999999999996,Q5 (highest)
LLY,2025-10-30,PRE-BREAKOUT,834.71,844.5,1.1728624312635485,True,60.14918321983968,65.80655056326106,2.064666901528061,16.995923556659612,2.9464186938404278,-12.497311018371128,,3.3724287477087818,8.643720573612388,12.307268392615402,0.81,Q2
LLY,2025-11-07,PRE-BREAKOUT,911.01,924.37,1.4665042096135072,True,67.95018097237552,88.02765704535497,1.5441938538203026,28.04957147556315,-0.6688428059395903,0.0,37.0,6.106409369820309,11.71995916620015,12.543221259920308,1.21,Q3
LLY,2026-01-07,PRE-BREAKOUT,1107.375,1108.09,0.0645671068969335,True,64.835029686854,90.98710692711292,1.493117739829402,26.50212947150921,1.2179993233337127,-4.135358668036118,14.0,-2.003386386725359,-2.381758663506039,-3.0779997742408884,1.21,Q3
LMT,2024-08-02,PRE-BREAKOUT,543.96,548.77,0.8842561953084684,True,85.40992453089277,87.38787867208167,1.4881104087065298,45.68890572211114,0.411762562402068,0.0,37.0,0.2610486065151774,0.8364585631296335,1.4008382969335988,-0.4899999999999999,Q1 (lowest)
LMT,2024-09-20,PRE-BREAKOUT,572.36,571.92,-0.0768746942483846,False,62.22092836797405,74.31142014666685,1.4173218344779364,46.61462352439521,-0.3715630418627533,-1.9754756577692385,,1.4239289957369448,0.9749108952407648,1.747152142008526,1.21,Q3
LMT,2026-01-07,PRE-BREAKOUT,510.325,496.87,-2.6365551364326625,False,65.45089136087282,93.34228524623654,1.5192266496750002,16.800468632376763,0.6263887824687728,0.0,0.0,1.590163131337886,8.017439866751584,12.222603243031411,1.21,Q3
LMT,2026-01-29,PRE-BREAKOUT,629.78,622.51,-1.1543713677792218,False,80.0496149752741,94.97850139384606,1.5011887424191883,33.8281170144179,2.004118740268225,0.0,26.0,0.705008098066,-0.2413541236622284,-3.270983518053927,-0.4899999999999999,Q1 (lowest)
LMT,2026-01-29,BREAKOUT,630.21,622.51,-1.2218149505720386,False,80.11015639558804,95.19141867169864,1.9978919067058385,33.8281170144179,2.004118740268225,0.0,44.0,0.6362958378953032,-0.3094206693007165,-3.3369829104584325,0.050000000000000044,Q2
LMT,2026-03-02,PRE-BREAKOUT,676.42,676.7,0.0413943999290509,True,68.52599291768233,94.88138492522064,1.6865207865656535,41.32613832599459,4.16666666666666,-1.2647972273484194,14.0,-1.2713994263918733,-3.1666715945714143,-1.8139617397474916,1.21,Q3
LMT,2026-03-03,PRE-BREAKOUT,663.63,667.82,0.6313759173033249,True,62.3703065495924,75.21164773272619,1.4667603707450438,41.89559341320913,0.7832126496231644,0.0,0.0,0.1280834199780032,1.2265871042599017,-1.8700179316787924,0.010000000000000009,Q1 (lowest)
LOW,2024-08-20,PRE-BREAKOUT,244.76,240.33,-1.809936264095432,False,60.474885753877714,88.72618109913624,1.1647702916212477,21.698764364056565,-1.319847045762924,-6.816091954022986,8.0,-0.976466742931846,2.1694721359699307,1.556626899820233,0.81,Q2
LOW,2025-07-01,PRE-BREAKOUT,230.7,228.64,-0.892934547030777,False,61.839973347893824,92.09639562255325,1.2971269232545026,16.406185502155523,-1.0591787983954544,-21.890512233761665,19.0,-1.6298222800173343,-2.475075856090152,-2.223667100130037,0.6100000000000001,Q2
LOW,2025-08-19,PRE-BREAKOUT,257.215,256.36,-0.3324067414419693,False,72.94886325910721,94.33376078949996,1.3068269654366946,32.726907989735416,1.542508669137871,-11.674001056152097,33.0,-0.0291584860913977,2.5329004918064824,0.4334894932255153,1.11,Q3
LOW,2025-08-20,PRE-BREAKOUT,256.91,257.14,0.0895255147716948,True,72.79192086229698,88.85299908300448,1.2709605166999216,34.66276975698233,3.5243407707910626,-9.748283752860411,14.0,-0.4904441244015489,0.7629130824023896,0.6850648086878637,1.11,Q3
LOW,2026-01-20,PRE-BREAKOUT,269.34,268.4,-0.3490012623449906,False,65.53663378890668,76.2076786150735,1.280208337492199,26.392996261827676,-1.9275806161052145,0.0,41.0,2.8848295834261672,2.743743966733513,1.7078785178584774,0.010000000000000009,Q1 (lowest)
LRCX,2025-06-20,PRE-BREAKOUT,89.96,90.49,0.5891507336594054,True,60.444814474358296,68.66212698519517,2.576513968346068,29.12618152961096,0.8781439722463165,-91.8176173157101,,1.8341485104490949,6.736327256558473,8.048021342819041,0.6100000000000001,Q2
LRCX,2025-12-19,PRE-BREAKOUT,170.0,172.27,1.335294117647065,True,60.16936135146237,89.66232630681412,1.3737994235992734,12.377445571782626,0.8378870673952786,-2.3768597000770666,28.0,3.094117647058818,4.31176470588236,3.45294117647059,1.21,Q3
LRCX,2026-01-14,PRE-BREAKOUT,209.65,208.79,-0.410207488671602,False,66.83297323127687,79.37752675803627,1.3634845085970195,29.33184967527809,-1.5183319339490602,-2.731397459165158,40.0,3.730026234199853,6.086334366801808,5.27068924397805,0.010000000000000009,Q1 (lowest)
LRCX,2026-01-15,PRE-BREAKOUT,219.19,217.47,-0.784707331538847,False,70.40106298173546,87.34219865728569,1.362457914398177,29.915740867443063,9.270079984673604,-5.267695099818518,19.0,1.719968976686897,4.197271773347319,-0.57028149094393,1.11,Q3
LRCX,2026-01-29,PRE-BREAKOUT,240.375,248.17,3.242849713988554,True,73.13926475807378,87.24996081514972,1.3715147561577885,40.25497908314473,2.516904583020286,0.0,23.0,-2.876755070202805,-4.274570982839316,-11.259490379615183,1.5100000000000002,Q4
LRCX,2026-04-23,PRE-BREAKOUT,263.685,258.56,-1.943606955268597,False,60.41095367687934,70.57788220228888,1.221508692721207,20.618945323382537,-0.1882884579175296,-2.518262912521572,,1.5529893623072872,-4.72343895177959,-2.209075222329669,1.21,Q3
LRCX,2026-04-24,PRE-BREAKOUT,269.59,267.78,-0.6713898883489753,False,61.89651971038388,74.67776940593986,1.1396382381549688,20.759739152287416,3.4576113861386126,-5.084248008516582,,-3.753848436514688,-7.730257057012492,-4.773915946437164,0.81,Q2
LRCX,2026-05-27,PRE-BREAKOUT,317.23,318.93,0.5358887873151936,True,65.61917533821885,89.16293176298545,1.1588839828211392,18.74890235455156,2.784492376348089,0.0,30.0,0.2427260977839365,-0.0346751568262817,8.347255934180236,1.21,Q3
LRCX,2026-06-09,PRE-BREAKOUT,331.94,327.16,-1.44001928059287,False,60.72835719545776,78.58132450510644,1.193167173283812,22.139747602333376,3.4057635999383606,-5.603561141660118,31.0,-3.054768934144721,10.504910525998676,11.267096463216236,-0.39,Q1 (lowest)
LRCX,2026-06-10,PRE-BREAKOUT,340.68,321.8,-5.541857461547492,False,63.26075161112284,86.10051050199965,1.1878923714743377,22.28649517504757,-1.1829074458980329,-4.81510575776089,23.0,6.410707995773151,14.159915463191266,9.833274627216156,1.21,Q3
LRCX,2026-06-11,PRE-BREAKOUT,346.96,362.52,4.4846668203827535,True,64.26015222122723,91.43276857337244,1.1613860915337737,22.42276077828218,4.611559975139831,-6.374559948794032,36.0,5.721120590269779,6.450311275074935,12.128199216047973,0.81,Q2
LRCX,2026-06-25,PRE-BREAKOUT,379.4,401.82,5.909330521876652,True,60.43663511872024,73.49088153101293,1.1857183229933013,26.580480936197063,8.855389541088579,-8.482687893734434,,-0.0817079599367428,14.214549288350028,-7.377438060094875,0.81,Q2
LRCX,2026-06-29,PRE-BREAKOUT,409.85,410.91,0.2586312065389782,True,63.51146619315543,89.43336529987236,1.180128117369198,26.9257629754308,1.0340552375425405,-7.4351711676515215,23.0,5.728925216542628,-14.25887519824326,-20.426985482493603,0.81,Q2
LULU,2024-11-01,PRE-BREAKOUT,311.74,321.17,3.0249566946814674,True,66.58613141954027,91.69333692952132,1.6633079154383277,31.818211084644968,0.6545820745216668,-41.735609927829614,16.0,2.049785077308009,0.4490921922114509,-1.0297042407134267,0.6100000000000001,Q2
LULU,2024-12-05,PRE-BREAKOUT,342.133,344.81,0.7824442541350939,True,66.93259007603749,94.87139670661736,1.862920985715712,26.76605887865684,0.937856078534501,-33.05756028868158,41.0,16.796684330362766,16.06597434331095,13.794927703553885,0.6100000000000001,Q2
LULU,2025-01-13,PRE-BREAKOUT,394.015,398.86,1.2296486174384291,True,63.003164704208885,77.85179953307384,1.6097141022930497,32.23918821396168,1.6309707436720833,-18.540413611271315,1.0,-1.3387815184701033,-5.843686154080423,-5.381774805527704,-0.5900000000000001,Q1 (lowest)
LULU,2025-05-29,PRE-BREAKOUT,320.89,317.09,-1.1842064258780305,False,61.08308171376733,71.709605240221,1.5022412679174582,27.56674609438566,1.765665331200807,-25.029679931617444,,-1.3150923992645365,4.369098444949995,3.0820530399825445,0.6100000000000001,Q2
LULU,2025-06-03,PRE-BREAKOUT,334.36,334.91,0.1644933604498179,True,67.33355537433862,83.71619367857738,1.6525628445171094,27.70233285469092,1.7340145533364368,-23.318928673188346,20.0,0.2482354348606245,-20.663356860868536,-22.688120588587157,-0.5900000000000001,Q1 (lowest)
LULU,2025-10-21,BREAKOUT,182.01,181.39,-0.3406406241415332,False,58.20489891800064,95.05134222385163,2.193066641374417,16.32842778903292,0.4349591138432987,-59.05831512964195,18.0,-2.0438437448491835,-2.109774188231418,-1.1153233338827544,1.85,Q5 (highest)
LULU,2025-12-11,PRE-BREAKOUT,186.2,187.01,0.4350161117078422,True,60.330878734046735,76.75949171379314,1.423291348127134,17.18342090896138,-2.2279074725509043,-55.451609839490935,1.0,10.080558539205162,11.031149301826003,15.5263157894737,-0.5900000000000001,Q1 (lowest)
LULU,2025-12-15,PRE-BREAKOUT,200.03,206.29,3.1295305704144334,True,67.41160342586032,94.24729697061976,1.5453471891457868,20.694926084745298,-0.8513440991364613,-51.3320353309906,11.0,3.354496825476182,7.538869169624562,6.169074638804181,0.6100000000000001,Q2
MA,2024-08-02,PRE-BREAKOUT,460.345,462.02,0.363857541626379,True,60.40173940884466,92.56118777615784,1.687852501548818,16.059571879014392,-0.4736056746177629,-5.3679600523903,39.0,-3.985054687245441,-2.281984164050886,-0.7744191856108037,0.81,Q2
MA,2024-08-02,BREAKOUT,461.84,462.02,0.0389745366360659,True,61.767562956145554,95.80065146810594,1.7315984355553191,16.059571879014392,-0.4736056746177629,-5.3679600523903,41.0,-4.295860038108431,-2.598302442404296,-1.095617529880479,2.05,Q5 (highest)
MA,2024-09-19,PRE-BREAKOUT,490.32,493.01,0.5486213085332023,True,60.66791727360753,67.78187145442205,1.5772190219027291,25.625750422546712,1.0590993613064938,-1.243537795165576,,0.4935552292380518,-0.5934899657366554,0.1937510197422068,1.21,Q3
MA,2024-09-20,PRE-BREAKOUT,490.89,492.74,0.3768665077716031,True,61.14268453614795,66.6913979655002,1.2644116097129277,24.314607155977576,-0.6815277580576486,-1.5928461645941072,,1.2731976613905356,-0.293344741184379,0.5602069710118357,1.21,Q3
MA,2024-10-30,PRE-BREAKOUT,512.885,513.69,0.1569552628757058,True,62.53543162763976,72.13735060555476,1.2219816619717505,24.29458094184551,1.2325195543967782,-1.94832862067631,,-2.5921990309718583,-1.4242958947912312,1.607572847714401,1.21,Q3
MA,2024-10-31,PRE-BREAKOUT,512.03,499.59,-2.429545143839228,False,60.65711276707168,67.04300942820124,1.217174105042432,24.46013553199445,1.471704724639363,-0.5132277181701935,,-0.7714391734859264,-1.2635978360642874,1.1425111809854938,1.21,Q3
MA,2024-11-06,PRE-BREAKOUT,517.65,521.13,0.6722689075630287,True,61.48959672223304,89.72445390381371,1.2324080006239304,29.72222734087577,3.026347021125092,-2.087771623348962,27.0,0.0444315657297436,2.408963585434179,0.8171544479860946,1.21,Q3
MA,2026-01-07,PRE-BREAKOUT,580.88,579.92,-0.1652664922187089,False,61.81011449909548,75.19607336173148,1.3780726113075608,21.03305990130179,-0.184374676913542,-3.1087217844263395,5.0,-0.1394436028095209,-2.513427902492773,-5.863517421842712,0.010000000000000009,Q1 (lowest)
MA,2026-01-08,PRE-BREAKOUT,586.3,580.07,-1.062595940644705,False,64.7912585402778,87.86744831604705,1.4785170574077835,20.79069109520188,-0.4155745620085474,-3.1788433284359687,37.0,-1.8352379327989068,-7.045880948319964,-7.44499403035988,1.21,Q3
MA,2026-07-31,PRE-BREAKOUT,569.42,573.1,0.6462716448315943,True,66.75375464103104,93.68930995817756,1.1920200061779702,31.590683143683403,-1.6748939118385855,-3.6079203953519454,27.0,0.2722068069263581,0.1861543324786729,-1.136243897298991,1.21,Q3
MCD,2024-07-29,BREAKOUT,262.0,261.42,-0.2213740458015206,False,58.31268833267944,97.00783194274128,2.825372218615117,19.418185389723615,0.6150793650793696,-16.148138289022718,24.0,1.6946564885496174,2.5763358778625958,2.461832061068698,1.85,Q5 (highest)
MCD,2024-09-20,PRE-BREAKOUT,295.54,296.83,0.4364891385260754,True,66.05467284077511,88.18952586152511,1.383588506324686,35.314301906896816,-0.3096818104475157,-2.2227398263068414,17.0,1.1910401299316442,1.6681329092508652,2.7576639371996943,1.21,Q3
MCD,2025-12-19,PRE-BREAKOUT,318.93,315.84,-0.9688646411438344,False,61.44927065802279,86.67554604437251,1.2263229431369682,19.93873024262896,-0.2972000625684307,-0.5104422795605351,25.0,-0.8497162386730567,-1.7558711943059675,-3.260903646568223,1.21,Q3
MCD,2026-02-12,PRE-BREAKOUT,326.13,332.08,1.8244258424554591,True,66.4842182230482,82.39628084219328,1.2419889741349748,28.124356376418117,2.0482039540855803,-1.2073603129967123,3.0,0.4446079784135126,0.539662097936403,0.9505411952289036,0.010000000000000009,Q1 (lowest)
MCD,2026-02-12,BREAKOUT,331.135,332.08,0.2853820949159688,True,71.17187559680781,95.54693716807296,2.3351326328200064,28.124356376418117,2.0482039540855803,-1.2073603129967123,26.0,-1.0735802618267496,-0.9799628550289172,-0.5752940643544092,2.7499999999999996,Q5 (highest)
MPC,2025-02-04,PRE-BREAKOUT,155.71,156.91,0.7706634127544721,True,61.14975389385304,89.8532515264618,1.2871631878120149,22.699977107883115,0.0136054421768777,-32.91653356455072,16.0,1.0275512170059689,-3.5900070644146185,-0.2633099993577782,0.6100000000000001,Q2
MPC,2025-02-04,BREAKOUT,156.835,156.91,0.0478209583319977,True,62.332705144869934,95.0490963929795,1.7277121343532809,22.699977107883115,0.0136054421768777,-32.91653356455072,41.0,0.3028660694360279,-4.281569802658847,-0.9787356138616996,1.85,Q5 (highest)
MPC,2025-09-09,PRE-BREAKOUT,181.23,183.18,1.075980797881155,True,70.53657081211514,79.62680807222225,1.3722514727093431,32.64390026788876,0.662288205750863,-0.5870734116097844,40.0,0.2538211112950438,-0.5241957733267056,0.9711416432158138,0.31000000000000005,Q2
MPC,2025-11-12,PRE-BREAKOUT,199.21,196.9,-1.1595803423522928,False,60.340875726553655,82.12333400398708,1.4032775832155502,17.883299282191707,-0.2448408534452651,0.0,48.0,-2.324180513026452,-1.6264243762863353,-1.8523166507705424,0.010000000000000009,Q1 (lowest)
MPC,2026-02-03,BREAKOUT,180.29,187.58,4.043485495590449,True,58.25954493150236,95.19802650841802,1.7715082783378382,17.09708405453316,2.136679667627608,-11.602458402038677,46.0,8.669366021409948,12.59637251095458,13.234233734538806,2.05,Q5 (highest)
MPC,2026-03-02,PRE-BREAKOUT,207.03,209.82,1.3476307781480903,True,64.92459248458698,82.586954242549,1.3511800701620198,26.79348288165848,2.88582816205035,-4.999041411042935,15.0,2.390957832198227,4.989615031637933,4.1877988697290185,0.010000000000000009,Q1 (lowest)
MPC,2026-03-19,PRE-BREAKOUT,237.0,235.78,-0.5147679324894511,False,73.05591567142821,87.40225706570304,1.3668313677547854,45.34471239407184,0.5460548594649476,0.0,39.0,-1.886075949367088,2.9156118143459904,4.772151898734178,1.5100000000000002,Q4
MRK,2025-11-19,PRE-BREAKOUT,95.435,95.05,-0.4034159375491226,False,71.91965551703953,94.88257230985424,1.4142134810456808,25.275370188363603,-0.445919319713789,-7.091241930821851,0.0,-0.4872426258710152,5.20249384397758,9.63482998899774,1.11,Q3
MRK,2026-07-17,PRE-BREAKOUT,131.115,127.5,-2.7571216107996865,False,62.61863983263141,85.31399070855862,1.3347844496546064,16.697311167633092,0.6424821750372117,-1.4896573016363128,34.0,-5.1214582618312186,-2.780002288067734,-0.0343210159020828,1.21,Q3
MRVL,2024-08-30,PRE-BREAKOUT,73.845,76.24,3.2432798429142067,True,60.75852557826386,86.4866884095475,1.491113922943924,17.298886927133115,12.11340206185566,-17.922200023504523,2.0,-5.179768433881783,-5.355812851242465,-6.655833164059845,0.6100000000000001,Q2
MRVL,2024-08-30,BREAKOUT,76.19,76.24,0.0656254101588097,True,63.62254096842528,95.4322326858866,3.535836569271185,17.298886927133115,12.11340206185566,-17.922200023504523,54.0,-8.098175613597586,-8.268801680010498,-9.528809555059707,1.85,Q5 (highest)
MRVL,2024-11-01,PRE-BREAKOUT,86.83,84.77,-2.3724519175400234,False,66.15970820540643,92.78158003549424,1.428820782070072,34.523963412964896,5.099238546997871,-5.8526266306264,11.0,-2.8216054359092517,4.376367614879647,8.027179546239777,0.81,Q2
MRVL,2024-12-02,PRE-BREAKOUT,95.78,96.86,1.127584046773855,True,65.79912663744187,94.97130155907873,1.500685679867921,29.78552105549052,5.049088359046291,-1.330636576538216,14.0,0.1357277093338854,18.36500313217791,11.745667153894342,1.21,Q3
MRVL,2024-12-02,BREAKOUT,95.82,96.86,1.085368399081618,True,65.8552706893852,95.27006836677432,2.2937798084439693,29.78552105549052,5.049088359046291,-1.330636576538216,41.0,0.0939261114589891,18.315591734502203,11.699018993946993,2.4499999999999997,Q5 (highest)
MRVL,2024-12-03,PRE-BREAKOUT,96.14,95.91,-0.2392344497607697,False,65.2612479124316,94.83783720245704,1.816912052801898,29.781557993136925,0.9601486681808868,0.0,0.0,22.8936966923237,18.067401705845647,10.96317869773248,1.21,Q3
MRVL,2024-12-03,BREAKOUT,96.22,95.91,-0.3221783413011871,False,65.47670476765036,95.4706349762766,1.9503097249308388,29.781557993136925,0.9601486681808868,0.0,23.0,22.79151943462898,17.969237164830602,10.870920806485149,2.4499999999999997,Q5 (highest)
MRVL,2024-12-09,PRE-BREAKOUT,107.7,107.03,-0.62209842154132,False,64.47604633914212,82.45026111858867,1.4707799249298892,37.1654780065992,-1.5769535723724837,-3.92721117223868,30.0,-0.9470752089136452,1.211699164345397,15.85886722376973,0.010000000000000009,Q1 (lowest)
MRVL,2024-12-13,PRE-BREAKOUT,118.865,120.77,1.6026584781054147,True,70.38938155441761,94.61182131695011,1.5040724688531917,38.10300335534637,8.242741158662445,-7.740160812526457,8.0,4.976233542253823,-11.42893198165986,-5.859588608926083,1.11,Q3
MRVL,2024-12-13,BREAKOUT,119.16,120.77,1.3511245384357162,True,70.55919455081397,95.16156577530752,2.433653634445672,38.10300335534637,8.242741158662445,-7.740160812526457,75.0,4.716347767707289,-11.648204095334002,-6.092648539778442,1.65,Q5 (highest)
MRVL,2024-12-17,PRE-BREAKOUT,114.465,112.25,-1.935089328615737,False,60.90180150986646,74.39858180869591,1.4649407989997856,40.74294782582466,-1.9354063151146064,0.0,,-8.024286899925743,-2.2408596514218297,1.2973397981915864,1.21,Q3
MRVL,2025-06-20,PRE-BREAKOUT,73.78,73.51,-0.3659528327459962,False,64.71046010486896,93.98570001182355,1.6285344438834328,24.03391843531348,2.8152101400933947,-40.54418530858322,11.0,-4.066142586066684,2.9140688533477985,4.581187313635125,0.6100000000000001,Q2
MRVL,2025-10-31,PRE-BREAKOUT,92.7901,93.74,1.0237083481966285,True,63.267581192821325,93.73078154193858,1.7393234034331315,20.511970150171315,5.453313763125226,-29.73980644137713,0.0,-2.608144618876357,0.1184393593713233,-2.0154089714312127,0.6100000000000001,Q2
MRVL,2025-11-06,PRE-BREAKOUT,93.6117,93.33,-0.3009239229711678,False,60.672683190483546,92.81697663700878,1.630384923457136,22.539333778911413,3.562970936490837,-26.304934158337296,0.0,-2.8753884396928986,-4.573894075206412,-6.507413069092863,0.6100000000000001,Q2
MRVL,2025-12-03,PRE-BREAKOUT,97.1,100.2,3.192584963954695,True,64.61927360694305,93.53405065402356,3.545433076523254,16.961734775448544,7.691893637635909,-26.31286688878312,0.0,1.1225540679711674,-5.252317198764155,-4.76828012358393,0.6100000000000001,Q2
MRVL,2025-12-03,BREAKOUT,97.7511,100.2,2.5052403502364773,True,65.23200265356354,95.80845828191032,3.176181759608045,16.961734775448544,7.691893637635909,-26.31286688878312,46.0,0.4489975048874169,-5.883412053675094,-5.402599050036261,1.85,Q5 (highest)
MRVL,2026-04-20,PRE-BREAKOUT,144.55,147.84,2.276029055690067,True,84.0184694687531,93.53700942472084,1.5746306635757088,35.038099719263414,5.598110100937785,0.0,22.0,4.676582497405735,14.53476305776547,9.45001729505361,-0.4899999999999999,Q1 (lowest)
MRVL,2026-04-21,PRE-BREAKOUT,148.89,151.31,1.6253610047686318,True,85.31054869640143,92.9258671463025,1.574491355735253,37.16028160952658,0.5817099567099467,0.0,32.0,5.661898045536979,10.356639129558747,2.9149036201222405,-0.4899999999999999,Q1 (lowest)
MRVL,2026-04-24,PRE-BREAKOUT,162.66,164.31,1.0143858354850643,True,84.7889576982212,90.14297572668998,1.575770065457111,43.94214975241592,2.6002657646774625,0.0,27.0,-2.73576785933849,-3.744005901881227,1.407844583794413,-0.4899999999999999,Q1 (lowest)
MRVL,2026-05-13,PRE-BREAKOUT,179.36,177.95,-0.7861284567350718,False,69.91587847057342,93.72446764250526,1.786224059094254,47.69659511277992,2.7902735562310053,-4.443799012489111,29.0,1.7952720785013372,-5.81512042818912,4.14808206958073,1.21,Q3
MRVL,2026-05-27,PRE-BREAKOUT,200.51,198.7,-0.9026981197945252,False,68.58966779565287,94.44949345075796,1.5229429415961386,44.94977954225835,4.66724286949006,0.0,2.0,2.154506009675339,9.435938357189176,50.44137449503765,1.21,Q3
MRVL,2026-05-28,PRE-BREAKOUT,199.85,204.83,2.4918689016762663,True,67.67061158739392,89.41061042364602,1.594732700285716,45.14542820841045,0.0251635631605492,-4.590415826370884,16.0,2.5769326995246464,45.50412809607207,58.33375031273456,1.21,Q3
MRVL,2026-05-28,BREAKOUT,204.95,204.83,-0.0585508660648822,False,69.47792255582847,96.72341814232644,2.2605744593799297,45.14542820841045,0.0251635631605492,-4.590415826370884,70.0,0.0243961941937113,41.8833861917541,54.393754574286426,1.75,Q5 (highest)
MRVL,2026-06-05,PRE-BREAKOUT,295.95,263.47,-10.974826828856212,False,77.44682075631931,94.77459703928425,1.635214717620493,51.391396157399306,-5.350314445532979,0.0,26.0,-2.39905389423888,-14.651123500591313,-5.490792363574928,1.5100000000000002,Q4
MRVL,2026-06-08,PRE-BREAKOUT,299.33,288.85,-3.501152574082104,False,70.62464857382302,93.37435739870033,1.7232174139669574,51.18793286575933,9.572247314684772,-16.736719021584545,23.0,-10.84087796077907,-6.220559248989412,3.190458691076742,0.9100000000000001,Q3
MRVL,2026-06-08,BREAKOUT,304.2191,288.85,-5.051983915539821,False,71.25256315174013,95.35802613395964,2.55912300259367,51.18793286575933,9.572247314684772,-16.736719021584545,45.0,-12.273752699945542,-7.727687051864937,1.532086578390367,1.4499999999999997,Q4
MRVL,2026-06-09,PRE-BREAKOUT,268.1,266.88,-0.4550540842969143,False,62.62279949232333,75.39743121987574,1.6849430248420254,51.091882700481655,3.777046910160972,-8.715987738204337,0.0,-5.785154792987698,4.326743752331207,3.9425587467362897,-0.39,Q1 (lowest)
MS,2024-07-17,PRE-BREAKOUT,106.505,106.96,0.4272099901413063,True,75.90315634894128,94.10654604053256,1.6296861405038978,26.29973342263605,-1.0638297872340383,0.0,27.0,-1.591474578658273,-3.8167222196141006,-4.258016055584242,1.5100000000000002,Q4
MS,2025-06-20,PRE-BREAKOUT,132.915,132.71,-0.1542339088891277,False,63.36002279245135,87.74098941678214,1.434571090320662,21.52870204429772,0.6263205553878539,-6.06747944428693,43.0,0.8163111763156965,3.615092352255206,5.849603129819815,0.81,Q2
MS,2025-09-09,PRE-BREAKOUT,151.92,152.22,0.1974723538704656,True,64.57001811780732,94.54191429589925,1.4836627700620877,14.008136838077212,-0.2486726258485143,-1.1559157642994813,23.0,1.4481305950500376,2.9423380726698256,2.560558188520284,1.21,Q3
MS,2025-09-16,PRE-BREAKOUT,156.368,155.81,-0.3568505064974884,False,70.92525735573905,88.94943532591033,1.4307021466806755,18.48249553308584,0.2808988764045111,0.0,57.0,0.6663767522766817,2.265169344111328,2.8087588253351043,1.5100000000000002,Q4
MS,2025-10-15,PRE-BREAKOUT,162.468,162.65,0.1120220597286951,True,63.256061612263366,94.57723175337264,1.8792740458844288,17.506612954112306,4.886056392429512,-3.6113179448994743,0.0,-1.5067582539330695,-0.3065218996971652,-2.6762193170347297,1.21,Q3
MS,2026-01-15,PRE-BREAKOUT,188.2851,191.23,1.564064283366018,True,63.21317404476947,89.1565911421237,1.4071804544765387,25.23760045221882,0.121694877751963,-3.712383488681757,11.0,0.4274900138141592,-2.6370116382018582,-4.931404556175714,1.21,Q3
MS,2026-01-15,BREAKOUT,189.775,191.23,0.7666974048214907,True,64.81637621727057,96.19765287529988,1.8453315975807048,25.23760045221882,0.121694877751963,-3.712383488681757,19.0,-0.3609537610328032,-3.401396390462396,-5.677776314056122,2.4499999999999997,Q5 (highest)
MS,2026-05-27,PRE-BREAKOUT,199.805,201.61,0.9033807962763728,True,64.02968274726948,86.59166483676573,1.309948822794512,26.908727158239024,0.143735130848543,0.0,36.0,1.9944445834688749,5.607967768574352,5.172543229648897,1.21,Q3
MS,2026-07-14,PRE-BREAKOUT,228.63,227.67,-0.4198924025718444,False,64.40312084715845,91.04475285794472,1.2911907472052158,26.35027962879409,1.4586819847121058,-2.6421242679114005,37.0,-0.0349910335476464,-5.742903381008615,-5.349254253597511,1.21,Q3
MS,2026-07-15,PRE-BREAKOUT,230.255,228.55,-0.7404833771253542,False,65.75168680913593,92.96599509114796,1.4849902579598886,26.720624561122445,-2.1829841437167827,0.0,19.0,-5.161668584829859,-8.388525764912814,-5.1052094417059335,1.21,Q3
MSFT,2024-06-21,PRE-BREAKOUT,449.1799,449.78,0.1335990323698806,True,71.12203658875565,89.05998104941689,1.304465453732921,19.399248494055914,0.3769351581781482,-0.5954903316457425,4.0,-0.3361459406353577,0.6634535516838688,-0.4964380641253063,1.5100000000000002,Q4
MSFT,2024-09-20,PRE-BREAKOUT,436.32,435.27,-0.2406490649064932,False,62.34125114815431,88.58689438812371,1.283851317777278,22.71407474881787,-0.335088559119189,-6.17460860638207,15.0,-0.6440227356068946,-0.9648881554822104,-1.9022735606894048,0.81,Q2
MSFT,2024-10-22,PRE-BREAKOUT,428.884,427.51,-0.3203663461448838,False,60.11439881287759,85.33373891320126,1.350900485105729,13.346083576373724,-0.0692487702373474,-10.432885618958002,10.0,-0.998871489726824,-0.1711418472127748,0.7148786151966439,0.81,Q2
MSFT,2025-06-20,PRE-BREAKOUT,480.82,477.4,-0.7112848883157972,False,73.78022557581153,85.71061989012314,1.3472918947819796,45.99767573879645,0.4143761452607048,0.0,10.0,1.077326234349654,2.381348529595272,3.1446279272908795,1.5100000000000002,Q4
MSFT,2025-08-01,PRE-BREAKOUT,523.745,524.11,0.0696904027723432,True,68.10314476546009,94.4054279959506,1.6702565779402223,47.77408962174781,0.2811621368322399,0.0,0.0,2.2711433999369888,0.2281644693505522,-0.3255401006214934,1.21,Q3
MSFT,2026-05-15,PRE-BREAKOUT,426.395,421.92,-1.0494963590098303,False,60.07899474561522,78.59565977968171,1.574443019000892,16.272945448226306,1.18213125564809,-24.469164499049946,1.0,-0.669566950831966,-1.2511872794005512,-1.835152851229491,-0.5900000000000001,Q1 (lowest)
MU,2024-06-20,PRE-BREAKOUT,148.65,144.19,-3.0003363605785456,False,67.8846546070311,92.52619774500972,2.0312457619115074,33.863425643992684,2.3199739328771605,0.0,0.0,-6.128489741002364,-5.065590312815338,-11.046081399260018,1.21,Q3
MU,2024-06-20,BREAKOUT,149.9,144.19,-3.809206137424955,False,69.82282325043981,95.51581202797593,2.778356478961774,33.863425643992684,2.3199739328771605,0.0,15.0,-6.911274182788535,-5.857238158772516,-11.787858572381598,1.75,Q5 (highest)
MU,2025-01-07,PRE-BREAKOUT,105.22,101.91,-3.145789773807263,False,60.22076408098429,80.62468679739261,1.7908060658467846,21.25562895578281,4.180938948216795,-35.31443466927337,15.0,-5.521763923208518,-9.655958943166697,-1.92929100931382,-0.5900000000000001,Q1 (lowest)
MU,2025-06-17,PRE-BREAKOUT,121.785,120.34,-1.1865172229749092,False,82.87814137172202,94.96607685656048,1.7266942235673677,37.08776247299491,-0.2002670226969368,-21.90289996741609,43.0,0.028739171490739,0.2422301597076829,4.487416348482985,-1.0899999999999999,Q1 (lowest)
MU,2025-06-20,PRE-BREAKOUT,120.85,123.6,2.2755482002482417,True,79.9676333222055,83.82873695496832,1.6141510566824755,40.26305567264373,0.7798391068790043,-20.612577386770933,31.0,1.0177906495655804,5.295821266032276,3.2354158047166,-0.29,Q1 (lowest)
MU,2025-06-26,PRE-BREAKOUT,127.2,126.0,-0.9433962264150966,False,81.22487383052629,82.89717054326188,1.5741465967745958,45.81980579923726,1.7917485265225943,-10.613936499016589,6.0,-1.91823899371069,-4.9606918238993725,-3.860062893081758,-2.09,Q1 (lowest)
MU,2025-06-27,PRE-BREAKOUT,125.7099,124.76,-0.7556286338625673,False,76.98815499946316,77.28719897817909,1.4690209995013312,47.31184298809735,-0.6825396825396821,-11.491992132621531,34.0,-1.956806902240798,-3.157985170619028,-4.605762951048408,-0.08999999999999997,Q1 (lowest)
MU,2025-07-02,PRE-BREAKOUT,122.86,121.74,-0.9116067068207754,False,66.831214238218,65.61511430024402,1.6137011546127331,48.13311492489782,-0.3226073289767562,-11.64303464405788,,-0.4639426990069943,1.269737913071791,0.2034836399153508,0.81,Q2
MU,2025-09-05,PRE-BREAKOUT,127.07,131.37,3.383961595970734,True,62.70430204359948,92.90605096425244,1.7727741209787375,15.42973505621148,2.866113839465424,-2.89265890078962,0.0,3.4547886991422168,10.175493822302672,23.734949240576057,1.21,Q3
MU,2025-09-05,BREAKOUT,127.955,131.37,2.668907037630422,True,63.62966064641675,97.65977595615452,2.189026769043376,15.42973505621148,2.866113839465424,-2.89265890078962,17.0,2.739244265562119,9.413465671525149,22.879137196670698,2.4499999999999997,Q5 (highest)
MU,2025-09-19,PRE-BREAKOUT,161.2146,162.73,0.9399893061794652,True,73.93135637938732,84.28947575603529,1.492175453955219,37.80137820363141,-3.635502398010532,0.0,18.0,2.112339701242949,0.3072922675737916,-2.446800724003893,0.31000000000000005,Q2
MU,2025-09-23,PRE-BREAKOUT,167.69,166.41,-0.7633132566044494,False,78.43705640133565,84.67134102300525,1.460606312454825,40.67293636255931,0.6439071801725199,-2.5282728403102506,36.0,-3.5661041206989026,-6.213846979545583,-0.2206452382372261,0.31000000000000005,Q2
MU,2025-09-24,PRE-BREAKOUT,161.94,161.71,-0.1420279115721809,False,70.77614314203234,74.85709581053239,1.5504323114911238,42.165940168789206,-0.7992308154557923,-1.4684113920303097,,-3.1554896875385854,1.2103248116586438,12.479930838582195,1.5100000000000002,Q4
MU,2025-09-25,PRE-BREAKOUT,156.73,156.83,0.063803994130047,True,63.53995109830897,65.94827244948918,1.4812627360576818,41.99310578269949,-2.671448889988264,-4.251287820474853,,0.3445415683021888,6.756842978370449,17.2398392139348,1.21,Q3
MU,2025-09-29,PRE-BREAKOUT,164.04,163.9,-0.0853450377956512,False,68.79044705205534,72.47664556811974,1.5058362727809576,40.313403392661215,1.735868252050607,-6.880217893303319,,1.99951231406974,12.015362106803224,16.410631553279696,0.81,Q2
MU,2025-10-01,PRE-BREAKOUT,176.9883,182.15,2.916407468742282,True,75.80553550067273,89.51451295265218,1.4580900570128972,40.43730821804242,-1.0279703562036808,-0.9295991473740264,22.0,3.8204220278967536,7.894137635086612,11.046888410137836,1.5100000000000002,Q4
MU,2025-11-05,PRE-BREAKOUT,236.15,237.5,0.5716705483802643,True,68.37557854935574,92.47666090945862,1.4700618944685369,40.46116627468288,3.501811677292112,-7.102684277801444,28.0,0.923142070717767,7.262333262756725,3.705272072835063,0.81,Q2
MU,2025-11-06,PRE-BREAKOUT,237.97,238.33,0.1512795730554328,True,68.9758128321494,89.73517914840502,1.4883543097793568,39.84242885014663,0.1431578947368435,0.0,23.0,-0.0210110518132585,1.3194940538723432,-0.4286254569903812,1.21,Q3
MU,2025-11-07,PRE-BREAKOUT,230.93,237.92,3.026891265751518,True,63.54387223442674,76.94023603336625,1.454986873790486,39.62866580757082,-1.804221038056481,0.0,21.0,9.686918113714114,6.049452214956913,6.885203308361844,0.010000000000000009,Q1 (lowest)
MU,2025-11-11,PRE-BREAKOUT,243.7465,241.11,-1.0816565571197878,False,66.59544971117808,85.16346804931064,1.4703644804817773,38.27740758949075,-1.9581523884721703,0.0,39.0,0.4732375644368261,1.265043805757217,-6.255064175280464,1.21,Q3
MU,2025-11-13,PRE-BREAKOUT,235.885,236.95,0.4514911927422251,True,60.163755052017805,68.28361609757836,1.4524787517382889,36.1826281178458,-0.5308289097590899,-3.316225819186737,,4.6399728681349055,-3.130762871738344,-14.632130063378334,1.21,Q3
MU,2025-11-14,PRE-BREAKOUT,247.21,246.83,-0.1537154645847641,False,64.80730591886176,83.27906423687872,1.463158374639176,34.280756873842186,-2.321164802700992,-6.45479668377419,12.0,-2.127745641357558,-8.612111160551764,-16.115852918571257,-0.39,Q1 (lowest)
MU,2025-11-17,PRE-BREAKOUT,251.7121,241.95,-3.878279987334739,False,66.43116771298816,86.67015543102848,1.4598795468601558,32.89636507628717,0.0364623425029271,-2.5542834583497824,23.0,-9.22168620419916,-19.999872870632757,-11.037252480115177,1.21,Q3
MU,2025-12-19,PRE-BREAKOUT,263.08,265.92,1.079519537783196,True,61.10343950498015,94.37114563550664,1.594054435171159,14.656059111179806,1.2874673104003171,-5.7487391452732055,14.0,5.135320054736199,8.970655313972946,11.893720541280226,0.81,Q2
MU,2025-12-19,BREAKOUT,264.0325,265.92,0.7148741158758821,True,61.3919969370102,95.72226589868946,1.93841986050288,14.656059111179806,1.2874673104003171,-5.7487391452732055,21.0,4.756043290125248,8.577542537377019,11.490062776362748,2.05,Q5 (highest)
MU,2026-01-05,PRE-BREAKOUT,313.38,312.15,-0.3924947348267337,False,70.85865284011604,94.85288180800208,1.692937071543256,21.665068999130327,3.0784351024031382,0.0,44.0,9.588997383368438,4.3525432382411084,10.367604824813329,1.5100000000000002,Q4
MU,2026-01-08,PRE-BREAKOUT,324.08,327.02,0.907183411503332,True,66.55385773799675,82.50473857496917,1.4343101757626509,26.951481934561528,0.986599911647759,-1.1297789942637495,33.0,6.482967168600343,4.335349296470011,3.872500617131576,0.010000000000000009,Q1 (lowest)
MU,2026-01-16,PRE-BREAKOUT,357.98,362.75,1.3324766746745578,True,71.47428722789138,88.19937672771184,1.423621313103466,27.926279685887803,4.892612066660734,-2.6715239829993958,15.0,1.9610034080116157,11.062070506732208,8.690429632940374,1.5100000000000002,Q4
MU,2026-01-20,PRE-BREAKOUT,370.17,365.0,-1.3966555906745592,False,73.84956993239544,93.51772456815596,1.4856441318534144,28.69726382396103,0.5320468642315663,0.0,15.0,5.116568063322256,7.963908474484685,10.824756193100466,1.5100000000000002,Q4
MU,2026-01-20,BREAKOUT,373.79,365.0,-2.35158778993553,False,74.49830044541055,95.83014570650772,2.355932467713578,28.69726382396103,0.5320468642315663,0.0,34.0,4.098558013858047,6.91832312260894,9.751464726183148,2.7499999999999996,Q5 (highest)
MU,2026-01-22,PRE-BREAKOUT,387.2787,397.58,2.6599190712011707,True,76.19152580834282,94.78016893765518,1.431096576453094,31.49991810905191,1.9351854231451189,0.0,26.0,3.194417870128144,5.928882740000933,12.526198833036778,1.5100000000000002,Q4
MU,2026-01-23,PRE-BREAKOUT,397.33,399.65,0.583897515918756,True,78.33838324815689,94.83944548776734,1.6699145239158373,33.03158599348553,-0.105639116655757,0.0,49.0,-2.0738429013666244,9.551254624619332,4.416983363954398,1.5100000000000002,Q4
MU,2026-01-29,PRE-BREAKOUT,422.0399,435.79,3.2580094915196485,True,73.8472426931364,89.93087822079097,1.394896685986765,39.29029312987107,0.9396250689211616,0.0,14.0,-1.6964983642541838,-0.6160318017324881,-9.276350411418449,1.5100000000000002,Q4
MU,2026-01-30,PRE-BREAKOUT,439.85,414.88,-5.676935318858708,False,80.78667685476069,94.91761158304853,1.4400720608554918,41.11869550872693,2.4495743362628684,0.0,15.0,-0.4660679777196797,-13.743321586904637,-10.267136523814942,-0.4899999999999999,Q1 (lowest)
MU,2026-02-02,PRE-BREAKOUT,439.0499,437.8,-0.2846829027862136,False,74.14535239465262,92.11473670730976,1.3941912351086378,43.00309395168077,-0.6507905900501323,-4.7981826108905725,43.0,-4.466439919471564,-12.791233980465543,-12.652297608996149,1.5100000000000002,Q4
MU,2026-02-03,PRE-BREAKOUT,424.11,419.44,-1.1011294239702,False,68.24253229595988,79.9848400991995,1.3980694457986589,44.75289250585219,0.9958885335769788,0.0,18.0,-10.54207634811724,-6.936879583127023,-11.99217184221075,0.010000000000000009,Q1 (lowest)
MU,2026-02-12,PRE-BREAKOUT,420.21,413.97,-1.4849717998143672,False,61.51447068507952,72.38375427661857,1.3921192235169204,37.810205671771776,2.902471121508999,-6.2722704431247225,,-2.034696937245652,0.1761024249779893,1.8942909497632223,0.81,Q2
MU,2026-03-19,PRE-BREAKOUT,454.0339,444.27,-2.150478191165909,False,61.58490471764376,87.90535636686684,2.0450848189745807,22.846059528869883,-7.961362701145688,0.0,10.0,-6.857175202115974,-12.885359441222349,-21.71069164659292,1.21,Q3
MU,2026-04-22,PRE-BREAKOUT,478.6401,487.48,1.8468782703329705,True,66.7819950498753,88.9776884584991,1.331450029227321,20.47374084704617,3.015265476879258,-3.496113043851744,43.0,0.6434688610502983,9.593826342590168,8.319382350120689,1.21,Q3
MU,2026-04-28,PRE-BREAKOUT,496.3397,504.29,1.601786034846704,True,63.59217987709103,80.22633821823163,1.306205685243469,25.233259155749764,-4.007167912154936,0.0,34.0,4.456685612696313,9.241714898082916,28.984242042294834,0.010000000000000009,Q1 (lowest)
MU,2026-05-01,PRE-BREAKOUT,532.19,542.21,1.8827862229654784,True,70.38766756108727,88.95274206262455,1.3172029758101056,26.652314077854957,-1.0402970067290578,-1.410706115601643,27.0,8.316578665514193,25.254138559537,40.32770251226063,1.5100000000000002,Q4
MU,2026-05-12,PRE-BREAKOUT,750.96,766.58,2.0800042612123155,True,76.29033242202465,94.6815224127927,1.3122831400588448,40.919549829352064,-2.593891843637232,0.0,6.0,7.013689144561622,-3.502183871311397,-6.953765846383299,1.5100000000000002,Q4
MU,2026-05-13,PRE-BREAKOUT,785.68,803.63,2.284645148151925,True,80.44802787594824,94.8730821856624,1.4983714751188084,41.550630996486646,6.075686816770582,-3.6148516967799527,43.0,-1.2307809795336473,-13.254760207718157,-6.833570919458297,-0.4899999999999999,Q1 (lowest)
MU,2026-05-15,PRE-BREAKOUT,731.72,724.66,-0.9648499426010028,False,67.42559006375882,75.65939326918286,1.3105723312603828,43.13196617928532,-5.597866006881347,-3.436905043365729,19.0,-6.85781446454929,0.0368993604110837,2.634887661947189,0.010000000000000009,Q1 (lowest)
MU,2026-05-18,PRE-BREAKOUT,699.22,681.54,-2.5285317925688715,False,62.18431901667986,67.14390429483828,1.3161996058091832,42.24443765344881,3.5602903430574435,-9.826661523337858,,-0.0686479219701979,8.992877778095592,28.125625697205454,0.81,Q2
MU,2026-05-19,PRE-BREAKOUT,697.25,698.74,0.2136966654714964,True,61.15421428996248,65.05078255590271,1.5622868252648867,40.20196658848589,-2.341755436217966,-15.19231487127161,,4.982430978845465,7.708856220867695,33.153101470060946,0.6100000000000001,Q2
MU,2026-05-26,PRE-BREAKOUT,873.86,895.88,2.5198544389261417,True,73.73850394316187,94.78204759444768,1.7401171685705084,34.181574493440976,9.254327563249,-6.549033759317098,36.0,6.242418694069983,11.116197102510698,21.770077586798788,1.11,Q3
MU,2026-05-26,BREAKOUT,875.5,895.88,2.3278126784694453,True,73.82524184833623,95.09042121602695,1.7812862672569532,34.181574493440976,9.254327563249,-6.549033759317098,38.0,6.043403769274697,10.908052541404912,21.54197601370644,1.65,Q5 (highest)
MU,2026-05-27,PRE-BREAKOUT,892.88,928.41,3.979258130991844,True,74.3922489097522,93.44906398902128,1.3111184309561048,34.90623960665392,6.67276867437603,0.0,0.0,3.431592151240926,15.973031090404085,20.90874473613475,1.5100000000000002,Q4
MU,2026-05-27,BREAKOUT,905.6,928.41,2.518772084805648,True,75.35624199988851,95.78447790768224,1.8999773940012952,34.90623960665392,6.67276867437603,0.0,21.0,1.9787985865724336,14.344081272084802,19.210468197879848,2.05,Q5 (highest)
MU,2026-06-04,PRE-BREAKOUT,1005.27,996.0,-0.9221403205109058,False,70.86787327272836,81.2938926436211,1.3071528252313822,42.50389340072447,-6.7128578971257,0.0,39.0,-14.05194624329782,-6.901628418235896,-0.9350721696658586,0.31000000000000005,Q2
MU,2026-06-25,PRE-BREAKOUT,1169.9,1213.56,3.731942901102646,True,62.778486567172365,92.21332757481974,1.3105181687787664,27.4254260016185,17.595444964759515,-13.444996615430345,7.0,-3.2113855885118525,-1.3343020771006175,-16.61167621164203,0.81,Q2
MU,2026-06-25,BREAKOUT,1182.535,1213.56,2.623600992782443,True,63.30603104038458,95.08664584254772,1.7725575965216236,27.4254260016185,17.595444964759515,-13.444996615430345,23.0,-4.245540301132749,-2.388512813574238,-17.502653198425428,2.05,Q5 (highest)
NET,2024-11-11,PRE-BREAKOUT,93.75,93.23,-0.5546666666666624,False,60.01045122675537,88.43935769168263,1.6019848169360624,22.10899460528661,0.0,-15.446627131208304,14.0,-3.029333333333337,-1.9413333333333265,-1.5573333333333268,0.6100000000000001,Q2
NET,2024-11-13,BREAKOUT,94.63,94.16,-0.4966712459051028,False,60.06460694153751,97.20443825861317,2.135142852020902,21.10765426703596,0.5609943900561051,-15.761675315048189,97.0,-2.853217795625054,-2.4727887562083795,1.9444150903519009,1.85,Q5 (highest)
NET,2024-12-02,PRE-BREAKOUT,106.325,105.05,-1.1991535386785852,False,67.53372021488536,94.9698546741177,1.7602083807352789,27.28816187916804,6.210557948512474,-7.496293550778358,32.0,-1.3308252997883905,3.889019515636013,7.096167411239127,0.81,Q2
NET,2024-12-17,PRE-BREAKOUT,116.49,117.56,0.918533779723588,True,71.58657800165241,85.08760223972077,1.5522844999237586,37.04404351188383,3.1225468818142152,-0.2088954652276045,27.0,-6.343892179586232,-3.2620825821958945,-3.356511288522617,1.5100000000000002,Q4
NET,2025-01-07,PRE-BREAKOUT,115.05,113.67,-1.199478487614077,False,60.48908206805233,74.96801243108628,1.76114953948404,24.44834335176383,2.324765330292136,-3.036747192922769,,0.5649717514124343,-3.772272924815301,-0.4954367666232013,1.21,Q3
NET,2025-02-03,PRE-BREAKOUT,135.68,136.84,0.8549528301886766,True,70.47795063253886,84.02769829004725,1.579793409198451,41.56169596610431,-3.901734104046247,-1.128732676096574,29.0,3.287146226415079,4.30424528301887,27.13001179245283,0.31000000000000005,Q2
NET,2025-02-06,PRE-BREAKOUT,142.09,141.52,-0.4011541980434887,False,73.43277185941699,84.08559315087878,1.6007935185507172,41.69821247789355,-0.9356157737888936,0.0,37.0,17.291857273559007,21.43711732000845,24.21704553452037,0.31000000000000005,Q2
NET,2025-02-18,PRE-BREAKOUT,168.42,168.81,0.2315639472746792,True,74.10788588982965,77.99631842010122,1.563999786558577,53.24707300395226,-2.7547324141154497,-3.025495750708217,42.0,-4.6490915568222215,-9.773186082413003,-15.010093813086334,0.31000000000000005,Q2
NET,2025-06-05,PRE-BREAKOUT,180.375,176.33,-2.2425502425502355,False,84.72053160126018,94.76167822239536,1.5359949506461177,49.27143562033503,0.6318745611982287,-3.161473087818704,38.0,-0.3908523908523978,-0.5738045738045718,-5.302841302841302,-0.4899999999999999,Q1 (lowest)
NET,2025-06-12,PRE-BREAKOUT,171.9504,170.81,-0.6632145083698552,False,66.0621348086281,65.50420020574475,1.4275158503614958,55.26014067571029,-2.0644371487396405,0.0,,0.0113986358856954,5.396672528822258,4.274255831914324,1.21,Q3
NET,2025-06-13,PRE-BREAKOUT,172.445,171.97,-0.2754501435240188,False,65.70655664042917,65.1864202979636,2.082639436878437,53.24987886314667,-2.157367835606816,-4.952423348728511,,3.95778364116096,5.192960074226573,6.625300820551487,1.21,Q3
NET,2025-07-01,PRE-BREAKOUT,185.71,184.95,-0.4092402132357004,False,62.00347326782802,65.12184922440032,1.7716103956912626,45.40582631341382,-0.2706429045600781,0.0,,-0.0376931775348778,3.844704108556344,4.189327446017986,1.21,Q3
NET,2025-07-18,PRE-BREAKOUT,195.3,197.35,1.049667178699428,True,64.77643029507317,84.51041911386213,1.4893368667653388,25.4166301398139,0.2405228758169976,-2.338763212990865,20.0,1.2596006144393137,-3.149001536098313,1.5975422427035209,0.010000000000000009,Q1 (lowest)
NET,2025-07-21,PRE-BREAKOUT,197.09,197.76,0.3399462174640963,True,65.95587312439045,88.62006155928559,1.495566057294356,24.78880892277061,0.481378261971126,0.0,41.0,-3.3182809883809385,-2.7956771018316457,1.1771272007712177,1.21,Q3
NET,2025-07-28,PRE-BREAKOUT,200.61,199.41,-0.5981755645281974,False,65.01425292542208,94.7916172272413,1.4784337528952305,20.402913042703528,1.2549138191714593,0.0,41.0,-0.5882059717860558,3.524251034345243,4.082548227904889,1.21,Q3
NET,2025-08-01,PRE-BREAKOUT,201.41,200.11,-0.6454495804577642,False,61.36882754233941,79.535366482962,1.6186517242513978,21.622658763194032,-4.343220338983056,0.0,0.0,3.6691326150638073,7.010575443125965,1.583833970507918,0.010000000000000009,Q1 (lowest)
NET,2025-08-01,BREAKOUT,207.12,200.11,-3.3845113943607528,False,69.73128965285282,96.4378242671308,3.0666431316786795,21.622658763194032,-4.343220338983056,0.0,31.0,0.8111239860950206,4.060448049439937,-1.2166859791425308,2.4499999999999997,Q5 (highest)
NET,2025-10-30,PRE-BREAKOUT,227.335,222.5,-2.126817252072936,False,60.197610279272986,94.10442862592554,1.8584929788492877,11.810637840975918,-0.5453425982936094,-0.3942526721570026,102.0,11.421470517078324,2.4523280621109764,-0.6312270437900025,1.21,Q3
NET,2026-02-11,BREAKOUT,199.34,189.41,-4.981438747867967,False,58.80672847817192,97.3534894422384,3.0680636748525787,15.045493117354535,12.81809089898879,-28.94591393604422,20.0,-7.10845791110666,-2.839369920738435,-3.361091602287557,1.85,Q5 (highest)
NET,2026-08-06,PRE-BREAKOUT,287.955,284.43,-1.2241496067093738,False,60.990099616884265,80.81746261877875,1.4619519655502669,24.06822875057256,-3.3383397050791825,-2.7776855938671905,21.0,4.276709902588945,6.603462346547219,14.889479258911985,0.010000000000000009,Q1 (lowest)
NET,2026-08-07,PRE-BREAKOUT,296.07,300.27,1.418583443104667,True,63.5982685928689,94.940256026208,2.490492309935475,24.21885263435015,11.802552473367786,-5.608469120233623,0.0,4.904245617590429,5.194717465464247,6.657209443712629,0.81,Q2
NFLX,2024-09-19,PRE-BREAKOUT,706.9,704.32,-0.3649738293959438,False,60.80855719863963,94.35334864640784,1.880930644976896,18.38696455165593,2.1043636942951864,-2.3256142931914874,52.0,-0.8303861932380825,2.172867449427078,0.6408261423114971,1.21,Q3
NFLX,2024-11-18,PRE-BREAKOUT,839.11,847.05,0.9462406597466292,True,73.95736321252888,94.52855357645656,1.4646164822422882,31.26451956161685,-1.0267488713044366,-1.5885149177077555,26.0,3.838590887964633,6.956179761890575,3.155724517643696,1.5100000000000002,Q4
NFLX,2024-11-25,PRE-BREAKOUT,871.7,865.59,-0.7009292187679264,False,69.56927422678675,78.68927755811316,1.471615582880874,40.591254796520325,0.4744984907383677,0.0,28.0,0.1032465297694134,1.733394516462074,3.4954686245267763,0.010000000000000009,Q1 (lowest)
NFLX,2025-01-30,PRE-BREAKOUT,980.225,973.24,-0.7125914968502144,False,69.30563810380573,85.1085111395251,1.3561384225025843,32.352692269597554,0.8792107549966798,-0.68131511077717,42.0,-0.3534902700910537,1.494044734627252,3.617026703052863,1.21,Q3
NFLX,2025-02-04,PRE-BREAKOUT,1005.05,994.87,-1.0128849310979504,False,72.79343232022767,85.34500103290915,1.366235106556099,33.85854442086936,0.156291498968269,-0.6011006640537699,21.0,0.6029550768618536,0.8835381324312219,0.3014775384309324,1.5100000000000002,Q4
NFLX,2025-06-20,PRE-BREAKOUT,1237.66,1231.41,-0.5049852140329331,False,63.59791251488503,79.86685210805426,1.3443695689552555,21.613400680709542,0.994853921737074,-2.2574608962671543,10.0,1.2830664318148668,3.037183071279666,6.904965822600698,0.010000000000000009,Q1 (lowest)
NFLX,2025-07-01,PRE-BREAKOUT,1307.22,1293.6,-1.0419057235966491,False,67.22077185499737,85.8201255969689,1.3579227596855836,25.051520848809204,-0.0672078140285178,0.0,11.0,-1.710500145346623,-1.3463686296109405,-1.4488762411835845,1.21,Q3
NOW,2024-08-29,PRE-BREAKOUT,842.415,831.27,-1.3229821406313969,False,60.09402272525831,83.68762247307285,1.4069738512278802,14.66577184095215,1.0060065593101597,-2.9874401201172502,22.0,1.4939192678193096,-0.9003875761946217,-2.0625226283957434,0.010000000000000009,Q1 (lowest)
NOW,2024-09-03,PRE-BREAKOUT,855.75,835.86,-2.32427695004382,False,63.43135206975198,93.0699222041195,1.5368380825228485,14.610198210253811,0.1637426900584768,0.0,42.0,-2.444639205375397,-3.588664913818292,0.5141688577271373,1.21,Q3
NOW,2024-10-24,PRE-BREAKOUT,956.8799,956.58,-0.0313414462985354,False,64.29616563638325,94.61908405174316,3.928380892332018,23.510250338893023,4.485060814383928,-3.917687283659201,32.0,-0.6301626776777313,-0.397113577158427,-2.4966456082942083,1.21,Q3
NOW,2024-10-24,BREAKOUT,959.935,956.58,-0.3495028309208337,False,64.89433250307908,97.1874274160974,3.9880999373249786,23.510250338893023,4.485060814383928,-3.917687283659201,33.0,-0.9464182470688038,-0.7141108512555439,-2.806960887976784,2.4499999999999997,Q5 (highest)
NOW,2025-01-27,PRE-BREAKOUT,1135.625,1140.62,0.4398458998348831,True,64.43606208611313,94.34002478186578,1.8211304258387708,20.73463942903181,-0.67245639922488,-2.0410651155500648,89.0,3.061309851403421,-10.820033021463953,-10.09884424876169,1.21,Q3
NOW,2025-01-29,PRE-BREAKOUT,1141.62,1143.63,0.1760655910022791,True,61.3796246784133,85.29193510156021,1.3854036790225686,23.412734476829787,-0.8099864147848168,0.0,33.0,-11.288344633065286,-10.570943045847116,-10.034862738914873,1.21,Q3
NOW,2025-10-30,BREAKOUT,955.3225,934.68,-2.160788634204684,False,57.65887630074051,100.0964464060855,3.375143516402671,14.169755021128282,1.648568608094765,-22.10288878066286,26.0,-3.772809705622973,-7.092107639043353,-10.106796395981462,1.85,Q5 (highest)
NVDA,2024-10-17,PRE-BREAKOUT,139.324,136.93,-1.7182969194108737,False,64.35407273885605,92.35052456334546,1.5456871219053003,20.219112445051707,2.667256115531981,-88.91538712838941,37.0,-0.950302891102762,3.061927593235904,0.7794780511613104,0.6100000000000001,Q2
NVDA,2025-05-29,PRE-BREAKOUT,140.29,139.19,-0.7840900990804721,False,71.53106372717544,85.22410096993082,1.5791532819915564,28.313718467123262,5.515169497811737,-88.98970924534466,15.0,-3.6780953738684135,0.6629125383134984,-0.2138427542946631,0.9100000000000001,Q3
NVDA,2025-06-20,PRE-BREAKOUT,143.913,143.85,-0.0437764482708418,False,62.68418603152916,71.53324076949977,1.3504046634549225,37.66524423994792,-0.0206213912565308,-2.6433781703807915,,0.1785801143746406,7.224503693203527,9.614836741642511,1.21,Q3
NVDA,2025-07-01,PRE-BREAKOUT,152.645,153.3,0.4291001998100174,True,64.52407218403573,77.64501450699612,1.300815222089622,45.02721571382697,-1.0760174694601032,0.0,2.0,3.016803694847515,3.6653673556290736,6.705100068787045,0.010000000000000009,Q1 (lowest)
NVDA,2025-07-03,PRE-BREAKOUT,159.505,159.34,-0.1034450330710586,False,71.73304992713147,94.3981690569898,1.2837381207953409,44.322289572354535,0.712241653418127,-0.4683840749414577,32.0,-0.7930785868781457,2.115921130999028,3.394877903513992,1.5100000000000002,Q4
NVDA,2025-07-09,PRE-BREAKOUT,163.255,162.88,-0.2297019999387461,False,73.74076305601872,93.73897561452034,1.299896888689126,44.76397739498714,0.7624999999999993,0.0,33.0,0.5175951731953072,0.4992190132002068,4.970751278674472,1.5100000000000002,Q4
NVDA,2025-07-11,PRE-BREAKOUT,166.74,164.92,-1.091519731318233,False,76.57313880419234,94.15270025187576,1.303499434909466,46.18134004272315,-0.2346130408287574,0.0,32.0,-1.6012954300108049,2.77677821758426,3.400503778337524,1.5100000000000002,Q4
NVDA,2025-07-22,PRE-BREAKOUT,167.2899,167.03,-0.15535905036705,False,65.30227306402213,68.21948419241734,1.287476003129533,52.25459705217048,-0.0233399463181188,-0.9364161849711008,,2.0862586444250444,3.7121786790475766,4.913685763456134,1.21,Q3
NVDA,2025-07-29,PRE-BREAKOUT,176.145,175.51,-0.3604984529790906,False,72.55743055277182,83.850383147138,1.2988360673471555,46.882784197567965,0.684582743988689,0.0,42.0,1.774106559936416,-1.3767066905106653,1.2007153197649552,0.31000000000000005,Q2
NVDA,2025-07-31,PRE-BREAKOUT,180.105,177.87,-1.2409427833763558,False,75.11456614376223,91.80780078883195,1.2682196503018812,46.96155111225292,2.0248786746248646,0.0,26.0,-3.545154215596453,-1.024402431914716,0.3692290608256409,1.5100000000000002,Q4
NVDA,2025-08-01,PRE-BREAKOUT,175.88,173.72,-1.228110075051169,False,66.57603842125329,74.17567820684282,1.2712251336544909,47.4731661353752,-2.1251475796930346,-0.7809449433814947,,2.342506254264274,2.01273595633386,3.877643848078231,1.21,Q3
NVDA,2025-08-05,PRE-BREAKOUT,176.945,178.26,0.7431687812597122,True,63.05772484302594,74.55997351928954,1.2071883493496962,45.5672441301358,-0.2111111111111085,0.0,,1.3987397213823474,3.2524230693153218,3.5123908559156822,1.21,Q3
NVDA,2025-08-07,PRE-BREAKOUT,181.41,180.77,-0.3527920180805834,False,68.43007679531691,89.97033027015084,1.2014114902324136,44.45751756313389,1.1983056515438668,-0.3222222222222292,41.0,0.7110964114436867,0.9646656744391158,0.3362548922330707,1.21,Q3
NVDA,2025-08-12,PRE-BREAKOUT,182.44,183.16,0.3946502959877213,True,68.68924592962951,86.25500025134902,1.183818332742072,44.77599123683025,0.4943425244424946,-0.3503010399562049,26.0,-0.4659065994299464,-1.0907695680771812,-3.727252795439602,1.21,Q3
NVDA,2025-08-13,PRE-BREAKOUT,181.22,181.59,0.2041717249751708,True,64.96467320225815,75.98993134643051,1.1894062881574063,44.59545221721834,-0.297554051102854,0.0,3.0,0.4414523783246944,0.4359342235956252,-3.211566052312103,0.010000000000000009,Q1 (lowest)
NVDA,2025-08-18,PRE-BREAKOUT,181.3215,182.01,0.3797122790182106,True,63.76161581988225,69.49755532501038,1.179401072937667,43.34862376711538,0.0831255195345002,-1.479580694474781,,-3.1333846234450964,-3.4973789649876035,-0.8336021927901456,1.21,Q3
NVDA,2025-08-25,PRE-BREAKOUT,181.0658,179.81,-0.6935600207217452,False,60.1795354634621,66.61700930958129,1.2061822305770526,35.5241053205542,0.2022585538513316,-2.8226687049574077,,0.388919387316663,-0.4947372723065363,-5.680697293470105,1.21,Q3
NVDA,2025-08-26,PRE-BREAKOUT,181.0481,181.77,0.3987338171458331,True,60.28230984372089,65.25681665880937,1.190239947194646,33.4897156734061,0.1362549357655328,-1.8290019654946463,,0.3048361181365555,-3.793522273915052,-5.75985055905033,1.21,Q3
NVDA,2025-08-27,PRE-BREAKOUT,182.315,181.6,-0.3921783725968809,False,62.062223227475606,74.41150225870821,1.180396745337348,31.473432201980653,0.1155306156131262,-0.7588993229962799,,-1.176535117790643,-6.326961577489508,-5.844280503524121,1.21,Q3
NVDA,2025-09-22,PRE-BREAKOUT,182.4001,183.61,0.6633220047576753,True,60.280201434279775,88.45281846685322,1.2760277147914014,23.02651593222573,-0.7754570668477819,-3.5433500764359085,5.0,-2.176588718975484,-2.582290250937368,-0.3015897469354538,1.21,Q3
NVDA,2025-10-10,PRE-BREAKOUT,191.9,183.16,-4.554455445544559,False,65.65800838704016,89.0202691546998,1.211619403514838,19.17391485993655,0.4855377265409992,0.0,33.0,-1.8655549765502928,-6.28973423658155,-4.523189161021369,1.21,Q3
NVDA,2026-02-25,PRE-BREAKOUT,196.5601,195.56,-0.5088011249485543,False,61.95582316082879,89.63273649899956,1.174468448609053,9.432057362471935,0.8296603577910264,-6.853748068006181,33.0,-5.93716629163295,-7.163254393948729,-6.878354253991533,0.81,Q2
NVDA,2026-04-24,PRE-BREAKOUT,206.945,208.27,0.6402667375389679,True,70.62320106172025,86.96915721374924,1.134488089059734,22.605265601489187,0.1602885193348134,-3.574188562596602,27.0,4.670323032689855,1.1138225132281556,-4.104955422938464,1.5100000000000002,Q4
NVDA,2026-04-27,PRE-BREAKOUT,209.635,216.61,3.3272115820354533,True,72.40854218177097,88.12512482037089,1.0980678715918135,23.608672942934085,0.6602007010131079,0.0,36.0,1.6862642211462764,-4.801202089345766,-5.32115343334844,1.5100000000000002,Q4
NVDA,2026-04-28,PRE-BREAKOUT,208.585,213.17,2.198144641273332,True,64.97870473205268,81.65003626648702,1.1315653191527524,25.178421206236887,-3.287013526614655,0.0,27.0,0.318814871635061,-4.858930412062238,-5.793801088285355,0.010000000000000009,Q1 (lowest)
NVDA,2026-05-06,PRE-BREAKOUT,206.73,207.83,0.5320950031442088,True,60.02079693631326,70.41870412046904,1.4404443842837666,22.381710140474222,1.7251908396946496,-9.283966575873697,,2.307357422725299,6.148115899966144,9.23910414550381,0.81,Q2
NVDA,2026-05-07,PRE-BREAKOUT,212.67,211.5,-0.5501481168006712,False,64.15892718058555,87.25546395513587,1.1147695388405907,22.26936679379262,0.2453928691719149,-4.053367803887171,18.0,1.1896365260732595,3.813419852353418,10.847792354351824,1.21,Q3
NVDA,2026-05-08,PRE-BREAKOUT,215.96,215.2,-0.3519170216706887,False,66.31973732053133,94.92475438103388,1.1061618108854598,22.894464595471643,0.7234042553191494,-2.3590785282304667,37.0,1.6114095202815286,4.570290794591593,4.334135951102049,1.21,Q3
NVDA,2026-05-12,PRE-BREAKOUT,217.8,220.78,1.3682277318640907,True,66.35300304845961,90.6967223201732,1.109533182705034,25.18240042993314,-0.4078563616478354,0.0,32.0,3.686868686868687,3.452708907254353,1.290174471992655,1.21,Q3
NVDA,2026-05-15,PRE-BREAKOUT,226.0801,225.32,-0.33620827308551,False,65.41318180675557,86.28706729968549,1.106433342020515,30.2674517264105,-2.536692966827869,0.0,27.0,-1.6631715927231074,-1.1545023201953597,-4.754996127478702,1.21,Q3
NVDA,2026-05-18,PRE-BREAKOUT,223.1801,222.32,-0.385383822303161,False,62.49145339988578,76.95722971041815,1.1045488476538805,31.154090619775037,2.0193502574116864,-4.420123865275309,5.0,-1.1515811669588805,-1.6444566518251489,-3.727975746941594,0.010000000000000009,Q1 (lowest)
NVDA,2026-05-20,PRE-BREAKOUT,225.375,223.47,-0.8452579034941768,False,63.02597676705857,77.31108427597363,1.0993507195539176,30.572102967973585,1.1649517247631536,-6.418087723763466,14.0,-2.602329450915146,-4.665557404326117,-4.936217415418747,-0.39,Q1 (lowest)
NVDA,2026-05-21,PRE-BREAKOUT,222.32,219.51,-1.2639438646995331,False,60.60608540006724,68.61142761946691,1.310776985306201,30.44748236156784,-0.528035083008908,-5.204886739628408,,-3.1441165887009634,-4.372076286433969,-5.028787333573231,0.81,Q2
NVDA,2026-06-01,PRE-BREAKOUT,223.915,224.36,0.1987361275484097,True,60.09951744689004,70.05452101856262,1.1169750795988238,22.59299514913321,2.1739130434782625,-10.435225248154756,,-0.489024853180894,-2.346872697228857,-6.821785052363623,0.81,Q2
NVDA,2026-06-02,PRE-BREAKOUT,227.29,222.82,-1.9666505345593728,False,62.34210431824303,77.71813930259492,1.1057646257149896,22.517708520341586,1.256908539846672,-4.827352167642316,20.0,-5.517180694267233,-9.762858022790269,-8.403361344537814,0.010000000000000009,Q1 (lowest)
NVDA,2026-08-06,PRE-BREAKOUT,218.3353,218.99,0.2998598943917999,True,60.73528608218103,90.95611548105931,1.0954245895010644,15.386029668604888,1.053735972995166,-7.007720369899046,21.0,2.576175268039579,-0.382576706560959,3.1899101977554807,0.81,Q2
NVDA,2026-08-12,PRE-BREAKOUT,223.82,224.09,0.1206326512376062,True,62.26478456544421,90.56831538240192,1.0893364423532486,18.241001236527765,1.627586206896548,-7.737337744973279,40.0,0.6612456438209356,0.5316772406397988,-2.796890358323649,0.81,Q2
ORCL,2024-09-05,PRE-BREAKOUT,141.88,142.61,0.5145193120947408,True,60.076496682283455,83.6349934386854,1.6449034581831723,11.429643495064472,0.4618117229129703,-2.951113562711164,33.0,-0.0493374682830512,9.874541866365936,13.744009021708486,0.010000000000000009,Q1 (lowest)
ORCL,2024-09-09,PRE-BREAKOUT,142.2653,139.89,-1.669627098104745,False,60.00896330191871,85.41202870116015,2.50898514007206,10.7624055712643,0.479514843805096,-2.220230297179893,8.0,9.576966414157203,13.435953813052093,19.727017058973637,1.21,Q3
ORCL,2025-06-30,PRE-BREAKOUT,222.91,218.63,-1.92005742227805,False,75.07008339126102,85.35469355588444,1.7238589187972164,52.96592812532709,7.734018264840178,-2.3366005481488368,26.0,-1.7720156116818395,6.464492396034273,5.1994078327576165,1.5100000000000002,Q4
ORCL,2025-09-12,PRE-BREAKOUT,295.23,292.18,-1.033092842868276,False,65.75843440722456,93.25438015048962,2.016885667388524,26.739631713599813,-0.6723835509647219,-6.234581061736659,5.0,2.3405480472851568,2.0932832029265342,4.548995698269148,0.81,Q2
ORCL,2025-09-15,PRE-BREAKOUT,301.005,302.14,0.3770701483364033,True,66.51801308614,92.83874462457412,1.8756972243754648,28.227409507943303,4.883975631460053,-11.010264063594548,29.0,1.875384129831724,-1.456786432119065,9.018122622547793,0.81,Q2
ORCL,2025-09-16,PRE-BREAKOUT,309.3985,306.65,-0.8883365627176716,False,68.37280730294584,93.19221110819652,1.8947274303702013,29.608917459833688,3.9451909710730177,-7.976730728230744,6.0,-2.581945290620345,-0.2386889399916249,1.4322952438360146,0.81,Q2
ORCL,2026-04-23,PRE-BREAKOUT,181.525,176.28,-2.889409172290321,False,66.39763622296599,85.75943368612047,1.6270409028529909,24.606840740549377,-3.786666666666664,-42.892821246916206,38.0,-4.542074094477347,-8.574576504613688,-11.092136069411938,0.6100000000000001,Q2
ORCL,2026-05-04,PRE-BREAKOUT,181.205,180.29,-0.5049529538368259,False,62.16182942943747,76.18670370300158,1.6168635466358403,22.273451854064646,2.438456614095325,-47.66545853257393,3.0,2.287464473938347,7.386661515962578,6.972765652161911,-0.5900000000000001,Q1 (lowest)
ORCL,2026-05-28,PRE-BREAKOUT,202.54,203.7,0.5727263750370281,True,65.44699056076772,89.55757821243432,1.6316360196282622,26.45069286058485,1.6129032258064433,-41.8390034416593,11.0,11.474276686086704,20.756393798755813,16.688061617458285,0.6100000000000001,Q2
OXY,2025-01-13,PRE-BREAKOUT,52.26,52.68,0.8036739380022995,True,68.1492868823592,94.8478850893372,1.3441310040936822,25.80405454380205,0.4678362573099454,-25.93127346231592,59.0,-0.3444316877152693,0.0765403750478361,-3.2721010332950646,0.6100000000000001,Q2
OXY,2025-06-16,PRE-BREAKOUT,45.35,45.33,-0.044101433296589,False,62.67047122683958,93.26964482169232,1.6859105756835315,22.74846489943185,-0.7857911733046329,-27.11438882786756,9.0,1.3891951488423273,0.6174200661521525,-6.328555678059547,0.6100000000000001,Q2
OXY,2025-06-16,BREAKOUT,45.51,45.33,-0.3955174686881998,False,63.64336812331992,95.24501751184276,2.341048237696539,22.74846489943185,-0.7857911733046329,-27.11438882786756,64.0,1.0327400571302987,0.2636783124588102,-6.65787738958471,1.85,Q5 (highest)
OXY,2025-06-18,PRE-BREAKOUT,45.47,45.35,-0.2639102705080216,False,61.63541215448436,84.31584247491887,1.5874378290235551,25.36814743164647,0.6089604175728602,-27.851875098069986,35.0,0.3518803606773778,-6.575764240158351,-5.08027270727953,-0.5900000000000001,Q1 (lowest)
OXY,2025-06-23,PRE-BREAKOUT,45.91,43.95,-4.269222391635796,False,63.160876757135405,82.97645989425374,1.6160815351443134,27.003497967947144,2.76134122287968,-28.4010670014122,13.0,-7.471139185362666,-5.989980396427794,-8.494881289479414,-0.5900000000000001,Q1 (lowest)
OXY,2025-09-16,PRE-BREAKOUT,47.385,47.76,0.7913896802785693,True,60.26193910192766,80.66862739029315,1.661165252985496,13.958526646993988,0.6817681988124088,-18.6728671078519,6.0,-0.4115226337448566,-2.7118286377545564,-2.0365094439168434,-0.5900000000000001,Q1 (lowest)
OXY,2025-09-26,PRE-BREAKOUT,48.06,47.47,-1.227632126508538,False,61.14254358996944,92.952951547675,1.5632239660383669,13.187452803561335,0.4681847201532216,-15.954212126632076,29.0,0.083229296712441,-0.7074490220557706,-6.679151061173534,0.6100000000000001,Q2
OXY,2025-09-29,PRE-BREAKOUT,47.89,48.1,0.4385049070787238,True,60.52745086866665,89.55181607959874,1.9117902601983257,14.078308848906396,1.6431430377080285,-15.09568950098372,6.0,-1.336395907287535,-7.642514094800592,-5.199415326790565,0.6100000000000001,Q2
OXY,2025-09-29,BREAKOUT,48.155,48.1,-0.1142145156266217,False,61.781349549476765,95.69175849244284,2.22983224921933,14.078308848906396,1.6431430377080285,-15.09568950098372,69.0,-1.8793479389471524,-8.15076316062715,-5.721108919115362,1.85,Q5 (highest)
OXY,2025-11-11,BREAKOUT,42.885,41.85,-2.413431269674704,False,54.52689991581256,96.36752276734632,2.107944285465771,27.333591373372048,1.4832535885167577,-20.68311195445921,29.0,-2.2268858575259376,-0.291477206482453,-0.851113442928751,1.85,Q5 (highest)
OXY,2026-03-02,PRE-BREAKOUT,53.55,54.21,1.2324929971988865,True,72.00935621460046,91.03461789361523,1.5876420052352735,34.09119955881694,6.1416729464958655,0.0,3.0,0.2427637721755416,-0.5788982259570405,2.745098039215698,1.5100000000000002,Q4
OXY,2026-03-02,BREAKOUT,54.19,54.21,0.0369071784462135,True,73.2998671747838,95.1129550255398,2.791953697154772,34.09119955881694,6.1416729464958655,0.0,19.0,-0.941133050378295,-1.753090976194862,1.531647905517633,2.05,Q5 (highest)
OXY,2026-03-03,PRE-BREAKOUT,54.47,53.68,-1.4503396364971528,False,73.86469701153405,92.19524598147764,1.592590470452245,35.22526019529022,1.4941892639734409,0.0,22.0,-1.5788507435285468,-0.5140444281255758,-2.4784284927483045,1.5100000000000002,Q4
OXY,2026-03-03,BREAKOUT,55.03,53.68,-2.4532073414501205,False,74.93079288454497,95.60723670757348,2.209733256867761,35.22526019529022,1.4941892639734409,0.0,36.0,-2.580410685080868,-1.5264401235689684,-3.4708340904961,2.05,Q5 (highest)
PANW,2024-11-20,PRE-BREAKOUT,391.73,392.61,0.2246445255660775,True,61.77846035786824,71.46719312370874,1.4688412611175394,32.01384501296525,0.3865381642014121,-3.554031215826626,,1.524008883669867,-1.3657366042937795,-1.8788451229162977,1.21,Q3
PANW,2024-11-21,PRE-BREAKOUT,399.065,397.7,-0.3420495408016261,False,65.9904196131765,80.26769079352219,1.664476000919961,32.147346185148464,-1.6326634573750096,-2.42320310169997,0.0,-3.935449112299997,-0.6678110082317468,-2.817836693270521,0.010000000000000009,Q1 (lowest)
PANW,2026-04-08,PRE-BREAKOUT,174.42,173.78,-0.3669303978901423,False,62.33899042743235,92.85081275223844,1.6774534279570898,15.554167057241164,2.369458998057341,-23.267684524347278,25.0,-4.25983258800595,-6.828345373237013,-5.911019378511624,0.6100000000000001,Q2
PANW,2026-05-19,PRE-BREAKOUT,244.68,240.13,-1.8595716854667368,False,83.46148571269691,92.76812538605256,1.662726881120031,33.94761872543985,-0.2383356897596458,0.0,41.0,0.8092202059833209,6.498283472290329,1.5489619094327252,-0.4899999999999999,Q1 (lowest)
PANW,2026-06-02,PRE-BREAKOUT,292.6,297.18,1.5652768284347176,True,77.87051779035752,91.5416401137865,1.6042311418623676,47.60345805956012,-4.33306709265177,0.0,43.0,-4.159261790840743,-7.023239917976763,-10.96377306903624,1.5100000000000002,Q4
PANW,2026-06-03,PRE-BREAKOUT,279.9,280.43,0.189353340478753,True,69.26944968868952,78.68914936751904,1.690552714575809,49.33743469445844,-4.098526145770243,-1.0982428115016012,25.0,-0.2322257949267514,-4.848160057163271,-5.959271168274366,0.010000000000000009,Q1 (lowest)
PEP,2025-03-04,PRE-BREAKOUT,157.315,154.19,-1.9864602866859489,False,64.15036298338734,94.48933757207536,1.6671892787344118,25.888956067625983,0.8622347586383734,-14.810769482824533,43.0,-2.183517147125196,-1.8275434637510728,-3.168801449321416,0.81,Q2
PEP,2025-09-02,PRE-BREAKOUT,153.77,150.28,-2.269623463614495,False,66.81305850786487,94.94608777930708,1.5032839417506978,37.69802617440567,5.913218970736624,-17.09425543781372,0.0,-3.3361513949405106,-4.79287247187358,-6.938934772712504,0.6100000000000001,Q2
PEP,2025-10-09,BREAKOUT,143.66,144.71,0.7308923847974463,True,53.77847419658221,97.77195796793544,1.7400810295631897,13.349093018636133,1.1668107173725184,-21.15843270868824,20.0,4.468884867047206,5.485173325908392,6.271752749547536,1.85,Q5 (highest)
PFE,2024-07-25,PRE-BREAKOUT,30.465,30.18,-0.9354997538158548,False,67.51953511929287,94.54563725179791,1.3946593028840315,23.602074129669248,-0.0333555703802587,-19.430260682612204,35.0,1.0011488593467903,3.036271130805845,0.6072542261611643,0.6100000000000001,Q2
PFE,2024-07-26,PRE-BREAKOUT,30.645,30.77,0.4078968836678087,True,68.93505352778524,94.70685403796234,1.4145244227021163,26.01401789367411,-0.0994035785288308,-18.89277076054824,41.0,0.2447381302006829,-0.3426333822809607,-0.7015826399086307,0.6100000000000001,Q2
PFE,2024-07-30,PRE-BREAKOUT,30.15,31.39,4.11276948590382,True,60.58545012241474,73.59817677932382,1.4093846505691174,30.369799809669363,0.9440104166666754,-16.995406646852203,,1.2935323383084598,0.9286898839137684,-2.752902155887225,0.6100000000000001,Q2
PFE,2024-07-30,BREAKOUT,31.365,31.39,0.0797066794197421,True,73.17257545450924,98.47403573174942,2.058549742095839,30.369799809669363,0.9440104166666754,-16.995406646852203,46.0,-2.630320420851265,-2.981029810298099,-6.520006376534349,1.4499999999999997,Q4
PFE,2024-10-09,PRE-BREAKOUT,30.07,30.19,0.3990688393747954,True,62.52591518248816,94.27800375196084,1.3820876444107046,15.20820761670637,0.1370801919122657,-12.293357379020147,14.0,-2.4276687728633206,-3.2923179248420418,-1.3302294645826356,0.81,Q2
PFE,2024-12-17,BREAKOUT,26.351,26.43,0.299798869113129,True,53.02992501664798,97.3410576163136,2.146959503397452,18.80968975593552,2.574257425742569,-19.560369544440903,33.0,-1.7494592235588726,0.0341543015445347,1.4762248112026084,1.85,Q5 (highest)
PFE,2025-07-01,PRE-BREAKOUT,24.895,25.04,0.5824462743522779,True,64.7950458762415,92.79270579471104,1.553297975703576,15.037008810717728,0.144389438943895,-22.777954762663278,55.0,1.7071701144808222,1.3858204458726606,2.671219120305279,0.6100000000000001,Q2
PFE,2025-07-08,PRE-BREAKOUT,25.3433,25.62,1.091807302127196,True,67.61404718883489,92.63085572367208,1.2472867511717478,21.884335505615017,0.0,-19.59222682382925,73.0,0.8550583388903554,1.2101817837456028,-2.893466912359479,0.6100000000000001,Q2
PFE,2025-09-30,BREAKOUT,25.0451,25.48,1.7364674127873274,True,59.3911373370826,96.20831159729846,3.658011329239809,13.262876055131375,0.0,-21.000331235508447,16.0,8.64400621279212,9.282853731867707,4.890777038223037,1.85,Q5 (highest)
PLTR,2024-06-17,PRE-BREAKOUT,24.4727,25.02,2.236369505612376,True,64.81405834868363,94.90600648167572,1.231689369606479,18.834408246015744,-0.4242681374628825,-10.922146636432352,68.0,5.505318170859777,-2.5853297756275357,0.3567240230951184,0.81,Q2
PLTR,2024-06-20,PRE-BREAKOUT,25.485,25.56,0.2942907592701561,True,67.66745484715136,93.90819959451736,2.0483461466910526,22.056752146197915,2.4012393493415995,-2.418745275888136,0.0,-6.454777319992151,-3.629586030998629,-1.0398273494212305,1.21,Q3
PLTR,2024-06-20,BREAKOUT,25.6,25.56,-0.1562500000000105,False,68.74004201251503,95.38157788269174,1.8068936838209488,22.056752146197915,2.4012393493415995,-2.418745275888136,34.0,-6.875000000000006,-4.062500000000011,-1.48437500000001,2.4499999999999997,Q5 (highest)
PLTR,2024-06-27,PRE-BREAKOUT,25.04,25.22,0.71884984025559,True,60.1701097341244,78.81653057874149,1.206352032864613,23.09442389428193,0.0,-8.919123204837488,3.0,1.1581469648562266,3.1549520766773127,8.746006389776364,-0.39,Q1 (lowest)
PLTR,2024-07-09,PRE-BREAKOUT,27.3245,27.39,0.2397116141191974,True,68.49338894394019,92.74548462223176,1.566106042745556,29.89829532934438,0.830324909747294,0.0,0.0,4.0092224926348194,2.72832073779941,4.924152317517251,1.21,Q3
PLTR,2024-07-09,BREAKOUT,27.4901,27.39,-0.3641310871913932,False,70.03083658032867,95.2077820633415,2.2456820680849114,29.89829532934438,0.830324909747294,0.0,21.0,3.38267230748524,2.109486687934924,4.292090607164034,2.7499999999999996,Q5 (highest)
PLTR,2024-07-11,PRE-BREAKOUT,27.8074,27.64,-0.6019980293015551,False,67.50082601762574,88.11818460891104,1.195286592746833,33.430042420540595,0.2463054187192002,0.0,17.0,0.9443529420226237,3.1020519717772985,2.9941670202895607,1.21,Q3
PLTR,2024-07-15,PRE-BREAKOUT,28.7,28.67,-0.1045296167247302,False,70.43284728265844,93.47701288909694,1.3634364426555987,35.00804012166051,1.2468827930174615,-1.231527093596064,82.0,-0.1045296167247302,-0.2090592334494729,-0.836236933797904,1.5100000000000002,Q4
PLTR,2024-07-16,PRE-BREAKOUT,27.765,28.67,3.2594993697100705,True,62.733137587926976,76.14457101873627,1.1726628957482206,36.37704314036683,-1.7091035926055178,0.0,1.0,1.6387538267603037,2.935350261120107,3.76373131640554,0.010000000000000009,Q1 (lowest)
PLTR,2024-07-17,PRE-BREAKOUT,28.545,28.22,-1.1385531616745588,False,69.07960517354081,83.07705820847254,1.1856545528772158,36.95960229528625,-2.3369375653993782,0.0,28.0,0.3328078472587103,-0.2977754422841158,-6.813802767559994,0.010000000000000009,Q1 (lowest)
PLTR,2024-07-18,PRE-BREAKOUT,29.5444,28.64,-3.061155413547065,False,71.53360808751097,92.97635388757227,1.177923634511533,37.51907812728511,0.7087172218285006,-1.5695849319846626,17.0,-3.2642395851667367,-2.4857502606246897,-9.864475162805814,1.5100000000000002,Q4
PLTR,2024-07-19,PRE-BREAKOUT,29.285,28.58,-2.4073757896534125,False,70.78548919453848,86.75381266941301,1.1973811326950352,38.58590537936556,-1.1522346368715148,-0.1046389954656474,34.0,-2.817141881509303,-9.168516305275734,-7.187980194638895,1.5100000000000002,Q4
PLTR,2024-07-22,PRE-BREAKOUT,28.32,28.46,0.4943502824858777,True,64.74794244573707,71.96809775632504,1.1833790542452531,39.57653068486884,1.22463261021694,-0.3139169863969424,,1.7302259887005595,-5.96751412429379,-4.378531073446334,1.21,Q3
PLTR,2024-08-08,PRE-BREAKOUT,28.7477,29.28,1.851626390980854,True,60.21486106000176,77.43240550037615,2.079413095593251,28.00438743422049,2.7355623100303905,-8.64283234987851,1.0,4.3909599724499815,5.712804850475003,8.599992347213867,-0.39,Q1 (lowest)
PLTR,2024-08-09,PRE-BREAKOUT,29.68,30.01,1.1118598382749387,True,63.26363648588179,89.24761831803121,1.2031532840643766,26.15756885479392,0.0,0.0,18.0,-1.010781671159032,4.447439353099732,8.086253369272232,1.21,Q3
PLTR,2024-08-09,BREAKOUT,30.1301,30.01,-0.3986047175415854,False,64.62791005508329,95.36131010974093,2.0385466135547783,26.15756885479392,0.0,0.0,60.0,-2.4895370410320568,2.887146076514852,6.471601488212783,2.4499999999999997,Q5 (highest)
PLTR,2024-08-12,PRE-BREAKOUT,30.095,29.38,-2.375809935205184,False,64.54435682314879,91.49461891403668,1.2075029490212916,24.66903641207489,0.6997667444185182,0.0,3.0,0.9802292739657807,3.7381624854627016,7.991360691144712,1.21,Q3
PLTR,2024-08-13,PRE-BREAKOUT,30.45,30.39,-0.1970443349753652,False,64.3261098430489,94.4565246739143,1.4977981160211469,23.712291330358173,1.391082368958474,-2.09930023325559,38.0,1.8062397372742225,5.353037766830867,6.141215106732352,1.21,Q3
PLTR,2024-08-15,PRE-BREAKOUT,31.02,31.22,0.6447453255963871,True,66.07876700012486,91.8191493230222,1.1766443613807651,22.272911768157552,0.999999999999996,0.0,41.0,3.41715022566086,4.190844616376534,2.9013539651837594,1.21,Q3
PLTR,2024-08-19,PRE-BREAKOUT,32.36,32.5,0.4326328800988893,True,70.06898395449764,94.39324732372415,1.1770835586910382,22.056253700709664,1.0598503740648486,0.0,27.0,-0.1236093943139652,-1.3597033374536394,-4.6662546353522805,1.5100000000000002,Q4
PLTR,2024-08-22,PRE-BREAKOUT,32.405,31.92,-1.4966826107082225,False,68.87787641999384,81.6773718036645,1.1731726016447412,22.339507962070915,0.0307314074984573,0.0,40.0,-1.9287147045209077,-4.829501620120356,-4.335750655763003,0.010000000000000009,Q1 (lowest)
PLTR,2024-09-11,PRE-BREAKOUT,33.8787,34.85,2.8669931254741163,True,64.93662738213449,90.01882097474633,1.2007204962685925,16.936003504519846,-2.15765247410817,0.0,18.0,3.044095552662866,7.176485520400725,7.383105018787617,1.21,Q3
PLTR,2024-09-11,BREAKOUT,34.245,34.85,1.7666812673383092,True,67.20118423209755,95.45396501183878,1.7410490366457156,16.936003504519846,-2.15765247410817,0.0,50.0,1.9418893269090356,6.030077383559658,6.23448678639219,2.4499999999999997,Q5 (highest)
PLTR,2024-09-12,PRE-BREAKOUT,34.77,34.91,0.4026459591601767,True,70.32673619188903,94.91108389672222,1.3288852156317277,17.636980511745136,0.028694404591099,0.0,33.0,2.358354903652575,4.831751509922346,5.924647684785721,1.5100000000000002,Q4
PLTR,2024-09-16,PRE-BREAKOUT,35.795,36.31,1.4387484285514751,True,73.81040016609023,94.627129934993,1.6884533377236133,19.735207551823045,0.5338578252318003,0.0,28.0,1.829864506215955,2.8914652884480976,6.0203939097639365,1.5100000000000002,Q4
PLTR,2024-09-16,BREAKOUT,35.915,36.31,1.0998190171237732,True,74.15660377893539,95.85811924615022,1.711667691789822,19.735207551823045,0.5338578252318003,0.0,29.0,1.489628289015742,2.5476820270082112,5.666156202143961,2.7499999999999996,Q5 (highest)
PLTR,2024-09-17,PRE-BREAKOUT,36.0299,36.45,1.1659760365696408,True,72.91244455456535,90.7504825710196,1.1960904937456582,21.240773847304,1.9003029468465924,0.0,11.0,0.9716929550179288,3.247580481766547,2.4149387036877727,1.5100000000000002,Q4
PLTR,2024-09-17,BREAKOUT,36.515,36.45,-0.1780090373818916,False,75.79827361168371,95.3084352299074,1.8330993589978213,21.240773847304,1.9003029468465924,0.0,29.0,-0.3697110776393208,1.8759413939476988,1.054361221415851,2.7499999999999996,Q5 (highest)
PLTR,2024-09-18,PRE-BREAKOUT,36.484,36.38,-0.2850564631071133,False,75.72171324911783,89.76192056509844,1.1857948349328582,22.696767369672443,-1.50891632373115,0.0,38.0,0.9483609253371243,4.018199758798381,1.743229909001194,1.5100000000000002,Q4
PLTR,2024-09-19,PRE-BREAKOUT,37.075,36.83,-0.660822656776816,False,77.04301529743074,90.75039765186588,1.1796596667350845,24.0769862677918,1.7042330951071945,-0.1920438957476002,32.0,0.337154416722859,-0.4720161834120141,0.0674308833445679,1.5100000000000002,Q4
PLTR,2024-09-20,PRE-BREAKOUT,36.18,37.2,2.819237147595365,True,70.3665934168326,79.00225319206028,1.1984109570570676,25.47595779073034,-2.2264458322020104,0.0,9.0,4.892205638474304,2.598120508568264,1.824212271973476,0.31000000000000005,Q2
PLTR,2024-09-23,PRE-BREAKOUT,37.5374,37.95,1.0991704273604586,True,78.43106389441085,86.18693862836724,1.1946789741243249,26.173229420099275,-0.913978494623665,0.0,30.0,-1.6980398216179051,-1.1652378694315448,-0.8988368933383647,1.5100000000000002,Q4
PLTR,2024-09-24,PRE-BREAKOUT,36.85,36.9,0.1356852103120683,True,69.46120391300161,76.56644208074299,1.1829895334113234,27.3015120772483,0.0527009222661291,0.0,28.0,0.7327001356851994,-0.0271370420624097,-1.058344640434194,0.010000000000000009,Q1 (lowest)
PLTR,2024-10-16,PRE-BREAKOUT,41.645,41.93,0.6843558650498177,True,65.41894596601577,71.3072918376809,1.1904407259485847,42.85757457035665,-0.0707046900777778,-2.504595588235302,,0.8524432705006527,2.533317325009004,2.269179973586265,1.21,Q3
PLTR,2024-10-25,PRE-BREAKOUT,44.915,44.86,-0.1224535233218294,False,74.32069190537528,85.81051335446067,1.2046060013436006,35.475072291505256,0.6657483930211183,0.0,21.0,0.1224535233218294,-2.7273739285316743,-6.668150951797836,1.5100000000000002,Q4
PLTR,2024-11-13,PRE-BREAKOUT,60.825,60.7,-0.2055076037813399,False,83.7108487713428,94.46976065288398,1.3020960725876305,40.43416275582543,2.7903091060985825,-0.6474103585657379,0.0,-2.7044800657624384,0.7151664611590549,2.129058775174673,-0.4899999999999999,Q1 (lowest)
PLTR,2024-11-14,PRE-BREAKOUT,59.23,59.18,-0.0844166807361086,False,77.57005532935003,84.75735508510347,1.1900702919644537,42.60860152722448,0.576606260296531,0.0,38.0,11.04170184028364,6.331251055208511,3.5961505993584377,0.31000000000000005,Q2
PLTR,2024-11-15,PRE-BREAKOUT,62.9201,65.77,4.52939521710868,True,81.11012304873758,91.33151356746411,1.196720026752312,43.92189777492895,3.092260898952346,-2.5041186161449804,7.0,-2.6384255587642103,-1.2716127278882272,2.2725647289180984,-0.4899999999999999,Q1 (lowest)
PLTR,2024-11-15,BREAKOUT,64.68,65.77,1.6852195423623828,True,82.47036927064443,95.763903488588,2.600081526849272,43.92189777492895,3.092260898952346,-2.5041186161449804,29.0,-5.287569573283872,-3.957946815089687,-0.5102040816326724,0.050000000000000044,Q2
PLTR,2024-11-18,PRE-BREAKOUT,59.5082,61.26,2.9437959810580656,True,65.83035111819365,76.26702628664643,1.265070184734786,45.65844770155119,-1.2923825452333806,0.0,6.0,5.834153948531454,3.111840048934428,8.64048988206668,0.010000000000000009,Q1 (lowest)
PLTR,2024-11-19,PRE-BREAKOUT,60.91,62.98,3.3984567394516505,True,68.99573368531489,77.04328594553768,1.2764805636982957,46.327094317884125,-2.8566764609859616,-6.857229740003039,27.0,1.986537514365459,5.647676900344767,7.929732392053848,-0.39,Q1 (lowest)
PLTR,2024-11-25,PRE-BREAKOUT,65.84,64.65,-1.807411907654917,False,72.68030823669059,79.76497888919948,1.2810551836647806,48.83412665073055,3.962703962703981,-2.1590390755663704,24.0,-0.1518833535844601,1.8833535844471363,7.776427703523679,0.31000000000000005,Q2
PLTR,2024-12-03,PRE-BREAKOUT,69.9001,70.96,1.5163068436239706,True,76.09033089872756,94.88733540252696,1.2875376992846368,53.940652851066645,0.0301250188281307,-1.028622540250444,23.0,-0.0716737172049832,9.213005417731887,1.4161639253735057,1.5100000000000002,Q4
PLTR,2024-12-03,BREAKOUT,69.9999,70.96,1.3715733879619787,True,76.19152789313577,95.32922110843306,1.7145978916272295,53.940652851066645,0.0301250188281307,-1.028622540250444,39.0,-0.2141431630616649,9.0572986532838,1.271573245104641,2.05,Q5 (highest)
PLTR,2024-12-04,PRE-BREAKOUT,69.82,69.85,0.0429676310512763,True,73.44847850228744,91.95678606025142,1.2872080696916752,55.26328865184918,0.2395715896279618,0.0,39.0,2.936121455170454,3.781151532512175,3.852764250930983,1.5100000000000002,Q4
PLTR,2024-12-09,PRE-BREAKOUT,73.9525,72.46,-2.0181873499881773,False,72.82321043182867,93.9065855650194,2.6741104578513823,59.33109728750378,5.554100078595749,0.0,0.0,-4.141171698049424,-1.0175450458064268,2.4306142456306405,1.5100000000000002,Q4
PLTR,2024-12-10,PRE-BREAKOUT,73.5101,70.89,-3.564272120429701,False,70.22786646587167,88.2891429357494,1.2975994629836527,60.98904557890434,-0.6486337289539041,-5.082525543620657,30.0,-1.360493319965541,3.482378611918633,1.1969783744002611,1.11,Q3
PLTR,2024-12-11,PRE-BREAKOUT,70.01,72.51,3.5709184402228247,True,63.14048125339609,69.46669318615658,1.3122770134218027,62.35230198728795,2.948229651572864,-7.139114487817662,,4.556491929724322,8.1988287387516,2.142551064133695,0.81,Q2
PLTR,2024-12-12,PRE-BREAKOUT,74.2954,73.2,-1.4743846859967076,False,69.3610828299122,87.07969372942613,1.313927193046738,62.22962679369257,-0.2896152254861508,-5.017029080429655,34.0,2.388573182188928,0.1273295520314848,-0.1149465511996799,0.81,Q2
PLTR,2024-12-16,PRE-BREAKOUT,71.84,75.75,5.442650334075719,True,61.31405539865209,68.44370346434484,1.3163753666557028,62.59671851763238,-1.3277244643091772,-0.3536809012313469,,3.549554565701555,3.2989977728284945,12.319042316258344,1.21,Q3
PLTR,2024-12-19,PRE-BREAKOUT,74.41,74.21,-0.2687810778121258,False,63.79070231594611,74.01200640676255,1.317016266673293,63.87379194885962,3.4680464270731224,-6.326958344249407,,8.251579088832148,10.710925950813062,6.276038166913052,0.81,Q2
PLTR,2024-12-20,PRE-BREAKOUT,76.5899,80.55,5.170525095345465,True,66.64974333328331,84.95732909817171,1.2907551969272493,64.3854119700216,-2.1156178412612765,-2.790149331936088,21.0,5.353316821147433,7.246516838382084,0.7704671242552957,0.010000000000000009,Q1 (lowest)
PLTR,2024-12-23,PRE-BREAKOUT,79.67,80.69,1.2802811597841044,True,68.7571940422195,93.64214412813293,1.3017156726848096,65.21125653016854,0.1241464928615872,0.0,34.0,3.401531316681303,-0.7405547885025774,-5.070917534831186,1.21,Q3
PLTR,2025-01-24,PRE-BREAKOUT,82.1,78.98,-3.8002436053593054,False,65.65600721174474,85.56466025427666,1.303973306564208,32.361611012961255,0.0886300329197178,-4.127215343529973,28.0,-8.112058465286234,-2.850182704019476,0.4750304506699154,1.21,Q3
PLTR,2025-02-03,PRE-BREAKOUT,81.43,83.74,2.8367923369765293,True,61.51966901602303,80.44947458553419,1.294970359707753,30.509941522318453,-2.867014183537393,0.0,10.0,27.508289328257383,36.65725162716443,43.25187277416185,0.010000000000000009,Q1 (lowest)
PLTR,2025-02-11,PRE-BREAKOUT,115.74,112.62,-2.6956972524624074,False,80.59031271498665,94.77649619838218,1.2933694009912298,38.93794093398174,-0.1285897985426538,0.0,13.0,1.425609123898398,2.9548989113530344,-3.1795403490582275,-0.4899999999999999,Q1 (lowest)
PLTR,2025-02-18,PRE-BREAKOUT,120.4,124.62,3.504983388704318,True,79.31638056210973,84.28531536326786,1.2604895684351645,43.22216175614333,1.4937898623699235,0.0,29.0,-6.926910299003325,-15.822259136212631,-27.043189368770765,0.31000000000000005,Q2
PLTR,2025-05-12,PRE-BREAKOUT,117.9307,118.46,0.4488229104041544,True,60.667885731024334,71.24725391034285,1.279171591328233,17.67799078726232,2.9667519181585718,-5.8738565238324565,,8.623115100648086,8.640074213075986,7.122233650779649,0.81,Q2
PLTR,2025-05-13,PRE-BREAKOUT,124.7054,128.1,2.7220954345200745,True,64.98188361483535,83.12660485506301,1.2763392875941952,17.545583771180834,1.2324835387472632,-4.943026801476497,32.0,4.39002641425312,3.8607790841455247,0.7093518003230062,0.010000000000000009,Q1 (lowest)
PLTR,2025-05-14,PRE-BREAKOUT,130.1,130.18,0.0614911606456668,True,67.8830869418276,89.00775394672513,1.2802326064399996,18.449208285874622,0.7103825136611995,0.0,33.0,-1.5219062259800076,-2.897770945426592,-7.317448116833203,1.21,Q3
PLTR,2025-05-30,PRE-BREAKOUT,128.845,131.78,2.2779308471419166,True,63.05259926628923,77.20245998624323,1.288858991474904,17.4790812204074,0.9892086330935316,-6.037793823936099,1.0,2.4797236990181952,0.9041872016764269,-0.8731421475416198,-0.39,Q1 (lowest)
PLTR,2025-06-02,PRE-BREAKOUT,129.11,132.04,2.269382696925086,True,61.614584802478056,75.11452206749773,1.3085623083228872,17.78199442851277,-0.2617999696463794,0.0,32.0,3.144605375261384,-7.125706761676103,2.2848733637983023,0.010000000000000009,Q1 (lowest)
PLTR,2025-06-04,PRE-BREAKOUT,129.065,130.01,0.7321892069887214,True,60.18946827081029,69.16807617000869,1.6315689042339436,19.13373521551669,-0.2778403544341639,0.0,,-7.093325068763802,2.3205361639484017,5.675434858404671,1.21,Q3
PLTR,2025-06-13,PRE-BREAKOUT,137.955,137.4,-0.4023050994889687,False,63.87235927467598,94.87467461186397,1.3102600832392512,16.595175113986866,-1.017087062652563,-0.8798298995527448,30.0,2.504439853575429,1.4533724765321991,1.4243775144068536,1.21,Q3
PLTR,2025-06-26,PRE-BREAKOUT,143.73,144.25,0.3617894663605442,True,65.13781346035148,84.55129632798612,1.2593992002083012,22.3506406268112,1.364590622813148,-0.2303986594986972,40.0,-9.037779169275712,-9.079524107701928,-6.519167884227355,0.010000000000000009,Q1 (lowest)
PLTR,2025-07-14,PRE-BREAKOUT,146.0124,149.15,2.1488585900923427,True,62.12103596562744,90.02115235203888,1.2656584944419578,15.803256961194997,0.4363124560168927,-1.4904679376083227,42.0,1.7584807865633318,5.463645553391352,3.9569242064372463,1.21,Q3
PLTR,2025-07-25,PRE-BREAKOUT,159.31,158.8,-0.320130563053161,False,69.22048260061445,91.5425002986874,1.2554331551470128,21.223312961692127,0.4972232984631162,0.0,34.0,-0.8976209905216288,-0.4393948904651237,-3.163643211348937,1.21,Q3
PLTR,2025-08-01,PRE-BREAKOUT,155.19,154.27,-0.5928217024292722,False,60.14816756019548,66.89041302099265,1.4360929587435225,22.30303865158981,-2.083991158825376,-0.2833753148614717,,3.524711643791481,15.690443971905404,20.471679876280696,1.21,Q3
PLTR,2025-08-04,PRE-BREAKOUT,158.745,160.66,1.2063372074710963,True,63.46735505076499,79.13126441142796,1.2515951441291455,21.09426697928419,2.761392364037072,-2.8526448362720407,35.0,9.14989448486567,14.77526851239408,15.077640240637502,0.010000000000000009,Q1 (lowest)
PLTR,2025-08-13,PRE-BREAKOUT,185.58,184.37,-0.6520099148615195,False,73.81789588527086,88.61239276888936,1.2122432428256975,30.41726388163414,1.085735679520779,0.0,42.0,-2.457161332040092,-6.223731005496288,-15.933829076409106,1.5100000000000002,Q4
PLTR,2025-08-15,PRE-BREAKOUT,177.965,177.17,-0.4467170511055633,False,63.451023222713054,69.6220068005588,1.14835271465206,31.96384956399352,-0.7153905645785084,-3.182328715836759,,-2.2111089259123995,-12.336695417638309,-10.802685921389036,1.21,Q3
PLTR,2025-09-25,PRE-BREAKOUT,182.9045,179.12,-2.069112569674343,False,64.803398683637,87.76177960813193,1.1654152913528353,18.418921881313697,-2.094007574069944,-3.963202652832004,17.0,-2.9165493467902754,-0.2648923345243148,2.26648332873166,1.21,Q3
PLTR,2025-10-01,PRE-BREAKOUT,185.08,184.95,-0.0702398962610891,False,66.21697533513091,83.76809939191793,1.163378298971101,18.706645335013025,-0.6030040565727411,-2.433545488581062,32.0,1.0644045818024632,-2.998703263453648,-0.8212664793602821,0.010000000000000009,Q1 (lowest)
PLTR,2025-12-10,PRE-BREAKOUT,185.9724,187.91,1.0418750309185685,True,60.10991752346131,91.516031950755,1.4617236034429333,16.848394859154965,1.7102947646282365,-12.230910319528912,37.0,0.8429207774917131,-1.4638731338628708,-4.668649756630554,0.81,Q2
PLTR,2025-12-19,PRE-BREAKOUT,191.785,193.38,0.8316604531115567,True,60.24794560447031,87.27121256058294,1.106233421779016,12.634172430685902,0.5654585599655401,-10.37262284004248,13.0,1.144510780300854,1.2435800505774648,-3.965377897124379,0.81,Q2
PLTR,2025-12-22,PRE-BREAKOUT,193.3453,193.98,0.3282727844948809,True,61.20837047602867,88.55857912086566,1.1283380285579545,12.710366366868534,0.8584134863998328,-6.660874601795546,22.0,0.4058541893699958,-2.397420573450713,-6.467858282564927,0.81,Q2
PLTR,2026-06-02,PRE-BREAKOUT,152.8999,152.17,-0.477371142819593,False,60.39911271403554,93.77550192918534,1.4818824248007467,16.156165844224457,-2.464985994397764,-22.458731537793224,39.0,-6.9979771078987065,-11.36030828012314,-13.623226699298044,0.6100000000000001,Q2
QQQ,2024-06-21,PRE-BREAKOUT,481.0601,480.18,-0.1829501137175938,False,73.41842532195336,82.23722941730998,1.1658094005327655,30.19106032878149,-0.0581552329324837,-0.770800272047145,32.0,-1.475927851842212,-0.1434540091768102,-0.4053755445525338,0.31000000000000005,Q2
QQQ,2024-06-24,PRE-BREAKOUT,477.46,473.96,-0.7330457001633645,False,66.84985444304274,72.30982328583181,1.0879679702488538,30.77550332902547,-0.4165104752384522,-1.0366645370045904,,0.4021279269467633,0.8691827587651394,0.934109663636752,1.21,Q3
QQQ,2024-06-25,PRE-BREAKOUT,478.6501,479.38,0.1524913501532719,True,65.46618173758611,73.17907835419658,1.142213457870962,30.17413163975543,0.4451852477002307,-2.318583706024196,,0.3593230211379869,0.0960827126119903,1.740290036500569,1.21,Q3
QQQ,2024-06-28,PRE-BREAKOUT,482.705,479.11,-0.7447612931293379,False,68.69264487355929,74.68322478690742,1.1024613013329692,29.28757489523269,0.1661095076929489,-0.7419467859277357,,-0.162625205871074,1.7267275043763866,3.031872468692056,1.21,Q3
QQQ,2024-07-03,PRE-BREAKOUT,491.05,491.04,-0.0020364524997435,False,72.91743740222606,93.02707788627644,1.0849073114451455,30.29188444543697,-0.1560639040617666,0.0,70.0,1.0406272273699244,1.3684960798289318,0.179207819977598,1.5100000000000002,Q4
QQQ,2024-07-11,PRE-BREAKOUT,497.61,491.93,-1.1414561604469378,False,70.26179930256117,85.88546889725818,1.10172122077307,37.09820023595409,0.021870526483222,0.0,11.0,-0.5606800506420732,-0.2552199513675445,-3.641405920299031,1.5100000000000002,Q4
QQQ,2024-07-12,PRE-BREAKOUT,497.5429,494.82,-0.5472693912424399,False,66.43470573344068,84.31123089281824,1.08702286189009,36.737482061801074,0.1179029536722672,-2.193017337362807,25.0,-0.2799557585888568,-3.17015879434718,-4.482608434368165,0.010000000000000009,Q1 (lowest)
QQQ,2024-07-15,PRE-BREAKOUT,496.92,496.15,-0.1549545198422358,False,66.141164033883,80.29042999073198,1.0798836607799198,36.40252947151613,0.3617477062366154,-1.6184189597582288,57.0,-0.1167189889720761,-3.507606858246801,-2.938098687917577,0.010000000000000009,Q1 (lowest)
QQQ,2024-09-19,PRE-BREAKOUT,483.84,483.36,-0.0992063492063412,False,60.783596118537545,90.75622886298407,1.167330272645236,17.180353142552,2.369336500933314,-6.266899952282484,25.0,-0.2893518518518471,0.3162202380952442,1.163607804232815,0.81,Q2
QQQ,2024-10-14,PRE-BREAKOUT,495.43,497.5,0.4178188644208048,True,64.0956081324481,91.65075505474618,1.1786298849160048,20.051764894028505,0.488487108804923,-1.908700493080954,40.0,-0.9244494681387851,-0.8437115233231752,-0.0020184486203885,1.21,Q3
QQQ,2024-10-17,PRE-BREAKOUT,494.0375,491.25,-0.564228423955676,False,60.16253848508242,82.64112349403138,1.1911341753426492,20.31999630160021,1.1264793954085217,-2.395816764752656,10.0,0.0875439617437956,0.3891405004680731,-0.347645674670451,0.010000000000000009,Q1 (lowest)
QQQ,2024-10-21,PRE-BREAKOUT,494.05,495.42,0.2772998684343699,True,60.11874654585243,77.90673464603385,1.312891197938603,20.64086751411454,-0.2467288207575843,-1.6880069985684654,0.0,0.3866005465033839,-0.3501669871470536,0.2732516951725465,0.010000000000000009,Q1 (lowest)
QQQ,2024-10-25,PRE-BREAKOUT,499.5801,495.32,-0.852736127800131,False,62.22010805960449,93.73272538090266,1.1769503639586902,17.555253885113117,0.5727981800454975,-2.115476379831396,23.0,-0.8367226797064251,-0.6405579405584851,-2.432062446042188,1.21,Q3
QQQ,2024-12-13,PRE-BREAKOUT,527.545,530.53,0.565828507520688,True,64.87741995618853,83.86431080442787,1.2642211910056993,21.23747686080737,0.7521367521367591,-0.645380434782601,33.0,2.0140461951113178,-2.099346975139549,-1.684216512335439,0.010000000000000009,Q1 (lowest)
QQQ,2024-12-17,PRE-BREAKOUT,536.3099,535.8,-0.0950756269835809,False,68.79807687571241,91.7865103463791,1.2081138441499888,24.523561541572867,-0.3363249530817298,0.0,37.0,-3.699335029989181,-3.2909890345115764,-1.1839982815905383,1.21,Q3
QQQ,2025-05-19,PRE-BREAKOUT,519.185,522.01,0.5441220374240484,True,69.67152577931203,85.64498432700884,1.3696465183050532,20.428138350136557,-1.394028877682112,-3.33815243179122,33.0,0.2089813842849921,-0.998680624440218,0.3919604765160939,1.21,Q3
QQQ,2025-05-21,PRE-BREAKOUT,513.9,513.04,-0.1673477330219913,False,64.50472645243485,74.54685291742378,1.3711085896661923,21.50616180338136,-0.7688315682241913,-3.5679863582443656,,0.0194590387234914,1.4244016345592625,1.1733800350262644,1.21,Q3
QQQ,2025-05-22,PRE-BREAKOUT,515.07,514.0,-0.2077387539557826,False,64.77730430824786,73.84564284886952,1.388827134186801,21.30224134838229,0.1208482769374716,-4.908066429418747,,-1.1318849865066962,0.7455297338225713,0.7843594074591731,1.21,Q3
QQQ,2025-05-29,PRE-BREAKOUT,521.41,519.93,-0.2838457260121628,False,65.29139119534786,74.48223794073974,1.3594889598344262,20.18831535032875,1.4299204100903955,-3.820062277580074,,-0.4411116012351038,1.129629274467307,0.6482422661629036,1.21,Q3
QQQ,2025-07-01,PRE-BREAKOUT,545.0,546.99,0.3651376146789007,True,64.35622003319787,83.63611990584754,1.3940883412717997,21.745254796648037,-0.3462403016459952,0.0,16.0,1.0642201834862302,1.289908256880729,2.064220183486239,0.010000000000000009,Q1 (lowest)
QQQ,2025-07-16,PRE-BREAKOUT,553.5496,557.29,0.6757118061326226,True,63.26979082410541,67.18482070094207,1.3674761421146644,26.30376385991222,0.1005891651099197,0.0,,1.490453610661068,1.918599525679344,1.85356470314492,1.21,Q3
QQQ,2025-07-22,PRE-BREAKOUT,561.03,561.25,0.0392135892911301,True,67.4119025776905,79.28296089169964,1.3384433536482965,26.45484204467576,0.0230426998954207,0.0,27.0,0.4955171737696688,0.9518207582482276,1.1104575512895958,0.010000000000000009,Q1 (lowest)
QQQ,2025-07-29,PRE-BREAKOUT,568.55,567.26,-0.2268929733532607,False,73.54783533430609,91.35391814493092,1.33442853809184,26.167478783252896,0.4611539409300532,0.0,28.0,-0.0932195937032754,-2.5802479992964487,-1.4563362940814304,1.5100000000000002,Q4
QQQ,2025-07-31,PRE-BREAKOUT,570.04,565.01,-0.8823942179496127,False,73.7617432685833,92.11526909884944,1.3117170785831582,27.282477665575136,1.147846906799053,-0.0211215545464154,7.0,-2.83488877973475,-1.713914812995576,-0.1403410286997324,1.5100000000000002,Q4
QQQ,2025-08-15,PRE-BREAKOUT,577.24,577.34,0.0173238167833176,True,64.07052293132223,81.7260416479344,1.326440591089939,28.79564189559485,-0.0155201848626518,-0.0775407519729892,40.0,-0.022520961818307,-1.964520823227779,-0.9129651444806288,0.010000000000000009,Q1 (lowest)
QQQ,2025-09-10,PRE-BREAKOUT,582.48,580.7,-0.3055898914984158,False,62.63498667605594,90.213729967016,1.3151804732589107,16.405700602719797,0.5564072970319234,0.0,43.0,0.2746875429199324,1.5794533717895778,1.2910314517236612,1.21,Q3
QQQ,2025-09-19,PRE-BREAKOUT,596.055,599.35,0.5528013354472444,True,71.5909973208768,94.94069095243847,1.331283393215825,20.281770735820945,0.3376335416246709,0.0,0.0,1.0309451309023658,0.0075496388756193,-0.0142604289872449,1.5100000000000002,Q4
QQQ,2025-09-25,PRE-BREAKOUT,593.23,593.53,0.0505706049929967,True,61.13640609140276,69.26874818957171,1.3142359716219756,22.6918941076193,-0.6542526421741279,-1.0129525074726042,,0.4618781922694417,1.2035803988335023,2.107108541375183,1.21,Q3
QQQ,2025-09-26,PRE-BREAKOUT,593.33,595.97,0.4449463199231433,True,61.254831313642114,67.56345099212558,1.3212942189582153,21.711921593558664,0.1381564537597173,-1.4397210229159867,,0.9101174725700668,1.6719195051657525,1.6601216860768726,1.21,Q3
QQQ,2025-10-07,PRE-BREAKOUT,604.08,604.51,0.0711826248178966,True,64.58852078054731,76.79120840235055,1.3661265992096567,22.543876464464432,0.2155633443583198,0.0,42.0,1.2183816713018163,-2.4135876042908286,-1.0064892067275926,0.010000000000000009,Q1 (lowest)
QQQ,2025-10-30,PRE-BREAKOUT,630.34,626.05,-0.6805850810673727,False,66.155447223353,90.50928716470862,1.347574180231902,18.195995541834836,-0.5662425090834772,0.0,40.0,-0.2014785671225024,-1.7593679601484964,-2.9618935812418807,1.21,Q3
QQQ,2026-05-01,PRE-BREAKOUT,674.2299,674.15,-0.0118505572060903,False,74.87727906491429,85.15787418250136,1.123409974707097,28.96885393672191,0.2126576212298138,0.0,36.0,-0.20021360666444,3.194770804439248,5.487757217530693,1.5100000000000002,Q4
QQQ,2026-05-12,PRE-BREAKOUT,700.22,707.24,1.0025420582102742,True,72.0732547741759,84.09088655075323,1.161236229546176,38.85634283568067,-0.7107908424343446,0.0,39.0,2.069349632972496,1.2438947759275545,0.1870840592956421,0.31000000000000005,Q2
QQQ,2026-05-15,PRE-BREAKOUT,710.035,708.93,-0.1556261311062156,False,72.21910355619451,79.75802308081398,1.123654315855343,40.16597047550727,-1.340668806179577,0.0,31.0,-0.5851824205848969,0.4387107677790544,1.056990148372967,0.31000000000000005,Q2
QQQ,2026-05-18,PRE-BREAKOUT,704.69,705.88,0.1688685805105707,True,68.08738546205998,72.23478726670139,1.1467886246966503,39.769557161644855,0.3681604671829396,-1.508773392239405,,-0.4484241297591965,1.393520555137711,3.631384012828324,1.21,Q3
QQQ,2026-05-19,PRE-BREAKOUT,700.3,701.53,0.175639011852066,True,64.6999316069039,65.64338691682502,1.4430735582895473,38.69160948054891,-0.8599195330651174,-1.9325080926381264,,1.834927888047983,2.4618020848207927,4.16250178494932,1.21,Q3
QQQ,2026-05-26,PRE-BREAKOUT,728.01,730.28,0.3118089037238474,True,74.70785743175179,86.08289965372005,1.1236975143586796,35.768326295994555,1.1734537447389797,-0.3125911724252907,40.0,0.1977994807763704,1.4148157305531457,2.493097622285405,1.5100000000000002,Q4
QQQ,2026-05-27,PRE-BREAKOUT,727.39,729.45,0.2832043333012632,True,72.8666343075076,82.76045567249875,1.117834199722768,36.08052816020763,0.3669825272498307,0.0,34.0,1.1286929982540366,2.110284716589453,2.3123771291879254,0.31000000000000005,Q2
QQQ,2026-05-29,PRE-BREAKOUT,738.996,738.31,-0.0928286485989146,False,77.37735252634192,91.5524726766046,1.117285415633504,37.02031284637869,0.3045133224578588,0.0,34.0,0.5066333241316635,0.705551856843617,-4.592176412321587,1.5100000000000002,Q4
QQQ,2026-06-03,PRE-BREAKOUT,746.11,744.21,-0.2546541394700483,False,79.31329463453088,92.62989959043178,1.1182779095043458,39.52735901472335,0.154122440227294,0.0,31.0,-0.7371567195185696,-4.026215973515964,-7.025773679484253,1.5100000000000002,Q4
QQQ,2026-06-04,PRE-BREAKOUT,739.88,740.61,0.0986646483213518,True,72.79779591676852,80.34973435707289,1.120953872586719,40.44036278598935,-1.1730559922602517,-0.2613380508201903,9.0,-4.706168567875879,-4.331783532464717,-3.0761745147861803,0.31000000000000005,Q2
RIVN,2024-06-28,PRE-BREAKOUT,13.885,13.42,-3.3489377025567144,False,66.8348671416505,94.82258295839996,2.176704973801004,25.28784437264129,0.138217000691082,-47.64833574529667,27.0,0.2520705797623345,5.50954267194815,11.55923658624415,0.6100000000000001,Q2
RIVN,2024-07-01,PRE-BREAKOUT,14.01,13.92,-0.6423982869379006,False,65.64217215096632,92.9214713790441,1.7992072359357476,27.291464670287557,0.2980625931445672,-51.447178002894354,28.0,6.281227694503931,5.567451820128476,12.134189864382591,0.6100000000000001,Q2
RIVN,2024-07-02,PRE-BREAKOUT,14.42,14.89,3.25936199722608,True,67.51247874945717,94.40341496488549,1.8812160888629603,29.15196923238765,2.514367816091952,-49.63820549927641,46.0,1.5950069348127631,7.420249653259364,13.52288488210819,0.6100000000000001,Q2
RIVN,2024-07-03,PRE-BREAKOUT,14.8801,14.65,-1.5463605755337675,False,69.30195195735125,93.85416605250072,1.8244253849386032,31.151849591049288,-0.6044325050369366,-46.1287988422576,41.0,-0.6055066834228359,5.577247464734782,12.63365165556684,0.6100000000000001,Q2
RIVN,2024-12-16,PRE-BREAKOUT,15.09,15.34,1.656726308813784,True,73.82261856405768,94.127397270059,1.8535674454453477,37.39813866365691,-1.809324982602643,-40.985626283367566,42.0,-2.5844930417495067,-13.452617627567925,-8.88005301524188,0.9100000000000001,Q3
RIVN,2025-01-06,PRE-BREAKOUT,15.67,15.715,0.287172941927249,True,63.815116201254845,94.69527669347669,1.7152428788599403,30.419983911788957,-0.1516070345663952,-15.781409601634325,0.0,-4.594767070835997,-11.614550095724317,-14.86917677089981,0.6100000000000001,Q2
RIVN,2025-05-14,PRE-BREAKOUT,14.385,14.82,3.0239833159541223,True,62.41385534058864,79.18407901174174,1.61312912555764,18.619454662487044,-1.445864156018829,-17.890668139149643,31.0,6.36079249217936,13.242961418143896,13.590545707334028,-0.5900000000000001,Q1 (lowest)
RIVN,2025-05-15,PRE-BREAKOUT,15.255,15.3,0.2949852507374626,True,70.41435132084811,91.6872655864144,1.6215848265723958,18.534697197151964,-1.2145748987854232,-18.166758696852565,17.0,3.638151425762043,10.914454277286142,4.293674205178625,0.9100000000000001,Q3
RIVN,2025-09-05,PRE-BREAKOUT,14.2401,14.21,-0.2113749201199368,False,63.2924364285326,91.95523975644166,1.5760387767656263,21.788490658157677,0.2919708029197148,-19.030732860520107,30.0,-1.7563078910962686,-2.318101698724025,-5.478191866630144,0.6100000000000001,Q2
RIVN,2025-11-12,PRE-BREAKOUT,16.685,17.52,5.004495055439023,True,63.66706670916571,93.58142787047238,1.5556806701267716,23.88833331831616,-2.58046614872364,0.0,23.0,-1.7680551393467077,-10.878034162421336,-11.777045250224742,1.21,Q3
RIVN,2025-12-12,PRE-BREAKOUT,18.795,18.42,-1.995211492418196,False,66.01933144771871,94.69454381694705,4.330835992119999,27.8857546495731,2.3737066342057247,-9.025470653377624,40.0,-0.5054535780792891,-6.198457036445877,19.446661346102672,0.81,Q2
RIVN,2025-12-12,BREAKOUT,18.875,18.42,-2.410596026490057,False,66.35200015966123,95.88839245284797,4.288602341062917,27.8857546495731,2.3737066342057247,-9.025470653377624,43.0,-0.9271523178807984,-6.5960264900662295,18.94039735099337,2.05,Q5 (highest)
RIVN,2025-12-15,PRE-BREAKOUT,18.9,18.7,-1.0582010582010546,False,66.60506000948536,92.22263944341962,1.4637627672405749,27.886632090553157,1.0314875135721917,0.0,41.0,-5.291005291005291,7.301587301587316,15.079365079365086,1.21,Q3
RIVN,2026-02-13,BREAKOUT,16.9535,17.73,4.580175185065044,True,56.82993494572438,97.52535496634866,4.741234865130492,27.209748820311983,26.928571428571423,-37.639198218262806,16.0,-2.8519184829091304,-8.042587076414891,-11.758633910401969,1.85,Q5 (highest)
RIVN,2026-03-10,PRE-BREAKOUT,16.925,16.54,-2.2747415066469814,False,60.36838380801005,94.77158362327611,2.188777373119486,12.63206425623803,5.229993698802773,-29.309576837416486,35.0,-1.6248153618907069,-12.200886262924676,-6.528803545051701,0.6100000000000001,Q2
RIVN,2026-03-10,BREAKOUT,16.945,16.54,-2.390085570964893,False,60.48914734598491,95.25902245479924,2.205815236364051,12.63206425623803,5.229993698802773,-29.309576837416486,36.0,-1.7409265269991248,-12.304514606078492,-6.639126586013573,1.85,Q5 (highest)
RIVN,2026-08-21,BREAKOUT,17.095,16.97,-0.7312079555425564,False,57.509631562544094,98.18572108607154,2.114263439632745,9.564877160326512,0.4372267332916722,-28.6859688195991,36.0,-2.895583503948508,,,1.85,Q5 (highest)
SBUX,2024-10-24,PRE-BREAKOUT,98.145,97.15,-1.0138061032146215,False,61.38152318842859,94.59472346300136,1.569881153761361,20.693039673830345,0.0409626216077747,-8.917078630724735,28.0,-0.8507820062152874,-0.7692699577156202,-0.4534107697794011,0.81,Q2
SBUX,2026-01-28,PRE-BREAKOUT,99.2,95.16,-4.072580645161296,False,71.54532044450885,93.53189688159723,2.386609532631026,31.12798648492044,6.874216464688673,-17.347379328210003,0.0,-5.362903225806459,-7.570564516129037,-2.247983870967745,0.9100000000000001,Q3
SBUX,2026-01-29,PRE-BREAKOUT,94.47,93.88,-0.6245368900179987,False,60.57112075821972,67.75905659847596,1.677718872781843,33.49973816623386,1.6813787305590675,-17.830929971505054,,-2.6675134963480427,-1.5137080554673363,1.6936593627606589,0.6100000000000001,Q2
SBUX,2026-07-30,PRE-BREAKOUT,107.34,105.85,-1.3881125395938223,False,60.419201016931225,88.73407529425812,1.7038350794707815,9.567720385362268,2.9527559055118138,-3.9032942696318207,2.0,-1.9470840320477016,-2.2079373951928494,-2.030929755915788,1.21,Q3
SBUX,2026-07-30,BREAKOUT,108.02,105.85,-2.008887243103131,False,61.93245291391836,97.02241820166348,2.72385656847841,9.567720385362268,2.9527559055118138,-3.9032942696318207,61.0,-2.564339937048691,-2.823551194223289,-2.6476578411405294,2.4499999999999997,Q5 (highest)
SLB,2024-11-06,PRE-BREAKOUT,44.055,43.77,-0.6469186244467066,False,60.15789057738332,79.1012910743914,1.635594731586527,23.234957169408425,4.85819975339089,-28.20467422096317,16.0,-1.849960276926564,0.5334241289297457,-1.0554988083077883,-0.5900000000000001,Q1 (lowest)
SLB,2025-01-22,PRE-BREAKOUT,42.9,41.63,-2.9603729603729514,False,66.19622133270877,94.09946078605034,1.4353314203010157,27.581654343563244,-0.8230452674897106,-20.789568996740307,42.0,-2.027972027972022,-0.839160839160838,-4.568764568764571,0.6100000000000001,Q2
SLB,2026-01-21,PRE-BREAKOUT,48.03,48.52,1.0201957110139537,True,77.32566685103674,86.72611569248383,1.4270904929030237,39.30281509976367,1.3993541442411164,-1.1070896316797871,43.0,2.6858213616489675,3.476993545700608,1.748906933166763,1.5100000000000002,Q4
SLB,2026-01-23,PRE-BREAKOUT,50.045,49.15,-1.7883904485962696,False,81.17223377857454,89.65977747452185,1.4162758710795067,42.61859811284906,1.3787510137875096,0.0,13.0,-0.68937955839744,-2.347886901788399,-3.327005694874611,-0.4899999999999999,Q1 (lowest)
SLB,2026-01-26,PRE-BREAKOUT,49.85,49.7,-0.3009027081243702,False,80.00345736510793,85.7327372606875,1.4243165657030556,44.66811722545333,1.119023397761962,-0.344687753446881,42.0,1.6248746238716052,-2.8084252758274797,-3.610832497492486,-0.4899999999999999,Q1 (lowest)
SLB,2026-03-02,PRE-BREAKOUT,51.352,51.27,-0.1596821934880698,False,60.51256673518716,65.601467280175,1.4196615576694136,30.065869492245596,2.1620568757304235,-0.9836065573770452,,-5.398037077426388,-7.695902788596351,-8.104844991431685,1.21,Q3
SLB,2026-04-24,PRE-BREAKOUT,54.605,56.15,2.8294112260782014,True,64.80856870832557,93.5751470700967,1.8077933943892612,28.57409186543597,-0.758129338691997,0.0,36.0,1.1445838293196593,2.005310868968054,4.239538503800028,1.21,Q3
SLB,2026-04-24,BREAKOUT,54.91,56.15,2.2582407576033545,True,66.15745913709176,97.63193149335272,1.9743140522154896,28.57409186543597,-0.758129338691997,0.0,38.0,0.5827718084137685,1.4387179020215013,3.66053542159899,2.4499999999999997,Q5 (highest)
SMCI,2024-06-17,PRE-BREAKOUT,920.05,887.41,-3.5476332807999555,False,60.35250474556237,94.20537085018503,1.476939321396847,12.393899734659987,1.522722428777798,-28.914962923060088,28.0,-0.0043475898048979,-1.6075213303624765,-8.361502092277588,0.6100000000000001,Q2
SMCI,2024-06-18,PRE-BREAKOUT,914.0,920.01,0.6575492341356663,True,60.00446781279703,93.17067652714124,1.9669967807737063,14.101435270106094,1.0806729696532642,-25.306589679059314,31.0,0.3977024070021872,-9.520787746170676,-9.063457330415758,0.6100000000000001,Q2
SMCI,2024-06-18,BREAKOUT,918.765,920.01,0.1355079917062583,True,60.44935502624904,95.071727627704,2.43150004731519,14.101435270106094,1.0806729696532642,-25.306589679059314,44.0,-0.1229911892594945,-9.99004097892279,-9.53508242042307,1.85,Q5 (highest)
SMCI,2024-06-20,PRE-BREAKOUT,920.4,917.635,-0.3004128639721845,False,60.602484437403625,93.7413767592571,2.6621056272710804,15.89206732898921,4.486907751002703,-22.562643615275192,0.0,-1.6449369839200332,-8.396349413298564,-3.2637983485441078,0.6100000000000001,Q2
SMCI,2024-06-20,BREAKOUT,923.89,917.635,-0.6770286505969321,False,60.94382712155748,95.07216241362016,2.4629151074084588,15.89206732898921,4.486907751002703,-22.562643615275192,19.0,-2.016473822641223,-8.742382751193322,-3.629219928779397,1.85,Q5 (highest)
SMCI,2024-06-21,PRE-BREAKOUT,917.1,905.26,-1.2910260604078108,False,60.11923024296283,89.31142188781108,1.6931483319676364,18.323382254036066,-1.910890495676382,-22.762547661333084,29.0,-9.826627412495911,-9.37084287427762,-10.658597753789117,0.6100000000000001,Q2
SMCI,2024-12-03,BREAKOUT,41.11,40.21,-2.189248358063728,False,43.82520724474245,95.11488530417331,3.237406633478021,48.19093001023227,5.761904761904766,-96.46485476444992,21.0,1.7027487229384648,6.85964485526636,-1.3865239601070307,1.15,Q3
SMCI,2025-02-07,BREAKOUT,35.105,36.28,3.3471015524854133,True,57.52972914644224,95.80112558860183,3.0670660879450904,12.254190381354327,2.0981087470448982,-97.15168298164252,36.0,21.4926648625552,13.032331576698486,36.47628542942601,1.85,Q5 (highest)
SMCI,2025-02-12,PRE-BREAKOUT,39.63,39.68,0.126167045167795,True,61.1206747833041,93.97046074185305,3.7508075109997887,16.83740854704241,9.557109557109552,-96.7501914870336,0.0,6.686853393893511,40.80242240726721,49.55841534191269,0.6100000000000001,Q2
SMCI,2025-02-12,BREAKOUT,40.0853,39.68,-1.0110938423811149,False,61.74168732127747,96.12050963842336,5.042376368311505,16.83740854704241,9.557109557109552,-96.7501914870336,15.0,5.475074403833837,39.20314928415155,47.85968921275383,1.85,Q5 (highest)
SMCI,2025-02-13,PRE-BREAKOUT,41.0,42.28,3.121951219512198,True,63.05870540460915,94.9005050910642,1.8290076915913704,18.73498140060092,-1.6885080645161334,-96.6601294536517,25.0,16.853658536585357,46.95121951219512,36.75609756097561,0.6100000000000001,Q2
SMCI,2025-02-13,BREAKOUT,41.04,42.28,3.0214424951267107,True,63.11253161730405,95.07378982274987,2.038250753794784,18.73498140060092,-1.6885080645161334,-96.6601294536517,29.0,16.739766081871338,46.80799220272905,36.62280701754386,1.85,Q5 (highest)
SMCI,2025-02-20,PRE-BREAKOUT,55.345,59.27,7.091878218447925,True,70.16850613554597,94.57368079222093,1.614861880912282,27.682656487134253,-5.045643153526969,-94.92874998947872,5.0,1.3099647664649046,-17.71614418646671,-22.395880386665457,0.9100000000000001,Q3
SMCI,2025-02-26,PRE-BREAKOUT,54.2616,51.11,-5.808158992731512,False,62.38348919954847,77.84882043494905,1.59897570779236,32.66520569559015,20.81686429512517,-96.16689252316785,16.0,-20.84641809308977,-33.52573458947027,-28.31025992598818,-0.5900000000000001,Q1 (lowest)
SMCI,2025-06-25,BREAKOUT,45.35,46.61,2.77839029768467,True,58.0574339859869,95.14709465908832,2.7827795658547467,14.758638975478696,1.1671335200746964,-95.2921007516814,61.0,8.643880926130104,8.070562293274524,7.475192943770674,1.85,Q5 (highest)
SMCI,2025-07-15,PRE-BREAKOUT,52.4598,53.17,1.3537985276344942,True,65.1210336617244,94.42289739003904,1.880293124463472,19.904960890419336,4.293183189221808,-94.53492461207084,35.0,1.4491096039252866,-1.3149116085078445,-4.955794722816331,0.6100000000000001,Q2
SMCI,2025-07-31,PRE-BREAKOUT,59.82,58.97,-1.4209294550317644,False,69.00248418635448,94.84326808269604,1.637788868514298,27.706043004539804,2.3060451325975926,-91.3475379462695,0.0,-5.315947843530592,-4.279505182213311,-21.98261451019726,0.6100000000000001,Q2
SMCI,2025-10-01,PRE-BREAKOUT,49.03,52.39,6.852947175198857,True,65.31993115737006,93.26404204470307,1.5470422399868595,20.87152960457777,-0.7717980809344962,-88.57864392242817,34.0,7.077299612482152,11.40118294921476,19.68182745258005,0.6100000000000001,Q2
SMCI,2025-10-10,PRE-BREAKOUT,55.21,52.86,-4.256475276218079,False,66.04231749513272,80.83952028389446,1.4193935482531692,34.6418660594742,0.4484304932735514,-4.496788008565317,39.0,-0.8331823944937526,-2.300307915232753,-5.488136207208841,0.010000000000000009,Q1 (lowest)
SMCI,2025-10-20,PRE-BREAKOUT,55.44,55.04,-0.721500721500719,False,60.85673403942113,72.42213668438855,1.4143402475069378,28.54693872771708,5.481027213491759,-14.050403557898203,,-1.1183261183261135,-13.564213564213556,-6.980519480519476,0.81,Q2
SMCI,2026-01-16,BREAKOUT,31.6699,32.64,3.063160919358767,True,51.94148183214058,96.87497133537836,3.50365042207336,28.37926409475422,1.0197144799456055,-51.54010871355625,24.0,-0.820653049109717,2.463222176262017,-2.746772171683516,1.85,Q5 (highest)
SMCI,2026-02-04,BREAKOUT,32.96,33.76,2.427184466019409,True,57.79138112785614,95.09774772802892,5.314135537705443,17.46822781212015,11.054937647455343,-51.12831493987811,50.0,-6.401699029126212,1.729368932038836,-2.7912621359223357,1.85,Q5 (highest)
SMCI,2026-05-14,PRE-BREAKOUT,33.295,33.03,-0.7959153025979894,False,60.561621161429365,79.5392852011872,1.213410921635218,21.24966584837847,0.0625000000000097,-47.29039696919783,16.0,-6.772788707013072,-8.214446613605656,0.4955699053911973,-0.5900000000000001,Q1 (lowest)
SMCI,2026-05-20,PRE-BREAKOUT,33.65,33.46,-0.5646359583952384,False,60.09592970542727,77.60593562699273,1.2138070432316548,20.12291488098728,1.7342931937172814,-49.66232910558392,10.0,-0.5646359583952384,10.25260029717683,22.734026745913816,-0.5900000000000001,Q1 (lowest)
SMCI,2026-05-22,PRE-BREAKOUT,35.26,35.58,0.9075439591605228,True,63.8029723054477,85.1537054306659,1.1503091385840831,20.89489403696348,1.0161386730424276,-44.88552133091748,31.0,5.2183777651730106,17.129892229154848,32.95519001701646,0.6100000000000001,Q2
SMCI,2026-05-26,PRE-BREAKOUT,36.305,37.1,2.1897810218978147,True,65.93219675977164,88.53127968221729,1.1492393596765549,21.970201534497324,1.1804384485666153,-41.39351013012684,38.0,5.192122297204237,26.952210439333435,38.19033191020521,0.6100000000000001,Q2
SMCI,2026-05-27,PRE-BREAKOUT,36.81,38.19,3.748981255093712,True,66.28346424814063,87.20484254873048,1.1577638806119603,23.520329605268127,3.2075471698113143,-38.88980398616373,32.0,12.197772344471597,27.356696549850582,28.823689214887256,0.6100000000000001,Q2
SMCI,2026-06-03,PRE-BREAKOUT,47.0293,47.42,0.8307586972376848,True,72.7219691609734,92.90462263426562,1.1958441621863478,36.01530312532949,-1.3952561291608587,-17.361225498270464,23.0,-0.2749349873376823,-6.462566952942097,-37.76220356246,0.9100000000000001,Q3
SMCI,2026-06-05,PRE-BREAKOUT,42.9977,41.64,-3.157610755924157,False,61.38643978858834,69.83995999861125,1.1937293841347183,38.02187599939344,-4.051172707889124,-22.747488057980565,,2.307797858955247,-31.926591422331896,-29.15900152798871,0.6100000000000001,Q2
SMCI,2026-07-23,BREAKOUT,31.76,31.2,-1.7632241813602083,False,56.47392548710891,95.15085338476,1.96412777998336,24.3811050549622,-0.7526178010471218,-49.66232910558392,57.0,-5.226700251889168,-10.421914357682628,-12.68891687657431,1.85,Q5 (highest)
SNOW,2024-11-20,PRE-BREAKOUT,130.445,129.12,-1.0157537659549916,False,64.45365919408016,88.03776933463516,1.842535877318973,20.265003757103223,0.7831695331695192,-44.813559322033896,25.0,31.358043619916444,31.411706083023493,33.15956916708191,0.6100000000000001,Q2
SNOW,2024-12-04,PRE-BREAKOUT,184.0,186.51,1.3641304347826038,True,82.49757518363386,88.16145390849017,1.9225680908223808,41.71078996882358,2.3076048652949885,-25.44915254237288,37.0,-0.51086956521739,-1.760869565217396,-6.54347826086956,-1.0899999999999999,Q1 (lowest)
SNOW,2025-01-27,PRE-BREAKOUT,177.6301,175.52,-1.1879180386657378,False,65.91088719375335,93.83211191015292,2.159545785783267,18.059268588844137,-1.4415345738571048,-26.220338983050844,34.0,5.849177588708226,0.9344700025502396,2.7641148656674703,0.6100000000000001,Q2
SNOW,2025-02-04,PRE-BREAKOUT,188.83,189.11,0.1482815230630731,True,68.424766517296,94.3803068417638,2.2460924236679074,23.4031986516202,2.16938753149995,-22.65254237288136,46.0,0.0529576868082372,-2.5419689667955363,-2.796165863475084,0.6100000000000001,Q2
SNOW,2025-02-18,PRE-BREAKOUT,191.58,192.78,0.6263701847791985,True,63.145494663429226,85.82046911331953,1.922707124402926,18.85328506630101,3.1982942430703627,-20.508474576271187,40.0,-2.6203152729930106,-7.145839858022772,-14.291679716045527,0.6100000000000001,Q2
SNOW,2025-05-21,PRE-BREAKOUT,183.63,179.12,-2.45602570386102,False,73.66299465693973,80.71253262265978,1.8929293195986585,27.315006387376464,-1.0772090988626415,-5.135387488328667,40.0,10.646408538909771,12.37270598486086,10.172629744595111,-0.08999999999999997,Q1 (lowest)
SNOW,2025-07-31,PRE-BREAKOUT,225.394,223.5,-0.8403063080649907,False,65.27370061679673,94.30137059892726,1.915923120667914,17.78491257954007,2.2017432358816027,-2.440320651933209,80.0,-9.039282323398137,-8.7065316734252,-8.427021127447935,1.21,Q3
SNOW,2025-12-03,PRE-BREAKOUT,267.055,265.0,-0.7695044092040991,False,60.367739681269626,77.82531771055399,1.9849687884737384,23.070457552656663,1.1167590881084324,-6.30006494912318,3.0,-12.08927000056168,-15.631611465802925,-18.91183464080433,-0.39,Q1 (lowest)
SOFI,2024-07-18,PRE-BREAKOUT,7.515,7.53,0.1996007984032012,True,64.74157533139072,91.62309493504692,1.506226515178562,16.529979162361236,0.382653061224493,-31.52838427947598,12.0,-0.5988023952095799,-1.13107119095143,-3.2601463739188303,0.6100000000000001,Q2
SOFI,2024-07-30,PRE-BREAKOUT,7.535,7.42,-1.526211015262113,False,60.356822285443386,72.49592079871313,1.8129520658047096,21.28825596803376,3.4106412005457027,-35.9825327510917,,0.0663570006635685,-11.745189117451888,-14.664897146648975,0.6100000000000001,Q2
SOFI,2024-07-31,PRE-BREAKOUT,7.654,7.54,-1.489417298144759,False,62.70985910207112,76.60283631999687,1.5410509446703646,21.945008007610337,0.8086253369272304,-35.19650655021834,5.0,-6.4541416252939605,-14.554481316958451,-17.42879540109746,-0.5900000000000001,Q1 (lowest)
SOFI,2024-10-24,PRE-BREAKOUT,11.095,10.93,-1.4871563767462903,False,79.83340015489206,93.53747873953002,1.5406835400538084,36.94667381876403,4.702495201535511,-1.512287334593574,17.0,-0.946372239747638,-5.633168093735916,0.6759801712483037,1.5100000000000002,Q4
SOFI,2024-10-25,PRE-BREAKOUT,11.045,10.99,-0.4979628791308258,False,79.59397153979673,88.30892326801346,1.544731163422745,38.48468382170579,2.561756633119864,0.0,42.0,1.312811226799453,1.584427342689006,-0.0452693526482642,1.5100000000000002,Q4
SOFI,2024-10-29,PRE-BREAKOUT,10.26,10.47,2.0467836257310026,True,61.069610591640085,65.24201459034309,3.2561312693409903,41.30892021132479,-3.932082216264517,0.0,,9.35672514619884,7.602339181286544,11.306042884990257,1.21,Q3
SOFI,2024-10-30,PRE-BREAKOUT,11.215,11.22,0.0445831475702254,True,71.00188791572184,83.83442487779735,1.615722176981043,39.084253872091686,0.0,-6.4343163538873895,24.0,-0.4012483281319655,-2.719572001783324,5.305394560856002,-0.08999999999999997,Q1 (lowest)
SOFI,2024-12-06,PRE-BREAKOUT,15.8101,16.02,1.3276323362913538,True,67.98602903295205,70.74025917250698,1.517369061257697,49.525353185165166,0.7667731629392921,-4.631322364411942,,-1.5186494709078373,0.821626681678163,2.7823985933042783,1.21,Q3
SOFI,2024-12-09,PRE-BREAKOUT,15.715,15.57,-0.9226853324848844,False,65.13923101488155,66.23232088982726,1.5498250036492185,47.45517168314554,-2.1223470661672903,-2.3765996343692906,,-2.7044225262488117,1.1772192173083074,7.413299395482017,1.21,Q3
SOFI,2024-12-17,PRE-BREAKOUT,16.455,16.66,1.2458219386204914,True,65.01723091444454,78.9472542475999,1.460558776362043,41.00207200301328,1.5995260663507085,0.0,1.0,-7.38377392889698,-6.715284108173799,-2.6435733819507674,0.010000000000000009,Q1 (lowest)
SOFI,2025-01-17,PRE-BREAKOUT,16.63,16.5,-0.7817197835237464,False,61.17174133788458,94.13266619147105,1.4615057697847813,20.77528368809432,0.736196319018411,-3.436018957345962,39.0,7.636800962116655,8.418520745640421,-3.3072760072158798,1.21,Q3
SOFI,2025-01-22,PRE-BREAKOUT,17.355,17.59,1.354076634975508,True,62.84359608621078,94.42902291226903,1.5774364224891229,21.734052302694806,0.8938547486033528,0.0,0.0,3.889369057908388,-7.346585998271403,-7.865168539325844,1.21,Q3
SOFI,2025-01-24,PRE-BREAKOUT,18.07,17.92,-0.8301051466519013,False,67.14193684088404,94.0728238240725,1.6033776384824727,23.67720300912824,0.6655574043261089,0.0,49.0,-11.01272827891534,-11.510791366906476,-12.672938572219152,1.21,Q3
SOFI,2025-02-18,PRE-BREAKOUT,17.0699,16.83,-1.405397805493894,False,61.19785809611609,73.57923684134583,1.4279323858336344,18.205762533406016,1.6039481801357065,-10.0942872989462,,-5.213270142180099,-14.05925049355884,-18.452949343581395,0.81,Q2
SOFI,2025-05-12,PRE-BREAKOUT,13.9999,14.04,0.2864306173615448,True,65.15500264831368,92.72441746661102,1.330735260856799,19.70442418449912,6.525037936267067,-26.89961175818081,35.0,2.07215765826898,-3.070736219544425,-1.9278709133636656,0.6100000000000001,Q2
SOFI,2025-05-14,PRE-BREAKOUT,14.14,14.03,-0.7779349363507864,False,65.06166474680705,86.54611277495087,1.3371090225481037,21.32036841138022,1.0496850944716611,-20.74320576816418,42.0,-4.031117397454033,-2.8995756718529004,-9.476661951909476,0.6100000000000001,Q2
SOFI,2025-06-05,PRE-BREAKOUT,14.22,13.67,-3.867791842475392,False,62.01642763061368,93.59107225550248,1.5223906311224435,15.313865044739725,0.1485884101040087,-25.34664448141985,21.0,0.140646976090011,1.195499296765119,4.781997187060476,0.6100000000000001,Q2
SOFI,2025-06-09,PRE-BREAKOUT,14.1585,14.1,-0.4131793622205773,False,61.27198168455772,84.45054669307314,1.3563816422034345,16.721432912408535,1.018258426966289,-21.020521353300055,30.0,1.6350602111805663,5.237136702334288,5.237136702334288,-0.5900000000000001,Q1 (lowest)
SOFI,2025-06-18,PRE-BREAKOUT,15.155,15.36,1.3526888815572422,True,62.03594129101174,94.73443736667129,1.323768786990326,21.09927156739567,-0.3465003465003391,-19.9667221297837,40.0,0.2969317057076868,4.585945232596504,10.656548993731445,0.6100000000000001,Q2
SOFI,2025-06-20,PRE-BREAKOUT,15.23,15.2,-0.1969796454366456,False,61.88616707679249,91.1308193810766,1.3387061041304087,21.730826503669235,1.3346354166666672,-14.808652246256248,33.0,0.8535784635587591,5.5810899540380685,12.80367695338148,0.81,Q2
SOFI,2025-06-25,PRE-BREAKOUT,15.931,16.08,0.9352834097043448,True,66.56044757331793,94.9178352107988,1.3719429688368838,23.15489919424236,1.0725552050473182,-12.090959511924575,0.0,5.266461615717786,14.305442219571916,13.740505931831034,0.81,Q2
SOFI,2025-07-22,PRE-BREAKOUT,20.765,20.98,1.035396099205393,True,66.44086628822532,66.43005908670465,1.295192297465937,55.06005564222775,-1.748582230623823,-4.210049796287912,,3.828557669154818,2.0948711774620694,7.87382614977124,1.21,Q3
SOFI,2025-07-29,PRE-BREAKOUT,23.04,22.4,-2.7777777777777803,False,74.8486978861065,93.99475911192296,2.9200828024275416,49.78167250350894,9.94291151284491,-4.843820733363515,0.0,-5.078124999999992,-7.855902777777772,-6.510416666666667,1.5100000000000002,Q4
SOFI,2025-07-30,PRE-BREAKOUT,21.635,21.87,1.0862029119482293,True,64.32793150222275,67.62986400796485,2.447967715668943,50.36358847258085,-7.008928571428573,0.0,,4.367922348047131,0.8088745088976064,-0.8088745088976229,1.21,Q3
SOFI,2025-07-31,PRE-BREAKOUT,22.8518,22.58,-1.1894030229566268,False,71.20239414114852,94.12429259126522,2.3763920184741907,49.04879261794406,3.6808413351623215,-2.366071428571418,0.0,-7.097033931681532,-5.740466834122484,-3.3774144706325213,1.5100000000000002,Q4
SOFI,2025-08-01,PRE-BREAKOUT,21.73,21.23,-2.300966405890474,False,61.81893935219314,65.21375924386177,1.374959100279227,48.55989030014403,-3.8972542072630607,0.0,,0.368154624942468,-1.242521859180854,1.702715140358955,1.21,Q3
SOFI,2025-08-19,PRE-BREAKOUT,23.3081,22.75,-2.3944465657861413,False,61.04196519807937,74.77322420553533,1.2981479945966683,38.38215300628481,1.568303755674779,0.0,,-3.3812279851210527,7.3446570076497,9.918869405914688,1.21,Q3
SOFI,2025-09-10,PRE-BREAKOUT,25.8102,25.52,-1.124361686465036,False,61.61252111527256,73.24078530690107,1.306732229148066,28.124282590510795,1.2321909896033898,-0.6883365200764808,,0.5803906982510891,7.205678375216014,5.152226639080683,1.21,Q3
SOFI,2025-09-15,PRE-BREAKOUT,27.225,27.67,1.6345270890725447,True,67.52914755577781,92.95143158374356,1.29524970601865,28.469605162834327,2.636534839924668,0.0,43.0,0.7162534435261718,3.2506887052341527,9.494949494949484,1.21,Q3
SOFI,2025-09-16,PRE-BREAKOUT,26.65,27.42,2.889305816135096,True,61.254713044876326,76.51906060410131,1.2934401406334566,29.296620927951828,0.4336826888326615,0.0,36.0,1.838649155722334,10.731707317073184,9.15572232645404,0.010000000000000009,Q1 (lowest)
SOFI,2025-10-07,PRE-BREAKOUT,28.75,28.14,-2.121739130434781,False,61.25005515159762,75.99839293638611,1.3068713265322824,23.27477842812925,2.807283763277701,-11.573297551157328,0.0,-2.53913043478261,-8.904347826086951,-3.060869565217388,-0.39,Q1 (lowest)
SOFI,2025-10-10,PRE-BREAKOUT,28.555,26.19,-8.282262300822968,False,60.58168778722644,68.04428359081219,1.4668766028638636,21.62465183993056,0.35149384885765,-4.562227440456221,,-4.955349325862368,-1.8385571703729595,-7.056557520574332,1.21,Q3
SOFI,2025-10-28,PRE-BREAKOUT,29.7997,31.66,6.242680295439211,True,60.14144741512691,92.10699619669336,2.6999183164096654,13.75098585546097,3.2999999999999945,0.0,34.0,3.692319050191771,-0.4016818961264767,-1.441960825108979,1.21,Q3
SOFI,2025-10-28,BREAKOUT,29.995,31.66,5.550925154192362,True,61.19970158909056,95.05898042525808,2.864163351159339,13.75098585546097,3.2999999999999945,0.0,37.0,3.017169528254701,-1.0501750291715328,-2.0836806134355723,2.4499999999999997,Q5 (highest)
SOFI,2025-11-12,PRE-BREAKOUT,32.115,32.21,0.2958119258913245,True,60.632531163651656,94.8386567944817,1.3087163483775677,13.990573700365958,0.7431340872374812,-2.2425773847125736,21.0,-11.598941304686289,-15.802584462089374,-16.799003580881216,1.21,Q3
SOFI,2026-04-21,PRE-BREAKOUT,19.23,18.83,-2.080083203328144,False,64.25965815682707,89.88400855270373,1.2062768896167628,34.29514179136561,0.0512820512820592,-39.45979509469109,37.0,-0.8840353614144654,-4.108164326573059,-4.524180967238695,0.6100000000000001,Q2
SOFI,2026-06-17,PRE-BREAKOUT,18.405,17.42,-5.351806574300459,False,61.19127225226031,94.45257794898612,1.5197151695875253,16.55578841247769,0.5646527385657699,-45.01707544240919,64.0,-2.6894865525672422,-6.058136375984797,-6.003803314316763,0.6100000000000001,Q2
SOFI,2026-07-10,PRE-BREAKOUT,18.845,18.78,-0.3449190766781519,False,60.76891916723795,94.71211272358704,1.2669149457943194,25.29585040741203,2.6047261009666998,-42.19186588016144,8.0,-3.794109843459803,-5.1737861501724485,-8.304590076943475,0.6100000000000001,Q2
SPY,2024-06-21,PRE-BREAKOUT,544.17,544.51,0.0624804748516147,True,67.32511821567282,78.01422014888561,1.132340255417418,25.44780845119135,-0.4753199268738615,-0.2716549071086089,41.0,-0.2627855265817576,0.2462465773563467,0.0091883051252491,0.010000000000000009,Q1 (lowest)
SPY,2024-07-03,PRE-BREAKOUT,551.37,551.46,0.0163229773110673,True,71.62562440224114,91.56867415484211,1.1826239430761214,31.065601925535823,-0.058286734303553,0.0,74.0,0.5930681756352325,0.8070805448247176,0.9267823784391632,1.5100000000000002,Q4
SPY,2024-09-20,PRE-BREAKOUT,567.13,568.25,0.1974855853155369,True,60.49468852861197,81.8515134216956,1.5756816728214122,17.953763497402512,-0.5499316963816572,0.0,44.0,0.4478690952691559,0.5131098689894676,0.7652566430977081,0.010000000000000009,Q1 (lowest)
SPY,2024-10-01,PRE-BREAKOUT,570.52,568.62,-0.3330295169319178,False,60.048538970913725,71.83395580772005,1.312536418244208,21.136080083626847,-0.0627440044617982,0.0,,-0.2909626305826208,0.431185585080284,0.4644885367734658,1.21,Q3
SPY,2024-11-06,PRE-BREAKOUT,588.14,591.04,0.4930798789403844,True,62.68579605161634,94.11805728614576,1.3176498897807558,22.54412575432429,2.1675047685104905,-1.3496638669836956,22.0,1.2701057571326602,1.805692522188595,1.5387492773829476,1.21,Q3
SPY,2024-11-06,BREAKOUT,588.6,591.04,0.4145429833503127,True,63.00998407126123,95.9521996220664,1.760621968958554,22.54412575432429,2.1675047685104905,-1.3496638669836956,42.0,1.190961603805639,1.7261297995242892,1.4593951749915106,2.4499999999999997,Q5 (highest)
SPY,2025-07-16,PRE-BREAKOUT,620.835,624.22,0.5452334356149365,True,62.15698608150583,65.12271425512284,1.3579730819205944,27.80343796793844,0.2571768412254513,-0.5880285065993518,,1.1605337972246936,1.278117374181537,2.154356632599644,1.21,Q3
SPY,2025-07-31,PRE-BREAKOUT,635.93,632.08,-0.6054125454059266,False,71.03227822543695,83.01825627525629,1.3219988299713707,32.413709524519966,0.7872836743057094,-0.4143776487207638,39.0,-2.234522667589188,-1.2517100938782448,-0.5786800434009954,0.31000000000000005,Q2
SPY,2025-08-22,PRE-BREAKOUT,645.74,645.31,-0.0665902685291392,False,63.545900963104,86.45060691429705,1.3365078464084454,24.66117655174074,0.3477303123279107,-1.457477323823566,20.0,-0.5063957630005856,0.1378263697463354,-0.1068541518258206,1.21,Q3
SPY,2025-09-18,PRE-BREAKOUT,662.965,662.26,-0.1063404553784952,False,70.51107846927142,94.26969979105073,1.337509785421389,27.093289382290465,0.4111168421372063,-0.261760300192162,32.0,0.1108655811392778,0.0369551937130926,-0.7413664371422438,1.5100000000000002,Q4
SPY,2025-09-19,PRE-BREAKOUT,660.875,663.7,0.4274635899375896,True,67.29985831126422,85.26957008805361,1.341392042033506,27.393174537403446,0.0105698668196856,0.0,36.0,0.9025912615850248,0.0340457726498994,0.1429922451295706,1.21,Q3
SPY,2026-05-15,PRE-BREAKOUT,741.28,739.17,-0.284642780056121,False,70.15408687047179,82.41691375138748,1.0995021983821376,23.570417784617504,-0.8527473702500763,0.0,59.0,-0.3547917116339299,-0.00404705374487,0.5881718109216509,0.31000000000000005,Q2
SPY,2026-05-29,PRE-BREAKOUT,757.17,756.48,-0.0911288085898729,False,74.43299675429016,93.26205254388726,1.0692544309846874,23.498534364691327,0.1722767028889417,0.0,43.0,0.1809369098088942,-0.3869672596642696,-2.5912278616426967,1.5100000000000002,Q4
T,2024-06-21,PRE-BREAKOUT,18.205,18.4,1.071134303762704,True,62.54465967007664,75.65305223502999,1.347926681220502,20.55989938336074,0.3313086692435244,-1.307901907356959,2.0,2.4443834111507847,3.0486130184015563,4.971161768744857,0.010000000000000009,Q1 (lowest)
T,2024-07-25,PRE-BREAKOUT,19.31,19.19,-0.6214396685654969,False,60.99558284364088,94.27775352571352,1.481027800150202,30.3511975686252,-0.0521920668058536,0.0,66.0,-1.5535991714137605,-1.708959088555144,0.8285862247540142,1.21,Q3
T,2024-08-02,PRE-BREAKOUT,19.47,19.37,-0.5136106831021976,False,62.48725596107206,92.79682030961166,1.313140851409892,29.037551807632543,0.8731381612737633,0.0,0.0,-2.876219825372361,-1.129943502824853,0.1027221366204395,1.21,Q3
T,2024-10-23,PRE-BREAKOUT,22.135,22.49,1.6037948949627143,True,60.90927440529394,83.11183738404685,1.4789948246014364,24.083842283833707,-1.2093023255814026,-3.457566232599908,7.0,0.293652586401616,-0.1129433024621736,-0.5195391913259634,0.010000000000000009,Q1 (lowest)
T,2024-10-23,BREAKOUT,22.315,22.49,0.7842258570468167,True,63.18967219062611,96.12905164140432,1.9189556786338509,24.083842283833707,-1.2093023255814026,-3.457566232599908,22.0,-0.5153484203450682,-0.9186645753977228,-1.3219807304503772,2.4499999999999997,Q5 (highest)
T,2024-12-03,PRE-BREAKOUT,23.4815,23.74,1.1008666396950704,True,63.28850940580907,94.84611882438044,1.7393237284890246,28.56034962834956,3.1277533039647616,-2.44950580146111,0.0,0.2065455784340892,1.6970806805357346,0.1213721440282821,1.21,Q3
T,2025-01-30,PRE-BREAKOUT,24.19,24.02,-0.7027697395618094,False,68.91883524923055,94.16623954127084,1.4992192384197922,21.71294786789053,-0.2682624845233234,-0.6967213114754023,42.0,-1.901612236461351,0.2480363786688661,1.0748243075651012,1.21,Q3
T,2025-03-04,PRE-BREAKOUT,27.21,26.22,-3.638368246968034,False,73.1495737750543,80.59064584049969,1.6916408258170248,48.7845348583874,0.2886002886002953,0.0,35.0,-3.785373024623304,-0.3307607497243655,-4.410143329658211,0.31000000000000005,Q2
T,2026-01-29,PRE-BREAKOUT,24.825,25.13,1.228600201409868,True,60.291276848034485,94.79506733349326,1.854094120479024,29.76610019108427,1.5787287079351848,-18.7373396353815,48.0,5.579053373615314,8.076535750251757,10.010070493454178,0.6100000000000001,Q2
T,2026-01-29,BREAKOUT,24.835,25.13,1.1878397422991671,True,60.38864064961295,95.17465057848416,1.8008068562850057,29.76610019108427,1.5787287079351848,-18.7373396353815,50.0,5.5365411717334405,8.033017918260509,9.965774109120185,1.85,Q5 (highest)
TFC,2024-07-18,PRE-BREAKOUT,42.65,42.44,-0.49237983587339,False,72.7183735652182,94.29140639693728,1.2252270297823953,30.338684530774604,-0.7888631090487317,0.0,0.0,-0.5627198124267339,3.5169988276670576,3.446658851113714,1.5100000000000002,Q4
TFC,2024-07-22,PRE-BREAKOUT,43.0,43.78,1.813953488372096,True,72.837692561073,90.25298635907384,1.228756724788741,34.541872837884355,1.3440226361707153,-1.6009280742459508,26.0,2.6744186046511595,2.604651162790692,3.395348837209304,1.5100000000000002,Q4
TFC,2024-08-01,PRE-BREAKOUT,44.02,43.35,-1.5220354384370778,False,66.43396984107864,69.74022320365533,1.2132245789815177,49.57046892309855,0.1566345938688751,-0.5562972852692479,,-4.316219900045446,-5.38391640163563,-4.429804634257161,1.21,Q3
TFC,2024-10-17,PRE-BREAKOUT,43.925,42.95,-2.219692657939657,False,60.070352585834286,90.90934935586964,1.4297121758222526,17.043567646946254,-0.9431843700875852,-0.912327547841559,16.0,-0.5805350028457495,-1.2179852020489397,-1.1496869664200238,1.21,Q3
TFC,2025-07-23,PRE-BREAKOUT,45.435,45.82,0.847364366677667,True,64.27515253289386,69.95352442946312,1.3066162304174025,26.24796503625039,0.6193320061933225,-6.10591900311526,,0.0990425883129626,-0.7593265103994692,-2.5861120281721237,0.81,Q2
TFC,2026-04-17,PRE-BREAKOUT,50.06,50.57,1.0187774670395486,True,63.171634025283424,80.97173140734567,1.164986306611085,24.696364810555604,-1.3959134129071369,-11.431643074717798,22.0,1.5581302437075533,1.7778665601278478,1.3383939272872445,-0.39,Q1 (lowest)
TFC,2026-07-17,PRE-BREAKOUT,53.26,52.5,-1.4269620728501653,False,65.6880581732757,93.89556133538012,1.85032468755679,13.69145728272113,-0.6572769953051669,-4.586991578570153,45.0,-4.243334585054447,-2.8726999624483684,-2.816372512204281,1.21,Q3
TGT,2025-08-12,PRE-BREAKOUT,107.43,106.26,-1.0890812622172592,False,60.1994839461365,85.85616069209793,1.509117767101654,17.26396768644283,0.8556869531775795,-35.27288568050283,33.0,-1.9268360793074628,-4.104998603741981,-1.9268360793074628,0.6100000000000001,Q2
TGT,2025-12-18,PRE-BREAKOUT,100.55,99.05,-1.491795126802586,False,73.16003131920863,94.10155585865458,1.4540657383332487,26.83934019528253,0.0,-30.80701754385965,52.0,-2.5261064147190373,-6.215813028344107,-0.9945300845350572,0.9100000000000001,Q3
TGT,2025-12-26,PRE-BREAKOUT,99.61,99.55,-0.0602349161730772,False,64.4538008015162,88.88489173364756,1.320615754698825,25.02311773741866,0.0517973686936674,-32.25964912280702,12.0,-1.5159120570223923,-1.867282401365324,2.4997490211826072,0.6100000000000001,Q2
TGT,2026-02-03,PRE-BREAKOUT,111.645,111.3,-0.3090151820502476,False,65.30816563506514,91.78331749590056,1.291196934934192,30.71120277776676,0.3286770747740339,-20.578638242331955,38.0,2.225805006941645,3.497693582336873,1.419678445071439,0.6100000000000001,Q2
TGT,2026-02-20,PRE-BREAKOUT,116.09,116.69,0.5168403824618781,True,62.74714081958928,75.00317164502059,1.282803272900922,35.34679266743609,-0.3371952273906282,-11.54110898661568,0.0,-2.368851752950297,0.3014902231027602,-1.9812214661038825,-0.39,Q1 (lowest)
TGT,2026-03-03,PRE-BREAKOUT,117.105,120.8,3.1552879894112063,True,60.11631451042742,86.2113150914214,1.3217235371544054,36.61050575501648,2.50949898382964,-8.910173857050864,13.0,2.540455147090213,3.146748644378978,3.104051919217788,0.81,Q2
TGT,2026-08-17,PRE-BREAKOUT,152.8,151.01,-1.1714659685864006,False,66.21179363657376,75.58863527711772,1.2549868493561311,29.545213432840317,-0.666752977731746,-0.6623368272136848,13.0,-0.2094240837696476,3.566753926701563,11.184554973821973,0.010000000000000009,Q1 (lowest)
TGT,2026-08-19,PRE-BREAKOUT,159.055,159.0,-0.034579233598445,False,71.59766917368361,94.83923091896386,1.8217759223237977,29.204255157168163,-3.069254984260217,-1.9484277538421972,12.0,-0.5061142372135468,6.812109018892823,,1.5100000000000002,Q4
TGT,2026-08-19,BREAKOUT,159.295,159.0,-0.1851909978341991,False,71.81701124594777,95.61557352471972,2.768469640048987,29.204255157168163,-3.069254984260217,-1.9484277538421972,54.0,-0.6560155685991321,6.651181769672619,,2.7499999999999996,Q5 (highest)
TGT,2026-08-20,PRE-BREAKOUT,158.95,158.25,-0.4403900597672153,False,71.42198615334102,92.4388375902022,1.2769425572146451,30.356757157136204,-1.257861635220126,0.0,34.0,4.0830449826989685,,,1.5100000000000002,Q4
TMO,2025-01-10,PRE-BREAKOUT,543.65,542.31,-0.2464821116527236,False,60.15980085208227,93.63445844319637,1.6458007456305652,19.36270604253073,-0.5817260932596773,-12.700853879303454,52.0,2.1833900487445974,1.4384254575554218,2.943069989883197,0.81,Q2
TMO,2025-01-15,PRE-BREAKOUT,555.465,551.47,-0.7192172324088834,False,65.61202037150846,94.33579711387648,1.3949508561798194,22.70141375035472,0.1597874288586844,-10.768811778087509,7.0,1.1242832581710829,3.167616321460382,3.489868848622324,0.81,Q2
TMO,2025-01-29,PRE-BREAKOUT,573.77,568.23,-0.9655436847517236,False,64.31985047832202,73.66962676942211,1.3412829950561254,27.702989918114888,-1.5985212822399697,-6.395283638519099,,5.746204925318513,3.48223155619848,1.5006012862296765,0.81,Q2
TMO,2025-10-21,PRE-BREAKOUT,558.05,557.99,-0.0107517247558364,False,72.54412918790362,82.03300914127603,1.4152812789571398,27.69150731773107,2.801375404530747,-10.36687872894485,25.0,1.6396380252665697,2.5893737120329803,-0.0752620732909164,-0.08999999999999997,Q1 (lowest)
TMO,2025-11-26,PRE-BREAKOUT,590.39,593.25,0.4844255492132342,True,63.41217297859749,84.3872279122964,1.314294128038421,33.948716789997064,-0.7276924621098102,-1.4767445693377783,31.0,0.0745270075712757,-1.6971832178729285,-2.5661003743288298,0.010000000000000009,Q1 (lowest)
TMO,2026-01-08,PRE-BREAKOUT,615.03,606.5,-1.386924215078935,False,68.9451672718491,94.22607789458904,1.3886313238783472,23.088404738028583,-0.6951308433930105,-0.5751385487820676,70.0,0.6227338503812889,-1.292619872201345,1.56415134221095,1.21,Q3
TMO,2026-01-09,PRE-BREAKOUT,606.725,618.86,2.00008240965841,True,62.496480332989,80.77690792351767,1.3698279265836852,23.81311944628729,0.3478977741137697,-2.2908880010310653,32.0,1.4380485392888085,2.489595780625492,1.977007705303062,0.010000000000000009,Q1 (lowest)
TMO,2026-01-12,PRE-BREAKOUT,615.61,615.45,-0.0259904809863335,False,64.87838679908006,86.05242778426454,1.3739874510424115,24.4860688182418,0.3425653621174425,-0.2996520170125038,34.0,-1.3856175175841805,1.4684621757281338,0.5522977209596949,1.21,Q3
TMO,2026-01-13,PRE-BREAKOUT,610.82,607.08,-0.6122916734880993,False,61.44673550852793,76.97146989803191,1.3784338743282278,25.273763150232085,-0.3460882281257608,-0.8490140482020849,41.0,1.802495006712287,1.293343374480203,4.171441668576652,0.010000000000000009,Q1 (lowest)
TMO,2026-01-14,PRE-BREAKOUT,618.395,621.83,0.5554702091705235,True,63.70493626106124,83.3153051028364,1.363841773230586,24.46403430024979,0.2553205508334906,-2.197448124758343,40.0,1.0114894201925946,0.0994509981484341,3.4047817333581394,0.010000000000000009,Q1 (lowest)
TMO,2026-01-20,PRE-BREAKOUT,616.03,619.01,0.4837426748697334,True,60.08877668372429,71.23137392589062,1.3530401618789434,24.01885107030999,-1.4901732609257865,-0.94933162571039,,3.29042416765417,1.61518107884357,1.279158482541434,1.21,Q3
TMO,2026-01-21,PRE-BREAKOUT,631.02,636.3,0.8367405153560858,True,66.78742402490475,87.33586866776938,1.349646990044518,22.61936761891181,0.5298783541461322,-0.9029056271512024,41.0,1.3359323000855858,-0.6972837627967382,-3.6448923964375135,1.21,Q3
TMO,2026-01-23,PRE-BREAKOUT,632.3,625.98,-0.9995255416732464,False,64.42550576770883,79.99901704781078,1.344197477894221,22.993218734833427,-0.2768003753225577,0.0,35.0,-0.8983077653012731,-3.83994939111181,-8.491222520955235,0.010000000000000009,Q1 (lowest)
TMO,2026-04-17,PRE-BREAKOUT,528.075,526.6,-0.2793163849831979,False,61.0138886080181,94.80239512167128,1.2558062499770268,24.16402048355317,1.3779069767441887,-19.305653295801083,44.0,-0.3891492685698174,-2.669128438195337,-11.052407328504485,0.6100000000000001,Q2
TMO,2026-04-21,PRE-BREAKOUT,528.465,524.57,-0.7370402959514786,False,61.14083666503627,87.13088056698392,1.2423791440961336,22.16765233517557,0.7319113341698078,-17.738681679568387,35.0,-2.740957300861933,-11.11804944509098,-11.021543527007466,0.6100000000000001,Q2
TSLA,2024-06-13,BREAKOUT,183.92,182.47,-0.7883862548934257,False,57.89042775218975,98.54210188308328,2.624195722657814,14.785342100373558,6.260928422358844,-39.56160087270744,15.0,-3.2133536320139178,0.511091779034377,-0.4947803392779451,1.85,Q5 (highest)
TSLA,2024-07-10,PRE-BREAKOUT,259.385,263.26,1.4939183067640769,True,83.81917612813767,93.23316957964776,1.164768921247699,40.56092727567444,0.1791636488392587,-10.571350651121564,21.0,-7.076353682749577,-2.6003816720319235,-4.196464714613409,-0.8899999999999999,Q1 (lowest)
TSLA,2024-07-10,BREAKOUT,263.2,263.26,0.0227963525835874,True,87.14212476917112,95.66777608664638,1.5171130495384484,40.56092727567444,0.1791636488392587,-10.571350651121564,32.0,-8.423252279635255,-4.012158054711247,-5.58510638297872,-0.35,Q1 (lowest)
TSLA,2024-07-11,PRE-BREAKOUT,265.54,241.03,-9.230247796942088,False,87.5412303869018,91.83577954228268,1.16369943228603,43.376502696961886,0.015194104687389,-10.25431240199086,18.0,-6.518791895759596,-3.3817880545303978,-6.142200798373137,-0.8899999999999999,Q1 (lowest)
TSLA,2024-07-12,PRE-BREAKOUT,246.0501,248.23,0.885957778517466,True,68.58505454537358,76.52606292067149,1.1532090157455244,43.38012881402694,-2.169854374974065,-17.832549260244075,8.0,2.678275684504904,0.99569152786364,-2.784026505171101,-0.5900000000000001,Q1 (lowest)
TSLA,2024-07-15,PRE-BREAKOUT,264.2648,252.64,-4.398921082187258,False,73.99815515340615,86.47329442228357,1.1457599850944402,42.6353985159726,3.1180759779237035,-15.37805958955478,22.0,-2.915560453000164,-5.689293466250515,-4.826522488049862,0.9100000000000001,Q3
TSLA,2024-07-16,PRE-BREAKOUT,250.69,256.56,2.341537356894972,True,69.19484490895816,74.49492752572453,1.1438639907660837,42.62206654905138,1.056839772007606,-13.874684666257584,,-0.873588894650763,-4.583349954126614,-1.7192548565957966,0.81,Q2
TSLA,2024-07-17,PRE-BREAKOUT,249.8,248.5,-0.5204163330664577,False,66.65657250931537,71.05087989913272,1.135016122201194,41.982186936059946,-1.4928281883380154,-12.538351401104512,,-0.2281825460368381,0.6845476381104801,-13.534827862289834,0.81,Q2
TSLA,2024-07-18,PRE-BREAKOUT,253.5595,249.23,-1.7074887748240646,False,67.63125102435288,71.90927686234842,1.1457060718165473,41.38801300971076,1.042253521126762,-15.286016226903923,,-5.663167816626877,-2.8314853121259578,-13.13675882780965,0.6100000000000001,Q2
TSLA,2024-09-05,BREAKOUT,228.02,230.17,0.9428997456363376,True,57.69396085190997,96.58183703647371,2.4514181932390517,17.0988642465067,1.8595323822979863,-20.515142732937264,42.0,-7.582668187001149,-0.8113323392684951,0.7850188579949091,1.85,Q5 (highest)
TSLA,2024-09-20,PRE-BREAKOUT,239.12,238.25,-0.3638340582134512,False,60.013540888084,91.15807570297594,1.1488630985903436,15.785513916840918,-0.9839291571006794,-7.472877626887192,23.0,4.550016728002674,7.485781197724981,8.924389427902298,0.81,Q2
TSLA,2024-09-26,PRE-BREAKOUT,252.1283,254.22,0.8296173019847447,True,63.45843132121824,87.45310103554638,1.1650539630909544,21.89615406906267,1.392887713018458,-2.5036036719520607,11.0,3.304547724313369,2.336786469428456,-4.548596884998629,1.21,Q3
TSLA,2024-09-30,PRE-BREAKOUT,257.67,261.63,1.5368494586098418,True,65.31914507726303,86.42555648042179,1.1456274622984797,25.62267422555796,-0.5451892805037085,-1.1986950914194767,26.0,0.1358326541700492,-6.601466992665044,-6.53549113206815,1.21,Q3
TSLA,2024-10-01,PRE-BREAKOUT,252.3,258.02,2.267142290923492,True,60.42519366539306,74.66677461099637,1.191430516104963,27.56576575554529,0.3975079310476705,-0.7548744404825162,,-1.3000396353547368,-0.8799048751486321,-3.091557669441146,1.21,Q3
TSLA,2024-10-24,PRE-BREAKOUT,248.9,260.48,4.652470871836083,True,60.53641659598146,71.47594352636082,1.2308495085220044,25.73705892987016,14.523753802948749,-18.84448833852465,,8.151868220168739,4.2667738047408506,0.3816793893129725,0.6100000000000001,Q2
TSLA,2024-10-25,PRE-BREAKOUT,266.49,269.19,1.013171225937179,True,66.9494899840743,94.38765291104706,1.741916844711739,26.09091451783429,-1.716062653562664,-1.0559902757729898,15.0,-1.493489436751855,-3.3547225036586727,-6.570603024503741,1.21,Q3
TSLA,2024-10-25,BREAKOUT,267.5,269.19,0.6317757009345786,True,67.26996157549348,95.54633497525528,1.87960075125118,26.09091451783429,-1.716062653562664,-1.0559902757729898,17.0,-1.865420560747667,-3.7196261682242953,-6.923364485981312,2.4499999999999997,Q5 (highest)
TSLA,2024-10-28,PRE-BREAKOUT,268.39,262.51,-2.190841685606765,False,67.24520473401319,94.4062070843911,1.4247957979818202,26.832879840036163,0.300902708124374,0.0,62.0,-3.304892134580277,-6.907857967882556,-9.519728752934158,1.21,Q3
TSLA,2024-10-29,PRE-BREAKOUT,259.2784,259.52,0.093181691957373,True,61.44143404111048,82.75791429468359,1.2524248380041627,27.73529792875509,0.7618757380671213,-2.4815186299639684,37.0,-0.6666193558738273,-3.971946756845147,-3.023159661583834,0.010000000000000009,Q1 (lowest)
TSLA,2024-11-12,PRE-BREAKOUT,329.1699,328.49,-0.2065498698392456,False,70.57661040366773,94.84109763896836,1.4785338272192698,30.904723403712683,-2.074285714285712,0.0,0.0,0.3250904775922783,-2.5670330124352065,5.112891549318458,1.5100000000000002,Q4
TSLA,2024-11-13,PRE-BREAKOUT,328.05,330.24,0.6675811614083211,True,70.0904557187724,89.0836694908105,1.3386048562313149,32.37520720374314,2.240555268044693,-6.145714285714283,25.0,-5.142508763907943,3.258649596098155,4.261545496113386,1.11,Q3
TSLA,2024-11-15,PRE-BREAKOUT,322.41,320.72,-0.5241772897862962,False,65.0168570981776,79.61810090552532,1.3664298089759446,34.00061052790676,-0.1960280223664803,-11.09142857142857,19.0,5.064979374088888,6.085419186749775,9.351446915418247,-0.39,Q1 (lowest)
TSLA,2024-11-18,PRE-BREAKOUT,342.35,338.74,-1.0544764130276072,False,69.08525279268362,88.01259577888008,1.3370064692724457,34.21550492985062,6.239087054128208,-8.365714285714278,39.0,1.0661603622024178,-0.7915875565941394,-1.0982912224331964,0.81,Q2
TSLA,2024-12-19,PRE-BREAKOUT,439.75,436.17,-0.8140989198408151,False,67.1480675918983,78.39013697029526,1.3876000120307714,54.282673229443446,2.669665780564833,-8.279498186971203,31.0,-4.250142126208072,5.123365548607157,-1.8396816372939115,-0.39,Q1 (lowest)
TSLA,2024-12-20,PRE-BREAKOUT,440.7995,421.06,-4.478113065010287,False,66.75960233031185,76.41846905354136,1.3844141632919598,53.40218313494968,-2.445147534218314,-9.104738882173969,10.0,-2.313863786143133,3.0241640473730054,-5.306153931662808,-0.39,Q1 (lowest)
TSLA,2024-12-27,PRE-BREAKOUT,437.3,431.66,-1.2897324491195945,False,60.21061239078673,65.10366587482487,1.379701426856579,51.01982177293967,-1.015127826833729,-5.36198057766849,,-4.548364966841981,-13.267779556368634,-6.002744111593871,0.81,Q2
TSLA,2025-06-23,PRE-BREAKOUT,351.6,348.68,-0.8304891922639408,False,60.51979509756563,76.38010722537582,1.3929824474998012,24.05476916392314,1.6699776508567157,-32.86375192764556,0.0,-3.1655290102389064,-7.343572241183176,-9.65301478953356,-0.5900000000000001,Q1 (lowest)
TSLA,2025-08-12,PRE-BREAKOUT,338.75,340.84,0.6169741697416901,True,60.08684304285726,91.28081845491737,1.2622922707497444,11.907580110366808,1.7609061145031497,-29.3481432084358,40.0,0.1859778597785964,-2.417712177121771,-2.786715867158671,0.6100000000000001,Q2
TSLA,2025-08-25,PRE-BREAKOUT,345.06,346.6,0.4462991943430188,True,60.25301955017635,89.24392348447408,1.2862036774571783,11.257555916964312,-0.3264609864415793,-29.14391697578461,35.0,1.9156088796151436,0.266620297919207,-4.549933344925517,0.6100000000000001,Q2
TSLA,2025-09-05,PRE-BREAKOUT,350.7904,350.84,0.0141394975461124,True,60.00144616356177,89.68661870559332,1.565828256956256,11.718994139262923,2.797388710010938,-29.452340265910895,48.0,-1.2515735892430353,-0.8553255733338075,12.870819725967422,0.6100000000000001,Q2
TSLA,2025-09-10,PRE-BREAKOUT,354.69,347.79,-1.945360737545456,False,61.17299569460896,90.94803661769464,1.2275129024671976,14.214946676412309,1.031789491886902,-27.69349393573125,29.0,3.9809411034988313,15.605176351179912,20.065409230595733,0.6100000000000001,Q2
TSLA,2025-09-25,PRE-BREAKOUT,426.24,423.39,-0.6686373873873928,False,66.93628425363694,76.2547857544284,1.3053575909543953,39.729291449075056,-1.705097224417898,-7.725169841203683,39.0,3.3220720720720647,4.33558558558559,2.289789789789788,-0.39,Q1 (lowest)
TSLA,2025-10-01,PRE-BREAKOUT,453.935,459.46,1.2171346117836204,True,72.63557963728749,81.51533332582626,1.321348698900713,42.50678531724694,-0.2068717395215002,-7.322969199349807,36.0,-3.9510062013283846,-0.1509026622754364,-3.358410345093461,-0.08999999999999997,Q1 (lowest)
TSLA,2025-10-02,PRE-BREAKOUT,453.29,436.0,-3.814335193805295,False,70.30052474147848,78.31440390989245,1.3074663702507614,43.35833449609192,2.411526574674627,-4.251239944983961,29.0,-5.175494716406724,-4.456308323589765,-3.9158154823622846,0.31000000000000005,Q2
TSLA,2025-12-16,PRE-BREAKOUT,473.2514,489.88,3.5136927223036225,True,64.10004810620015,90.45837625470234,1.189004287910335,14.180067267399506,-0.6522059287622862,-0.948193223023384,22.0,-1.2660078765746914,1.6795724217614567,2.600858655674344,1.21,Q3
TSLA,2025-12-16,BREAKOUT,479.05,489.88,2.2607243502765857,True,66.24193523030473,95.2799275933868,1.5736176969997195,14.180067267399506,-0.6522059287622862,-0.948193223023384,49.0,-2.4611209685836597,0.4488049264168619,1.3589395678947898,2.4499999999999997,Q5 (highest)
TSLA,2025-12-17,PRE-BREAKOUT,482.405,467.26,-3.1394782392388105,False,65.07099233181074,91.0424165932784,1.1955868502986808,15.825302837415158,-0.3388584959581873,0.0,21.0,0.2000393859931037,1.311138980731967,0.6208476280303904,1.21,Q3
TSLA,2025-12-18,PRE-BREAKOUT,486.1,483.37,-0.5616128368648463,False,63.42699609951969,91.96218361097668,1.1696064405398283,17.49688783925385,2.3327483627958814,-4.6174573364905696,29.0,-1.0080230405266477,-0.1110882534457972,-2.2443941575807496,1.21,Q3
TSLA,2025-12-19,PRE-BREAKOUT,480.36,481.2,0.174868848363722,True,61.47981228312472,84.29078747935523,1.1808352787160272,19.04907391238978,0.9826840722427954,-1.3288968727035173,35.0,1.7424431676242826,1.0492130901823555,-4.313431592971943,0.010000000000000009,Q1 (lowest)
TSLA,2025-12-22,PRE-BREAKOUT,486.09,488.73,0.5431093007467842,True,63.175474240553,88.640792529178,1.1653239332345695,20.49038955173028,1.803823773898588,-1.771862496938027,22.0,-0.1090333065893091,-2.242383097780242,-6.513197144561699,1.21,Q3
TSLA,2025-12-22,BREAKOUT,493.3695,488.73,-0.9403702498837074,False,65.00344551154632,95.17791975858036,1.6302601545129132,20.49038955173028,1.803823773898588,-1.771862496938027,44.0,-1.5828907137551091,-3.684763650772903,-7.892563281678338,2.4499999999999997,Q5 (highest)
TSLA,2026-05-07,PRE-BREAKOUT,408.9597,411.79,0.6920730820176224,True,63.58912341533386,94.28921103623138,1.2813412662717016,16.574216810604398,2.1944674341032777,-18.60659753408998,37.0,4.741371827101797,5.988438469609595,8.396988749747228,0.6100000000000001,Q2
TSLA,2026-05-12,PRE-BREAKOUT,428.85,433.45,1.0726361198554193,True,64.67510159630032,94.41998229376024,1.0627159259054668,20.709228615259068,-0.8067415730337023,-9.161427288315505,0.0,3.828844584353494,-1.541331467879215,-5.768916870700713,0.81,Q2
TSLA,2026-05-26,PRE-BREAKOUT,432.38,433.59,0.2798464313798001,True,60.4755785240644,72.82777414894639,1.0623705541714414,21.04679928112849,0.9976291636346566,-13.037886829427617,,1.84559877885194,0.7886581247976375,-1.998242286877281,0.81,Q2
TSLA,2026-05-27,PRE-BREAKOUT,441.27,440.36,-0.2062229474018102,False,63.32420912359933,79.95799926694811,1.0695168664000003,20.927237889959773,2.144883415207918,-11.490569118967915,13.0,0.1880934575203483,-5.753846851134224,-3.9816892152197054,-0.39,Q1 (lowest)
UBER,2024-07-11,BREAKOUT,72.79,73.53,1.0166231625223172,True,59.322435050743245,97.82524138394685,1.9369838426238224,20.285208475557237,0.3464703334777091,-14.891264283081464,23.0,-0.4945734304162651,2.074460777579325,-8.97101250171727,2.05,Q5 (highest)
UBER,2024-10-09,PRE-BREAKOUT,77.43,77.87,0.5682551982435718,True,62.7963342495198,84.8706993979528,1.3282952141711324,13.10950474823863,-0.2231849809636362,-6.413564319941023,41.0,0.6328296525894289,9.699083042748276,5.772956218519951,-0.39,Q1 (lowest)
UBER,2025-05-12,PRE-BREAKOUT,85.3,88.1,3.282532239155917,True,65.8928485630037,84.44784220319383,1.5335806264835343,19.821706734896264,2.179688443424698,-4.0884873754922415,18.0,7.526377491207505,5.6975381008206325,8.393903868698708,0.010000000000000009,Q1 (lowest)
UBER,2025-05-14,PRE-BREAKOUT,90.56,90.41,-0.1656360424028331,False,70.52209853129943,93.44136489653032,1.4885268259513271,22.828953968204225,-1.2429132141299613,0.0,25.0,-0.4416961130742112,2.098056537102464,-2.087014134275619,1.5100000000000002,Q4
UBER,2025-09-15,PRE-BREAKOUT,97.33,98.85,1.5616973184013112,True,61.01277134524305,93.78540857184711,1.3500153959913794,9.945643762430302,-0.0938575451037682,-1.6311038161674225,37.0,0.5137162231583273,-2.702147333812797,2.116510839412311,1.21,Q3
UBER,2026-05-06,PRE-BREAKOUT,78.165,79.17,1.2857417002494664,True,60.266963843547344,90.06168227721635,1.5299603099783143,10.536374030304348,6.182316655243305,-27.122877122877117,6.0,-1.835860039659697,-2.577880125375808,-4.432930339666095,0.6100000000000001,Q2
UBER,2026-05-06,BREAKOUT,78.93,79.17,0.3040668947168312,True,61.84304230571853,97.3888672104918,2.732030624664161,10.536374030304348,6.182316655243305,-27.122877122877117,32.0,-2.787279868237682,-3.5221081971367045,-5.359179019384269,1.85,Q5 (highest)
UBER,2026-08-07,BREAKOUT,75.1,75.02,-0.1065246338215689,False,58.20739309747148,96.02783810003012,1.9229028226056,13.624213148022053,1.1636157230027069,-29.6003996003996,28.0,3.901464713715056,0.3462050599201133,1.1318242343542058,1.85,Q5 (highest)
V,2024-09-19,PRE-BREAKOUT,284.47,285.24,0.2706788062009989,True,60.45136949698845,65.50501160973371,1.7769536394655716,29.737435250593656,0.9047420965058086,-1.0563863355741474,,0.1054592751432328,-4.1093964214152825,-4.492565121102412,1.21,Q3
V,2024-10-30,PRE-BREAKOUT,291.405,290.16,-0.427240438564866,False,62.99066999265513,94.87897134325335,1.5124936961495807,18.539260969778045,3.710798921526884,-3.320071340375911,81.0,-0.5336215919424684,0.1527084298485098,5.488924349273351,1.21,Q3
V,2024-10-31,PRE-BREAKOUT,291.82,289.85,-0.6750736755534132,False,63.50590161994261,92.1862175601819,1.379181758314051,20.4230777403886,0.6651502619244382,-0.4801756070791526,9.0,-0.3700911520800439,0.5037351792200765,4.790624357480645,1.21,Q3
V,2024-12-20,PRE-BREAKOUT,317.25,317.71,0.1449960598896704,True,60.07572320594124,86.33579063697172,1.5146866951395972,26.32623099671881,-0.4160315040650414,-1.0744580584354433,2.0,-0.0094562647754051,1.1536643026004807,-0.6115051221434192,1.21,Q3
V,2025-02-28,PRE-BREAKOUT,356.91,362.71,1.6250595388192974,True,68.87431689004688,88.19506311667617,1.3601047236153692,45.11185480012219,-0.2895373025243238,-0.2775208140610571,39.0,1.375696954414269,-1.1851727326216743,-3.247317250847561,1.21,Q3
V,2025-05-15,PRE-BREAKOUT,362.43,362.3,-0.0358689953922124,False,69.19153848138909,93.51520224918892,1.3818022083092651,20.94488340481845,0.1206306457947615,-1.7231396983816274,42.0,0.7422122892696514,1.216786689843547,-1.230582457302094,1.21,Q3
V,2025-12-19,PRE-BREAKOUT,347.02,349.25,0.6426142585441814,True,62.72783744069395,85.2578288148035,1.263564188405765,24.840465797202203,0.0115603595271872,-7.312957059816242,35.0,1.4610108927439325,2.3399227710218446,2.1871938216817566,0.81,Q2
V,2026-01-05,PRE-BREAKOUT,355.96,353.8,-0.6068097539049242,False,63.85514787344077,76.50872161232344,1.2305148068774954,27.305894582765312,-0.5714615562225865,-7.187056333878006,2.0,0.4494887065962532,-1.0478705472524896,-3.5846724351050656,-0.39,Q1 (lowest)
VLO,2024-07-25,PRE-BREAKOUT,156.6424,157.0,0.228290679918075,True,60.06535845600015,83.21416373970213,1.2247608699689807,17.146862324124783,-1.0684047843031874,-18.850537106712466,16.0,1.5816918024749334,4.365101658299401,-0.122827535839607,-0.5900000000000001,Q1 (lowest)
VLO,2025-02-04,PRE-BREAKOUT,142.975,142.99,0.0104913446406817,True,62.23866284762427,81.9537351901506,1.269293222253089,26.79120367257021,1.6155088852988608,-25.74295217841757,25.0,-1.7030949466689995,-6.920790347962918,-4.255988809232389,-0.5900000000000001,Q1 (lowest)
VLO,2025-06-13,PRE-BREAKOUT,133.42,134.11,0.5171638435017435,True,60.49682435401035,78.71520231934306,1.3703367071247434,14.09397507961542,-1.1011235955056171,-18.33863469537557,2.0,3.252885624344179,4.497076900014991,2.728226652675772,-0.5900000000000001,Q1 (lowest)
VLO,2025-09-03,PRE-BREAKOUT,155.01,155.38,0.2386942777885327,True,74.33455445504364,93.2991701869873,1.4029563086974275,29.603333931840268,1.004666839512582,-0.3423551450164725,36.0,0.2451454744855141,1.516031223792028,2.25146764724857,1.5100000000000002,Q4
VLO,2025-09-09,PRE-BREAKOUT,160.08,161.83,1.0932033983008496,True,79.60243462462591,90.1365962859016,1.4262298979126815,36.66242788844068,0.7880020335536227,0.0,40.0,-0.987006496751632,-2.0989505247376394,1.5992003998000837,1.5100000000000002,Q4
VLO,2025-09-10,PRE-BREAKOUT,155.425,158.5,1.9784461959144208,True,63.43071835686461,73.4314157601801,1.4473436199447802,38.50004176882536,-0.3707594389173964,0.0,,1.3929548013511288,1.3800868586134674,5.304809393598182,1.21,Q3
VLO,2025-10-23,PRE-BREAKOUT,171.865,173.13,0.7360428243097701,True,63.75500951755599,90.09889958613762,1.379888937144392,20.98099390254925,1.161425835547041,-7.834652394237882,18.0,-0.474209408547405,-1.4691763884444218,-1.026968841823533,0.81,Q2
VLO,2025-10-23,BREAKOUT,173.265,173.13,-0.0779153320058816,False,64.9653163968686,95.43664240158512,1.983794289917815,20.98099390254925,1.161425835547041,-7.834652394237882,36.0,-1.2783885955039824,-2.265316134245222,-1.826681672582456,2.05,Q5 (highest)
VLO,2025-11-06,PRE-BREAKOUT,177.0,176.01,-0.5593220338983103,False,64.16038962957214,93.19998935186264,1.378742286023652,21.261122920128493,1.1108498883272688,-3.1258896543870693,28.0,-0.77966101694915,2.180790960451985,-0.6892655367231633,1.21,Q3
VLO,2026-01-06,PRE-BREAKOUT,178.075,178.27,0.1095044222939893,True,62.053450203418734,94.78399483956484,1.353762726668911,21.938566391314698,1.1795979398571168,-2.620935123766388,27.0,3.2486311947213395,4.046048013477475,2.0581215779868147,1.21,Q3
VLO,2026-01-09,PRE-BREAKOUT,183.03,185.28,1.2293066710375349,True,60.88834863973814,89.20799652957758,1.4137721087650394,26.25366559753263,0.0888563662973112,0.0,21.0,-1.86308255477244,1.901327651204715,0.2349341637982881,1.21,Q3
VLO,2026-01-29,PRE-BREAKOUT,187.75,182.49,-2.8015978695073187,False,60.538147233935085,69.56879987129247,1.374929846588134,34.15103893907981,4.211498750135855,-3.8155969057077055,,-3.366178428761647,2.407456724367516,3.403462050599194,1.21,Q3
VRTX,2025-11-04,PRE-BREAKOUT,425.24,421.67,-0.8395259147775358,False,61.05180647476085,76.29084810052751,1.520811121841144,32.23563866617551,-1.7488262910798094,-17.560088245539344,0.0,-1.9377292822876515,-3.708494026902451,0.9359420562505922,-0.5900000000000001,Q1 (lowest)
VRTX,2026-01-06,PRE-BREAKOUT,464.99,468.38,0.7290479365147609,True,61.89277358254965,90.5551762930647,1.3982170204028268,15.604232305442803,1.348039215686277,-12.644036125817498,37.0,4.120518720832699,-0.2430159788382536,-2.219402567797155,0.81,Q2
VRTX,2026-01-27,PRE-BREAKOUT,482.56,474.17,-1.738643899204241,False,64.73522504133754,94.83582497094936,1.449919594132134,16.73864894179488,-0.0083885580068709,-7.186234817813768,51.0,-0.9636107427055656,-2.623507957559687,-3.512516578249335,0.81,Q2
VRTX,2026-03-10,BREAKOUT,497.985,499.17,0.2379589746679121,True,59.52430698289032,95.90029991554692,1.894029681205456,18.528433920848947,4.639052227309218,-10.294690127686076,15.0,-1.1255359097161597,-5.75218129060113,-7.127724730664579,2.05,Q5 (highest)
VZ,2025-03-04,PRE-BREAKOUT,43.94,42.87,-2.43513882567137,False,74.32079229969908,86.29429398019322,1.4735457716201483,28.1182361731958,0.2963300661044052,-2.963946029639468,34.0,-2.503413746017284,4.8247610377788,-1.160673645880742,1.5100000000000002,Q4
VZ,2026-02-11,PRE-BREAKOUT,49.075,48.97,-0.2139582272032684,False,82.48579921672496,93.66830078323818,1.3975167670826905,40.63272150346063,-0.4431314623338274,0.0,39.0,0.7845134997452837,-0.2954661232806992,-0.8863983698420831,-0.4899999999999999,Q1 (lowest)
VZ,2026-02-12,PRE-BREAKOUT,50.2,49.46,-1.4741035856573743,False,84.44428953485547,94.45830141541104,1.3902763605182058,37.79771259802089,-0.1429446599959164,0.0,43.0,-2.370517928286862,-4.282868525896425,-1.892430278884468,-0.4899999999999999,Q1 (lowest)
WFC,2024-10-22,PRE-BREAKOUT,65.0,64.81,-0.2923076923076888,False,76.52640818156873,89.1212893076332,1.3673347393548432,31.17966132678676,0.0,-0.5591798695246962,34.0,-0.6769230769230734,-0.7230769230769213,0.4615384615384572,1.5100000000000002,Q4
WFC,2025-02-07,PRE-BREAKOUT,80.82,80.67,-0.1855976243503977,False,72.32845129402722,80.02206343023984,1.2854527312774344,34.92483533222333,-0.1842299189388426,0.0,38.0,-2.1281860925513474,-1.942588468200932,-1.0393466963622733,0.31000000000000005,Q2
WFC,2025-06-04,PRE-BREAKOUT,76.88,75.38,-1.9510926118626437,False,65.33618966119033,92.90680849182132,1.698069971758635,18.191363545947507,2.709847984137471,-7.086710881847207,0.0,-2.575442247658676,-0.5463059313215424,-2.536420395421421,0.81,Q2
WFC,2025-10-14,PRE-BREAKOUT,84.71,84.56,-0.1770747255341653,False,60.3483467806958,75.81688317814739,3.10571825460355,20.295051259966066,4.561581348200702,-7.327383748238605,0.0,2.0658717978987133,-1.688112383425797,0.0590249085114052,-0.39,Q1 (lowest)
WFC,2025-10-15,PRE-BREAKOUT,86.98,86.46,-0.5978385835824445,False,65.31564922117961,94.18670230720667,1.368111349512792,20.514719537306565,0.7154683065279138,-0.7045561296383211,35.0,-3.4260749597608693,-1.103702000459885,-3.5640377098183587,1.21,Q3
WFC,2026-06-18,PRE-BREAKOUT,83.735,82.2,-1.8331641488027663,False,62.28940268479079,79.10142139567094,1.3535549878987028,23.975012378200017,1.3363560434315769,-13.051146384479717,27.0,0.1253955932405851,0.6747477160088347,0.1492804681435481,-0.39,Q1 (lowest)
WFC,2026-07-14,PRE-BREAKOUT,88.06,85.29,-3.1455825573472587,False,65.00033138436379,91.8545469442132,1.420625149307418,27.77544486540223,-3.216607733546261,-9.046581595601202,14.0,-0.6245741539859154,-0.6245741539859154,-0.3633885986827247,0.81,Q2
WMT,2024-06-21,PRE-BREAKOUT,68.2491,67.91,-0.4968563688019358,False,69.31404163949374,94.36944033542046,1.5548044393536062,33.32864862432923,0.3675930010292603,-61.32719208461276,43.0,0.953712210124393,0.0599275301798964,-0.7899005261607916,0.6100000000000001,Q2
WMT,2024-07-25,PRE-BREAKOUT,70.305,70.02,-0.4053765735011888,False,60.10785371608863,65.25432694242286,1.525882977972743,37.304228516908,0.0,-59.85442965995679,,-0.7467463196074329,-1.585946945451972,-0.7325225801863318,0.6100000000000001,Q2
WMT,2024-09-20,PRE-BREAKOUT,78.815,79.06,0.3108545327666111,True,63.195447372416616,67.44552457719112,1.429257104693427,44.2564437816426,0.2434648898000996,-55.62379165245082,,1.9222229271077849,3.27983251919052,1.2243862208970415,0.6100000000000001,Q2
WMT,2024-11-06,PRE-BREAKOUT,83.83,83.44,-0.4652272456161285,False,65.23308849507544,93.84143432451076,1.4598212527561738,34.17278201895479,1.7447418738049638,-52.41669509837371,13.0,0.0238578074674889,0.4532983418823756,1.992126923535729,0.6100000000000001,Q2
WMT,2024-11-18,PRE-BREAKOUT,84.37,84.08,-0.3437240725376392,False,60.136323851718046,71.96385932807333,1.5526379855341483,43.83372459881569,0.6765578635014755,-52.09257363812123,,2.6431195922721225,4.764726798625099,6.080360317648448,0.6100000000000001,Q2
WMT,2025-05-16,PRE-BREAKOUT,98.665,98.24,-0.4307505194344614,False,61.32087087018439,80.02378838822557,1.3282135120758445,16.537402754967193,-0.2179553710430656,-8.28177058543551,2.0,-0.5523741955100611,-2.265240966908224,-2.3564587239649346,-0.39,Q1 (lowest)
WMT,2025-08-13,PRE-BREAKOUT,102.01,100.99,-0.9999019703950692,False,62.68068180884017,74.36873172310634,1.2992187873436505,30.99501827131998,-1.4186450492182965,-1.3612565445026108,,-1.1371434173120387,-1.2841878247230685,0.548965787667864,1.21,Q3
WMT,2025-11-21,BREAKOUT,105.445,105.32,-0.1185452131442932,False,56.80992999182897,95.3458249810071,2.250967249739762,22.173049282955905,0.8122490897208521,-1.7609832156287275,16.0,-1.3134809616387604,3.4662620323391358,5.770780975864202,2.4499999999999997,Q5 (highest)
WMT,2026-01-12,PRE-BREAKOUT,116.93,117.97,0.8894210211237424,True,64.73216423190432,93.84052540997664,1.395185542416214,15.4349319434514,2.59320701999476,-1.9350971829779988,12.0,2.9333789446677434,1.9413324211066412,1.522278286154098,1.21,Q3
WMT,2026-01-12,BREAKOUT,117.1,117.97,0.7429547395388596,True,65.10499194875268,95.6424538971846,1.857620175057406,15.4349319434514,2.59320701999476,-1.9350971829779988,20.0,2.7839453458582453,1.7933390264731075,1.374893253629376,2.4499999999999997,Q5 (highest)
WMT,2026-01-16,PRE-BREAKOUT,118.57,119.7,0.953023530403989,True,63.84484518897043,84.69992970177339,1.406424044491518,20.980210522178933,-0.4446308724832224,-0.9637753406447296,32.0,0.1180737117314671,-0.6241039048663194,-0.7843467993590222,0.010000000000000009,Q1 (lowest)
XLE,2024-07-31,PRE-BREAKOUT,93.705,93.21,-0.5282535617096255,False,60.779843364335726,91.94409370516216,1.0505266308944106,14.574128767041412,1.357466063348422,-5.362969004893969,31.0,-3.164185475695004,-7.742383010511708,-6.803265567472387,0.81,Q2
XLE,2024-10-01,BREAKOUT,89.89,89.8,-0.1001223717877443,False,56.904829371775605,95.36282744721272,2.2486493872426982,13.582013874957724,-0.8997722095671892,-10.481239804241437,63.0,0.9233507620424944,3.6600289242407458,1.3127155412170348,2.05,Q5 (highest)
XLE,2024-11-06,PRE-BREAKOUT,92.66,93.56,0.971292898769702,True,62.81052900305316,92.93032417015566,1.1535711071919108,9.680319625332588,2.75036043029833,-8.064845024469818,13.0,0.5072307360241732,1.7483272177854572,1.9965465141377168,0.81,Q2
XLE,2024-11-13,PRE-BREAKOUT,94.03,94.51,0.5104753801978135,True,64.52032688335281,88.72065019003347,1.1512915982097678,18.88391248601981,0.2985711239070176,-4.38417618270799,42.0,0.8933319153461696,2.084441135807714,2.4566627672019594,1.21,Q3
XLE,2024-11-15,PRE-BREAKOUT,94.865,94.73,-0.1423074895904611,False,67.10571068563434,86.88316779040782,1.146831116451613,20.980773912180343,-0.0948666596395102,-3.272838499184333,39.0,1.1858957465872555,1.5548410899699665,2.5351815738154238,1.21,Q3
XLE,2024-11-21,PRE-BREAKOUT,97.53,97.12,-0.4203834717522778,False,72.4019964421521,90.94041513807578,1.1498086605402695,26.037753319826184,0.4567157982146541,-1.7740619902120665,43.0,-0.2665846406234031,-2.368501999384807,-2.0506510817184456,1.5100000000000002,Q4
XLE,2024-11-25,PRE-BREAKOUT,96.05,95.35,-0.7287870900572648,False,63.60424921407983,73.10748316128446,1.175092915541992,29.553074720822373,-0.0205613241492711,-0.825856443719415,,-0.8641332639250373,-0.5413846954711047,-1.6033315981259677,1.21,Q3
XLE,2025-01-13,BREAKOUT,90.08,90.25,0.1887211367673198,True,60.40789835322023,95.09810145828968,1.650195485774444,31.38694212136269,0.4525398800769382,-9.87969004893964,57.0,1.2655417406749565,3.5079928952042594,3.774422735346365,1.35,Q4
XLE,2025-01-21,PRE-BREAKOUT,93.3,93.48,0.1929260450160844,True,68.30881836564555,90.2984230801644,1.1644287881527289,32.65365816553005,-0.2554278416347327,-4.200652528548129,24.0,-1.6291532690246475,-2.132904608788848,-4.072883172561626,1.21,Q3
XLE,2025-01-22,PRE-BREAKOUT,93.02,91.78,-1.3330466566329766,False,66.37366233026637,84.3036909502064,1.1594193127017312,33.58453617010219,-0.3102267864783977,-4.690048939641104,39.0,-0.881530853579868,-2.8596000860030064,-3.569124919372171,0.010000000000000009,Q1 (lowest)
XLE,2025-01-23,PRE-BREAKOUT,92.0,92.2,0.2173913043478291,True,60.081664549713295,75.38835241142364,1.2587309676475018,33.190852106390125,0.7626933972543068,-6.423327895595429,1.0,-0.7499999999999976,-2.717391304347826,-2.000000000000004,-0.39,Q1 (lowest)
XLE,2025-06-11,PRE-BREAKOUT,85.92,86.29,0.4306331471135993,True,60.97073571151726,94.71229810665471,1.351629321710217,15.585053589554269,0.6818716200329159,-12.552688393132511,112.0,0.7797951582867804,2.234636871508381,2.5139664804469235,0.81,Q2
XLE,2025-06-18,PRE-BREAKOUT,88.45,88.08,-0.4183154324477157,False,66.74940697012724,93.26369274350672,1.3850461826487963,25.459253376025693,0.3609293931874661,-8.851650046262979,1.0,0.5992085924251002,-4.002261164499724,-3.0525720746184315,0.81,Q2
XLE,2025-06-20,PRE-BREAKOUT,88.77,88.98,0.236566407570134,True,66.75020775633598,91.28693767492346,1.4069566989476323,27.332928165471323,0.3973660308810269,-9.44792844659196,34.0,-3.0866283654387687,-4.765123352483936,-3.9089782584206367,0.81,Q2
XLE,2025-06-23,PRE-BREAKOUT,88.085,86.03,-2.332973832093992,False,62.44173481166026,81.02497513463722,1.41820960508077,29.07276904138513,0.4383007417397174,-8.52266885987457,15.0,-3.6044729522620167,-2.650848612135998,-3.717999659419869,-0.39,Q1 (lowest)
XLE,2025-09-03,PRE-BREAKOUT,89.115,88.49,-0.7013409639230208,False,60.20358270364422,77.31276316830342,1.491348923256167,21.094280781463706,-0.7954043305346872,-6.939446900380385,2.0,-0.0392750939796853,-2.193794535151208,-0.005610727711379,-0.39,Q1 (lowest)
XLE,2025-09-16,PRE-BREAKOUT,89.9,89.78,-0.1334816462736424,False,60.315053648115445,77.49926387007682,1.516153246703914,15.997884125131428,0.4416761041902611,-9.221753880949931,3.0,0.100111234705216,-1.5350389321468405,-0.8008898776418228,-0.39,Q1 (lowest)
XLE,2025-11-12,PRE-BREAKOUT,90.65,90.25,-0.4412575841147332,False,60.58357158164021,92.73708878654844,1.326774810230062,13.942059548115015,-0.6773735387304758,-5.901100030841981,29.0,-0.1875344732487608,-0.3419746276889158,-0.8494208494208606,0.81,Q2
XLE,2025-11-17,PRE-BREAKOUT,91.38,90.34,-1.1381046180783454,False,61.11602212896352,90.27038907749686,1.367066670468439,17.003667938162913,-0.1195392306020424,-5.397347589184744,39.0,-0.3501860363317938,-2.757715036112931,-2.418472313416496,0.81,Q2
XLE,2026-01-05,BREAKOUT,46.5,46.89,0.838709677419356,True,25.53829035596989,97.87644557744488,5.979156230603371,63.01896682241606,3.307776560788605,-51.50324019972379,26.0,-1.8494623655913969,0.1075268817204239,-0.344086021505369,1.15,Q3
XLE,2026-02-19,PRE-BREAKOUT,55.475,55.18,-0.5317710680486736,False,64.90194333011883,89.18400814145036,1.5141705673820969,29.19195884216426,1.241328952172325,-41.80388823966854,28.0,-1.0725552050473164,-0.67598017124831,-0.7661108607480924,0.6100000000000001,Q2
XLE,2026-03-02,PRE-BREAKOUT,56.815,57.04,0.396022177241928,True,69.3417417883771,94.63482416064372,1.513150881382756,28.642134326131767,3.308297567954223,-40.5927971953681,7.0,-0.5192290768282929,-0.5896330194490906,-0.8712487899322318,0.6100000000000001,Q2
XLE,2026-03-02,BREAKOUT,56.845,57.04,0.3430380860233974,True,69.4467687176631,95.0239787322406,2.417629219162181,28.642134326131767,3.308297567954223,-40.5927971953681,20.0,-0.5717301433723208,-0.642096930248926,-0.9235640777552968,1.85,Q5 (highest)
XLE,2026-03-03,PRE-BREAKOUT,56.445,56.52,0.1328727079457929,True,65.4291131788884,88.38948650599576,1.580170766323758,29.70515765295132,0.6048387096774174,-39.40295336237119,9.0,-0.4517672070156834,0.2214545132429799,-1.497032509522542,0.6100000000000001,Q2
XLE,2026-03-03,BREAKOUT,56.97,56.52,-0.789889415481825,False,69.52681866106494,96.32962451548292,2.6708496068440337,29.70515765295132,0.6048387096774174,-39.40295336237119,29.0,-1.369141653501845,-0.7021239248727376,-2.4047744426891304,1.85,Q5 (highest)
XLE,2026-03-04,PRE-BREAKOUT,56.045,56.19,0.2587206708894567,True,62.37247139464036,79.04008619574111,1.6466440341165958,30.42533802356964,-0.8138711960368026,-39.95538085626261,15.0,0.7761620126683829,0.4906771344455323,1.6683022571148096,-0.5900000000000001,Q1 (lowest)
XLE,2026-03-05,PRE-BREAKOUT,56.44,56.48,0.0708717221828475,True,64.55111289456323,83.62254584107785,1.6366251241577314,30.249516727699813,0.605089873643003,-40.30595984277063,39.0,0.2303330970942639,-1.4883061658398236,1.8958185683912123,-0.5900000000000001,Q1 (lowest)
XLE,2026-05-18,PRE-BREAKOUT,60.195,60.58,0.6395880056483063,True,61.940519666014026,94.37960305957505,1.3332502284653234,13.516658000208963,-0.5299461641991887,-35.54543482975493,27.0,1.8190879641166189,-1.769249937702463,-3.895672398039703,0.6100000000000001,Q2
XLE,2026-05-20,PRE-BREAKOUT,60.52,59.8,-1.1896893588896331,False,61.01534361941044,86.02373022290146,1.3402954900735735,15.272248825497362,-0.7831620166421878,-33.53936239427456,21.0,-2.29676140118969,-4.411764705882355,-5.8988764044943816,0.6100000000000001,Q2
XLE,2026-07-24,PRE-BREAKOUT,59.89,59.62,-0.4508265152780148,False,70.35150565183767,93.34650062289164,1.25719790317225,22.430989668194456,0.0336813742000606,-35.61049663847321,36.0,-2.55468358657539,-2.0704625146101217,-0.5677074636834253,0.9100000000000001,Q3
XLE,2026-07-27,PRE-BREAKOUT,58.68,58.36,-0.5453306066803004,False,61.54318333573723,77.44525764931174,1.2106418976157522,23.892053851381625,-2.029520295202954,-35.35024940360009,31.0,-1.891615541922289,0.4771642808452643,0.1874573960463521,-0.5900000000000001,Q1 (lowest)
XLE,2026-07-29,PRE-BREAKOUT,58.96,58.65,-0.5257801899592983,False,60.63988397224372,77.08382486832436,1.2099002887862542,22.80897189109474,2.6228938683341982,-37.57319453480807,28.0,0.0,-0.2883310719131643,-2.798507462686565,-0.5900000000000001,Q1 (lowest)
XLF,2024-06-24,BREAKOUT,41.77,41.59,-0.4309312903998077,False,57.91610470253969,95.48296534059646,1.60183527578975,12.430793448234422,0.0241954996370798,-2.7300541303836283,34.0,-1.173090734977261,-1.9152501795547143,-1.3646157529327274,2.4499999999999997,Q5 (highest)
XLF,2024-07-18,PRE-BREAKOUT,43.435,43.29,-0.3338321630021943,False,70.39947099032116,94.91595548586078,1.1611943556526922,27.689306864519946,-0.3423094477407544,0.0,0.0,-1.3468401059053776,-0.6101070565212399,-1.6000920916311736,1.5100000000000002,Q4
XLF,2024-07-19,PRE-BREAKOUT,42.94,42.85,-0.2095947834187152,False,61.87505696986233,78.04271350007362,1.1407250371805389,30.333307650124794,-0.046200046200037,-1.2094933820173464,41.0,0.3493246390312196,-0.8383791336748939,1.0945505356311105,0.010000000000000009,Q1 (lowest)
XLF,2024-07-25,PRE-BREAKOUT,43.225,42.74,-1.1220358588779626,False,61.098369556785606,76.34828998340238,1.1379829108169783,33.17884886370084,0.1878816345702167,-2.829758101323601,4.0,0.4279930595719957,1.4459224985540773,-0.2429149797570942,0.010000000000000009,Q1 (lowest)
XLF,2024-08-23,PRE-BREAKOUT,44.505,44.43,-0.1685203909673134,False,66.12815669627582,88.05579211801896,1.1776162292670111,22.141131775540472,0.2951191827468843,0.0,37.0,0.1460510055049943,0.9100101112234446,2.774969104594988,1.21,Q3
XLF,2024-09-03,PRE-BREAKOUT,45.455,45.4,-0.1209987900120992,False,69.85826392203468,85.33074113141046,1.1967266631192777,28.84180503364056,-0.5247048535198994,0.0,25.0,-0.0109998900010899,-2.5629743702562955,-2.1229787702122898,1.21,Q3
XLF,2024-09-05,PRE-BREAKOUT,44.92,44.95,0.0667853962600203,True,61.21077926858627,69.96790026812724,1.155639740174757,31.937810642642063,0.418041804180413,-0.6340183646698713,,-1.4024933214603796,-0.957257346393588,-1.2021371326803187,1.21,Q3
XLF,2024-09-09,PRE-BREAKOUT,45.075,44.95,-0.2773155851358846,False,60.16776673726441,70.82925831234942,1.4578196034784294,30.720480883983445,0.948295326258753,-3.170091823349372,,-1.2978369384359418,-1.5418746533555192,0.0332778702163074,1.21,Q3
XLF,2024-09-19,PRE-BREAKOUT,45.6,45.69,0.1973684210526234,True,63.3105696295202,87.09151467166777,1.1798294812110135,21.70260991503376,1.017924319539723,-1.2024486226497688,27.0,0.1315789473684104,-1.1842105263157876,-1.2719298245613997,1.21,Q3
XLF,2024-10-22,PRE-BREAKOUT,47.11,47.15,0.0849076629165764,True,64.32986699109577,77.64876855324734,1.192269519172192,24.41258561346312,-0.508044030482646,-0.7979840403191841,9.0,0.0,-1.018891954998932,-0.4033113988537417,0.010000000000000009,Q1 (lowest)
XLF,2024-11-22,PRE-BREAKOUT,50.635,50.73,0.1876172607879902,True,70.0453986739654,83.12764746192379,1.1993255138724304,32.649092577891736,-0.0597966912497531,0.0,32.0,0.8393403772094487,1.2343240841315295,0.3851091142490378,0.31000000000000005,Q2
XLF,2024-11-25,PRE-BREAKOUT,51.03,51.06,0.0587889476778387,True,72.09353683409697,85.35652085070524,1.2012059581228969,33.59416053049047,0.5519416518825175,0.0,30.0,0.2547521066039495,0.6074857926709822,-1.1365863217715035,1.5100000000000002,Q4
XLF,2024-12-02,PRE-BREAKOUT,50.81,50.83,0.0393623302499429,True,65.93618350850835,70.28890011989397,1.2224845763215304,38.09448516658252,0.1558239189715587,0.0,,-0.7085219444991132,-0.787246604999027,-2.164928163747297,1.21,Q3
XLF,2025-01-22,PRE-BREAKOUT,50.34,50.41,0.1390544298768239,True,61.60462265031244,94.47099786033388,1.2178183235160602,24.11055095640793,0.0,-1.3439813011297328,40.0,0.7151370679380203,2.1255462852602167,1.8673023440603849,1.21,Q3
XLF,2025-01-27,PRE-BREAKOUT,50.8482,51.41,1.1048572024181742,True,65.29098906382791,88.65358327852407,1.1981307931242302,23.937298033781374,-0.1769911504424845,-0.954421503700822,20.0,0.9278597865804528,1.812846865769102,0.8098615093552957,1.21,Q3
XLF,2025-01-30,PRE-BREAKOUT,51.69,51.77,0.1547688140839725,True,69.82055771741494,88.43698957126871,1.1958034464039828,26.21537040000619,0.9165366614664564,-0.2528690916164082,30.0,-0.4256142387308935,-1.0640355968272337,0.8125362739408042,1.21,Q3
XLF,2025-02-03,PRE-BREAKOUT,51.01,51.26,0.4900999803960008,True,60.06144000691495,70.41571102663283,2.41275672575311,28.358489815207363,-1.398873129978626,-0.5794861889125058,,0.2548519898059254,2.1564399137424064,0.7841599686335986,1.21,Q3
XLF,2025-02-07,PRE-BREAKOUT,52.0301,51.82,-0.403804720728957,False,67.65869383643627,77.37418415298852,1.2117318470120164,25.559980525077115,0.1151410477835392,0.0,14.0,-1.1918101252928608,-1.2879083453616234,-0.4422440087564702,0.010000000000000009,Q1 (lowest)
XLF,2025-03-03,PRE-BREAKOUT,52.3899,51.74,-1.240506280790754,False,63.42577831817233,93.79683033033037,1.2659149087574086,16.492555848987095,0.2683020314296676,-0.0191607587660433,32.0,-4.714458321164949,-5.745191344133115,-8.341111550127017,1.21,Q3
XLF,2025-07-08,PRE-BREAKOUT,52.39,52.21,-0.3435770185149832,False,60.54373748488235,75.10323408797814,1.337967158210081,17.31321115936407,-0.2277904328018174,-0.9588268471517166,1.0,0.0190876121397175,-0.439015079213598,-1.4124832983393816,0.010000000000000009,Q1 (lowest)
XLF,2025-08-29,PRE-BREAKOUT,53.995,53.99,-0.0092601166774617,False,64.50343004141482,91.80745292524816,1.317840520152846,19.40850707360229,0.0928505106778034,0.0,41.0,-0.75006945087507,0.1203815168071207,-1.6390406519122107,1.21,Q3
XLF,2025-09-18,PRE-BREAKOUT,54.255,54.13,-0.2303935121186987,False,60.6187255032545,91.5895000381364,1.26563311889331,17.499406689259647,0.0554733727810671,0.0,38.0,-0.0092157404847526,-0.9123583079900552,-1.4468712561054349,1.21,Q3
XLF,2025-09-19,PRE-BREAKOUT,54.21,54.25,0.0737871241468348,True,60.277562259157904,88.94936434542258,1.408381065756667,18.21623825036255,0.2401625715869119,0.0,16.0,-0.3873824017708925,-1.1068068622025482,-0.6456373362848209,1.21,Q3
XLF,2025-12-12,PRE-BREAKOUT,54.79,54.95,0.2920240919875957,True,66.51651574477026,94.94135302014185,1.7305608720397003,20.15644690419225,0.5285219609987227,0.0,0.0,0.3650301149844914,-0.2920240919875828,0.0912575287461293,1.21,Q3
XLF,2026-01-06,PRE-BREAKOUT,56.1846,56.4,0.383379075404996,True,68.46458484038142,92.04406292858916,1.295995628568496,27.584235449143968,-0.1692499554605486,0.0,28.0,-1.0227001705093637,-0.8091185129021232,-3.4788892329926817,1.21,Q3
XLF,2026-01-07,PRE-BREAKOUT,55.715,55.61,-0.1884591223189517,False,60.53670672880606,73.44947455254027,1.278944704757241,27.983910491899,-0.3014184397163151,0.0,,0.3320470250381318,-0.7628107331957359,-2.8089383469442786,1.21,Q3
XLF,2026-01-08,PRE-BREAKOUT,56.1332,55.9,-0.4154404167230865,False,63.279946653165496,88.83870870706299,1.2897876191414026,27.43702870859904,-0.2877180363243959,-1.4007092198581546,38.0,-0.7182914923788513,-3.3905068658120423,-3.141100097624943,1.21,Q3
XLF,2026-05-01,PRE-BREAKOUT,52.355,51.92,-0.8308662018909276,False,61.571325764389805,72.8220818824962,1.1978042709959589,20.90050376380106,0.5179359294072434,-7.570921985815596,,-1.4802788654378731,-0.9836691815490276,-2.129691528984805,0.81,Q2
XLF,2026-06-04,BREAKOUT,52.065,52.19,0.2400845097474311,True,56.267930889733314,98.46609210357366,1.720140654056677,9.451259955987018,1.317082759976414,-9.804964539007091,27.0,0.4513588783251694,0.7586670508018883,1.0659752232785935,2.05,Q5 (highest)
XLF,2026-07-08,PRE-BREAKOUT,55.045,54.97,-0.1362521573258295,False,61.962487768297294,75.35094452339061,1.204023913168276,32.87706183777235,-0.4638715432649385,-0.6205673758865273,0.0,0.8992642383504359,1.862112816786263,2.752293577981652,0.010000000000000009,Q1 (lowest)
XLF,2026-07-14,PRE-BREAKOUT,56.475,56.18,-0.5223550243470593,False,70.09204012804003,93.84724240517356,1.5391741852986798,33.22143345517582,-0.8382379168896001,-0.5851063829787204,35.0,0.1505090748118651,-0.3806994245241317,-0.6463036741921239,1.5100000000000002,Q4
XLF,2026-07-15,PRE-BREAKOUT,56.715,56.56,-0.2732963060918648,False,71.46234591698021,94.37526935300724,1.213602733128185,34.033164105094585,0.213599145603413,-0.3900709219858136,32.0,0.0617120691175114,-1.1901613329807004,-1.1725293132328418,1.5100000000000002,Q4
XLF,2026-07-15,BREAKOUT,56.75,56.56,-0.3348017621145334,False,71.63656599835133,95.00530131988394,1.588907251814793,34.033164105094585,0.213599145603413,-0.3900709219858136,48.0,0.0,-1.2511013215859046,-1.233480176211459,2.05,Q5 (highest)
XLF,2026-07-17,PRE-BREAKOUT,56.58,56.26,-0.5655708731000358,False,69.33048745980975,82.7364831760177,1.218643733715368,35.529651809094304,-0.5638766519823794,0.0,39.0,-0.954400848356308,-0.9367267585719355,-0.4772004241781478,0.010000000000000009,Q1 (lowest)
XLF,2026-07-29,PRE-BREAKOUT,57.13,56.68,-0.7876772273761646,False,65.74181092497656,88.58644828667074,1.1861140695264254,32.264145290307034,-0.5381944444444483,0.0,32.0,-0.2275511990197839,0.437598459653422,1.522842639593904,1.21,Q3
XLF,2026-08-14,PRE-BREAKOUT,58.15,58.16,0.0171969045571762,True,66.92884776395023,80.44251536210135,1.1697484303133605,31.263391903220672,-0.0686577411603143,0.0,30.0,-0.9802235597592438,-1.1521926053310434,-1.1521926053310434,0.010000000000000009,Q1 (lowest)
XLF,2026-08-17,PRE-BREAKOUT,57.74,57.58,-0.2771042604780112,False,60.42621837366112,65.29310409174012,1.29985692993672,31.558023789752124,-0.3438789546079707,-0.171644352900792,,0.1731901627987555,-1.3682022861101473,0.8313127814340092,1.21,Q3
XLF,2026-08-18,PRE-BREAKOUT,57.805,57.84,0.0605483954675265,True,60.4091190722352,65.91762711180952,1.2318268494150737,30.624905535822965,0.2605071205279586,-1.1671815997253687,,-0.5622351007698345,-0.5622351007698345,,1.21,Q3
XLF,2026-08-19,PRE-BREAKOUT,58.02,57.48,-0.9307135470527512,False,62.41014961042587,71.81067329428149,1.1916743657583635,29.75843858574589,0.0691562932226817,-0.7209062821833069,,-1.8441916580489488,0.3447087211306372,,1.21,Q3
XLI,2024-07-18,PRE-BREAKOUT,126.67,125.56,-0.8762927291387064,False,64.08768677138559,94.26786437316213,1.209955420907452,15.726433524747703,-0.0079020150138213,-1.2793509634136833,43.0,-1.421015236441144,-0.6078787400331538,-1.9657377437435817,1.21,Q3
XLI,2024-07-23,PRE-BREAKOUT,126.1401,125.9,-0.1903439112542309,False,60.02507022449824,81.37904400324092,1.1452655234567826,17.86930344258665,-0.4994450610432816,-1.5991887042671011,26.0,-2.338748740487764,0.1267638126178695,0.2456792090699142,0.010000000000000009,Q1 (lowest)
XLI,2024-07-31,PRE-BREAKOUT,128.275,127.86,-0.3235236795946258,False,63.49492973232406,91.54005798392367,1.1655803012924673,16.697754093327045,1.162514827995254,-1.357360168499879,41.0,-2.1711167413759584,-5.983239134671613,-5.312804521535773,1.21,Q3
XLI,2024-09-13,PRE-BREAKOUT,130.42,130.57,0.1150130348106162,True,60.98368777334626,87.68764048053428,1.1852273316366315,17.116352433143334,0.4332353396255627,-1.6735128556214949,22.0,0.6287379236313615,1.0964575985278386,2.116239840515273,1.21,Q3
XLI,2024-09-16,PRE-BREAKOUT,130.64,131.24,0.4592774035517627,True,61.61781126134039,87.1888620876683,1.1893813928046455,16.359507644537324,0.4365474458145004,-0.6770120188650652,33.0,1.010410287813856,2.663808940600137,2.2963870177587267,1.21,Q3
XLI,2024-09-23,PRE-BREAKOUT,133.545,133.64,0.0711370699015304,True,66.67545866690912,91.39029682596372,1.3497480184057162,18.251170471453364,0.0600690794413456,-0.7008648971070666,47.0,0.7899958815380634,0.8199483320229128,1.4189973417200272,1.21,Q3
XLI,2024-09-24,PRE-BREAKOUT,134.22,134.6,0.283117270153476,True,68.40791852152415,92.53753742908329,1.1832645412244451,18.847682533881425,0.2768632146064087,-0.3578884580972399,48.0,-0.1862613619430785,0.4544777231411218,0.9611086276262794,1.21,Q3
XLI,2024-10-01,PRE-BREAKOUT,135.01,135.51,0.3703429375601808,True,67.24418120676182,79.24520299132332,1.2036935281276588,23.67960373044725,-0.0516834022445312,0.0,23.0,0.1851714687800904,0.3703429375601808,0.348122361306569,0.010000000000000009,Q1 (lowest)
XLI,2024-10-03,PRE-BREAKOUT,134.53,134.57,0.0297331450234089,True,63.60911494767222,69.77996265222369,1.183506958659183,25.165681505008887,-0.2883335797722803,-0.1844882296509482,,0.7284620530736563,0.7061621943060943,1.085259793354648,1.21,Q3
XLI,2024-11-06,PRE-BREAKOUT,139.21,141.43,1.594713023489691,True,64.54223989578539,81.58848787999261,1.2771531661299915,24.091303094484317,3.3578251285819203,-2.276154232785249,6.0,0.9841247036850832,2.858990015085116,2.190934559298889,0.010000000000000009,Q1 (lowest)
XLI,2024-11-06,BREAKOUT,140.51,141.43,0.654757668493357,True,67.69881498742058,95.59006644896148,3.3419684487175814,24.091303094484317,3.3578251285819203,-2.276154232785249,36.0,0.0498185182549438,1.907337556045838,1.245462956373212,2.4499999999999997,Q5 (highest)
XLI,2024-11-07,PRE-BREAKOUT,140.9,140.58,-0.2271114265436431,False,67.14435340673522,91.60144993246368,1.2464982623841134,25.12771616006428,0.2828254260058019,0.0,32.0,0.8445706174591892,0.7523066004258355,-0.7381121362668502,1.21,Q3
XLI,2025-05-22,PRE-BREAKOUT,140.84,141.29,0.3195115024140788,True,62.47703384271732,69.29052370509883,1.3729147274285856,27.20922674738713,-0.1839796207189293,-2.044777153947471,,-0.0071002556091954,1.2496449872195334,1.405850610621975,1.21,Q3
XLI,2025-05-23,PRE-BREAKOUT,140.63,140.83,0.1422171656119014,True,61.66381672852625,66.11753131642307,1.3719612259019835,27.113351947845292,-1.132422676764098,-2.0655714978859208,,1.9057100191993224,1.4932802389248343,1.4292825143994816,1.21,Q3
XLI,2025-05-27,PRE-BREAKOUT,142.83,143.31,0.3360638521318979,True,66.28040506176947,75.49417705718801,1.406516662935852,26.556177283129383,1.1787261236952329,-2.3844181049421205,2.0,-0.1610305958132172,-0.0070013302527615,0.6371210530000676,0.010000000000000009,Q1 (lowest)
XLI,2025-05-28,PRE-BREAKOUT,142.86,142.6,-0.181996360072812,False,65.48576458311629,73.4092168857526,1.362536886117874,26.702849288411308,0.153513362640429,-0.6654190060303652,,-0.0909981800364159,-0.1539969200616178,0.6719865602687802,1.21,Q3
XLI,2025-05-29,PRE-BREAKOUT,142.435,142.73,0.2071120160072928,True,63.98183932867463,69.17962528021029,1.3670191803416312,26.947202143016444,0.4137447405329617,-1.1575518125736577,,0.2702987327552855,0.9162073928458644,0.9021659002351924,1.21,Q3
XLI,2025-05-30,PRE-BREAKOUT,142.545,142.82,0.1929215335508125,True,64.1213696670579,67.91238041882279,1.3674187409044212,26.797397144351,-0.0980872976949389,-1.067442988840383,,0.0666456206811876,0.8944543828264799,1.6731558455224802,1.21,Q3
XLI,2025-06-02,PRE-BREAKOUT,142.47,142.64,0.1193233663227258,True,63.58321836018078,65.29544002261134,1.465389504253404,26.56697317688337,-0.1330345889931366,-1.0050599570250345,,0.8914157366463187,0.8773776935495192,1.6354320207763124,1.21,Q3
XLI,2025-06-03,PRE-BREAKOUT,143.28,143.74,0.3210496929089949,True,65.8022773532507,69.2207687097632,1.3753877671476071,25.9357010898292,-0.0210319685922411,-1.1298260206557311,,0.3768844221105472,1.1515912897822485,0.621161362367383,1.21,Q3
XLI,2025-06-05,PRE-BREAKOUT,143.65,143.72,0.0487295509919896,True,66.16396840664736,69.9157160403656,1.369328364113791,25.91197898450198,0.3128911138923773,-0.3119151590767429,,0.8910546467107561,0.3619909502262317,0.1461886529759888,1.21,Q3
XLI,2025-06-06,PRE-BREAKOUT,144.59,144.93,0.2351476588975747,True,68.6759418993832,80.41830956215249,1.3642443385397458,25.631016702007194,0.890620651266352,-0.3812296388715681,37.0,0.1452382599073296,-0.2420637665122029,-1.3417248772390882,0.010000000000000009,Q1 (lowest)
XLI,2025-06-10,PRE-BREAKOUT,143.91,144.17,0.1806684733513938,True,64.00146417302537,69.50122856539433,1.3524056281771646,26.01831219270414,0.1933701657458571,-0.0896984751259197,,0.2293099854075551,-0.8755472170106254,-0.9450350913765444,1.21,Q3
XLI,2025-06-11,PRE-BREAKOUT,144.34,144.24,-0.0692808646251866,False,65.81529148331559,74.9095047053529,1.368441289662457,25.456264413941188,0.0901713255185016,-0.5243910853515623,,-0.3325481502009074,-0.4918941388388582,-1.475682416516555,1.21,Q3
XLI,2025-06-12,PRE-BREAKOUT,143.935,143.86,-0.0521068537881603,False,63.749812710572506,65.2546748195883,1.624475983383523,24.571563535640777,-0.7764836383804801,-0.476091906437589,,-0.8927640949039473,-0.9622398999548344,-1.0872963490464431,1.21,Q3
XLI,2025-06-16,PRE-BREAKOUT,144.22,143.63,-0.4090972125918758,False,62.23838401465504,70.70972112464007,1.3472793289013234,22.502074761370945,0.5958640028040618,-1.573173256054648,,-1.1579531271668198,-1.2827624462626503,0.5824434891138562,1.21,Q3
XLI,2025-06-24,PRE-BREAKOUT,144.5,145.06,0.3875432525951573,True,62.17938629344484,81.85613536797098,1.344441978611963,16.92645428884693,0.535242596969263,-0.7382874491133604,6.0,-0.4982698961937708,1.5847750865051846,2.4290657439446304,0.010000000000000009,Q1 (lowest)
XLI,2025-07-08,PRE-BREAKOUT,148.785,148.86,0.0504083072890527,True,69.06446028741499,87.19151178842166,1.3448217750164098,18.96593731666702,0.0067159167226265,-0.3480123142818778,38.0,0.7494035016970858,0.9510367308532393,0.7359612864200012,1.21,Q3
XLI,2025-07-16,PRE-BREAKOUT,148.92,150.41,1.0005372011818487,True,60.36043207378241,65.1224725582439,1.4703904737980944,25.28614583353188,0.2802241793434853,-0.7482948149129167,,1.9339242546333764,1.1684125705076611,3.2299221058286345,1.21,Q3
XLI,2025-07-17,PRE-BREAKOUT,151.045,151.8,0.4998510377702168,True,69.20449669464382,79.55662800302528,1.3711035858880332,24.97149889105545,0.3789641646167098,-0.3973246804847324,22.0,0.2747525571849584,-0.0165513588665478,1.6054818100566133,0.010000000000000009,Q1 (lowest)
XLI,2025-07-18,PRE-BREAKOUT,151.61,151.46,-0.0989380647714568,False,69.95604077633399,81.42541874800737,1.3472929032556336,25.42975165218356,0.3096179183135697,0.0,43.0,-0.6266077435525473,1.3983246487698542,2.2294043928500726,0.010000000000000009,Q1 (lowest)
XLI,2025-07-22,PRE-BREAKOUT,150.22,151.02,0.5325522566901953,True,61.60832442217238,65.0589179131735,1.3462132828791251,26.50637307620165,-0.3517854772335066,-0.7509881422924999,,2.3365730262281925,3.175342830515252,1.6841965117827191,1.21,Q3
XLI,2025-07-23,PRE-BREAKOUT,152.7,153.73,0.6745252128356263,True,70.28270504144534,88.8937280537704,1.3456274420904923,26.088344939161445,0.834326579261019,-0.5138339920948624,22.0,0.5042567125081927,1.1853307138179452,-0.4584151931892525,1.5100000000000002,Q4
XLI,2025-07-23,BREAKOUT,153.44,153.73,0.1889989572471272,True,72.03401444369169,95.68176670267646,1.822440755416648,26.088344939161445,0.834326579261019,-0.5138339920948624,51.0,0.0195516162669454,0.6973409801876911,-0.9384775808133458,2.7499999999999996,Q5 (highest)
XLI,2025-07-29,PRE-BREAKOUT,152.86,152.75,-0.0719612717519387,False,62.67055856011356,73.51740644086972,1.3557989976635942,30.06751341337588,0.0258882920199472,-0.3096973998322589,,-0.5626063064241879,-2.0410833442365592,-1.3410964281041549,1.21,Q3
XLI,2025-07-30,PRE-BREAKOUT,152.44,152.0,-0.2886381527158211,False,60.6266838616593,66.35831521527254,1.4162178512945505,29.481707721730377,-0.1374795417348661,-1.4452545325504929,,-0.2820781946995584,-0.8659144581474635,-0.9905536604565672,1.21,Q3
XLI,2025-07-31,PRE-BREAKOUT,152.53,152.01,-0.3409165410083329,False,60.31875469209155,66.03354703059617,1.3354652595835728,28.24987616636786,-0.3223684210526376,-1.9291567197883792,,-1.8291483642562067,-1.127647020258309,-1.1932078935291373,1.21,Q3
XLI,2026-01-08,PRE-BREAKOUT,160.655,160.17,-0.3018891413276983,False,61.17188926036548,94.03154486222816,1.5657841034651063,15.449405501227591,0.6605019815059516,-1.8824836439945756,23.0,0.7936260931810437,2.08832591578226,3.190065668668886,1.21,Q3
XLI,2026-01-14,PRE-BREAKOUT,163.43,164.27,0.5139815211405515,True,65.50017537235519,91.12850209552188,1.3104170320156676,23.18843532801068,-0.1402353515029509,0.0,29.0,1.43792449366701,0.0611882763262524,1.2665973199534928,1.21,Q3
XLI,2026-01-20,PRE-BREAKOUT,165.34,163.53,-1.094713922825694,False,66.40635337217336,85.72902698513096,1.344852748843414,28.89392215352529,-1.2822049131216384,0.0,20.0,0.6169106084432141,-0.6773920406435252,-0.1693480101608813,1.21,Q3
XLI,2026-01-21,PRE-BREAKOUT,165.48,166.36,0.5317863185883634,True,64.12949314438842,84.58944988743646,1.3235939050345435,28.698078855839416,0.5197823029413529,-2.019173157579391,31.0,0.0120860526951959,-0.6647328982354329,-0.8097655305777154,0.010000000000000009,Q1 (lowest)
XLI,2026-01-22,PRE-BREAKOUT,165.715,165.5,-0.1297408200826741,False,63.53473757875662,81.7091385953299,1.3119600530548143,28.965600599778547,0.1202212070209116,-0.3235470341521821,30.0,-0.9021512838306758,-0.3952569169960481,0.0874996228464594,0.010000000000000009,Q1 (lowest)
XLI,2026-01-23,PRE-BREAKOUT,164.81,164.22,-0.35798798616589,False,60.66645852404464,73.29758398959255,1.310644980859352,29.214013647722027,0.0,-0.8388256440982659,,-0.260906498392092,-0.4065287300527977,0.3822583581093353,1.21,Q3
XLI,2026-01-29,PRE-BREAKOUT,165.3,165.86,0.3387779794313383,True,60.40215202864466,69.66340689676062,1.7965012699431413,27.067806962093304,0.6732057999269028,-1.6536848412223002,,0.0846944948578259,2.202056866303682,1.8572292800967891,1.21,Q3
XLI,2026-02-03,PRE-BREAKOUT,168.5,168.94,0.2611275964391678,True,66.58075599750897,94.84648911132388,1.6163881152342288,27.935843006448277,0.0,0.0,54.0,0.5281899109792204,2.777448071216621,3.2106824925816007,1.21,Q3
XLI,2026-02-04,PRE-BREAKOUT,169.12,169.39,0.1596499526962995,True,67.71829764188911,93.92884994441982,1.3378523135618416,29.149528899004714,0.6156031727240393,0.0,0.0,-0.4434720908230842,2.7081362346262914,3.382213812677388,1.21,Q3
XLI,2026-02-04,BREAKOUT,169.295,169.39,0.0561150654183519,True,68.04173689398434,95.31988398763404,2.1412531719160453,29.149528899004714,0.6156031727240393,0.0,19.0,-0.546383531705002,2.6019669807141392,3.2753477657343786,2.4499999999999997,Q5 (highest)
XLI,2026-02-05,PRE-BREAKOUT,167.975,168.37,0.235154040779884,True,62.76805832353886,81.06292390365175,1.3705680853666593,30.54393860938932,-0.6730031288741877,0.0,23.0,3.0986753981247284,3.533263878553357,2.8426849233516926,0.010000000000000009,Q1 (lowest)
XLI,2026-02-12,PRE-BREAKOUT,174.64,172.75,-1.082226294090693,False,73.93749257757091,93.39957036313568,1.3440049069319793,39.23921925616591,0.5347746511095872,0.0,1.0,-0.2691250572606498,0.2290426019239611,1.4830508474576292,1.5100000000000002,Q4
XLI,2026-02-13,PRE-BREAKOUT,175.02,174.17,-0.4856587818535154,False,70.4067643912602,92.11006934575626,1.3284309319035876,40.018940359560894,0.2026049204052065,-1.1953786318920174,32.0,0.0342817963661308,0.7541995200548469,-0.1085590218260757,1.5100000000000002,Q4
XLI,2026-02-17,PRE-BREAKOUT,175.18,175.08,-0.0570841420253421,False,70.75441644379966,88.90126732853196,1.3573385984458008,40.74296709842767,-0.1435379227191824,-0.3832075040036695,34.0,-0.0799177988354919,1.1702249115195702,1.0275145564562067,1.5100000000000002,Q4
XLI,2026-02-19,PRE-BREAKOUT,176.58,176.34,-0.1359157322460126,False,73.00919031318207,88.59744849660699,1.331353696696534,42.34047542771543,0.0114259597806274,-0.0228466986520564,38.0,0.3681051081662573,0.2265262204099995,0.0679578661229902,1.5100000000000002,Q4
XLI,2026-02-20,PRE-BREAKOUT,176.4401,177.23,0.4476873454503759,True,72.80597316503209,84.04379526291137,1.3872758753984429,43.283678452138815,-0.1190881252126618,0.0,40.0,-0.9125476578170092,-0.4761389276020625,0.3966785328278465,0.31000000000000005,Q2
XLI,2026-02-26,PRE-BREAKOUT,175.05,176.7,0.9425878320479733,True,61.51200834545021,66.17735730285891,1.422131246152277,45.02436657601998,0.3075170842824556,-0.9197088529030047,,1.193944587260768,0.2227934875749707,-1.7080834047415074,1.21,Q3
XLI,2026-03-02,PRE-BREAKOUT,177.72,178.9,0.6639657888813902,True,67.52307125025197,80.83011562109664,1.3273283847410284,44.836205233845845,-0.3612961499378945,-0.0507814704056894,7.0,-1.2829169480081033,-3.18478505514292,-3.814989871708306,0.010000000000000009,Q1 (lowest)
XLI,2026-03-04,PRE-BREAKOUT,176.47,175.97,-0.2833342777809259,False,60.05255251083492,66.8227564550745,1.341142470831901,43.8372535976858,0.5072959416324754,-1.934041363890446,,-2.499008330027765,-3.133677112257042,-3.95534651782172,1.21,Q3
XLK,2024-06-11,PRE-BREAKOUT,217.84,220.17,1.069592361366133,True,65.88413674897402,93.04650093693068,1.1160536537604415,20.132948668374212,-0.2544529262086566,0.0,15.0,3.3051781123760504,4.512486228424525,6.229342636797646,1.21,Q3
XLK,2024-06-11,BREAKOUT,218.12,220.17,0.9398496240601424,True,66.31594497709071,95.27445595472184,1.5737733028149987,20.132948668374212,-0.2544529262086566,0.0,29.0,3.1725655602420626,4.378323858426547,6.092976343297264,2.4499999999999997,Q5 (highest)
XLK,2024-06-20,PRE-BREAKOUT,230.53,228.81,-0.74610679737995,False,77.35950447532947,91.5884647450968,1.119927797166467,30.93453250262652,0.4494187805194209,0.0,35.0,-0.9196200060729643,-1.7481455775820938,-1.813213030841976,1.5100000000000002,Q4
XLK,2024-06-21,PRE-BREAKOUT,229.06,228.41,-0.2837684449489241,False,72.65276364963691,83.50608179119703,1.1248821570596752,31.80358247122699,0.0218521917748399,-1.1235469512985583,37.0,-2.898803806862837,-1.231118484239934,-1.235484152623772,0.31000000000000005,Q2
XLK,2024-06-24,PRE-BREAKOUT,225.29,222.42,-1.2739136224421876,False,62.847734976397845,68.91907525403398,1.129575829904784,32.33768014574017,-1.2127314916159582,-1.2964003284214165,,0.5370855342003675,0.4705046828532124,1.176261707133031,1.21,Q3
XLK,2024-07-11,PRE-BREAKOUT,233.58,231.73,-0.7920198647144544,False,64.44702709026899,77.51419364780202,1.1293537847786554,29.13331248117209,0.1514641534836693,0.0,24.0,0.0941861460741497,-0.0599366384108291,-3.938693381282652,0.010000000000000009,Q1 (lowest)
XLK,2024-09-26,PRE-BREAKOUT,225.55,227.22,0.7404123254267291,True,60.26619213053122,83.58303628221587,1.227186038398158,15.444351502822194,1.9531772575250812,-5.650454392460453,39.0,-0.1995123032587085,-2.345377964974516,-1.2148082465085386,-0.39,Q1 (lowest)
XLK,2024-10-15,PRE-BREAKOUT,230.73,228.68,-0.8884843756771911,False,60.39852101517437,82.24546857976276,1.1836156492395125,18.389832004988072,0.0769822940723662,-1.6240323123527487,21.0,-0.5807653967841214,0.0780132622545862,0.4420751527759763,0.010000000000000009,Q1 (lowest)
XLK,2024-10-25,PRE-BREAKOUT,232.75,230.29,-1.056928034371647,False,60.57162186191607,79.87970662015732,1.4040498755118305,16.216551625326694,0.567437800087303,-3.609895658027605,14.0,-1.0870032223415689,-1.3490870032223357,-3.7980665950590775,0.010000000000000009,Q1 (lowest)
XLK,2024-12-09,PRE-BREAKOUT,240.04,239.27,-0.3207798700216555,False,62.35833953078734,86.68440828239827,1.2017561177690708,15.701242398124702,-0.3736920777279545,-0.1202670758511973,25.0,-1.7038826862189649,-0.8373604399266752,0.583236127312117,1.21,Q3
XLK,2025-01-22,PRE-BREAKOUT,241.42,241.39,-0.0124264766796459,False,60.000726655613136,91.79377962889563,1.399746502185112,13.662869235524251,1.3513513513513504,-2.228296885354537,47.0,0.1656863557286081,-5.736890067102972,-4.00960980863225,1.21,Q3
XLK,2025-05-19,PRE-BREAKOUT,233.65,234.55,0.3851915257864351,True,70.53984849779667,84.39877851096242,1.5935510559031192,22.36345176408664,-1.4772872408361355,-3.01015773391693,31.0,0.0085598116841351,-1.8446394179328065,-0.6205863471003711,0.31000000000000005,Q2
XLK,2025-05-21,PRE-BREAKOUT,232.68,229.28,-1.461234313219875,False,68.61075139188583,78.02188578390111,1.4203513461092254,23.824117420865672,-0.9372191552188976,-3.513915269634164,23.0,-1.4354478253395235,-0.2062919030428134,-0.451263537906142,0.010000000000000009,Q1 (lowest)
XLK,2025-05-27,PRE-BREAKOUT,231.41,232.2,0.3413854198176362,True,63.55089327781349,70.60444591807165,1.440614425489112,22.34972803312425,1.556368766809224,-6.346519118011399,,-0.0734626852772082,-0.2160667214035694,2.1779525517479765,0.81,Q2
XLK,2025-05-29,PRE-BREAKOUT,232.4404,231.63,-0.3486485137695579,False,63.8717252642282,69.56566929491036,1.459536874476113,21.977145691732748,1.51357896557689,-4.517301180939795,,-0.6584053374542524,1.7250013336752037,1.587331634259786,1.21,Q3
XLK,2025-07-08,PRE-BREAKOUT,255.695,256.29,0.232699114179013,True,71.21759987322594,86.97919268368364,1.397624579126022,34.5815635279089,0.5256551074847025,-0.7938978829389758,42.0,0.8349791744070048,0.060619096971001,0.8662664502630211,1.5100000000000002,Q4
XLK,2025-07-09,PRE-BREAKOUT,256.44,257.83,0.5420371236936462,True,71.94687179672255,85.56181749589042,1.3943785359898284,35.041866973530304,0.3550665262007757,-0.2607409713573938,53.0,0.2105755732335129,-0.3119638121977895,0.885197317111208,1.5100000000000002,Q4
XLK,2025-07-16,PRE-BREAKOUT,255.86,258.71,1.1138904088173085,True,64.8238969203313,68.82304489377742,1.4129246448101695,36.340218742246144,0.0348958939164727,0.0,,2.0323614476666885,2.0988040334557976,1.7314156179160505,1.21,Q3
XLK,2025-07-29,PRE-BREAKOUT,264.5,264.09,-0.1550094517958506,False,74.04104528568749,94.29790554797592,1.3895718229666554,29.453281239405992,0.6513177824901649,0.0,3.0,0.0680529300567133,-2.8090737240075643,-1.655954631379961,1.5100000000000002,Q4
XLK,2025-07-31,PRE-BREAKOUT,264.9,262.74,-0.8154020385050843,False,74.6261543403275,91.59332518847609,1.354980300601963,29.840964134224517,1.2581230164727155,0.0,13.0,-2.955832389580968,-1.804454511136268,-0.6077765194412823,1.5100000000000002,Q4
XLK,2025-08-14,PRE-BREAKOUT,266.95,267.73,0.2921895486046186,True,62.52683656134173,84.47410346205845,1.3373413857308611,28.79612571450733,-0.5068763743431156,0.0,53.0,-0.4682524817381532,-1.9966285821314795,-3.011799962539788,0.010000000000000009,Q1 (lowest)
XLK,2025-08-15,PRE-BREAKOUT,265.99,265.7,-0.1090266551374188,False,60.09992305036483,72.92828052878897,1.3925587182768886,29.159155622141927,-0.1344638254958404,-0.2161678655286735,,0.1052671153050763,-2.308357457047252,-1.3421557201398524,1.21,Q3
XLK,2025-09-25,PRE-BREAKOUT,277.54,278.0,0.1657418750450311,True,63.466757479992346,76.01705232576387,1.351730681871291,23.24644052911021,-0.9084706811734818,-1.475270643175552,0.0,0.468400951214223,1.5565323917273162,3.1058586149744194,0.010000000000000009,Q1 (lowest)
XLK,2025-10-02,PRE-BREAKOUT,285.39,286.16,0.2698062300711443,True,73.46108469467451,88.73314761615842,1.3510295509199188,24.442540238153665,0.931065982713786,0.0,37.0,-0.2347664599320085,0.10161533340342,1.6854129436910903,1.5100000000000002,Q4
XLK,2025-10-06,PRE-BREAKOUT,288.44,287.6,-0.2912217445569182,False,74.11157185148492,94.379806336657,1.3474974270033204,26.394697938129767,1.348693453217187,-0.5032149846239857,34.0,-0.9568714464013282,0.6101788933573675,-1.133684648453745,1.5100000000000002,Q4
XLK,2025-10-10,PRE-BREAKOUT,287.39,278.39,-3.1316329726156096,False,65.20055173978099,76.71650541514734,1.4251580568118825,26.987219479962008,0.208476912474162,-0.1685644501014858,32.0,-0.7724694665785068,-1.0751939872646838,-0.8281429416472373,0.010000000000000009,Q1 (lowest)
XLK,2026-05-12,PRE-BREAKOUT,173.78,175.2,0.8171251007020298,True,74.15010588584923,89.01936778258927,1.3594281151904868,36.88775091956984,-0.9725657746795536,-41.511853483707625,32.0,1.7666014501093297,1.427091725169749,-0.3107377143514743,0.9100000000000001,Q3
XLK,2026-05-15,PRE-BREAKOUT,177.09,176.26,-0.4686882376192966,False,74.34001881815072,83.86484338856926,1.397352327180476,37.77698524736368,-1.83286908077994,-40.9791865320751,24.0,-1.5415890225309106,0.0282342311818752,1.863459258004395,-0.29,Q1 (lowest)
XLK,2026-05-18,PRE-BREAKOUT,173.76,174.36,0.345303867403328,True,66.86961315148487,72.05715984049161,1.4302189815536033,37.534356942409936,0.7715874276636865,-42.04452043534016,,-0.2992633517495291,2.7854511970534093,6.549263351749538,0.6100000000000001,Q2
XLK,2026-05-19,PRE-BREAKOUT,172.26,173.24,0.5689074654592002,True,63.62176992895156,65.39712623398934,1.4101143648125851,36.47398045737289,-0.9635237439779804,-42.66925327984743,,2.832926970858003,4.719609892023683,7.06490189248811,0.6100000000000001,Q2
XLK,2026-06-04,PRE-BREAKOUT,192.27,193.17,0.4680917459822006,True,70.43370279508055,80.280517648343,1.354220392092914,41.7626698518021,-2.400244610915752,-35.47824943280834,18.0,-6.2256202215634255,-5.981172309772715,-4.71212357622094,-0.29,Q1 (lowest)
XLV,2024-06-12,PRE-BREAKOUT,146.315,146.05,-0.1811160851587235,False,60.39937511726182,67.3799565946229,1.1086784159497214,22.73124469245568,0.4304454769062554,-1.0144731502772892,,-0.2631309161740019,-0.3998223011994723,0.0580938386358254,1.21,Q3
XLV,2024-06-21,PRE-BREAKOUT,146.44,146.81,0.2526632067741085,True,60.53998860004836,70.7896505704027,1.1173762969914327,19.321262333745693,0.1297814207650257,-0.9874205329365668,,0.4438677956842431,-0.2253482655012183,-0.471182736957114,1.21,Q3
XLV,2024-06-24,PRE-BREAKOUT,147.325,147.09,-0.1595112845749093,False,65.25149400715155,81.07606358503163,1.0757320943192177,19.1067868504046,0.0136230502009469,-0.7101312051941102,16.0,-0.471746139487523,-0.9876124215170432,-1.6256575598167196,0.010000000000000009,Q1 (lowest)
XLV,2024-07-11,PRE-BREAKOUT,147.3,147.35,0.0339443312966618,True,61.969073184258974,89.67387601083784,1.0917050895915583,13.390599302246368,0.0068343357025829,-1.041525767618031,31.0,0.6585200271554642,1.7379497623896825,-0.122199592668029,1.21,Q3
XLV,2024-07-18,PRE-BREAKOUT,149.15,147.12,-1.3610459269192097,False,62.742051097772446,85.16478217593053,1.1053152665646215,20.334776980947023,-0.6377042646472563,0.0,30.0,-0.8581964465303394,-0.3486423064029569,-0.0201139792155555,1.21,Q3
XLV,2024-07-25,PRE-BREAKOUT,151.09,149.12,-1.3038586273082262,False,66.00830044267339,94.85147358182266,1.4339023923429302,22.644519979665425,-0.300260225528803,-0.4450644347017321,20.0,-0.7478986034813657,-0.6022900258124274,0.046330001985567,1.21,Q3
XLV,2024-07-26,PRE-BREAKOUT,150.365,149.96,-0.2693445948192738,False,62.67832027550059,85.87747037597171,1.108245570357557,24.14762268501942,-0.0134120171673888,-0.9432708914574116,42.0,-0.2094902404149886,-0.4888105609683195,0.329198949223559,1.21,Q3
XLV,2024-07-29,PRE-BREAKOUT,149.71,150.05,0.2271057377596709,True,60.12409081268484,76.30435601338141,1.2750558517021044,25.54336091141956,0.0133368898372778,-0.3852796598910483,0.0,0.3139402845501294,0.968539175739756,-1.9237191904348372,0.010000000000000009,Q1 (lowest)
XLV,2024-07-31,PRE-BREAKOUT,150.37,149.63,-0.4921194387178353,False,62.9126694411649,77.61328110544073,1.1076633650377286,28.29293523726955,-0.0399520575309643,-0.2391390992427163,4.0,0.5253707521447044,-2.3541929906231243,-2.8995145308239767,0.010000000000000009,Q1 (lowest)
XLV,2024-08-01,PRE-BREAKOUT,149.89,151.16,0.8472880112082262,True,60.02865894578213,71.49770336135846,1.1822671934378373,29.56641133449053,0.5146026866270201,-0.6044905008635556,,0.6471412369070835,-1.5878310761224872,-0.4336513443191522,1.21,Q3
XLV,2024-08-02,PRE-BREAKOUT,151.46,150.86,-0.3961441964875177,False,65.49019411348357,86.98628925659227,1.3087908680175373,31.05758231506476,0.1521566551997815,0.0,6.0,-3.056912716228704,-3.598309784761664,-0.9771556846692316,1.21,Q3
XLV,2024-09-03,PRE-BREAKOUT,157.55,156.9,-0.4125674389082867,False,75.48379926488292,85.1421880573826,1.1858876163093568,37.13448335298536,-0.2035623409669167,0.0,34.0,-0.5839416058394261,-2.2849888924151207,-1.1488416375753745,1.5100000000000002,Q4
XLV,2024-09-04,PRE-BREAKOUT,156.915,156.63,-0.1816269955071195,False,72.32971651275764,78.5715255738938,1.4070984086340768,38.64396291416886,-0.1338432122370987,-0.1908396946564777,20.0,-1.5517955581047078,-1.2012873211611323,-1.0419653952776924,0.31000000000000005,Q2
XLV,2024-09-10,PRE-BREAKOUT,155.685,155.74,0.0353277451263813,True,60.586676446829806,65.13948529063943,1.2203382612515987,39.02762158159869,0.1354576533574198,-1.380407124681926,,-0.2601406686578675,0.3051032533641611,-0.0417509715129895,1.21,Q3
XLV,2025-02-03,PRE-BREAKOUT,147.56,147.44,-0.0813228517213367,False,65.41603731688639,89.0261461924313,1.2113749659986042,26.079078659990053,-0.6059780758494007,-6.595013991350804,23.0,-0.3523990241257863,-0.2981837896448887,-0.8538899430739976,0.81,Q2
XLV,2025-02-04,PRE-BREAKOUT,146.29,147.04,0.5126802925695536,True,60.03688555352934,76.13016800447939,1.2218052263856491,26.378749272607607,-1.0987520347259934,-6.232510811498353,5.0,1.4765192426003122,0.0957003212796601,-0.1777291680907723,-0.39,Q1 (lowest)
XLV,2025-02-07,PRE-BREAKOUT,146.98,146.43,-0.3742005715063158,False,60.1885235269949,71.91748092000209,1.2093861088700926,27.46483792510723,0.1427406199021261,-6.4360213686085,,-0.4626479793168991,-0.7892230235406155,-1.483194992515974,0.81,Q2
XLV,2025-02-24,PRE-BREAKOUT,147.81,147.62,-0.1285434003112088,False,60.07541977456969,82.07443977190142,1.205408383369719,20.969165273855538,0.1092672266612009,-6.874841007377258,24.0,0.7306677491373954,-0.3991610851769186,1.1974832555307555,-0.39,Q1 (lowest)
XLV,2025-02-25,PRE-BREAKOUT,148.4,148.89,0.3301886792452699,True,61.95473275207928,94.59828514127967,1.2982017788879077,21.037274107646464,0.1896761956374482,-6.11803612312389,37.0,-0.3908355795148332,0.3571428571428579,-0.1415094339622695,0.81,Q2
XLV,2025-03-04,PRE-BREAKOUT,148.99,148.19,-0.5369487885093035,False,60.152337255029686,85.12977169012163,1.705246629957091,22.02889830882825,0.1403931006818956,-4.871533960824215,43.0,0.4631183300892662,0.1946439358346144,-1.9665749379153008,1.21,Q3
XLV,2025-07-10,PRE-BREAKOUT,137.18,136.32,-0.6269135442484426,False,60.02815524981133,93.5082331665436,1.7807600363347356,13.41436705842364,0.0147612369916464,-13.832358178580517,27.0,-1.45064878262138,-3.338679107741662,-3.2512027992418777,0.81,Q2
XLV,2025-08-20,PRE-BREAKOUT,137.13,137.5,0.2698169620068581,True,61.48936507669714,87.11420172576626,1.2936490492021082,16.754515328520828,0.1828019888856391,-13.024675655049617,25.0,-0.0656311529205887,-0.6781885801793969,-0.1166776051921509,0.81,Q2
XLV,2025-09-05,PRE-BREAKOUT,138.06,137.9,-0.1158916413153676,False,60.09587121966046,73.59894143378341,1.6506316277559543,15.27998129179009,-0.1091464745688755,-12.598575426100233,,-0.152107779226429,-0.5287556135013688,0.0362161379110614,0.81,Q2
XLV,2025-09-09,PRE-BREAKOUT,138.695,138.59,-0.0757056851364431,False,62.30852203997659,80.91122865520852,1.2748493973493664,15.02061194905015,0.1523394994559361,-12.331467819893168,4.0,-0.9841739067738424,-0.4217888171887808,-1.2725765168174674,-0.39,Q1 (lowest)
XLV,2025-09-30,PRE-BREAKOUT,139.33,139.17,-0.1148352831407629,False,60.03246766701385,93.00095972164884,1.4447626244394491,13.51719198185772,-0.103016924208988,-12.175261729352464,23.0,2.9713629512667667,3.940285652766799,3.516830546185299,0.81,Q2
XLV,2025-10-07,PRE-BREAKOUT,144.01,144.23,0.1527671689466001,True,67.80268922235383,90.97125695199722,1.3965585785184376,21.17845722617659,0.0,-6.863125242341996,36.0,0.3471981112422748,-1.3193528227206286,-1.1596416915491894,0.81,Q2
XLV,2025-10-10,PRE-BREAKOUT,143.27,142.11,-0.8096600823619715,False,63.04806931959849,74.7697804950556,1.370174059132632,25.342931728676252,0.2912823358069324,-6.817888070311497,,-0.9213373351015716,-0.4955678090319033,0.0,0.81,Q2
XLV,2025-10-30,PRE-BREAKOUT,145.305,144.3,-0.6916486012181242,False,60.75110232460572,68.47557180044042,1.3693853449438578,24.53596761942815,-0.0138908181691775,-4.128379278199505,,-0.7260589793881882,-0.1410825504972385,0.437011802759706,1.21,Q3
XLV,2025-11-04,PRE-BREAKOUT,145.17,145.1,-0.0482193290624737,False,60.89346553909634,66.4481056909556,1.5343705315486778,20.41398504502128,-0.4707511249567175,-3.815421494206964,,0.3375353034373556,0.6681821312943439,3.795550044775105,1.21,Q3
XLV,2025-11-05,PRE-BREAKOUT,145.195,145.66,0.3202589620854736,True,61.02652524176191,66.20310570210026,1.6927709494024257,19.52040655059167,-0.3239145416953817,-3.382607537621529,,0.5131030682874786,1.4359998622542154,5.251558249251008,1.21,Q3
XLV,2025-11-06,PRE-BREAKOUT,145.58,145.94,0.2472867152081228,True,62.39978479576474,70.76595963673364,1.371873490347563,19.185890227351106,-0.3569957435122959,-3.009721667332541,,0.3846682236570777,3.5032284654485464,4.918258002472864,1.21,Q3
XLV,2025-11-07,PRE-BREAKOUT,145.42,146.14,0.4951175904277258,True,60.34632114248136,65.5313954113248,1.7304966781083797,18.87526792719915,-0.0685213101274457,-2.823278732188047,,1.2790537752716364,5.088708568284972,4.407921881446861,1.21,Q3
XLV,2025-11-10,PRE-BREAKOUT,146.4345,147.28,0.5773912568417873,True,66.25563654754095,80.45369179036868,1.3530488264072424,18.38844728594516,-0.2394963733406284,-2.690105207084845,25.0,2.899248469452207,4.306020780622049,3.59580563323532,0.010000000000000009,Q1 (lowest)
XLV,2025-11-14,PRE-BREAKOUT,151.51,151.83,0.2112071810441697,True,73.3341276700321,93.4522954089248,1.4400208114383413,25.488870942097297,-0.3437213565536242,-0.0523491689569324,21.0,0.1254042637449658,0.5412184014256628,2.046069566365272,1.5100000000000002,Q4
XLV,2025-11-17,PRE-BREAKOUT,152.44,151.7,-0.4854368932038894,False,76.51145284087653,94.25263075824697,1.532562965481006,27.282652137905856,-0.3227293683725278,-0.6478209658421547,34.0,0.0983993702440341,-0.6691157176594137,1.849908160587768,1.5100000000000002,Q4
XLV,2025-11-18,PRE-BREAKOUT,152.28,152.59,0.2035723666929355,True,75.71925822709139,88.85310909288904,1.4584672202412496,29.05571242062434,0.0329597890573575,-0.7328883653972024,21.0,0.0328342526924161,1.5300761754662546,4.261885999474658,1.5100000000000002,Q4
XLV,2025-11-19,PRE-BREAKOUT,152.25,152.33,0.05254515599344,True,74.02658762628768,84.09069335349912,1.4547255512897852,30.702125540291497,-0.0720886034471548,-0.1505038607512039,34.0,-0.5451559934318637,1.977011494252868,4.052545155993424,0.31000000000000005,Q2
XLV,2025-11-21,PRE-BREAKOUT,153.72,154.61,0.5789747593026378,True,74.20811785840985,87.39579775676411,1.4354990694202725,33.21019084707594,0.2443534539690956,-0.9161104567465028,25.0,1.0018214936247671,3.057507155867804,1.0213374967473283,1.5100000000000002,Q4
XLV,2025-11-21,BREAKOUT,155.12,154.61,-0.3287777204744655,False,76.78181239783663,95.3225770557385,2.224997288356245,33.21019084707594,0.2443534539690956,-0.9161104567465028,49.0,0.0902527075812186,2.127385250128921,0.1095925734914823,2.05,Q5 (highest)
XLV,2025-11-24,PRE-BREAKOUT,155.77,155.26,-0.3274057905887008,False,77.94394021181773,93.73254367583436,1.4689499472519787,34.84125185961665,0.3427980078908044,0.0,31.0,1.9259164152275792,1.20690762020928,-0.90518071515696,1.5100000000000002,Q4
XLV,2026-01-06,PRE-BREAKOUT,157.52,158.09,0.3618588115794776,True,63.28681705678598,93.59794462650426,1.4629842715784125,16.973499231714747,0.0644994840041243,-2.349310323108911,19.0,1.3585576434738358,-0.1333164042661299,-0.4951752158456076,1.21,Q3
XLV,2026-01-06,BREAKOUT,157.6859,158.09,0.2562689498553768,True,63.74563220684198,95.49990595970604,1.906072347675037,16.973499231714747,0.0644994840041243,-2.349310323108911,30.0,1.2519191633494136,-0.2383852963391155,-0.5998633993273936,2.4499999999999997,Q5 (highest)
XLV,2026-01-09,PRE-BREAKOUT,157.8,157.31,-0.3105196451204113,False,60.13529286632615,83.53491967934599,1.700674857268255,18.25767836707393,0.1328105236529268,-0.9645496680445896,43.0,-0.2661596958175005,0.0380228136882143,-1.3054499366286452,0.010000000000000009,Q1 (lowest)
XLV,2026-01-22,PRE-BREAKOUT,158.825,158.29,-0.3368487328821008,False,60.364830062929606,88.37161511119736,1.4166651712540113,13.55381232536802,-0.3854416782509701,-0.8768633345859987,39.0,-0.8468440107036038,-2.1249803242562573,-3.1512671178970537,1.21,Q3
XLV,2026-06-10,PRE-BREAKOUT,154.0,152.85,-0.7467532467532505,False,64.38794468801663,94.03201762803076,1.2990453650328468,15.786715575513425,0.2523128679562753,-3.5143570536828936,38.0,0.0584415584415606,-0.7207792207792296,-2.136363636363631,1.21,Q3
XLV,2026-06-30,PRE-BREAKOUT,159.17,158.66,-0.3204121379656914,False,66.52115387941242,90.9341561915592,1.2733904226857156,19.67055248993784,0.1679731243001006,0.0,34.0,0.2324558647986458,1.752842872400591,1.9664509643777248,1.21,Q3
XLV,2026-07-06,PRE-BREAKOUT,161.445,161.96,0.318994084672808,True,65.53676047351973,89.25152104839849,1.3079703815267432,22.631143841711506,-0.3297911322828999,0.0,32.0,1.8551209390194836,0.4490693425005385,-0.021679209637955,1.21,Q3
XLV,2026-07-16,PRE-BREAKOUT,162.2,161.8,-0.2466091245375939,False,60.6857056905486,70.99468042337988,1.2800232128225113,23.194416596802427,1.301408806620761,-3.7399659450255447,,-0.6843403205918528,-1.2022194821208314,-0.4685573366214494,1.21,Q3
XOM,2025-06-20,PRE-BREAKOUT,114.125,114.7,0.5038335158817111,True,70.39892448357098,93.11343672207585,1.2809837619889568,25.637721535487664,0.2297022705186015,-9.715242881072031,32.0,-2.0898138006571787,-5.04271631982475,-4.157721796276017,1.11,Q3
XOM,2025-12-09,PRE-BREAKOUT,119.84,118.25,-1.326769025367159,False,60.834227081427535,92.45103280050051,1.3369146625364736,13.626988172229863,0.793240213829972,-3.172482885289695,12.0,-0.2503337783711591,-0.8511348464619577,-4.305740987983976,1.21,Q3
XOM,2026-01-29,PRE-BREAKOUT,139.76,140.51,0.5366342301087579,True,79.0558514231009,94.371332535705,1.2357658127075786,41.45529191338493,1.991568541939221,0.0,9.0,1.1734401831711612,2.8405838580423577,4.522037779049815,1.5100000000000002,Q4
XOM,2026-02-03,PRE-BREAKOUT,143.21,143.73,0.3631031352559051,True,75.56623049899089,92.00713973325692,1.2676786353294722,46.35947151023567,0.1734104046242635,-2.1216407355021216,41.0,3.0584456392709973,4.077927519028004,5.851546679701134,1.5100000000000002,Q4
XOM,2026-03-02,PRE-BREAKOUT,153.57,154.22,0.4232597512535037,True,65.09573485158191,81.51778612259403,1.2936207774039763,42.68147992430532,4.49180327868852,-1.9670866546670112,19.0,-1.133033795663203,-1.8297844631112865,-2.0381584944976203,0.010000000000000009,Q1 (lowest)
XOM,2026-03-03,PRE-BREAKOUT,152.795,151.83,-0.6315651690172944,False,62.72040198121008,76.97213104990004,1.2874881461971248,42.77566066009875,0.784593437945797,-0.8614039598868626,5.0,-1.947053241270981,-1.037337609214948,-3.053110376648445,0.010000000000000009,Q1 (lowest)
XOM,2026-03-19,PRE-BREAKOUT,157.4,158.16,0.4828462515883042,True,64.19015761314988,87.30864315078225,1.2923655198956496,36.12151779974827,0.4251538803223476,-0.768213588564951,24.0,1.4421855146124407,5.069885641677248,5.101651842439645,1.21,Q3
XYZ,2024-07-18,PRE-BREAKOUT,71.15,68.0,-4.42726633872102,False,66.27481030723172,90.75211520149335,1.3366063231484893,21.09841049335975,0.6680584551148281,-16.18058796080262,10.0,-4.286718200983852,-5.9873506676036605,-13.450456781447656,0.6100000000000001,Q2
XYZ,2024-11-07,PRE-BREAKOUT,75.87,75.27,-0.7908264136022256,False,62.69605388113759,91.523390083169,2.027248088084723,24.49621873148841,-0.2962390520350386,-9.426038264115723,0.0,-1.726637669698171,14.999340977988656,9.951232371161192,0.81,Q2
XYZ,2024-11-14,PRE-BREAKOUT,84.0303,83.42,-0.7262856374426786,False,67.77368515193933,91.99133724458224,1.4193851983227612,27.68560101509604,-0.5243532975996139,-1.638968481375366,37.0,0.320955655281488,9.984136674509084,10.31734981310314,1.21,Q3
XYZ,2024-11-21,PRE-BREAKOUT,93.095,92.7,-0.424297760352324,False,72.29688482930054,93.41724486816176,1.4558793788877202,31.95912111271848,1.1538461538461502,-2.943085912140228,67.0,-0.8969332402384594,-4.387990762124705,-4.882109672914766,1.5100000000000002,Q4
XYZ,2024-11-25,PRE-BREAKOUT,91.1,90.75,-0.3841931942919806,False,67.99956138874758,79.40627514113,1.433656553513188,34.16673636984198,0.2601344027747614,-0.4746494066882391,18.0,-2.294182217343567,-2.79912184412733,2.3051591657519306,0.010000000000000009,Q1 (lowest)
XYZ,2024-12-02,PRE-BREAKOUT,94.76,92.78,-2.089489235964546,False,69.97358498926172,83.84731317043719,1.4429473869346858,33.2298234492039,4.392998306041785,-4.476806903991376,17.0,-1.6462642465175203,1.1713803292528486,0.696496411988177,0.010000000000000009,Q1 (lowest)
XYZ,2025-08-22,PRE-BREAKOUT,78.57,79.12,0.700012727504151,True,60.29852627903572,84.4406479816086,1.5301910071714275,26.29251230501829,-0.7288432986907899,-25.10109179134654,10.0,0.6491027109583877,1.0436553391879948,1.3618429425989658,-0.5900000000000001,Q1 (lowest)
XYZ,2026-05-08,PRE-BREAKOUT,72.75,74.85,2.886597938144322,True,63.28004093885757,76.69810143808589,1.4007778888875393,20.047836332901426,7.82720273738237,-13.524842806065834,4.0,0.5773195876288684,-4.082474226804122,-3.285223367697596,-0.39,Q1 (lowest)
XYZ,2026-05-08,BREAKOUT,74.91,74.85,-0.0800961153384091,False,67.28970210927649,96.41380864386385,3.2627366361748407,20.047836332901426,7.82720273738237,-13.524842806065834,33.0,-2.322787344813769,-6.848217861433714,-6.073955413162458,2.05,Q5 (highest)
XYZ,2026-08-05,PRE-BREAKOUT,84.835,84.2,-0.7485118170566286,False,64.44008203021048,94.98442321494004,1.4239234001317893,24.359049840970115,0.7679584120983054,0.0,17.0,-6.854482230211585,-6.901632580892309,-7.726763717805143,1.21,Q3
ZS,2024-12-02,PRE-BREAKOUT,211.66,208.51,-1.4882358499480326,False,63.63834132744674,78.66969777162666,1.460342799323639,27.423135990854924,0.4646885134808112,-18.962068018671797,9.0,-6.151374846451862,-2.85835774355097,-2.6126807143532083,-0.5900000000000001,Q1 (lowest)
ZS,2025-05-16,PRE-BREAKOUT,251.81,251.5,-0.1231086930622303,False,77.86083185901535,88.49349101983742,1.6102702333234873,26.283164839535075,0.7522771633051492,0.0,25.0,0.3018148604106234,-1.2271156824589982,0.9094158293951756,1.5100000000000002,Q4
ZS,2026-05-14,PRE-BREAKOUT,154.255,153.7,-0.3597938478493448,False,60.9249994590243,94.72088581929432,1.603640897453805,15.92644316363669,0.701961556124118,-54.67035417967704,58.0,4.405043596641935,13.610579883958383,10.861884541830085,0.6100000000000001,Q2
