date,ticker,score,atr_pct,gap_pct,open,high,low,close
2026-04-28,SNDK,96.2,6.052233545934982,-3.9805622808420322,1027.5999755859375,1054.219970703125,980.280029296875,1002.3499755859375
2026-04-28,COHR,95.5,7.025338480634874,-5.296550506625208,304.5,312.5199890136719,291.0,303.9700012207031
2026-04-28,INTC,90.6,5.514093964396388,-4.365218470083284,81.27999877929688,84.58999633789062,80.80000305175781,84.5199966430664
2026-04-28,COIN,89.6,6.251634482408547,-3.294689835697251,190.1999969482422,195.94000244140625,188.75,194.10000610351562
2026-04-28,RDDT,89.3,5.343030481343908,-4.48786101997205,153.02000427246094,153.72999572753906,146.5500030517578,147.92999267578125
2026-04-28,DOW,88.4,5.844206555953001,2.0997456267647983,38.900001525878906,39.099998474121094,37.849998474121094,38.0099983215332
2026-04-28,ALB,88.1,5.740992282431293,-2.4407332967381383,194.66000366210938,195.52000427246094,184.7899932861328,186.89999389648438
2026-04-28,APP,85.3,6.22359092672562,-1.1492772918631795,455.0,463.0,441.5,449.0299987792969
2026-04-28,HOOD,84.5,6.048242494611257,-2.966048784140747,81.45999908447266,83.13999938964844,80.81999969482422,82.06999969482422
2026-04-28,ARE,83.7,4.226764463993246,-3.643546526285365,43.900001525878906,44.130001068115234,39.40999984741211,40.40999984741211
2026-04-29,SNDK,95.1,6.4101216559015,6.808999018541755,1070.5999755859375,1103.0,1060.0,1064.2099609375
2026-04-29,LITE,94.2,8.481088641924767,3.758038644107432,821.1099853515625,887.9000244140625,814.1890258789062,858.3200073242188
2026-04-29,ALB,93.9,6.417871614972885,2.7180321010969513,191.97999572753906,191.97999572753906,186.75999450683594,190.8800048828125
2026-04-29,INTC,92.5,5.369819130703679,1.9167094308148298,86.13999938964844,94.94999694824219,85.87000274658203,94.75
2026-04-29,RDDT,88.6,5.78801641773934,-1.3046662416939496,146.0,148.77999877929688,143.08999633789062,147.75
2026-04-29,COIN,86.6,6.015308247407236,-3.5188055725316016,187.27000427246094,187.27000427246094,177.6199951171875,181.72999572753906
2026-04-29,HOOD,86.0,5.743789076676191,-11.904467746309198,72.30000305175781,73.58999633789062,69.93000030517578,71.19999694824219
2026-04-29,MRNA,85.7,5.78186578582048,-0.827321584000865,46.75,47.189998626708984,44.619998931884766,45.720001220703125
2026-04-29,ARE,85.0,5.6174212357793225,-0.7423886122082207,40.11000061035156,41.38999938964844,40.099998474121094,41.04999923706055
2026-04-29,CHTR,84.0,7.9342630360762945,0.7451870380593564,174.39999389648438,174.7899932861328,158.4199981689453,158.64999389648438
2026-04-30,TER,95.8,6.6424646772015,6.74762978937361,327.0,353.5400085449219,326.7300109863281,343.4700012207031
2026-04-30,FICO,95.1,7.179065956078857,-4.17508634126513,1000.0,1026.0,965.5,1025.0
2026-04-30,SMCI,91.7,6.64079450637208,2.241641943118689,26.90999984741211,27.520000457763672,26.350000381469727,27.399999618530273
2026-04-30,CSGP,85.5,5.140594375114012,-1.113067003247968,33.7599983215332,34.75,33.33000183105469,34.61000061035156
2026-04-30,MRNA,85.3,6.1254847754916515,1.049867737140332,46.20000076293945,47.939998626708984,45.75,45.939998626708984
2026-04-30,PODD,84.9,4.298569843081747,2.487186365001248,164.0,172.8000030517578,163.00999450683594,172.13999938964844
2026-04-30,TTD,84.6,4.9012250267343545,-2.0517028427633344,23.8700008392334,23.90999984741211,23.149999618530273,23.59000015258789
2026-04-30,NCLH,84.1,5.4224606143021,2.02587897427795,18.1299991607666,18.59000015258789,17.969999313354492,18.18000030517578
2026-04-30,CVNA,83.8,4.928389627461005,5.794398024925817,83.91400146484375,83.91400146484375,74.31800079345703,79.16000366210938
2026-04-30,FCX,83.5,4.7451766732933836,1.7565431137176462,57.93000030517578,58.34000015258789,57.02000045776367,57.779998779296875
2026-05-01,COIN,92.6,6.5246996846349825,2.1888483340437093,191.8800048828125,194.50999450683594,189.86000061035156,191.25
2026-05-01,SNDK,90.9,6.111539805404951,-3.419028545155584,1059.02001953125,1189.239990234375,1048.0,1187.0
2026-05-01,FICO,90.6,6.703484405623911,2.341463414634146,1049.0,1063.0,1002.1900024414062,1035.5
2026-05-01,HOOD,89.7,7.347664886090804,1.2141612616835245,73.7750015258789,75.27999877929688,73.05999755859375,73.66000366210938
2026-05-01,GLW,88.7,5.769866124994361,-1.3516811656436076,162.02000427246094,163.97000122070312,157.6999969482422,158.25999450683594
2026-05-01,CHTR,88.6,8.784889687647032,0.7567960367241928,166.4199981689453,174.3000030517578,166.00999450683594,171.74000549316406
2026-05-01,BLDR,88.2,5.449487846740377,0.9482868058253888,79.83999633789062,79.97000122070312,75.37999725341797,75.72000122070312
2026-05-01,ARES,87.5,4.861889625352078,2.2998270129042693,120.0999984741211,124.80999755859375,114.94000244140625,119.0
2026-05-01,CSGP,87.3,5.006806999404878,1.9358513641427721,35.279998779296875,36.09000015258789,34.349998474121094,34.720001220703125
2026-05-01,IP,84.3,4.8229568172741475,0.9861907833929752,30.719999313354492,32.119998931884766,30.170000076293945,31.760000228881836
2026-05-04,LITE,97.4,7.237187732946023,3.8897616131636963,986.8800048828125,1004.9400024414062,952.0,976.1799926757812
2026-05-04,SNDK,96.8,5.883927528343701,2.963778745656066,1222.1800537109375,1275.1099853515625,1205.0,1255.8599853515625
2026-05-04,MU,94.8,5.3376785517493825,3.3916661197768603,560.5999755859375,592.7999877929688,557.760009765625,576.4500122070312
2026-05-04,BLDR,92.2,5.654290381395447,-0.9508732291280847,75.0,76.41000366210938,73.5,73.75
2026-05-04,ARE,90.6,5.158251414267466,-2.077798074494891,40.529998779296875,41.65999984741211,40.209999084472656,41.13999938964844
2026-05-04,NCLH,89.4,5.156830141480598,-6.8580491483500525,17.520000457763672,18.079999923706055,16.90999984741211,17.200000762939453
2026-05-04,IP,87.7,4.812883927155308,2.078079141395248,32.41999816894531,33.099998474121094,31.1299991607666,31.200000762939453
2026-05-04,ALB,87.1,5.762770786271273,1.1605116274677085,196.1300048828125,198.85000610351562,187.3300018310547,190.69000244140625
2026-05-04,CSGP,86.5,4.832534890101439,3.0241912446548094,35.77000045776367,35.86000061035156,34.689998626708984,35.380001068115234
2026-05-04,CVNA,85.9,5.591947333531195,0.7030868240490252,77.05799865722656,77.5999984741211,73.50499725341797,75.30999755859375
2026-05-05,INTC,95.7,5.7669354900011305,4.938404068925503,100.51000213623047,110.4800033569336,100.08000183105469,108.1500015258789
2026-05-05,TER,94.1,7.147726611762555,2.4152423653148696,345.5899963378906,366.1300048828125,345.0400085449219,357.1000061035156
2026-05-05,SNDK,93.4,5.704122352751022,2.6396274107565074,1289.010009765625,1418.8800048828125,1286.1300048828125,1406.3199462890625
2026-05-05,HOOD,91.5,6.5773985065608525,1.3912407179025754,77.61499786376953,78.75,76.48999786376953,77.02999877929688
2026-05-05,ALB,91.0,6.056953166813407,2.260211601768736,195.0,197.36000061035156,193.5,194.82000732421875
2026-05-05,BLDR,90.0,5.895400520675696,1.667801161943856,74.9800033569336,75.95999908447266,73.4000015258789,74.55999755859375
2026-05-05,COIN,88.5,5.997128758014843,2.90162039029394,208.8800048828125,208.8800048828125,194.39999389648438,197.75
2026-05-05,IP,87.1,5.19001951556455,1.21794599831542,31.579999923706055,32.25,31.15999984741211,31.860000610351562
2026-05-05,CVNA,85.4,5.602596277963352,0.8949722784811152,75.98400115966797,79.0459976196289,75.53800201416016,75.81800079345703
2026-05-05,MRNA,85.4,6.111900338307544,0.7928118521113624,47.67499923706055,47.72999954223633,45.779998779296875,46.709999084472656
2026-05-06,QCOM,94.5,5.403760101622587,4.626099964002182,195.17999267578125,197.5,188.22000122070312,192.57000732421875
2026-05-06,INTC,92.5,5.882702492447222,2.6167376709444654,110.9800033569336,113.5,106.58000183105469,113.01000213623047
2026-05-06,TER,92.5,7.003441001240248,3.195184392912572,368.510009765625,383.0,364.7900085449219,382.4800109863281
2026-05-06,NCLH,89.5,6.080281584999908,3.600936740093582,17.549999237060547,17.989999771118164,17.280000686645508,17.75
2026-05-06,UAL,86.7,4.654638785762562,6.394796210372881,99.66000366210938,100.38999938964844,97.19999694824219,100.04000091552734
2026-05-06,BLDR,86.4,5.6857380486361055,4.265022008184409,77.73999786376953,81.44999694824219,77.30999755859375,80.02999877929688
2026-05-06,ARE,85.0,4.805936977940287,1.9406445288226077,44.650001525878906,47.130001068115234,44.650001525878906,45.83000183105469
2026-05-06,DOW,84.8,4.717962502834142,-6.6911754737400635,38.06999969482422,38.90999984741211,37.584999084472656,38.5
2026-05-06,LUV,84.4,4.504082756796706,4.12994063827543,41.349998474121094,42.0,40.5099983215332,41.5
2026-05-06,RCL,83.3,4.944096910952889,6.080001183801754,280.0299987792969,288.25,275.04998779296875,287.0799865722656
2026-05-07,LITE,96.5,7.361277519864985,-2.9975275164946424,915.9749755859375,918.02001953125,854.6199951171875,892.5800170898438
2026-05-07,GLW,95.8,6.048433840518162,2.8914467082800672,186.82000732421875,187.2100067138672,178.0,182.39999389648438
2026-05-07,MRNA,94.1,5.8871842146572435,5.943836148317678,51.689998626708984,52.0,47.779998779296875,48.540000915527344
2026-05-07,SMCI,94.0,5.671420840463879,-1.8753650569546632,34.0099983215332,35.58000183105469,32.91999816894531,33.619998931884766
2026-05-07,RDDT,90.7,6.059205259350995,1.1647469199342304,168.5,169.10000610351562,159.60000610351562,163.9499969482422
2026-05-07,PODD,89.3,5.702764244877112,1.196455296932124,153.08999633789062,163.17999267578125,152.52000427246094,160.39999389648438
2026-05-07,BLDR,88.0,5.635387442398553,1.5744122897030723,81.29000091552734,83.2300033569336,79.25,79.41000366210938
2026-05-07,ALB,87.7,5.230037162762706,7.476244146645035,207.00999450683594,221.0,198.17999267578125,198.35000610351562
2026-05-07,CF,86.9,4.837650533492902,-4.726121878046526,114.0999984741211,119.61000061035156,113.30999755859375,118.68000030517578
2026-05-07,APP,86.6,4.786260569915586,-2.9765558884776238,454.875,512.6900024414062,443.0,498.8699951171875
2026-05-08,QCOM,97.6,6.405120504505053,5.159218361291206,213.0,228.0500030517578,208.6300048828125,219.08999633789062
2026-05-08,SNDK,95.4,6.570862228942451,4.060571641380959,1394.3699951171875,1564.0,1391.1199951171875,1562.3399658203125
2026-05-08,TER,94.3,7.791971130030347,3.640116116929099,367.0,367.8699951171875,354.239990234375,359.7699890136719
2026-05-08,TECH,94.1,7.096557762627436,-1.7481818745157165,50.02000045776367,50.5,47.849998474121094,48.36000061035156
2026-05-08,GEV,88.6,5.20458582082066,2.076256499538105,1067.3399658203125,1069.2950439453125,1034.4300537109375,1040.1500244140625
2026-05-08,MRNA,88.0,6.080846589288198,0.9476701190697924,49.0,57.77899932861328,48.97999954223633,54.349998474121094
2026-05-08,VRT,87.3,4.8064135956885625,2.8749135659924994,349.7850036621094,350.989990234375,339.7099914550781,339.9700012207031
2026-05-08,APP,87.1,5.204218074323315,-0.9621720768837189,494.07000732421875,495.0,447.4750061035156,468.54998779296875
2026-05-08,RDDT,86.0,6.249944407430005,-0.8112240657586345,162.6199951171875,162.89999389648438,155.2100067138672,155.8000030517578
2026-05-08,NRG,85.6,4.7617372720253375,1.191317097233207,143.5500030517578,144.9600067138672,137.75999450683594,138.11000061035156
2026-05-11,INTC,97.7,6.325762709563401,4.77105891869027,130.8800048828125,132.75,123.91999816894531,129.44000244140625
2026-05-11,MRNA,97.5,6.288868778240618,6.86293185216858,58.08000183105469,59.47999954223633,51.38999938964844,52.880001068115234
2026-05-11,SNDK,96.2,6.426244404518975,1.5303989338283006,1586.25,1600.0,1514.469970703125,1547.56005859375
2026-05-11,QCOM,96.1,6.674035136754424,5.897119167878163,232.00999450683594,247.89999389648438,231.1999969482422,237.52999877929688
2026-05-11,TECH,95.9,7.585963545954661,2.1298568368429702,49.38999938964844,49.52000045776367,47.310001373291016,47.41999816894531
2026-05-11,RDDT,93.2,6.712587561921322,-1.4762535344712002,153.5,162.4499969482422,153.5,159.50999450683594
2026-05-11,APP,90.2,5.930407600817618,-2.663532343162571,456.07000732421875,479.2799987792969,447.0849914550781,478.4200134277344
2026-05-11,TTD,89.5,5.436988436752001,-1.429809032915565,22.75,22.889999389648438,20.834999084472656,21.520000457763672
2026-05-11,ZTS,88.4,5.793278322111685,-0.8571762269434876,82.12000274658203,82.12000274658203,76.37999725341797,76.66999816894531
2026-05-11,AXON,87.2,5.626279562586503,-2.314515572215165,394.20001220703125,400.19000244140625,379.19000244140625,394.3599853515625
2026-05-12,LITE,97.3,7.574546074592384,-3.3102570989182336,1018.22998046875,1085.6800537109375,937.6400146484375,992.3699951171875
2026-05-12,COHR,96.3,6.946644582070402,-1.772501499395339,372.9599914550781,381.95001220703125,348.989990234375,374.010009765625
2026-05-12,WDC,95.7,5.886767526297927,-3.4856465096323563,497.8500061035156,508.6000061035156,466.79998779296875,488.739990234375
2026-05-12,MRNA,94.0,6.945915259123684,-1.2102862646013341,52.2400016784668,54.619998931884766,51.25,53.27000045776367
2026-05-12,ZTS,93.9,6.350968220498307,1.2782097043671743,77.6500015258789,78.66999816894531,75.11000061035156,76.94000244140625
2026-05-12,CHTR,93.8,8.818498013723074,1.373580168012914,149.82000732421875,150.4600067138672,146.0,147.9199981689453
2026-05-12,TECH,92.0,7.633911232678431,1.0333228540436596,47.90999984741211,48.34000015258789,46.52000045776367,47.41999816894531
2026-05-12,COIN,91.9,5.640746545039703,-2.1699040048895752,211.89999389648438,218.4600067138672,200.1999969482422,207.63999938964844
2026-05-12,TTD,91.5,6.1982200882247485,1.1384708488534372,21.764999389648438,21.8799991607666,21.03499984741211,21.139999389648438
2026-05-12,HOOD,89.8,5.226274978893888,-2.104477561192883,79.08000183105469,80.18000030517578,76.4800033569336,78.2699966430664
2026-05-13,QCOM,98.7,8.962959855817777,3.0050912451073346,216.6300048828125,219.49000549316406,207.14999389648438,213.1699981689453
2026-05-13,GLW,96.6,6.8682978004717,4.842610259641866,207.83999633789062,211.7899932861328,196.0800018310547,206.50999450683594
2026-05-13,INTC,96.6,7.585251685615703,2.8936222917737022,124.0999984741211,125.0,116.41000366210938,120.29000091552734
2026-05-13,TTD,90.1,6.4363422182081145,-1.1589353782324778,20.895000457763672,20.895000457763672,19.829999923706055,20.489999771118164
2026-05-13,COIN,88.8,5.9612106480413445,-1.6567147233278918,204.1999969482422,204.1999969482422,197.5,201.8000030517578
2026-05-13,CHTR,86.3,8.812196155844369,-1.014061667501368,146.4199981689453,146.82000732421875,141.77000427246094,143.05999755859375
2026-05-13,CEG,85.6,5.104199218365725,-1.4986354921712954,289.20001220703125,292.0,268.9800109863281,274.8900146484375
2026-05-13,VRT,85.6,4.9498620200930965,2.3343249558025874,375.70001220703125,377.7699890136719,360.9100036621094,369.989990234375
2026-05-13,MRNA,85.3,7.118989326305482,-0.7846804279822471,52.85200119018555,53.05500030517578,49.9900016784668,50.41999816894531
2026-05-13,MTD,83.5,4.946752420422134,-1.5012332807088036,1056.3499755859375,1069.0,1023.0499877929688,1025.530029296875
2026-05-14,INTC,95.8,7.936772006034401,-4.680353487877674,114.66000366210938,118.56999969482422,113.16999816894531,115.93000030517578
2026-05-14,LITE,94.5,8.515665178772936,-2.7533793929976467,1002.0,1024.8499755859375,983.02001953125,1001.8099975585938
2026-05-14,QCOM,93.7,9.090666089469767,-2.1860504302374415,208.50999450683594,209.52999877929688,199.66000366210938,200.0800018310547
2026-05-14,MRNA,92.4,7.491641906548885,-1.8246691835700182,49.5,50.79999923706055,48.709999084472656,50.029998779296875
2026-05-14,TECH,90.8,7.271744454539923,1.0247250851572327,45.349998474121094,46.040000915527344,44.400001525878906,44.7400016784668
2026-05-14,J,88.9,4.977428466714776,1.1652838996157422,108.5199966430664,113.29000091552734,108.08000183105469,112.76000213623047
2026-05-14,CHTR,88.6,8.784526244928696,0.7968680337643111,144.1999969482422,155.3699951171875,144.0,148.0
2026-05-14,ALB,87.5,5.949538014234246,-1.4631245176099514,198.0,198.10000610351562,188.3000030517578,191.10000610351562
2026-05-14,RDDT,86.0,6.477789242346872,1.073837809324138,155.77499389648438,157.22999572753906,149.02999877929688,156.30999755859375
2026-05-14,VST,85.1,5.376102086276792,-0.8624891117557302,141.3800048828125,143.2949981689453,139.9219970703125,141.89999389648438
2026-05-15,GLW,95.8,6.888734294345262,-4.882849159088921,198.11000061035156,200.7899932861328,191.80999755859375,191.80999755859375
2026-05-15,COIN,94.0,6.480153112056571,-3.004573030627624,205.63999938964844,206.0,192.3000030517578,195.42999267578125
2026-05-15,MU,93.2,6.681338379889867,-5.597866251045685,732.5700073242188,749.5900268554688,719.0,724.6599731445312
2026-05-15,COHR,92.7,6.841049560590502,-5.487232944815893,382.7200012207031,394.8599853515625,370.94000244140625,382.45001220703125
2026-05-15,ALB,89.9,6.405771647900117,-3.1606532454269547,185.05999755859375,185.05999755859375,179.57000732421875,180.3800048828125
2026-05-15,HOOD,89.0,5.357141844212053,-2.676575110777489,78.54000091552734,78.58200073242188,76.41000366210938,77.13999938964844
2026-05-15,MRNA,86.4,7.431826377014139,-3.19807817941262,48.43000030517578,49.880001068115234,47.90999984741211,49.040000915527344
2026-05-15,VRT,84.6,4.767485994917504,-3.1682782020723854,364.30999755859375,373.9100036621094,356.2699890136719,370.94000244140625
2026-05-15,FDS,83.4,5.113222904107408,1.7762448918825546,203.41000366210938,214.30999755859375,203.41000366210938,212.5800018310547
2026-05-15,BLDR,82.3,5.163476949011335,-1.8347355810357187,72.2300033569336,73.0,69.86000061035156,70.41000366210938
2026-05-18,SNDK,97.2,8.39576128180699,1.7092844498215747,1431.6700439453125,1440.0,1277.3299560546875,1333.010009765625
2026-05-18,LITE,95.6,8.958115640694917,-1.793038949005684,953.2949829101562,954.260009765625,857.0,884.97998046875
2026-05-18,TECH,95.3,7.474431239136655,1.4087774159345987,43.90999984741211,45.130001068115234,43.20000076293945,44.43000030517578
2026-05-18,COIN,92.5,7.412592201789325,-2.6505617714343717,190.25,194.1999969482422,184.14999389648438,189.44000244140625
2026-05-18,INTC,91.6,8.45099187292448,4.321048747532827,113.47000122070312,115.54000091552734,103.8499984741211,108.16999816894531
2026-05-18,MRNA,90.3,7.437659404569861,1.9167997739807472,49.97999954223633,50.5,47.63999938964844,48.11000061035156
2026-05-18,CRL,88.8,5.535299453885802,0.8949226318228835,152.1999969482422,157.5500030517578,149.4199981689453,149.92999267578125
2026-05-18,APP,88.3,5.963572906502843,-0.9002015500249501,496.489990234375,515.3900146484375,484.7900085449219,492.3800048828125
2026-05-18,TTD,87.0,5.958797506911707,-0.7565004742218897,20.989999771118164,22.577999114990234,20.989999771118164,22.270000457763672
2026-05-18,F,86.8,4.514924627293798,4.4029863386861985,13.989999771118164,13.989999771118164,13.020000457763672,13.029999732971191
2026-05-19,SNDK,98.1,9.255445235660654,-3.245287690917725,1289.75,1392.8599853515625,1278.1099853515625,1383.2900390625
2026-05-19,GLW,96.9,8.282993329363213,-2.64351786055971,173.8300018310547,180.5,169.8000030517578,175.8300018310547
2026-05-19,MU,96.6,8.443692956249924,-2.3417497802102045,665.5800170898438,725.9500122070312,652.2100219726562,698.739990234375
2026-05-19,VRT,91.6,5.503636011390357,-2.9582368308790126,329.67999267578125,334.625,314.3399963378906,322.6300048828125
2026-05-19,FIX,90.3,4.938020896039763,-3.8459292771196716,1783.1099853515625,1872.8399658203125,1755.6099853515625,1825.5
2026-05-19,ALB,90.0,6.534002726507791,-1.8379486089487838,172.50999450683594,173.3800048828125,165.6699981689453,169.0
2026-05-19,ZTS,88.5,6.65759952696745,2.7406037312961056,79.8499984741211,80.36000061035156,77.58999633789062,78.91999816894531
2026-05-19,MRNA,87.0,7.68239377172096,-1.0392849587543296,47.61000061035156,47.63999938964844,45.625,45.720001220703125
2026-05-19,GNRC,85.2,4.839529028158532,-2.1260639470184457,247.6699981689453,248.75,238.17999267578125,243.97000122070312
2026-05-19,TTD,85.0,5.918274866147295,1.347100273435165,22.56999969482422,23.239999771118164,21.110000610351562,21.15999984741211
2026-05-20,MU,97.9,8.716403759697194,5.183620838150703,734.9600219726562,735.6799926757812,700.6599731445312,731.989990234375
2026-05-20,INTC,97.2,8.795127114896928,4.89169496359443,116.22000122070312,121.94000244140625,114.80000305175781,118.95999908447266
2026-05-20,SNDK,95.7,8.991834614620071,3.9536134767019018,1437.97998046875,1444.0,1366.97998046875,1392.56005859375
2026-05-20,MRNA,87.9,8.070709161785974,0.6999118247602214,46.040000915527344,48.77000045776367,45.95000076293945,48.119998931884766
2026-05-20,FIX,87.7,5.3061782509133995,2.163790742262394,1865.0,1891.199951171875,1828.5999755859375,1835.510009765625
2026-05-20,TTD,85.4,6.516337151971004,-1.866731855444606,20.764999389648438,21.040000915527344,20.219999313354492,21.020000457763672
2026-05-20,CEG,83.8,5.2617703084446275,4.879733212669471,273.3900146484375,282.6000061035156,270.20001220703125,281.260009765625
2026-05-20,NCLH,83.7,5.626389237866834,1.2846489578996314,14.979999542236328,16.40999984741211,14.640000343322754,16.030000686645508
2026-05-20,FDS,82.9,5.280623982352839,-1.3472673063812033,218.94000244140625,225.6199951171875,215.0,223.67999267578125
2026-05-20,VRT,82.7,6.132301977823235,0.7345860835381207,325.0,329.42999267578125,314.25,315.6700134277344
2026-05-21,SMCI,92.7,7.420374666409421,-1.5242030349303608,32.95000076293945,33.79999923706055,32.2599983215332,33.459999084472656
2026-05-21,RDDT,91.9,6.819110046408386,-1.6425869970408018,144.30999755859375,153.4499969482422,144.10000610351562,150.0399932861328
2026-05-21,VRT,90.6,6.072006035317657,2.1002864013727933,322.29998779296875,330.3299865722656,319.0,323.3999938964844
2026-05-21,DASH,90.3,5.389251840033486,-1.885148298288496,157.6999969482422,162.32000732421875,155.19000244140625,159.27000427246094
2026-05-21,MRVL,88.5,6.7245328264963335,3.0567405577054636,192.50999450683594,194.5800018310547,188.1999969482422,190.69000244140625
2026-05-21,NOW,88.4,5.3595619269526695,-2.2362101836830224,100.98999786376953,101.58999633789062,98.11000061035156,99.69000244140625
2026-05-21,MRNA,85.8,7.791384571039582,-1.0182831975186393,47.630001068115234,47.93000030517578,46.48400115966797,47.2599983215332
2026-05-21,AXON,85.2,6.353528241802228,-1.317638783212299,393.19000244140625,395.1300048828125,380.42999267578125,389.8399963378906
2026-05-21,NCLH,85.0,5.614473217815992,-2.495324735312256,15.630000114440918,16.809999465942383,15.430000305175781,16.469999313354492
2026-05-21,RCL,85.0,4.706478681306397,-2.6350003771275023,247.1999969482422,262.1400146484375,244.86000061035156,260.32000732421875
2026-05-22,SNDK,96.6,8.313390784367979,-1.3956987596198522,1520.7149658203125,1528.0,1473.52001953125,1478.68994140625
2026-05-22,GLW,94.9,7.840800515997282,1.281987973157445,194.35000610351562,194.97999572753906,189.33999633789062,194.0500030517578
2026-05-22,COHR,92.9,7.7921388010499335,1.0582010582010581,382.0,385.0,368.5199890136719,377.57000732421875
2026-05-22,ECHO,90.3,5.795924256477721,1.4559289019327006,130.30999755859375,130.4600067138672,122.7300033569336,124.19999694824219
2026-05-22,RDDT,90.3,5.886524017971108,-3.205810299805116,145.22999572753906,145.7949981689453,140.6699981689453,141.6699981689453
2026-05-22,NCLH,87.4,5.5945880432016715,1.4571935708798924,16.709999084472656,16.709999084472656,16.260000228881836,16.299999237060547
2026-05-22,ZTS,85.3,6.662921549435853,0.9991295801260323,80.87000274658203,82.33999633789062,80.12999725341797,81.31999969482422
2026-05-22,ALB,84.7,6.6219625058963745,0.9947042390336542,171.58999633789062,175.2100067138672,169.32000732421875,171.5800018310547
2026-05-22,VRT,84.7,6.079711543499944,3.2653054291565176,333.9599914550781,334.8900146484375,324.0,327.4599914550781
2026-05-22,F,82.6,4.9064674625839055,0.8778338324019603,13.789999961853027,14.949999809265137,13.770000457763672,14.930000305175781
2026-05-26,SNDK,94.8,8.577013518740172,3.822303645177897,1535.2099609375,1641.739990234375,1520.0,1589.550048828125
2026-05-26,ECHO,94.2,6.207729322765116,4.2351126367716425,129.4600067138672,131.49000549316406,120.9000015258789,123.12000274658203
2026-05-26,INTU,93.7,7.277479889436973,-1.7096959364138593,314.4700012207031,317.05999755859375,302.3800048828125,304.3500061035156
2026-05-26,DELL,91.9,6.017189064542227,1.714149367100647,300.25,308.6400146484375,298.9700012207031,305.0799865722656
2026-05-26,VRT,91.9,6.004114844627644,4.153180986502686,341.05999755859375,343.30999755859375,323.260009765625,323.9100036621094
2026-05-26,TTD,89.1,6.011743112296098,-1.6979409071326574,22.0,22.559999465942383,21.75,22.18000030517578
2026-05-26,RDDT,87.5,6.170273003064483,1.2882028459306036,143.4949951171875,145.88999938964844,139.5500030517578,144.63999938964844
2026-05-26,NCLH,86.2,5.0175286350547825,3.312889207378421,16.84000015258789,17.15999984741211,16.760000228881836,17.100000381469727
2026-05-26,FIX,85.7,5.134887182622434,2.687817018921783,1877.3900146484375,1921.5899658203125,1866.25,1883.56005859375
2026-05-26,CVNA,85.4,5.691814787744928,2.211485300565523,69.79000091552734,73.5,69.73999786376953,70.1500015258789
2026-05-27,MU,98.1,7.389542471472025,6.67276509531412,955.6599731445312,956.1599731445312,888.1500244140625,928.4099731445312
2026-05-27,SNDK,97.6,7.97896116690037,3.550686651726356,1645.989990234375,1658.77001953125,1528.280029296875,1589.93994140625
2026-05-27,SMCI,95.3,7.231421432054157,3.2075538823440377,38.290000915527344,38.81999969482422,36.7599983215332,38.189998626708984
2026-05-27,COIN,91.7,7.457124729254786,-2.0165489332791395,176.3800048828125,179.85000610351562,173.7100067138672,173.77999877929688
2026-05-27,NCLH,86.5,4.916457494370174,4.093560467690797,17.799999237060547,18.40999984741211,17.799999237060547,18.149999618530273
2026-05-27,APA,86.0,4.834285917736235,-2.666666666666667,36.5,37.290000915527344,36.11000061035156,36.619998931884766
2026-05-27,RCL,84.2,4.6476167156087556,2.5027127940256633,274.4100036621094,281.4599914550781,272.5,275.1700134277344
2026-05-27,TECH,81.0,6.256886653633449,1.500932640575209,48.689998626708984,49.43000030517578,47.220001220703125,48.09000015258789
2026-05-27,GEV,80.7,4.420366822334371,-2.166332736173624,1047.280029296875,1052.550048828125,1017.3300170898438,1031.8900146484375
2026-05-27,UAL,79.7,4.146660480062866,3.219414389216969,109.33000183105469,114.3499984741211,109.0,112.62000274658203
2026-05-28,QCOM,92.9,8.942954878308212,1.1139700820509695,236.0,249.4600067138672,231.52000427246094,243.2899932861328
2026-05-28,CIEN,92.4,6.281782807837305,2.8724522767020675,598.7999877929688,604.4299926757812,561.2999877929688,570.1799926757812
2026-05-28,TER,91.4,5.749370936923357,1.524628473259502,381.55999755859375,386.29998779296875,364.8299865722656,382.6499938964844
2026-05-28,COIN,90.9,7.767619425934061,-1.8931944465664037,170.49000549316406,182.64999389648438,169.1699981689453,182.25
2026-05-28,APP,90.4,6.61908445686765,-0.9985460040263014,562.1599731445312,606.3900146484375,560.4879760742188,599.8900146484375
2026-05-28,NCLH,86.5,4.734356546955179,-2.8650163564343907,17.6299991607666,18.579999923706055,17.6200008392334,18.280000686645508
2026-05-28,CEG,85.7,4.953581493319572,-1.196822315339999,285.2250061035156,289.8900146484375,281.1099853515625,286.30999755859375
2026-05-28,TTD,84.3,5.9446882365870115,-4.710637511359377,21.239999771118164,21.760000228881836,20.799999237060547,21.149999618530273
2026-05-28,HOOD,84.0,5.0611860657559955,-1.8168727210274933,74.84500122070312,84.91999816894531,73.52999877929688,84.83999633789062
2026-05-28,BLDR,82.8,4.739161769160741,-1.8716981473974972,76.0199966430664,77.30999755859375,74.55000305175781,76.72000122070312
2026-05-29,SMCI,96.6,6.229678176377802,7.748186009814578,44.5,48.34000015258789,44.16999816894531,46.09000015258789
2026-05-29,QCOM,96.3,8.048595494385523,2.8361253424666555,250.19000244140625,259.9200134277344,247.50999450683594,251.02000427246094
2026-05-29,SNDK,95.3,7.937785726847034,2.4585161784208656,1682.0,1708.824951171875,1641.0799560546875,1694.97998046875
2026-05-29,ECHO,94.9,6.43876158291854,-3.669798519267727,126.26000213623047,129.3800048828125,121.26000213623047,129.19000244140625
2026-05-29,COIN,91.0,7.628060919664291,-1.108369971171982,180.22999572753906,191.8300018310547,178.85000610351562,189.02999877929688
2026-05-29,F,89.8,4.95924402550234,1.381378663698916,16.8799991607666,17.780000686645508,16.81999969482422,17.440000534057617
2026-05-29,HOOD,87.9,5.189094605575393,0.9665338986495504,85.66000366210938,94.4000015258789,84.23500061035156,94.30000305175781
2026-05-29,NCLH,86.9,4.681149632135575,1.4770160846453746,18.549999237060547,18.639999389648438,18.139999389648438,18.34000015258789
2026-05-29,RDDT,85.4,5.536616881493172,0.6052831861595896,168.7050018310547,176.69000244140625,166.49000549316406,176.0
2026-05-29,DLTR,84.1,4.473451597500691,-1.7610600564332133,111.01000213623047,116.87999725341797,110.04000091552734,116.44000244140625
2026-06-01,NOW,94.5,5.437116255612184,9.166198660546547,135.77000427246094,139.1999969482422,131.61000061035156,135.86000061035156
2026-06-01,WDAY,94.0,5.4684211676810754,3.9742783101207135,152.0,158.63999938964844,149.05999755859375,157.22999572753906
2026-06-01,INTC,93.8,8.142534398066424,-4.5779560394394725,109.43000030517578,113.30000305175781,106.33000183105469,109.33000183105469
2026-06-01,HOOD,93.5,5.225267661597009,-4.623542385209169,89.94000244140625,92.4000015258789,85.55999755859375,90.7300033569336
2026-06-01,COIN,92.1,7.143234227677818,-5.194938437731822,179.2100067138672,186.60000610351562,176.17999267578125,182.61000061035156
2026-06-01,RDDT,89.6,5.334454078178901,2.215905623002486,179.89999389648438,182.64500427246094,174.85000610351562,177.85000610351562
2026-06-01,AXON,84.7,5.430684935824371,1.4998241593910957,455.45001220703125,484.8399963378906,452.0199890136719,476.8800048828125
2026-06-01,CF,83.6,4.676076295420909,2.0560794119818095,114.66000366210938,117.04000091552734,113.23999786376953,113.30000305175781
2026-06-01,VEEV,82.1,3.9995737871708084,4.818176741837983,182.74000549316406,191.97000122070312,179.32000732421875,188.66000366210938
2026-06-01,NCLH,81.0,4.626888186731302,-2.5081842311565086,17.8799991607666,18.469999313354492,17.790000915527344,18.059999465942383
2026-06-02,MRVL,98.0,7.132113971925678,15.508369490932344,253.4600067138672,291.29998779296875,252.42999267578125,290.7900085449219
2026-06-02,INTU,95.4,6.772549673878762,-6.750340406942438,329.8800048828125,332.42999267578125,315.5,322.1400146484375
2026-06-02,LITE,94.3,8.940962962306383,3.329282307493094,935.1300048828125,1035.0,935.0120239257812,1029.1500244140625
2026-06-02,AXON,92.5,5.286294823263789,-3.4033741864091063,460.6499938964844,493.75,456.6099853515625,490.1199951171875
2026-06-02,TTD,87.6,5.211332157733442,-2.971570401004044,22.530000686645508,22.600000381469727,21.0,21.100000381469727
2026-06-02,COIN,85.4,6.917551651640033,-2.9790276672820264,177.1699981689453,178.5500030517578,171.6699981689453,173.99000549316406
2026-06-02,DLTR,85.2,4.771954609599584,1.4997738588505123,113.0199966430664,114.52999877929688,108.61000061035156,109.38999938964844
2026-06-02,FDS,85.2,4.440253594879517,-2.004796955295608,265.4200134277344,265.92999267578125,249.24000549316406,255.82000732421875
2026-06-02,CVNA,85.0,5.277163929622658,-4.492961185079225,67.80999755859375,68.31999969482422,64.15499877929688,65.5999984741211
2026-06-02,HOOD,84.7,5.619813293366876,-2.2704784655238917,88.66999816894531,89.43000030517578,86.12999725341797,88.16000366210938
2026-06-03,MRVL,98.5,6.8308980375770405,9.230027012342937,317.6300048828125,324.20001220703125,294.010009765625,301.6499938964844
2026-06-03,HPE,96.9,6.108510815018274,-3.5084615621874446,54.18000030517578,55.9900016784668,52.61000061035156,55.150001525878906
2026-06-03,COHR,96.2,6.901910923230263,2.129353235253496,435.9800109863281,440.0,409.17999267578125,417.42999267578125
2026-06-03,AXON,92.3,5.3903708538143915,-1.8607678136059136,481.0,485.3599853515625,465.260009765625,481.4800109863281
2026-06-03,CVNA,90.9,6.063807857814666,-1.7682866763670078,64.44000244140625,64.90499877929688,61.029998779296875,63.650001525878906
2026-06-03,APP,88.0,5.9301184963785705,-1.788223338098865,594.7999877929688,599.6420288085938,565.0399780273438,570.8300170898438
2026-06-03,RDDT,87.6,5.522208715678391,-1.2593891215744637,167.0,170.49000549316406,159.11000061035156,169.49000549316406
2026-06-03,COIN,86.2,6.9597580694032395,-1.408133875326252,171.5399932861328,172.0,162.75,163.22000122070312
2026-06-03,HOOD,84.5,5.807946814201256,-1.9453310980546776,86.44499969482422,86.81500244140625,82.41000366210938,82.8499984741211
2026-06-03,PODD,83.8,4.992928991599699,1.432288597785456,144.47000122070312,145.33999633789062,141.4499969482422,143.3000030517578
2026-06-04,MRVL,97.7,6.954369488439357,-6.199231582239083,282.95001220703125,321.5,277.55999755859375,316.42999267578125
2026-06-04,NOW,96.3,7.308250821689849,3.426633471790557,121.94000244140625,124.80000305175781,119.36000061035156,119.36000061035156
2026-06-04,SMCI,96.1,6.737663911666162,-4.5972091409867755,45.2400016784668,47.84000015258789,45.209999084472656,46.900001525878906
2026-06-04,CHTR,87.0,5.613630115359842,1.9765934116233868,131.55999755859375,132.94000244140625,126.69999694824219,129.0500030517578
2026-06-04,VRT,86.4,5.535001915569666,-3.12122892363663,321.0950012207031,326.8599853515625,306.0,323.9200134277344
2026-06-04,TTD,84.1,6.2729294833498415,1.8968935171574643,20.950000762939453,21.90999984741211,20.540000915527344,21.030000686645508
2026-06-04,DLTR,82.9,4.980316646515377,2.0977783203125,114.86000061035156,115.2300033569336,109.05999755859375,109.2699966430664
2026-06-04,FDS,82.0,5.001465259334217,2.3871479382452536,259.489990234375,264.3699951171875,254.82000732421875,255.02000427246094
2026-06-04,GPN,79.4,4.344667202493966,2.063377387418639,69.25,70.33000183105469,67.62999725341797,67.80999755859375
2026-06-04,VEEV,78.7,4.60297083390994,2.316472337383162,182.86000061035156,185.6300048828125,174.6300048828125,178.60000610351562
2026-06-05,MRVL,98.7,7.286874320470275,-5.350312254732429,299.5,300.7200012207031,261.3900146484375,263.4700012207031
2026-06-05,LITE,97.1,9.114927513580048,-3.4346321354470506,912.6199951171875,974.0,853.0999755859375,863.6599731445312
2026-06-05,COHR,97.0,7.368536666865998,-3.9416935585196446,405.2699890136719,417.760009765625,375.0899963378906,376.989990234375
2026-06-05,ECHO,92.8,6.965203601772396,-2.92041030766464,121.0,121.8499984741211,113.5,116.27999877929688
2026-06-05,APP,90.7,6.369026933826838,3.4077662205076464,577.9149780273438,595.0,548.780029296875,557.2000122070312
2026-06-05,HOOD,89.1,5.943944292378638,-1.9925303970860948,86.56999969482422,87.33000183105469,79.48999786376953,82.47000122070312
2026-06-05,AXON,86.3,5.2528945018290925,-1.2548718410412416,506.760009765625,514.989990234375,481.0,486.1199951171875
2026-06-05,FIX,85.1,5.090486483417339,-2.4359550859803045,1868.010009765625,1926.8399658203125,1825.22998046875,1843.93994140625
2026-06-05,MRNA,85.0,4.855314827768263,-1.5894547245568973,50.77000045776367,51.529998779296875,46.380001068115234,47.439998626708984
2026-06-05,RDDT,84.5,5.654394817286266,-0.9406834603225859,182.17999267578125,186.4499969482422,167.0399932861328,173.4499969482422
2026-06-08,MRVL,99.5,9.993275274662587,9.572247733652558,288.69000244140625,304.9599914550781,281.3599853515625,288.8500061035156
2026-06-08,INTC,98.4,8.918308360132398,11.929012856187796,111.0,112.54000091552734,106.66000366210938,110.2699966430664
2026-06-08,MU,98.2,8.534457216243803,8.594808963587017,938.27001953125,962.9500122070312,916.5,949.280029296875
2026-06-08,COIN,92.6,6.773996499289225,2.7624717076608136,156.61000061035156,164.27999877929688,154.97999572753906,162.11000061035156
2026-06-08,HOOD,92.6,6.760381693597896,2.6070104208258136,84.62000274658203,85.62999725341797,82.81400299072266,85.04000091552734
2026-06-08,TTD,92.1,7.030432842332327,-1.8796991762357562,19.575000762939453,19.989999771118164,19.100000381469727,19.43000030517578
2026-06-08,ECHO,91.3,7.750996172330211,1.7285880266007885,118.29000091552734,118.66000366210938,109.69999694824219,116.62000274658203
2026-06-08,VRT,89.8,6.585303531489378,2.908385727713872,309.25,310.60699462890625,300.2200012207031,300.57000732421875
2026-06-08,GNRC,85.7,5.440578079368938,2.1067443098674086,267.04998779296875,271.04998779296875,264.0,265.8900146484375
2026-06-08,FCX,82.6,4.947136313275923,1.956764556363101,64.61000061035156,65.72000122070312,63.70000076293945,63.90999984741211
2026-06-09,INTU,95.2,8.045095440045491,-2.0981321256959378,299.1000061035156,308.739990234375,291.17999267578125,293.7799987792969
2026-06-09,NOW,94.7,7.443108310693853,-3.3978498991655837,110.30999755859375,112.38999938964844,103.08000183105469,106.97000122070312
2026-06-09,COIN,93.7,6.394687429065026,-2.9979647104148035,157.25,164.97999572753906,149.89999389648438,155.5
2026-06-09,MU,92.0,7.806893308658756,4.097838591181485,988.1799926757812,989.1500244140625,854.3499755859375,935.8900146484375
2026-06-09,ECHO,87.7,7.533626919625534,1.4234230780478145,118.27999877929688,121.47000122070312,113.29000091552734,116.7699966430664
2026-06-09,CVNA,86.7,5.8462413675943345,2.5197985268511855,71.19999694824219,73.55000305175781,67.19999694824219,69.61000061035156
2026-06-09,ALB,86.2,4.61635261920682,3.7373239724910015,155.44000244140625,156.67999267578125,147.6999969482422,152.7899932861328
2026-06-09,TTD,84.5,6.961987878793319,-1.3638671409482517,19.165000915527344,20.12700080871582,19.059999465942383,19.889999389648438
2026-06-09,RDDT,82.5,6.630546859006047,4.335883806014279,178.5500030517578,183.1199951171875,166.89999389648438,178.11000061035156
2026-06-09,VEEV,81.7,5.305464020883691,-1.034448056388541,165.50999450683594,172.67999267578125,165.11000061035156,167.67999267578125
2026-06-10,SMCI,98.7,9.647427927457029,-12.401577242176586,35.599998474121094,36.5099983215332,29.139999389648438,29.270000457763672
2026-06-10,QCOM,97.7,9.699639742782109,-2.901368663325758,199.4600067138672,204.89999389648438,190.10000610351562,191.1999969482422
2026-06-10,MU,96.6,8.384608299703377,-3.2867120371168665,905.1300048828125,957.47998046875,883.25,891.8800048828125
2026-06-10,APP,95.3,7.3536981832203345,-2.851170389255544,505.989990234375,517.1199951171875,492.6300048828125,492.9800109863281
2026-06-10,VRT,88.7,6.2285344215041425,-1.726996473381286,284.5199890136719,294.3500061035156,275.17999267578125,280.9800109863281
2026-06-10,TTD,86.7,6.419235242356988,-1.5837035514084652,19.575000762939453,20.584999084472656,19.200000762939453,19.290000915527344
2026-06-10,COIN,83.5,6.899861803173088,-1.7170406231159567,152.8300018310547,161.7100067138672,152.19000244140625,153.97000122070312
2026-06-10,AXON,80.9,6.555971574566991,-0.850811257304499,448.6600036621094,462.989990234375,437.9800109863281,447.5899963378906
2026-06-10,GNRC,80.3,5.470379608464668,-1.2452584856152626,257.739990234375,258.1199951171875,237.0,239.11000061035156
2026-06-10,RDDT,79.2,6.726820557892031,-2.0549119362007677,174.4499969482422,179.8000030517578,170.8000030517578,172.2100067138672
2026-06-11,MRVL,97.6,12.30848283330327,3.1473978868096135,260.5400085449219,282.32000732421875,258.42999267578125,280.7099914550781
2026-06-11,ON,95.8,8.075831824038394,3.1678365718152697,113.66000366210938,116.4000015258789,110.76000213623047,115.95999908447266
2026-06-11,TER,94.8,8.114035024456594,3.1531377687935436,358.54998779296875,381.5400085449219,356.6000061035156,381.3999938964844
2026-06-11,GNRC,92.4,6.459071457511502,2.998619108629164,246.27999877929688,259.760009765625,243.22999572753906,257.3299865722656
2026-06-11,APP,87.4,7.855680191395334,-1.3824094871049957,486.1650085449219,495.0,472.0,478.57000732421875
2026-06-11,ECHO,87.1,7.444093768162172,2.160712894239734,117.7300033569336,128.4600067138672,115.5199966430664,128.1300048828125
2026-06-11,GEV,84.0,4.985830785496613,2.419585027962391,888.0700073242188,920.52001953125,884.7349853515625,906.7899780273438
2026-06-11,VST,81.9,4.913689687181907,1.768451224023904,140.99000549316406,146.89999389648438,139.57000732421875,146.3800048828125
2026-06-11,ALB,80.5,4.741687836396595,2.784951820078543,151.32000732421875,159.74000549316406,151.32000732421875,159.05999755859375
2026-06-11,FCX,79.6,5.242084389289423,1.5302785441719564,63.029998779296875,66.5999984741211,62.34000015258789,66.33999633789062
2026-06-12,SMCI,99.3,14.497967871227655,-3.784795465939269,30.760000228881836,31.809999465942383,29.450000762939453,30.459999084472656
2026-06-12,MRVL,98.5,11.634019217981697,-3.790383119498647,270.07000732421875,287.9800109863281,267.30999755859375,279.70001220703125
2026-06-12,FSLR,94.5,7.487922848999112,2.054053372728471,276.739990234375,279.17999267578125,266.3299865722656,267.30999755859375
2026-06-12,GNRC,90.0,6.319012858260852,2.8679148439391002,264.7099914550781,264.7099914550781,255.69000244140625,262.3599853515625
2026-06-12,VRT,89.3,6.221823899603029,1.879953676554657,303.4800109863281,305.19000244140625,295.1000061035156,302.8699951171875
2026-06-12,ECHO,88.3,6.668452594744298,2.3413719547921623,131.1300048828125,131.22000122070312,106.55999755859375,114.08000183105469
2026-06-12,MOS,82.5,4.717874547752436,1.94404857489676,21.5,22.850000381469727,21.350000381469727,22.690000534057617
2026-06-12,APTV,81.0,5.325613187414719,1.3243106798165578,68.86000061035156,69.5999984741211,67.73999786376953,68.05000305175781
2026-06-12,FCX,80.0,5.031439997613165,1.3114301998915279,67.20999908447266,68.91999816894531,66.83000183105469,68.41000366210938
2026-06-12,UAL,79.6,4.729344309936285,1.2432301911826937,114.01000213623047,116.51000213623047,111.83000183105469,115.5199966430664
2026-06-15,MRVL,96.2,12.00699633256007,6.081508225125229,296.7099914550781,312.9800109863281,288.0899963378906,308.8800048828125
2026-06-15,SNDK,96.0,7.827862917521809,6.111819761310338,2101.1201171875,2119.89990234375,2021.1099853515625,2107.860107421875
2026-06-15,TER,95.6,7.66599398389389,5.766368873040067,426.45001220703125,437.7699890136719,423.0299987792969,432.4100036621094
2026-06-15,RDDT,92.4,7.586849293758936,4.139414683792907,168.80999755859375,182.0,167.90499877929688,181.8800048828125
2026-06-15,APP,89.6,7.895318945026715,2.5625563677071836,509.5,530.5499877929688,507.010009765625,520.8599853515625
2026-06-15,CVNA,88.3,6.482061358050963,4.461779529536529,66.95999908447266,70.5199966430664,66.92500305175781,68.9000015258789
2026-06-15,ECHO,87.3,8.549767018572037,2.8488779346384003,117.33000183105469,118.87999725341797,108.9000015258789,117.87000274658203
2026-06-15,HOOD,86.4,7.2720105447579115,5.934111636893554,98.72000122070312,100.87000274658203,97.44999694824219,98.12000274658203
2026-06-15,COIN,83.5,6.8509386312252465,6.39629571835205,170.0,174.44000244140625,168.6300048828125,169.6199951171875
2026-06-15,FCX,81.7,5.023283775861666,4.063731370382382,71.19000244140625,71.87999725341797,69.25,70.12999725341797
2026-06-16,MRVL,97.4,11.15389191705366,-3.156565606666285,299.1300048828125,317.0,278.1300048828125,278.6700134277344
2026-06-16,WDC,94.4,6.325427221125314,5.0877539683636686,686.780029296875,729.9199829101562,667.3499755859375,681.0800170898438
2026-06-16,ORCL,93.9,8.412434383263356,-1.3652434027955174,190.00999450683594,195.32000732421875,187.66000366210938,188.3300018310547
2026-06-16,FOXA,88.1,5.309533404650752,-1.716578991090564,53.81999969482422,54.5099983215332,51.380001068115234,52.34000015258789
2026-06-16,HOOD,88.0,7.27753288110218,2.0892737107416073,100.16999816894531,101.87999725341797,94.56999969482422,96.70999908447266
2026-06-16,FISV,84.1,5.0615727765858285,1.3149677940340556,48.540000915527344,50.119998931884766,48.29999923706055,49.83000183105469
2026-06-16,CVNA,83.9,6.1548841878342015,1.5965144408711416,70.0,71.5,68.68000030517578,70.04000091552734
2026-06-16,FOX,82.8,5.099016854637376,-0.9108233697868352,49.5,49.630001068115234,47.0099983215332,47.95000076293945
2026-06-16,TPL,81.8,5.330463590285294,-1.5436369486627843,357.17999267578125,363.8500061035156,354.0799865722656,356.3500061035156
2026-06-16,DLTR,81.0,5.127442590798617,1.2756931931646085,114.31999969482422,114.87999725341797,110.66999816894531,110.73999786376953
2026-06-17,SMCI,97.0,15.578860601150534,1.8822763769122037,29.770000457763672,29.84000015258789,27.709999084472656,27.780000686645508
2026-06-17,INTC,96.9,8.711173264062076,4.100807601210222,121.8499984741211,125.19999694824219,118.05999755859375,121.0999984741211
2026-06-17,MRVL,96.6,12.795215106683075,5.10280996716954,292.8900146484375,307.3699951171875,283.32000732421875,289.5400085449219
2026-06-17,MRNA,87.2,5.73749290351238,1.4620894156751554,56.209999084472656,62.29999923706055,54.5099983215332,61.79999923706055
2026-06-17,HOOD,87.1,7.68830301457501,-0.8013664907616954,95.93499755859375,110.72799682617188,95.76000213623047,105.19999694824219
2026-06-17,VRT,85.9,6.108310246884903,1.7089435957549601,304.7200012207031,329.70001220703125,303.20001220703125,317.5799865722656
2026-06-17,FIX,83.5,5.560071758239038,1.6959823192760557,1946.4000244140625,1977.47998046875,1924.72998046875,1931.77001953125
2026-06-17,FOX,82.5,5.537911231376643,-1.0010417822710853,47.470001220703125,48.66999816894531,46.5,46.72999954223633
2026-06-17,ECHO,82.1,8.219277134269017,-0.8018526997725751,120.0,124.19999694824219,110.58000183105469,111.69999694824219
2026-06-17,AXON,80.3,7.285257082297216,-0.8245542466947877,431.79998779296875,442.80999755859375,422.1099853515625,423.010009765625
2026-06-18,SNDK,96.2,8.030474933414453,4.387632435504587,2044.7449951171875,2191.68994140625,2029.0,2184.75
2026-06-18,TER,93.8,7.550211517276346,3.247990281223936,421.8299865722656,439.5,421.8299865722656,437.9200134277344
2026-06-18,HOOD,92.7,7.310769097901152,2.4952472206738614,107.82499694824219,109.08000183105469,103.45999908447266,108.1500015258789
2026-06-18,AMD,91.6,7.078326213336131,3.7269819991062914,531.5800170898438,539.6900024414062,526.3200073242188,537.3699951171875
2026-06-18,VRT,90.1,6.1386554537059785,4.29813747440172,331.2300109863281,337.7900085449219,326.5,333.04998779296875
2026-06-18,CVNA,89.4,7.038317516179044,2.449890074092271,64.4000015258789,68.0199966430664,64.0999984741211,66.55999755859375
2026-06-18,MRNA,89.4,5.844890950581213,3.495145427310603,63.959999084472656,67.73999786376953,60.72999954223633,63.959999084472656
2026-06-18,ECHO,86.3,8.990921654497724,-1.7188882913174757,109.77999877929688,110.63999938964844,104.13999938964844,109.16999816894531
2026-06-18,FDS,85.3,5.800325289765413,-4.2137583212364715,218.67999267578125,223.99000549316406,216.55999755859375,221.2899932861328
2026-06-18,RDDT,85.3,7.425342762533503,1.8379048555867534,169.0,176.22000122070312,165.8800048828125,174.9600067138672
2026-06-22,SNDK,97.7,7.739879209117993,4.969215764103444,2293.31494140625,2354.389892578125,2251.284912109375,2273.72998046875
2026-06-22,GLW,96.0,7.551817386053015,2.852451062396721,200.47999572753906,212.38999938964844,196.0,209.8300018310547
2026-06-22,TER,96.0,7.240885640908694,4.16057742556445,456.1400146484375,459.19000244140625,439.6099853515625,457.0
2026-06-22,ECHO,89.3,9.052069752468729,-3.453326652284241,105.4000015258789,108.73999786376953,104.04000091552734,106.4000015258789
2026-06-22,APP,87.3,7.141534516749871,-2.633538852104775,457.3399963378906,482.08099365234375,447.3500061035156,469.3900146484375
2026-06-22,GNRC,86.5,5.750107343695624,2.8801750745885046,287.19000244140625,296.0299987792969,286.010009765625,295.5400085449219
2026-06-22,RDDT,85.5,7.048671451180779,-1.7718369824856215,171.86000061035156,182.3000030517578,167.00999450683594,170.44000244140625
2026-06-22,CBOE,83.8,6.637322368824165,0.923319043201055,251.39999389648438,258.8699951171875,247.7100067138672,255.97999572753906
2026-06-22,DASH,83.4,5.028166151168471,-1.568085504106968,170.74000549316406,177.8800048828125,170.61000061035156,172.0800018310547
2026-06-22,NEM,82.5,4.833935943098766,-3.757588873183498,99.88999938964844,101.91999816894531,99.62000274658203,101.80000305175781
2026-06-23,SMCI,98.1,12.031665676492825,-6.232372085537865,33.25,34.40999984741211,32.810001373291016,33.31999969482422
2026-06-23,COHR,97.8,9.900247044663798,-8.646706683032413,388.69000244140625,399.1400146484375,379.5199890136719,381.2200012207031
2026-06-23,WDC,96.2,7.285786932729935,-9.201219403484691,665.2100219726562,682.530029296875,653.0,670.75
2026-06-23,VRT,90.7,5.8187279053950665,-5.587216582138589,337.9599914550781,337.9700012207031,316.510009765625,318.32000732421875
2026-06-23,HOOD,89.9,6.866021584824155,-3.8454285087618953,101.6449966430664,105.98999786376953,101.02999877929688,103.25
2026-06-23,GNRC,86.6,5.532244275446514,-4.581446894985727,282.0,283.8399963378906,272.0199890136719,274.5400085449219
2026-06-23,FIX,85.9,5.225477302272241,-6.121916137244999,1940.0,1990.6199951171875,1888.010009765625,1908.0699462890625
2026-06-23,ALB,85.3,5.608891379148106,-4.1227944433039925,150.22999572753906,152.94000244140625,149.0,149.97999572753906
2026-06-23,ECHO,85.3,9.208513121682582,-2.810148327904202,103.41000366210938,105.37999725341797,100.31999969482422,103.91999816894531
2026-06-23,CSGP,81.3,5.632151479330552,1.7453807011170914,29.729999542236328,30.600000381469727,29.729999542236328,30.260000228881836
2026-06-24,ORCL,93.9,8.455005803149167,-1.6226736952931868,162.47999572753906,165.75,155.35000610351562,157.52999877929688
2026-06-24,MU,93.6,9.510771777751618,2.8951149592042804,1082.219970703125,1083.3199462890625,991.0999755859375,1048.510009765625
2026-06-24,CIEN,90.5,8.463008902615323,-2.281183127698327,449.3599853515625,480.5899963378906,440.70001220703125,463.510009765625
2026-06-24,ECHO,89.1,9.409711561601709,-2.655883906338168,101.16000366210938,102.30999755859375,98.25,99.86000061035156
2026-06-24,VRT,87.6,6.98448208634476,1.699548736375568,323.7300109863281,323.739990234375,308.2799987792969,316.42999267578125
2026-06-24,LULU,86.4,5.328288217164249,1.8178510743843566,110.9000015258789,113.4000015258789,110.16999816894531,113.08999633789062
2026-06-24,APP,85.5,6.993949591319533,-1.6744415636590015,459.20001220703125,474.510009765625,456.8299865722656,464.9599914550781
2026-06-24,CCL,85.5,5.140766725137252,2.0543181291565937,29.309999465942383,30.0,28.790000915527344,28.90999984741211
2026-06-24,FCX,85.4,5.357143068694387,-2.6242273313101223,62.709999084472656,62.790000915527344,61.04999923706055,61.84000015258789
2026-06-24,MOS,80.8,5.452099968405331,-1.5058809168198528,20.93000030517578,21.479999542236328,20.850000381469727,20.860000610351562
2026-06-25,GLW,96.4,7.8598150859002525,6.179857701766775,218.5500030517578,230.5,213.02000427246094,228.00999450683594
2026-06-25,SMCI,94.9,12.313448670810208,2.742679102383533,33.34000015258789,33.68000030517578,31.360000610351562,31.68000030517578
2026-06-25,SNDK,94.7,10.027811553562966,16.915734844856196,2238.304931640625,2347.9990234375,2092.080078125,2335.0
2026-06-25,VRT,89.9,6.995048707075911,7.107423844931389,338.9200134277344,340.0,321.3399963378906,325.57000732421875
2026-06-25,GNRC,89.0,5.887942290667112,2.766236695414953,292.0,296.44000244140625,284.5799865722656,295.1600036621094
2026-06-25,APP,86.5,6.672985708490158,-3.008858932269366,450.9700012207031,451.80999755859375,418.4599914550781,445.92999267578125
2026-06-25,FCX,83.7,5.684023606743911,2.247735100612332,63.22999954223633,63.75,61.709999084472656,62.79999923706055
2026-06-25,HOOD,83.7,7.657900415977102,1.6462582919325457,98.79000091552734,99.19000244140625,92.80000305175781,93.47000122070312
2026-06-25,CBOE,82.4,5.314429068110185,1.5585558102185406,253.47999572753906,254.3300018310547,242.0399932861328,244.97999572753906
2026-06-25,COIN,82.0,7.0971774892514174,0.7061471949129102,151.1699981689453,152.19000244140625,141.47999572753906,142.52000427246094
2026-06-26,SNDK,98.2,9.222444596732563,-7.066590270342613,2169.9951171875,2256.110107421875,2063.0390625,2090.7099609375
2026-06-26,SMCI,96.3,12.54283836524398,-2.2411647253213296,30.969999313354492,31.709999084472656,30.280000686645508,30.6299991607666
2026-06-26,INTC,95.7,8.570137769928118,-3.1308711945472134,128.7100067138672,131.22999572753906,125.5,128.32000732421875
2026-06-26,ECHO,94.6,9.909162176703111,-2.3562103693823198,94.9000015258789,100.19999694824219,94.62000274658203,97.30000305175781
2026-06-26,COIN,94.2,7.780864132527605,-2.308453863523776,139.22999572753906,149.85000610351562,139.17999267578125,149.05999755859375
2026-06-26,VRT,87.9,6.757643682379802,-3.553769408708697,314.0,316.0,300.19000244140625,303.95001220703125
2026-06-26,ALB,86.8,6.267788365491564,-2.7578867816266657,137.16000366210938,137.6699981689453,132.3300018310547,133.6999969482422
2026-06-26,BLDR,83.7,5.286293566380228,-1.4202007652096862,87.45999908447266,90.0,87.45999908447266,89.13999938964844
2026-06-26,GNRC,82.7,5.667869933720882,-3.113566312299785,285.9700012207031,287.19000244140625,276.260009765625,278.6199951171875
2026-06-26,CVNA,80.9,6.395124582881685,-1.0573972515277805,65.5,65.88999938964844,61.849998474121094,62.349998474121094
2026-06-29,WDC,98.2,10.997769153674348,2.4059996688313356,600.5599975585938,652.97998046875,590.0,651.8800048828125
2026-06-29,STX,96.1,9.501214802371303,1.7879725951545453,915.989990234375,987.5700073242188,880.010009765625,968.530029296875
2026-06-29,QCOM,95.4,8.826079763943806,1.9219596606891327,193.02999877929688,194.58999633789062,183.5800018310547,188.72000122070312
2026-06-29,ECHO,93.8,9.489795934369601,2.929083643096151,100.1500015258789,102.68000030517578,99.22000122070312,100.83999633789062
2026-06-29,HOOD,93.4,7.403267390310021,1.9961507467514195,100.66000366210938,102.8499984741211,98.05000305175781,101.83000183105469
2026-06-29,CVNA,91.6,6.896553291361436,2.822778154454924,64.11000061035156,66.01000213623047,63.220001220703125,63.720001220703125
2026-06-29,AXON,90.9,5.895396550184846,4.831878885069404,487.2900085449219,524.780029296875,486.0299987792969,510.6000061035156
2026-06-29,COIN,89.4,7.172090164876583,1.180739161714504,150.82000732421875,152.44000244140625,145.2899932861328,151.64999389648438
2026-06-29,APP,87.3,6.659620258845281,2.779410190919095,490.3399963378906,506.4909973144531,483.0,498.760009765625
2026-06-29,FIX,86.7,6.0932884665367375,1.3568993298947218,1879.3900146484375,1965.800048828125,1849.989990234375,1948.68994140625
2026-06-30,WDC,97.6,10.310725463062425,-2.9821443050551846,632.4400024414062,663.97998046875,630.2999877929688,638.719970703125
2026-06-30,SNDK,93.9,10.804564847315506,2.8940880027462383,2109.72998046875,2280.800048828125,2070.0,2273.72998046875
2026-06-30,GLW,93.7,7.24733649166271,-1.251514301571293,252.49000549316406,271.7799987792969,250.5,255.42999267578125
2026-06-30,ALB,92.3,6.596627065580159,4.841195436478763,136.0,139.27999877929688,133.13999938964844,135.02999877929688
2026-06-30,AXON,91.5,5.900062045235944,2.1249522079551184,521.4500122070312,562.0599975585938,520.1300048828125,560.6099853515625
2026-06-30,CHTR,88.5,5.654375441675207,-1.163027276142747,144.47000122070312,145.0500030517578,138.8300018310547,142.2100067138672
2026-06-30,ECHO,85.8,8.903071299411703,-2.836169263011356,97.9800033569336,102.77999877929688,97.52999877929688,101.5
2026-06-30,CBOE,85.4,6.136111957032654,-0.9718802874117657,229.25999450683594,242.97999572753906,229.0,242.6699981689453
2026-06-30,COIN,83.9,6.826812399379742,-2.288164431494625,148.17999267578125,148.86000061035156,142.3000030517578,146.19000244140625
2026-06-30,RDDT,82.8,6.714343450514796,-1.0264311556841856,172.60000610351562,175.3800048828125,169.75,173.5800018310547
2026-07-01,SNDK,98.9,9.628326458246212,-8.29298378494691,2085.169921875,2129.97998046875,2002.050048828125,2032.219970703125
2026-07-01,ON,96.5,10.437758786003764,-2.686694405468502,92.0,96.83000183105469,91.6500015258789,94.62999725341797
2026-07-01,SMCI,96.3,11.304854261275214,-3.5799496753898117,28.280000686645508,28.6299991607666,27.479999542236328,27.649999618530273
2026-07-01,AXON,91.0,5.480127859546923,3.551494746780469,580.52001953125,610.989990234375,560.6199951171875,593.9600219726562
2026-07-01,APP,90.7,5.815503933140337,3.4373042416017574,532.9400024414062,574.75,521.9299926757812,564.6099853515625
2026-07-01,VRT,90.5,6.570909402558142,-2.6939906020955244,325.79998779296875,327.2149963378906,309.510009765625,311.4200134277344
2026-07-01,FOXA,88.6,5.97406333912409,3.009968748882413,53.72999954223633,55.0099983215332,53.11000061035156,54.130001068115234
2026-07-01,GEV,86.0,4.850783653441321,-2.4224129932371223,1146.4000244140625,1161.68994140625,1116.5899658203125,1134.3499755859375
2026-07-01,CSGP,84.9,5.5412634830133785,2.6836166563262145,29.079999923706055,30.020000457763672,28.770000457763672,29.360000610351562
2026-07-01,FOX,84.8,5.707270152361601,2.263025981720564,47.900001525878906,49.31999969482422,47.755001068115234,48.41999816894531
2026-07-02,HOOD,95.2,6.556897983224681,3.7827892799178824,112.76000213623047,120.05000305175781,110.93000030517578,112.7300033569336
2026-07-02,RDDT,93.3,6.209475385088728,-1.8962379167493222,194.00999450683594,198.72000122070312,184.3800048828125,194.6699981689453
2026-07-02,COIN,93.2,6.640471646432291,3.736496321897962,165.19000244140625,173.08999633789062,163.22000122070312,165.47999572753906
2026-07-02,GLW,92.8,9.12387208799502,1.477584387747932,223.88999938964844,224.00999450683594,193.5399932861328,196.7899932861328
2026-07-02,APP,92.6,5.702989499179896,-2.5460052731885714,550.2349853515625,576.4600219726562,524.8200073242188,527.0599975585938
2026-07-02,MRNA,92.4,7.158424114358835,1.668964254445043,73.70999908447266,81.4000015258789,73.68000030517578,79.76000213623047
2026-07-02,LITE,90.9,8.91506450537031,-2.9438516311454834,777.5750122070312,803.9000244140625,710.010009765625,728.3200073242188
2026-07-02,SMCI,90.7,9.498835788081038,1.4466532515327943,28.049999237060547,29.219999313354492,26.700000762939453,27.219999313354492
2026-07-02,FDS,90.1,5.38936055345856,1.8122569305381777,250.0,254.82000732421875,245.80999755859375,250.08999633789062
2026-07-02,AXON,83.0,5.477521630293866,-1.1616984576076657,587.0599975585938,603.0,575.8200073242188,597.0399780273438
2026-07-06,SNDK,99.5,13.383994928110928,4.795418550770057,1828.6800537109375,1837.77001953125,1713.199951171875,1744.4300537109375
2026-07-06,WDC,99.1,12.89080051853838,5.194805194805195,567.0,601.0,563.6099853515625,577.4600219726562
2026-07-06,STX,98.7,11.405354101395575,5.29896890798371,863.6199951171875,886.8900146484375,848.0,868.260009765625
2026-07-06,APP,92.5,6.49743172818668,-2.3166284728901,514.8499755859375,545.3499755859375,513.4039916992188,543.7899780273438
2026-07-06,MRNA,92.1,6.950136772799269,-1.5170499649761444,78.55000305175781,85.5999984741211,77.5,81.80000305175781
2026-07-06,FIX,90.6,6.3410754056633785,1.775105452399029,1772.2099609375,1831.6300048828125,1766.1300048828125,1793.030029296875
2026-07-06,VRT,90.0,7.534547099430183,3.8132604071562617,311.989990234375,329.3800048828125,308.0199890136719,318.4700012207031
2026-07-06,GNRC,89.5,6.434395257450197,1.3219331471067788,256.0,264.989990234375,256.0,257.80999755859375
2026-07-06,FOX,84.6,5.598722335132722,-1.008706729386847,50.04999923706055,50.61000061035156,49.43000030517578,49.900001525878906
2026-07-06,COIN,82.7,6.583877981637684,-2.483684261823787,161.3699951171875,171.6699981689453,160.10000610351562,168.8699951171875
2026-07-07,SNDK,98.9,13.25746146528616,-7.1742644050318924,1619.280029296875,1638.8800048828125,1485.02001953125,1617.699951171875
2026-07-07,MU,95.6,10.767347540364442,-6.269610584856562,923.010009765625,942.02001953125,891.6599731445312,938.3800048828125
2026-07-07,LRCX,95.2,8.83168832961493,-7.935467611718122,322.4100036621094,330.75,313.1000061035156,326.1300048828125
2026-07-07,VRT,89.1,7.530874151900684,-4.30967000059891,304.7449951171875,306.2300109863281,287.1099853515625,305.5799865722656
2026-07-07,AXON,88.5,5.423453943404059,2.4696707190703706,637.719970703125,665.0700073242188,624.0,640.4600219726562
2026-07-07,CSGP,85.8,5.291190512299398,3.379788458427709,29.670000076293945,30.139999389648438,29.190000534057617,29.8700008392334
2026-07-07,HOOD,85.6,6.354559025087185,-1.5099970053572562,115.7750015258789,117.8499984741211,112.52999877929688,112.9000015258789
2026-07-07,ECHO,84.2,6.982978398810513,2.2586236646910245,100.51000213623047,101.68000030517578,97.30000305175781,97.91000366210938
2026-07-07,GEV,83.6,5.213043134976373,-4.791506490269893,1096.8399658203125,1099.2559814453125,1028.0,1077.0799560546875
2026-07-07,COIN,83.2,6.515155497170961,-1.2139443668167094,166.82000732421875,170.10000610351562,161.69000244140625,163.50999450683594
2026-07-08,MRNA,94.8,7.7614220227929245,-3.0462585024904802,77.33999633789062,78.30000305175781,73.33999633789062,73.80000305175781
2026-07-08,MU,94.6,11.126092708029663,-3.808690514333616,902.6400146484375,959.0,900.4099731445312,948.7999877929688
2026-07-08,INTC,94.5,10.18661068848234,-1.8932841284956192,108.30000305175781,110.48999786376953,104.41000366210938,110.23999786376953
2026-07-08,MRVL,94.3,11.76233913677243,-2.4013842043421074,225.16000366210938,236.7899932861328,224.97999572753906,231.7100067138672
2026-07-08,FIX,92.0,6.8849252676588995,-1.9864053705602454,1650.0,1697.0,1628.22998046875,1684.93994140625
2026-07-08,BLDR,91.6,5.935073953871335,-2.2443184747904055,76.66000366210938,76.66000366210938,72.97000122070312,74.19999694824219
2026-07-08,GNRC,90.7,7.4999993297817795,-1.6157750251417344,231.99000549316406,239.6300048828125,230.3000030517578,236.61000061035156
2026-07-08,COIN,89.3,6.455699683899077,-2.580882736514738,159.2899932861328,161.60000610351562,156.1999969482422,159.36000061035156
2026-07-08,CVNA,88.5,6.0836522287278445,-1.985473966965365,66.1500015258789,66.98100280761719,63.75,66.36000061035156
2026-07-08,HOOD,88.5,6.4669732126391395,-1.802483290173306,110.86499786376953,114.12999725341797,108.88999938964844,113.52999877929688
2026-07-09,SNDK,98.9,13.708927316549563,6.27803587503593,1835.613037109375,1952.5899658203125,1801.0,1858.27001953125
2026-07-09,WDC,98.4,11.984760461842885,7.96656874940038,594.1400146484375,601.5,574.0,578.0499877929688
2026-07-09,MU,97.9,10.764427479778176,7.136385206976921,1016.510009765625,1035.5,987.1300048828125,991.6400146484375
2026-07-09,VRT,92.6,7.9097137196629825,4.952641627163747,333.54998779296875,338.8800048828125,322.3800048828125,323.9200134277344
2026-07-09,FIX,90.6,6.813977959867108,4.220928915017777,1756.06005859375,1814.719970703125,1756.06005859375,1781.4200439453125
2026-07-09,GNRC,89.4,7.51387132697054,2.873928842490488,243.41000366210938,244.0,235.6999969482422,235.86000061035156
2026-07-09,FDS,83.4,5.282924772203598,-1.5858315787347828,243.88999938964844,247.99000549316406,236.1999969482422,241.89999389648438
2026-07-09,HOOD,82.1,6.300850710476152,-1.1450677674105163,112.2300033569336,117.6500015258789,111.62999725341797,115.11000061035156
2026-07-09,SW,81.9,4.436447011634981,1.9486683914996072,42.900001525878906,43.5099983215332,42.75,42.9900016784668
2026-07-09,CHTR,80.6,6.443763374069417,-2.0817724420131136,130.75999450683594,135.47999572753906,130.24000549316406,134.35000610351562
2026-07-10,TER,97.9,10.967410651790328,-2.5609947746166437,353.4599914550781,362.54998779296875,344.9700012207031,359.6000061035156
2026-07-10,KLAC,96.1,10.097470043548388,-2.043395936782397,224.8300018310547,232.10000610351562,222.1300048828125,231.52000427246094
2026-07-10,LRCX,95.7,8.95764499441264,-3.3440064635013083,341.3599853515625,354.7300109863281,338.1300048828125,350.3299865722656
2026-07-10,HOOD,89.7,5.659120430432794,3.5183763619870976,119.16000366210938,119.43000030517578,108.80999755859375,111.97000122070312
2026-07-10,GNRC,88.6,7.376955184259569,-1.098107492236203,233.27000427246094,236.6699981689453,232.6300048828125,233.94000244140625
2026-07-10,APP,87.4,6.333198184028954,1.1855548290815054,526.5999755859375,534.030029296875,504.19000244140625,506.9800109863281
2026-07-10,RDDT,86.9,5.917543186170396,2.7407546103924,205.8000030517578,208.0500030517578,192.61000061035156,195.33999633789062
2026-07-10,FIX,86.6,6.710537726607807,-1.8204608071611585,1748.989990234375,1769.4000244140625,1722.5699462890625,1756.0899658203125
2026-07-10,TTD,86.2,4.822783099376271,2.4303774290446993,20.229999542236328,20.378000259399414,19.389999389648438,19.530000686645508
2026-07-10,VRT,86.0,7.561391717467944,-1.1144775622041054,320.30999755859375,323.80999755859375,315.67999267578125,318.8599853515625
2026-07-13,SNDK,99.4,12.469409811737096,-6.423026836774541,1792.8599853515625,1800.0,1646.1700439453125,1673.969970703125
2026-07-13,STX,98.3,9.6846861192392,-4.475256505006936,869.5999755859375,877.72998046875,840.010009765625,860.6599731445312
2026-07-13,WDC,97.8,10.402561000094513,-5.307341787535142,551.6699829101562,559.989990234375,532.1599731445312,555.5499877929688
2026-07-13,MRNA,96.3,8.923602599348845,-2.8416506626688802,66.33000183105469,69.55000305175781,65.54000091552734,67.01000213623047
2026-07-13,APP,89.6,6.587722745719981,-1.968521592579566,497.0,500.42999267578125,433.7099914550781,442.8500061035156
2026-07-13,COIN,89.3,6.524080653513395,-1.804243568133411,156.1999969482422,161.19000244140625,154.00999450683594,157.3699951171875
2026-07-13,CHTR,88.4,6.354974627016212,1.468674544246813,132.64999389648438,136.0,131.02999877929688,131.3699951171875
2026-07-13,CSGP,86.0,4.979116773082,1.7259590759161052,28.8799991607666,29.3799991607666,28.219999313354492,28.770000457763672
2026-07-13,TTD,85.3,4.947697896133563,3.8402456407123697,20.280000686645508,20.53499984741211,19.729999542236328,19.790000915527344
2026-07-13,VRT,84.2,7.413241568486714,-2.1702261895692394,311.94000244140625,316.0799865722656,302.07000732421875,305.8699951171875
2026-07-14,MRVL,98.2,10.493791295887474,6.45428613235395,231.57000732421875,232.0,218.6300048828125,222.44000244140625
2026-07-14,SNDK,96.2,14.698868451033709,7.94697823886278,1807.0,1812.5400390625,1711.469970703125,1757.8199462890625
2026-07-14,INTC,94.9,9.731381036742142,4.712956246030211,107.9800033569336,109.19000244140625,103.58999633789062,107.76000213623047
2026-07-14,AXON,92.5,7.063076666085412,-3.7511687535006817,526.510009765625,559.1400146484375,526.510009765625,547.260009765625
2026-07-14,APP,90.7,8.163311505136146,-2.111325725336012,433.5,459.57000732421875,431.1000061035156,448.9800109863281
2026-07-14,GEV,88.8,6.255780430523747,2.730670570668772,1071.0699462890625,1082.0,1057.469970703125,1066.010009765625
2026-07-14,VRT,87.1,7.524905915452101,3.1582057136426056,315.5299987792969,317.17999267578125,300.19000244140625,303.5799865722656
2026-07-14,FDS,86.5,5.083425880641545,-3.5916469216575884,253.66000366210938,255.74000549316406,248.6199951171875,252.61000061035156
2026-07-14,TTD,81.3,4.88991405985602,-3.663468155278797,19.065000534057617,19.469999313354492,18.905000686645508,18.940000534057617
2026-07-14,CVNA,78.4,5.819905614728427,1.8002859467581178,66.16000366210938,71.19000244140625,66.05999755859375,70.37999725341797
2026-07-15,SNDK,96.4,13.245160657900785,-2.3056916217229917,1717.2900390625,1729.5,1478.5,1615.0
2026-07-15,AMAT,95.1,8.874311594397529,2.464326401705583,610.3800048828125,611.719970703125,557.1599731445312,579.4299926757812
2026-07-15,KLAC,95.0,9.251266167547428,2.4265363177336052,235.9600067138672,236.5500030517578,216.47000122070312,224.5
2026-07-15,AXON,91.3,7.080339373957327,1.2590020329437714,554.1500244140625,560.0,534.5399780273438,541.1199951171875
2026-07-15,CVNA,86.4,5.750212674839718,1.1651033345051685,71.19999694824219,71.93000030517578,69.05999755859375,70.58999633789062
2026-07-15,CSGP,84.6,5.083607252193027,1.3005802253703274,28.040000915527344,29.25,27.959999084472656,28.489999771118164
2026-07-15,GNRC,84.1,6.51113044173413,0.8351123505639083,227.0,229.3300018310547,218.47000122070312,226.5800018310547
2026-07-15,PSKY,82.8,4.566102007509857,1.096495424611469,9.220000267028809,9.350000381469727,9.069999694824219,9.25
2026-07-15,CHTR,81.8,6.3906549484423465,0.8521587887449285,129.0,133.8699951171875,129.0,131.24000549316406
2026-07-15,COIN,81.3,5.9942502777221085,2.2724446866534445,165.1699981689453,168.5,160.3300018310547,167.2100067138672
2026-07-16,WDC,98.4,11.32481414583103,-5.285698419778222,486.67999267578125,498.7200012207031,453.94000244140625,466.80999755859375
2026-07-16,SNDK,98.3,14.942039007214728,-5.418576456075852,1527.489990234375,1551.6290283203125,1390.0400390625,1411.0799560546875
2026-07-16,GLW,97.7,11.730978581953382,-4.48942243371775,166.5800018310547,167.5,154.42999267578125,158.38999938964844
2026-07-16,FIX,89.3,6.298769159207652,-3.120858680009891,1682.5,1706.699951171875,1650.010009765625,1680.5999755859375
2026-07-16,ERIE,86.9,4.792942674543068,1.9934356500016115,214.3800048828125,232.0,214.0,225.94000244140625
2026-07-16,PNR,85.7,5.090938734189774,-1.430128956095344,63.40999984741211,66.25,62.310001373291016,65.69000244140625
2026-07-16,CAT,84.9,5.163902251167438,-2.464176808763161,891.77001953125,902.0,868.8800048828125,877.1699829101562
2026-07-16,MRNA,84.9,8.09481990663521,-1.7721135121630074,67.06999969482422,67.41999816894531,62.79999923706055,63.150001525878906
2026-07-16,ALB,82.1,4.956021325293079,-2.4450821505498403,121.69000244140625,122.5,117.58999633789062,119.45999908447266
2026-07-16,CSGP,80.7,5.049389694818,2.0358017843651637,29.06999969482422,30.520000457763672,28.959999084472656,30.3700008392334
2026-07-17,GLW,97.9,12.705979649892448,-4.773027077294018,150.8300018310547,158.3800048828125,146.94000244140625,154.61000061035156
2026-07-17,SNDK,97.5,16.045541695957496,-3.2510560300398796,1365.2049560546875,1501.199951171875,1325.030029296875,1354.8199462890625
2026-07-17,MRVL,96.5,11.28708039936977,-3.223583231992988,182.22999572753906,194.0500030517578,177.9499969482422,188.67999267578125
2026-07-17,HOOD,93.4,6.309051696988287,-5.329177584777709,100.37000274658203,104.11000061035156,96.58999633789062,99.95999908447266
2026-07-17,APP,92.9,8.1262511942314,-3.003594637396914,421.42999267578125,431.3900146484375,413.6300048828125,424.5400085449219
2026-07-17,MRNA,92.9,8.925574166506573,-2.327792850647387,61.68000030517578,63.279998779296875,61.060001373291016,61.81999969482422
2026-07-17,RDDT,88.7,6.8927471072432205,-2.0079894909884928,181.5399932861328,184.9499969482422,173.7100067138672,181.17999267578125
2026-07-17,VRT,86.0,7.175037590177738,-5.066129896499013,279.2099914550781,297.32501220703125,272.92999267578125,289.55999755859375
2026-07-17,GNRC,84.4,6.558839013109406,-2.841494213590736,209.25999450683594,219.10000610351562,206.3000030517578,214.91000366210938
2026-07-17,COIN,83.0,5.810330798686334,-4.442647291900178,153.36000061035156,160.8000030517578,152.5800018310547,157.1199951171875
2026-07-20,WDC,98.4,11.314638217553606,2.9629906740476204,491.3599853515625,505.989990234375,485.2799987792969,487.4200134277344
2026-07-20,TER,98.0,11.104709140629874,3.9893338049124254,335.2200012207031,351.2300109863281,331.2799987792969,333.760009765625
2026-07-20,STX,97.7,10.27600862818101,2.8387942956466325,810.02001953125,831.6400146484375,797.010009765625,802.4500122070312
2026-07-20,AXON,92.9,7.3937017147576665,-1.6931849477792853,501.6400146484375,532.1900024414062,500.1300048828125,527.47998046875
2026-07-20,VRT,92.5,7.263484627100373,1.8787133883386091,295.0,301.6600036621094,290.9599914550781,291.6700134277344
2026-07-20,FIX,89.8,6.367966078212617,1.5501206804774716,1700.010009765625,1734.3800048828125,1685.0,1712.1800537109375
2026-07-20,HOOD,84.3,6.910906515721277,2.5310112069517556,102.48999786376953,102.5999984741211,98.61000061035156,99.27999877929688
2026-07-20,APP,84.2,7.945189453991597,1.2248507996397469,429.739990234375,437.92999267578125,422.5450134277344,424.6000061035156
2026-07-20,FCX,80.2,4.62487275358082,1.0962647789295417,59.02000045776367,59.34000015258789,58.52000045776367,58.790000915527344
2026-07-20,CSGP,80.1,4.902618307605736,-0.9402306252164421,29.5,29.899999618530273,28.850000381469727,29.68000030517578
2026-07-21,GLW,97.0,11.066530652680616,5.3559742791244025,161.3000030517578,164.5,156.60000610351562,162.41000366210938
2026-07-21,AMAT,96.8,9.17198619911207,7.466235322159847,564.9500122070312,572.5,552.0,564.5499877929688
2026-07-21,LRCX,96.8,9.378899400290356,6.966356251427588,328.1300048828125,328.1400146484375,313.2900085449219,322.0
2026-07-21,HOOD,92.0,6.899964953264359,3.5606403158483304,102.81500244140625,108.20999908447266,102.81500244140625,106.36000061035156
2026-07-21,VRT,86.3,7.142367621608775,3.9016607266190344,303.04998779296875,306.45001220703125,297.1499938964844,304.5
2026-07-21,CAT,85.9,5.102559210261299,2.6830964675382014,887.489990234375,898.0,876.010009765625,889.969970703125
2026-07-21,GNRC,85.5,6.122927073956414,2.1055125407568873,217.74000549316406,218.99000549316406,212.13999938964844,215.61000061035156
2026-07-21,COIN,83.3,5.810277321618456,4.650007513834015,167.88999938964844,181.49000549316406,167.86000061035156,175.85000610351562
2026-07-21,ISRG,80.9,5.161819297859583,-1.74420347931658,347.010009765625,362.8500061035156,347.0,350.05999755859375
2026-07-21,APP,79.3,7.708113076773823,-1.2976942266651037,419.0899963378906,434.6000061035156,418.0,428.69000244140625
2026-07-22,SNDK,98.9,13.269894617283882,-3.9889281137663963,1526.0,1628.4000244140625,1516.010009765625,1599.27001953125
2026-07-22,TER,96.0,9.42164232489653,-3.045132709932972,362.6499938964844,376.3699951171875,360.79998779296875,369.4599914550781
2026-07-22,WDC,94.9,9.778104118256321,-4.130276593125607,525.739990234375,564.4299926757812,525.02001953125,556.6699829101562
2026-07-22,RDDT,94.1,7.056108612252237,-6.962980357510872,172.89999389648438,174.0,166.0,170.3800048828125
2026-07-22,COIN,90.8,5.776432908645777,-2.047202717409319,172.25,174.9600067138672,166.0,166.1199951171875
2026-07-22,CVNA,90.2,5.9913738616944014,-1.9975680869346097,64.2699966430664,64.29000091552734,62.689998626708984,62.75
2026-07-22,HOOD,89.9,6.812106926375687,-1.5419324748375598,104.72000122070312,106.88500213623047,104.33000183105469,104.4800033569336
2026-07-22,GEV,88.0,5.978882805510293,-5.357759539567929,1021.010009765625,1038.9849853515625,985.030029296875,985.030029296875
2026-07-22,APP,83.6,7.4676182629240415,-0.9645687424656414,424.55499267578125,424.6400146484375,407.07000732421875,412.4800109863281
2026-07-22,BLDR,83.2,5.644431539684786,1.089765069558879,70.5,72.54000091552734,70.27999877929688,71.02999877929688
2026-07-23,NOW,93.1,6.129718250277551,4.766397543888001,100.01000213623047,100.25,91.52999877929688,91.94000244140625
2026-07-23,MNST,92.5,11.206678956361603,97.0732694623729,94.2699966430664,94.54000091552734,93.12000274658203,93.55999755859375
2026-07-23,WDAY,91.1,6.190800152084171,2.597796774636256,135.86000061035156,136.3300018310547,127.11000061035156,127.87000274658203
2026-07-23,MRNA,88.3,8.098230524383911,-1.4981900059529512,57.20000076293945,58.43000030517578,56.275001525878906,57.02000045776367
2026-07-23,SNDK,88.2,12.476558344511862,-1.9802812257179103,1567.5999755859375,1696.3699951171875,1558.6099853515625,1610.3299560546875
2026-07-23,AXON,88.1,6.44062099484665,1.648051082312583,499.5899963378906,500.0,485.75,491.8999938964844
2026-07-23,RDDT,87.6,7.371882903759784,2.3711663166763746,174.4199981689453,179.2830047607422,168.28500366210938,168.77999877929688
2026-07-23,CVNA,84.0,5.880251403009614,-1.5617522585439492,61.77000045776367,61.88999938964844,59.540000915527344,60.189998626708984
2026-07-23,ECHO,83.1,4.844726417769852,-2.1781557897911625,90.2699966430664,92.36000061035156,89.22000122070312,91.51000213623047
2026-07-23,META,83.1,4.379082357625216,-2.991216141846575,608.4099731445312,614.6500244140625,597.219970703125,606.0999755859375
2026-07-24,SNDK,97.3,11.407129682856244,-3.674086591368001,1551.1650390625,1573.0899658203125,1411.5,1436.56005859375
2026-07-24,TER,96.1,7.612230617124044,-2.341137123745819,365.0,371.3599853515625,345.4700012207031,349.9200134277344
2026-07-24,NOW,95.8,6.743528446101561,3.2412395566752634,94.91999816894531,98.93000030517578,94.87000274658203,98.77999877929688
2026-07-24,AXON,87.2,6.24749684377087,1.5958540762185054,499.75,505.7099914550781,487.5299987792969,502.3399963378906
2026-07-24,TTD,85.8,5.459456128646918,1.0124964840716517,16.959999084472656,17.510000228881836,16.860000610351562,17.290000915527344
2026-07-24,ROL,83.4,4.093017764858422,-1.622716561696395,38.79999923706055,39.04999923706055,37.900001525878906,38.560001373291016
2026-07-24,DECK,82.3,3.9065622383911784,-2.3069740655300195,94.01000213623047,97.11000061035156,91.80000305175781,96.04000091552734
2026-07-24,VEEV,80.9,4.039981216926834,1.5035064710503185,182.27999877929688,187.19000244140625,182.0,186.24000549316406
2026-07-24,CHTR,80.8,4.4517224148664685,-11.620550947227027,111.80000305175781,125.73999786376953,111.55000305175781,123.30999755859375
2026-07-24,GEV,80.2,6.552839099327958,-0.8141039937458479,1022.7949829101562,1037.9100341796875,997.0399780273438,1014.75
2026-07-27,WDAY,92.8,6.123203732461806,4.588449003916956,141.5500030517578,150.24000549316406,140.19000244140625,147.5399932861328
2026-07-27,SNDK,92.7,13.15619928111962,1.8398069389801417,1462.989990234375,1462.989990234375,1222.010009765625,1278.22998046875
2026-07-27,ORCL,91.5,5.886845782582033,2.617620829766834,118.0,121.98999786376953,116.80000305175781,119.9000015258789
2026-07-27,HOOD,90.2,6.759035004791208,2.1810131861269944,96.9800033569336,99.44999694824219,93.19999694824219,95.6500015258789
2026-07-27,APP,87.7,6.542152936075861,3.2583302249750687,404.75201416015625,417.5799865722656,401.45001220703125,412.7300109863281
2026-07-27,MRNA,87.1,7.213135600540227,1.257629570952029,54.75,57.06999969482422,54.38999938964844,55.630001068115234
2026-07-27,TTD,85.4,5.204493513312987,2.891844843981317,17.790000915527344,18.434999465942383,17.6299991607666,17.8799991607666
2026-07-27,CHTR,84.8,5.091697073937061,1.7679023180094549,125.48999786376953,132.57000732421875,123.83000183105469,131.61000061035156
2026-07-27,CVNA,83.1,6.027717513956652,3.374133222657056,62.5,64.80000305175781,62.13999938964844,64.04000091552734
2026-07-27,CMG,82.3,4.284815767081206,3.491665864688288,32.900001525878906,33.380001068115234,32.5099983215332,33.20000076293945
2026-07-28,SNDK,98.8,14.682825044113942,-8.185538321080749,1173.5999755859375,1188.0,1050.719970703125,1096.0999755859375
2026-07-28,LITE,97.0,9.831530202874543,-4.833141344698855,677.5499877929688,678.989990234375,602.280029296875,651.9299926757812
2026-07-28,COHR,94.8,8.859398015188393,-5.171205965702341,257.2799987792969,257.3299865722656,228.22999572753906,243.3300018310547
2026-07-28,GEV,89.1,6.116415574797697,-4.790430163813221,948.8300170898438,956.9000244140625,913.510009765625,943.3800048828125
2026-07-28,MNST,87.2,8.821612878050948,2.2343409341298273,97.45999908447266,99.16999816894531,97.0199966430664,97.73999786376953
2026-07-28,COIN,85.4,5.290722005039931,-2.991229089087037,162.47999572753906,168.1699981689453,158.5800018310547,167.89999389648438
2026-07-28,HOOD,84.3,6.77619326753887,-3.1207533327053274,92.66500091552734,93.87000274658203,88.20999908447266,92.76000213623047
2026-07-28,VRT,84.2,5.820087966477475,-5.222537973745334,272.5799865722656,274.6600036621094,259.19000244140625,269.55999755859375
2026-07-28,CSGP,82.3,4.980655296387862,2.502569558885907,29.899999618530273,31.399999618530273,29.75,30.329999923706055
2026-07-28,ISRG,80.3,4.942129173585722,2.429732296609695,365.5,374.70001220703125,360.4800109863281,361.79998779296875
2026-07-29,STX,96.1,10.37172033747188,5.292384375620469,786.8499755859375,814.969970703125,747.5499877929688,764.4299926757812
2026-07-29,SNDK,95.8,17.66225665306446,2.11915225445864,1119.3280029296875,1124.800048828125,998.1900024414062,1015.8900146484375
2026-07-29,FLEX,93.4,7.544516924890604,-11.714333321030756,100.01000213623047,108.5199966430664,99.5,103.0199966430664
2026-07-29,VRT,86.9,6.457614655942008,-8.743876049452153,245.99000549316406,248.8000030517578,220.9199981689453,223.0399932861328
2026-07-29,CSGP,83.5,5.115161642878412,-14.177379650105602,26.030000686645508,30.450000762939453,25.889999389648438,29.829999923706055
2026-07-29,CHTR,82.2,4.722951340287579,-1.3931534837721793,138.02000427246094,146.85000610351562,136.5,145.1999969482422
2026-07-29,FIX,81.5,6.5562998702193855,-1.1264663100803112,1608.0,1644.0799560546875,1491.239990234375,1519.9599609375
2026-07-29,MRNA,80.1,6.167777129769196,-1.3708438051517862,55.040000915527344,56.25,54.15999984741211,54.4900016784668
2026-07-29,GNRC,79.8,4.797327135433027,7.361959840054196,210.0,210.0,191.75999450683594,195.19000244140625
2026-07-29,TTD,79.1,5.091031553572578,-1.2691685513207909,18.670000076293945,19.510000228881836,18.540000915527344,19.09000015258789
2026-07-30,SNDK,99.0,18.362111538306188,11.725678311584801,1135.010009765625,1285.47998046875,1124.0,1279.9599609375
2026-07-30,LITE,98.2,12.053705236335887,9.8879389014097,661.9099731445312,698.280029296875,650.0,693.239990234375
2026-07-30,COHR,98.0,11.466529966662145,9.614947332268253,243.39999389648438,250.58999633789062,239.3000030517578,249.05999755859375
2026-07-30,VRT,95.0,8.687424515644505,6.348638848793291,237.1999969482422,241.32000732421875,224.60000610351562,227.5
2026-07-30,FIX,94.3,7.12344756662025,11.127925668786249,1689.0999755859375,1724.3199462890625,1650.8299560546875,1697.8399658203125
2026-07-30,GEV,90.3,7.019452420344938,6.522411782141353,959.0,986.0,950.0,981.97998046875
2026-07-30,CSGP,89.5,6.074900843858134,-5.229632819082386,28.270000457763672,29.56999969482422,28.1299991607666,29.459999084472656
2026-07-30,VST,85.8,5.255734573781766,3.634201057441259,148.0,151.97000122070312,147.0850067138672,148.6199951171875
2026-07-30,CHTR,84.1,4.804212347642363,-3.581265191138931,140.0,142.08999633789062,136.6699981689453,142.0
2026-07-30,CVNA,83.4,5.669052742397085,-11.112784930335183,58.95000076293945,61.599998474121094,56.119998931884766,61.439998626708984
2026-07-31,SNDK,99.0,15.108167966483677,8.103776744725444,1383.68505859375,1404.989990234375,1187.260009765625,1214.8299560546875
2026-07-31,LITE,97.9,10.99870528512027,7.899141788850263,748.0,772.60400390625,691.0999755859375,713.9400024414062
2026-07-31,VRT,97.0,8.832339970994408,8.514283567994505,246.8699951171875,251.70899963378906,233.1699981689453,241.57000732421875
2026-07-31,MU,96.5,9.807811754972583,5.143719005202147,919.6500244140625,930.8800048828125,818.0,823.030029296875
2026-07-31,GNRC,88.9,5.6924010057440615,2.881558373076471,197.44000244140625,202.89999389648438,190.27000427246094,197.11000061035156
2026-07-31,GEV,88.4,6.704029041748045,6.009288472200468,1040.989990234375,1042.8499755859375,979.1400146484375,990.2899780273438
2026-07-31,MNST,87.1,8.781728467068099,-50.12800819052406,48.70000076293945,48.70000076293945,48.13999938964844,48.189998626708984
2026-07-31,ERIE,86.9,5.540169336933784,2.940041584722587,240.5399932861328,247.1199951171875,232.36000061035156,242.0399932861328
2026-07-31,CSGP,86.6,6.088159077209498,-1.4935459619239853,29.020000457763672,29.3799991607666,28.3799991607666,28.760000228881836
2026-07-31,RDDT,85.4,6.506965070352255,-17.04111294204017,147.6999969482422,151.3800048828125,135.2220001220703,140.6699981689453
2026-08-03,SNDK,99.2,15.612290771732894,-4.526558631543947,1159.8399658203125,1316.449951171875,1121.2650146484375,1288.030029296875
2026-08-03,MU,98.3,10.737067386074797,-4.4554928301510675,786.3599853515625,836.6199951171875,770.0999755859375,829.5
2026-08-03,LITE,96.6,11.018012734215073,-3.9639168132046723,685.6400146484375,785.3400268554688,671.0,779.8900146484375
2026-08-03,MNST,93.2,24.95553524824816,102.01286833024625,97.3499984741211,97.3499984741211,92.63999938964844,93.55000305175781
2026-08-03,VRT,88.1,8.537278189952993,-1.90007511591424,236.97999572753906,264.1400146484375,234.9600067138672,263.04998779296875
2026-08-03,FIX,85.5,7.044035559376832,-3.201151477597847,1674.3199462890625,1776.2900390625,1657.0,1770.9599609375
2026-08-03,BAX,85.2,4.671799064945034,3.134555426632916,26.979999542236328,28.299999237060547,26.899999618530273,28.100000381469727
2026-08-03,AXON,84.5,5.016214879326405,3.7933945658635198,547.780029296875,577.4400024414062,546.3699951171875,575.8800048828125
2026-08-03,COIN,84.3,7.046650997327528,-1.4426368724175938,144.14999389648438,152.42999267578125,141.02999877929688,146.5
2026-08-03,RDDT,82.6,9.892605824311271,0.8743838370295789,141.89999389648438,157.72000122070312,140.0500030517578,154.7100067138672
2026-08-04,LITE,98.1,10.47655099961623,9.291690425473469,852.35498046875,868.3200073242188,813.260009765625,849.469970703125
2026-08-04,COHR,97.4,10.26856997061266,13.094321701477224,325.8699951171875,336.3599853515625,316.1000061035156,323.7300109863281
2026-08-04,MU,95.7,10.728408470538135,4.499096723835895,866.8200073242188,902.4299926757812,858.5,892.6699829101562
2026-08-04,VRT,94.5,8.171153809628445,4.622696911767128,275.2099914550781,276.5199890136719,268.1199951171875,269.92999267578125
2026-08-04,HOOD,89.3,7.1788324938722825,2.5182661258584966,92.61499786376953,95.5999984741211,90.0719985961914,93.51000213623047
2026-08-04,FIX,86.2,6.986121206458897,2.199941493154258,1809.9200439453125,1824.56005859375,1730.0,1775.8599853515625
2026-08-04,CVNA,86.1,6.188570091602018,2.1775328915983323,67.56999969482422,69.33000183105469,66.81999969482422,68.02999877929688
2026-08-04,PWR,86.1,5.0619568867527915,2.5316039979552056,697.4199829101562,708.0599975585938,679.6699829101562,693.0
2026-08-04,ERIE,83.0,5.766516710533008,-1.6592113165765814,232.92999267578125,244.6999969482422,230.25,244.52999877929688
2026-08-04,RDDT,82.0,9.454693140857804,-0.7045514506993982,153.6199951171875,162.82000732421875,152.77999877929688,159.97000122070312
2026-08-05,SNDK,96.2,12.964469036452146,-2.020844180146785,1398.77001953125,1441.758056640625,1345.0,1350.5
2026-08-05,AMD,94.0,7.964056436912341,-6.571795280715455,484.5,502.0,478.20001220703125,482.04998779296875
2026-08-05,GLW,93.9,8.207874556592525,-2.2828156297564424,156.24000549316406,162.60000610351562,155.85000610351562,156.6999969482422
2026-08-05,NRG,88.9,6.969533518793079,1.13636519194374,118.37000274658203,124.70999908447266,117.77999877929688,120.7300033569336
2026-08-05,ECHO,85.7,4.769963101786798,-2.128817664547344,89.6500015258789,89.94000244140625,84.7699966430664,87.7300033569336
2026-08-05,AXON,84.0,4.641092854382174,1.6551362962657683,617.25,617.25,595.0999755859375,609.489990234375
2026-08-05,CMG,83.7,5.022387619587956,2.4541745669551562,34.650001525878906,35.22999954223633,34.02000045776367,34.5
2026-08-05,FDS,82.0,4.666836749669035,2.207729889683548,280.54998779296875,280.54998779296875,273.239990234375,278.0299987792969
2026-08-05,BLDR,81.7,5.163098095436594,-1.499276690505023,74.23999786376953,76.29000091552734,74.23999786376953,75.86000061035156
2026-08-05,CSGP,80.0,5.631408061902409,2.6492318028576713,30.610000610351562,30.75,29.530000686645508,30.209999084472656
2026-08-06,SNDK,98.3,13.026736271515677,-13.124027414614957,1173.260009765625,1324.0,1163.0899658203125,1258.5799560546875
2026-08-06,WDC,97.7,9.674920884751241,-17.389288909898696,428.8900146484375,477.6300048828125,407.4800109863281,451.5199890136719
2026-08-06,COHR,95.3,9.360663753934658,-4.116144572353633,314.7099914550781,354.4700012207031,309.19000244140625,334.2200012207031
2026-08-06,RDDT,92.6,8.702590393010917,-2.782424461080013,150.94000244140625,155.27000427246094,149.50999450683594,150.8699951171875
2026-08-06,VRT,91.7,7.45957673428632,-2.4501682013294923,271.1300048828125,286.3599853515625,270.06298828125,275.1700134277344
2026-08-06,PODD,89.4,6.613817637065135,-1.7709745667372812,130.89999389648438,139.47999572753906,130.11000061035156,139.3000030517578
2026-08-06,APP,86.6,4.889712124043744,-18.99233554436042,338.45001220703125,352.0,332.1919860839844,335.6700134277344
2026-08-06,MNST,85.4,16.28164639063301,-50.24348882539227,47.0,47.599998474121094,46.404998779296875,47.08000183105469
2026-08-06,MRNA,84.2,5.5645842421798415,2.2842410861501774,57.540000915527344,59.0,53.709999084472656,53.86000061035156
2026-08-06,DVA,83.1,4.872316481534443,-1.4203232285200342,186.00999450683594,188.24000549316406,178.89999389648438,180.6699981689453
2026-08-07,COHR,98.3,9.514904422001672,7.71946253926666,360.0199890136719,391.3699951171875,353.1499938964844,379.1300048828125
2026-08-07,LITE,97.1,9.546009914641692,3.8111832726120705,870.0,928.47998046875,861.9000244140625,890.1699829101562
2026-08-07,MRVL,94.3,8.153185872562862,4.041992038092038,219.0500030517578,221.8699951171875,205.52000427246094,218.72000122070312
2026-08-07,VRT,90.4,7.324460005852269,3.5432639910673123,284.9200134277344,285.90399169921875,269.19000244140625,272.3999938964844
2026-08-07,MRNA,89.6,6.219166082215902,1.7266993959094774,54.790000915527344,59.415000915527344,54.619998931884766,59.16999816894531
2026-08-07,TTD,88.8,5.710243874622137,-27.164686870457565,12.869999885559082,14.569999694824219,12.829999923706055,13.800000190734863
2026-08-07,MNST,88.7,39.38584719126199,99.21409785006004,93.79000091552734,93.9000015258789,89.5,90.36000061035156
2026-08-07,PODD,86.7,6.472670282550485,-0.9332397869903765,138.0,142.22000122070312,136.4600067138672,141.1699981689453
2026-08-07,TPL,86.0,5.090420524922721,1.4621475298817224,360.8399963378906,360.8399963378906,340.5799865722656,340.6499938964844
2026-08-07,COIN,85.8,7.158576601931458,1.9255917620800054,148.2100067138672,155.39999389648438,145.57000732421875,153.60000610351562
2026-08-10,TTD,97.9,9.30434761061099,-2.3550710490811246,13.475000381469727,13.71500015258789,12.829999923706055,13.390000343322754
2026-08-10,LITE,96.1,9.159230345743191,4.5923818672437156,931.0499877929688,937.0,810.885009765625,813.510009765625
2026-08-10,SMCI,95.6,8.065256866019805,2.7947345412391393,32.0,33.38999938964844,31.43000030517578,31.459999084472656
2026-08-10,VRT,94.1,7.519929613032203,1.7914849457254274,277.2799987792969,278.67999267578125,267.5199890136719,270.1000061035156
2026-08-10,MU,92.8,9.648721490249029,-1.5839220003022652,863.6699829101562,894.989990234375,854.4000244140625,861.0
2026-08-10,TPL,90.0,5.442956789716842,1.6585921026616184,346.29998779296875,353.8299865722656,340.2300109863281,350.44000244140625
2026-08-10,MRNA,85.7,5.954393187828556,0.9802295910144118,59.75,60.77000045776367,58.40999984741211,59.810001373291016
2026-08-10,APTV,83.7,5.169382294536316,-0.9888958048722654,49.060001373291016,49.88999938964844,48.599998474121094,49.810001373291016
2026-08-10,BLDR,83.0,4.948070708694454,-1.5932553253560249,73.5,73.83000183105469,71.41000366210938,71.9800033569336
2026-08-10,EFX,82.0,4.955320232305372,-1.1722170345459122,180.4199981689453,183.11000061035156,179.30999755859375,181.0399932861328
2026-08-11,MNST,98.5,20.28394393618134,-48.68304712409148,46.369998931884766,46.619998931884766,45.15999984741211,45.529998779296875
2026-08-11,MRVL,95.8,8.534715271486085,1.649406636783164,212.0,212.66000366210938,206.42999267578125,212.30999755859375
2026-08-11,GLW,93.5,8.003567933124188,1.2614132622056051,159.75,161.7899932861328,158.22000122070312,159.19000244140625
2026-08-11,KLAC,93.3,6.549162488523648,3.076679727495167,198.6699981689453,203.14999389648438,195.0,200.47000122070312
2026-08-11,APP,92.9,7.282175095433983,-2.7728595564850664,329.6000061035156,329.93499755859375,318.1199951171875,318.67999267578125
2026-08-11,CVNA,90.2,5.47754000831838,-1.6181290700904294,72.95999908447266,73.58999633789062,69.76000213623047,72.0
2026-08-11,VRT,88.7,7.4882326064698574,1.9992572286039976,275.5,284.67999267578125,273.8999938964844,281.80999755859375
2026-08-11,FIX,88.2,7.094195110821437,1.5022351205575917,1700.0,1725.0999755859375,1684.050048828125,1688.050048828125
2026-08-11,TTD,87.6,9.75994879522997,-1.4189733322327025,13.199999809265137,13.75,13.145000457763672,13.5600004196167
2026-08-11,GNRC,85.4,5.739171323871191,1.5478686486927522,209.27999877929688,218.08999633789062,209.1199951171875,215.86000061035156
2026-08-12,DDOG,93.8,7.309517894305825,-2.6703932127758323,240.19000244140625,255.47999572753906,239.33999633789062,240.91000366210938
2026-08-12,DELL,92.7,7.978190558215548,4.152209335761526,459.2799987792969,484.739990234375,455.0,484.5
2026-08-12,TER,92.5,8.11277679340852,4.463063165340856,396.5,408.54998779296875,393.1600036621094,402.739990234375
2026-08-12,VRT,92.3,7.269082285163547,5.847915662715838,298.2900085449219,298.2900085449219,286.010986328125,288.3599853515625
2026-08-12,PODD,86.5,5.942838622612627,-1.8659274396584478,142.0,145.58999633789062,138.6999969482422,145.05999755859375
2026-08-12,FIX,85.9,6.852918787570296,4.854710986132559,1770.0,1792.6199951171875,1736.68994140625,1738.8199462890625
2026-08-12,GNRC,85.7,5.719977237944699,3.2613699926929445,222.89999389648438,224.60000610351562,218.6999969482422,221.89999389648438
2026-08-12,TTD,84.5,9.392646321260214,-0.7374659172212126,13.460000038146973,13.694999694824219,13.0600004196167,13.489999771118164
2026-08-12,TPL,81.8,5.160894072018493,-1.1233816724121077,360.8699951171875,362.989990234375,339.5,342.7699890136719
2026-08-12,CVNA,78.9,5.791667907957047,1.1111153496636283,72.80000305175781,73.0,70.30999755859375,72.4800033569336
2026-08-13,DELL,95.4,7.601945807619923,3.133125423277864,499.67999267578125,514.0,487.1199951171875,494.510009765625
2026-08-13,SMCI,94.2,6.552209377220361,1.7814362086474043,38.279998779296875,42.310001373291016,38.20000076293945,39.15999984741211
2026-08-13,HPE,92.7,5.51563614286606,4.099336298488798,61.20000076293945,63.439998626708984,59.68000030517578,59.81999969482422
2026-08-13,TPL,92.3,5.720621248110085,-1.8321320362286408,336.489990234375,350.5199890136719,335.1000061035156,347.0400085449219
2026-08-13,APP,89.4,8.064684398145591,0.7308405153186663,305.9800109863281,317.6000061035156,305.7850036621094,312.6700134277344
2026-08-13,MNST,88.4,46.74548043526424,1.0004329905443128,46.439998626708984,46.970001220703125,46.04999923706055,46.68000030517578
2026-08-13,TTD,86.9,9.301069725076585,1.7420356882043422,13.725000381469727,14.699999809265137,13.569999694824219,14.5600004196167
2026-08-13,BLDR,86.6,5.398819515811708,1.422453704191499,73.44000244140625,75.19999694824219,73.01000213623047,73.55999755859375
2026-08-13,LII,86.2,5.410047202775637,1.1332562714525174,425.67999267578125,427.010009765625,416.010009765625,418.30999755859375
2026-08-13,APTV,85.3,5.203914376727011,1.588284787611928,49.25,49.45000076293945,48.099998474121094,49.16999816894531
2026-08-14,SNDK,99.3,10.970232621812546,7.7756227953735175,1646.9300537109375,1667.18994140625,1565.0,1641.1099853515625
2026-08-14,WDC,98.1,10.388797944842185,3.32655937343804,503.5,516.3499755859375,487.1000061035156,508.79998779296875
2026-08-14,STX,97.0,8.522092847434338,2.1587434748086975,941.260009765625,990.6099853515625,920.0,973.4400024414062
2026-08-14,RDDT,92.9,7.251049603556013,11.168735269072714,175.77999877929688,184.28399658203125,174.0,178.08999633789062
2026-08-14,COIN,90.4,5.77786967013508,-1.6114332851807307,151.4199981689453,152.58999633789062,147.86000061035156,148.47000122070312
2026-08-14,TTD,88.7,8.857927879298895,-0.4464322265406113,14.494999885559082,14.630000114440918,14.0,14.140000343322754
2026-08-14,HOOD,87.3,4.971533866480938,-1.3786884459245468,98.0,98.41899871826172,95.44000244140625,95.55999755859375
2026-08-14,CSGP,86.1,5.199913555511794,0.6959139108796669,33.279998779296875,33.29999923706055,31.860000610351562,32.380001068115234
2026-08-14,MRNA,81.8,5.8747620747986815,-1.194033178336164,62.88999938964844,63.78200149536133,60.81999969482422,63.31999969482422
2026-08-14,CHTR,80.8,4.913253245265703,1.3415997699435094,158.6300048828125,158.66000366210938,154.02999877929688,154.27000427246094
2026-08-17,STX,96.9,7.925208215085078,1.7350853268898976,990.3300170898438,1013.989990234375,978.6300048828125,994.7899780273438
2026-08-17,LITE,95.7,9.615516312215732,2.404599536123857,948.4099731445312,999.6749877929688,927.0,968.9000244140625
2026-08-17,WDAY,95.7,6.6938224174260474,-3.1155563774951442,192.49000549316406,195.3300018310547,189.30999755859375,191.17999267578125
2026-08-17,TTD,92.7,8.860881919407777,-2.4964684038061993,13.786999702453613,13.970000267028809,13.300000190734863,13.399999618530273
2026-08-17,VRT,89.6,6.4865240116360505,1.3749008287749276,297.8800048828125,300.29998779296875,290.5780029296875,292.42999267578125
2026-08-17,CVNA,86.6,5.384783246631447,-1.296462197402998,74.61000061035156,74.80000305175781,69.94499969482422,70.08999633789062
2026-08-17,FIX,86.5,5.880940749048723,1.236707928797022,1796.0,1883.699951171875,1791.72998046875,1881.1800537109375
2026-08-17,CSGP,86.1,5.126620730864398,-1.3279811333891676,31.950000762939453,32.150001525878906,30.989999771118164,31.350000381469727
2026-08-17,MRNA,85.7,5.901092879272473,2.2978550822286556,64.7750015258789,65.5250015258789,62.90999984741211,64.45999908447266
2026-08-17,NRG,85.3,6.155508074058484,0.9188875805916757,127.4000015258789,127.52999877929688,121.37000274658203,122.37000274658203
2026-08-18,COHR,98.8,10.637004324115908,-7.5764523024470805,324.6099853515625,329.44000244140625,305.5,306.42999267578125
2026-08-18,SNDK,98.5,8.811959922949395,-6.117465820687771,1677.5400390625,1724.989990234375,1600.199951171875,1625.780029296875
2026-08-18,LITE,96.1,8.924693455900758,-6.153369141799991,909.280029296875,943.760009765625,863.1099853515625,873.3099975585938
2026-08-18,CVNA,91.4,5.9026151269988,-3.524031559940768,67.62000274658203,69.0,64.76000213623047,65.0
2026-08-18,FIX,90.8,5.214317366840428,-3.9879233985742437,1806.1600341796875,1815.0699462890625,1720.77001953125,1739.0799560546875
2026-08-18,VRT,89.5,6.061328822816458,-3.9086252990655943,281.0,281.66900634765625,270.30999755859375,272.5400085449219
2026-08-18,CHTR,86.4,5.1447409610776695,2.1165771434997454,147.14999389648438,152.1699981689453,145.0399932861328,148.35000610351562
2026-08-18,MNST,83.6,39.904751090227755,0.9007026434293056,45.93000030517578,47.54999923706055,45.779998779296875,47.380001068115234
2026-08-18,PWR,83.3,4.5915182647419295,-1.9174558891266058,708.4600219726562,712.0,688.3800048828125,696.1500244140625
2026-08-18,RDDT,83.3,7.75063067894628,0.9726480872435409,166.10000610351562,167.5399932861328,157.4499969482422,158.25
2026-08-19,SNDK,97.6,9.948767402494918,3.4829435089376424,1682.405029296875,1699.0,1542.0,1568.8699951171875
2026-08-19,LITE,97.1,10.273058384439246,2.1630365736389154,892.2000122070312,893.8469848632812,821.030029296875,827.5999755859375
2026-08-19,CIEN,95.4,8.242447456435846,2.4559824543118665,415.5,415.5,392.6700134277344,399.4700012207031
2026-08-19,BLDR,90.5,5.181265164517053,3.815430489302319,70.19999694824219,73.04000091552734,69.37999725341797,72.55000305175781
2026-08-19,CVNA,90.3,6.40164804982615,1.2769258939302883,65.83000183105469,71.18000030517578,65.69000244140625,70.44000244140625
2026-08-19,RDDT,85.4,8.079531219144945,-1.004737022363744,156.66000366210938,158.25,151.36700439453125,151.7100067138672
2026-08-19,MRNA,80.9,5.97465629076843,84.27572797039562,116.0199966430664,176.66000366210938,114.45999908447266,174.3800048828125
2026-08-19,HOOD,80.2,4.8866087459338114,1.496780033708371,92.9000015258789,99.43000030517578,92.19000244140625,95.7699966430664
2026-08-19,NRG,79.2,6.585321950798082,0.553824336422239,116.19999694824219,120.79000091552734,115.5999984741211,120.58000183105469
2026-08-19,NCLH,79.0,4.6807830059652495,1.6467859064595538,17.899999618530273,17.899999618530273,17.309999465942383,17.34000015258789
2026-08-20,MRNA,96.3,6.6674180161059695,-13.900679443984373,150.13999938964844,155.0,128.61000061035156,133.32000732421875
2026-08-20,COHR,94.3,13.495570030712912,1.419273856381711,291.54998779296875,291.54998779296875,277.8699951171875,290.0299987792969
2026-08-20,COIN,91.7,5.5332603304446355,7.8339596072604785,172.75,174.77999877929688,166.11000061035156,172.35000610351562
2026-08-20,CRWD,86.5,4.611522684427652,-2.154937814552176,197.28500366210938,200.74099731445312,189.92999267578125,190.33999633789062
2026-08-20,INTC,86.5,6.754156181828291,-1.0021554683108012,91.87000274658203,92.68000030517578,89.8499984741211,92.12999725341797
2026-08-20,STLD,84.3,4.157518355260139,-1.7921299892182492,226.8699951171875,227.75999450683594,218.02000427246094,219.0
2026-08-20,RDDT,83.8,8.402544502141312,-1.384223855105579,149.61000061035156,150.77000427246094,144.0500030517578,150.30999755859375
2026-08-20,VRT,83.7,6.097208324781062,-0.9252906302382662,258.5849914550781,264.95001220703125,252.16000366210938,264.6300048828125
2026-08-20,CVNA,81.5,5.499614151446354,-1.1073236119571366,69.66000366210938,71.70999908447266,69.04000091552734,71.5199966430664
2026-08-20,HOOD,80.1,4.785123892169232,5.3043771631190415,100.8499984741211,101.61000061035156,93.6500015258789,95.0999984741211
2026-08-21,FLEX,91.9,6.411220592378464,1.921684873501222,112.44000244140625,112.44000244140625,108.11000061035156,110.44999694824219
2026-08-21,STX,91.1,7.883572747173988,1.4584146307496475,862.6400146484375,869.989990234375,834.5,850.0
2026-08-21,LITE,90.4,9.896505026017307,2.1995229251115704,898.6199951171875,922.989990234375,855.010009765625,866.7100219726562
2026-08-21,STLD,88.9,4.648400472801492,2.853881278538813,225.25,230.77999877929688,223.50999450683594,228.67999267578125
2026-08-21,HOOD,88.0,4.979569049568705,6.309148366214473,101.0999984741211,109.70999908447266,98.7699966430664,108.12999725341797
2026-08-21,VRT,87.6,5.705351331467934,1.3490561381350823,268.20001220703125,268.20001220703125,257.4849853515625,261.95001220703125
2026-08-21,NRG,86.1,6.249379861327403,1.0575599984815283,116.58000183105469,117.2300033569336,113.05999755859375,113.11000061035156
2026-08-21,AXON,86.0,6.797258078170626,1.562852120163322,623.8599853515625,636.3599853515625,603.760009765625,627.75
2026-08-21,MOS,85.0,4.521261627372699,1.7987155007811144,23.770000457763672,24.760000228881836,23.549999237060547,24.40999984741211
2026-08-21,KKR,84.1,4.371012088395838,2.8873145806488405,110.11000061035156,110.11000061035156,107.66999816894531,108.4800033569336
2026-08-24,COHR,97.4,12.333221807179356,-4.911578391926376,275.29998779296875,279.95001220703125,262.6199951171875,275.489990234375
2026-08-24,MRNA,97.2,11.097095759483366,-1.6743663286805925,142.6999969482422,145.5,130.0,138.88999938964844
2026-08-24,WDC,96.9,8.628982096135381,-2.8491198564191267,446.3500061035156,446.989990234375,419.5400085449219,435.3800048828125
2026-08-24,LITE,96.2,9.657966134607236,-4.973987296073845,823.5999755859375,844.0,784.469970703125,830.1699829101562
2026-08-24,VRT,88.6,5.260218990262569,-1.889678173833802,257.0,258.29998779296875,249.97000122070312,254.97000122070312
2026-08-24,RDDT,87.9,6.099505061645565,-2.1397344399215887,150.00999450683594,154.39999389648438,149.1999969482422,152.6999969482422
2026-08-24,TPL,87.4,5.2048419112966124,-1.582214339601989,377.57000732421875,386.1199951171875,369.6700134277344,373.45001220703125
2026-08-24,HOOD,86.4,4.878914819875738,-1.1791306102563253,106.8550033569336,109.125,103.13999938964844,103.62000274658203
2026-08-24,FIX,85.5,5.176425412620753,-1.5468610106337524,1630.0,1634.93994140625,1578.3399658203125,1609.68994140625
2026-08-24,COIN,85.3,4.66589391846283,1.2118582445528316,188.75,191.83999633789062,178.52000427246094,179.47999572753906
