ticker,day,year,ret_trail,ret_blind,stopped_out,above_20dma
AAPL,2021-10-29,2021,0.7228072559277054,1.7732182892859665,True,True
AAPL,2021-11-18,2021,-0.1053368044256526,2.759518385942064,True,True
AAPL,2021-11-19,2021,-0.1545356508500315,1.85232174574982,True,True
AAPL,2021-11-22,2021,0.2056531420088952,-0.3711034141514067,True,True
AAPL,2021-11-23,2021,-0.0401067527308957,0.1799900695134012,True,True
AAPL,2021-11-24,2021,0.0783328149300204,0.7402799377916005,True,True
AAPL,2021-12-01,2021,-0.1392511644571883,-1.6660695091365223,True,True
AAPL,2021-12-02,2021,0.1564192390071855,3.181302759228917,True,True
AAPL,2021-12-08,2021,-0.1899174802417449,1.7026964202696293,True,True
AAPL,2021-12-14,2021,-0.0497261524418139,-0.536284801460519,True,True
AAPL,2021-12-15,2021,0.0245331505910534,2.3927816800868014,True,True
AAPL,2022-08-01,2022,0.2572945779765332,0.3478044841935298,True,True
AAPL,2022-10-31,2022,0.057954174554484,0.1697238723154193,True,True
AAPL,2023-02-03,2023,0.8719110991015416,4.370735661690197,True,True
AAPL,2023-02-06,2023,-0.1529739472390555,-0.5865967556939091,True,True
AAPL,2023-03-07,2023,-0.1767052850819914,-1.3407966675344791,True,True
AAPL,2023-03-17,2023,-0.1530817529472133,-0.6887493593029325,True,True
AAPL,2023-03-20,2023,-0.107119365447846,1.541239440252799,True,True
AAPL,2023-04-28,2023,0.0313865147198575,0.7181861348528062,True,True
AAPL,2023-05-04,2023,-0.1548762736535638,0.545851528384283,True,True
AAPL,2023-05-08,2023,-0.1265885899814376,0.6029684601113292,True,True
AAPL,2023-06-01,2023,-0.2074254361282896,1.3505908835115397,True,True
AAPL,2023-06-06,2023,-0.2141305253799302,-0.4473091990109226,True,True
AAPL,2023-06-20,2023,0.6136868933354998,0.3362073640258145,True,True
AAPL,2023-07-03,2023,-0.2125032264725649,-0.6711062929120909,True,True
AAPL,2023-07-20,2023,0.4103906089809306,-0.994463809719103,True,True
AAPL,2023-11-08,2023,0.1536538566964556,0.2631434680116166,True,True
AAPL,2023-12-06,2023,-0.1410542555926996,-1.0902545641552976,True,True
AAPL,2023-12-14,2023,0.0877026412807496,0.0656532498358645,True,True
AAPL,2023-12-15,2023,-0.0577279400597447,-0.2075634080899086,True,True
AAPL,2023-12-18,2023,-0.0356381622558845,-0.1263066646269995,True,True
AAPL,2024-05-06,2024,-0.0868256578947473,-0.3837719298245707,True,True
AAPL,2024-06-12,2024,0.002893378984424,2.753532333510155,True,True
AAPL,2024-06-13,2024,0.2710673372450375,-0.2840644500326039,True,True
AAPL,2024-06-14,2024,-0.1134792572845008,-0.6033394134979618,True,True
AAPL,2024-06-18,2024,0.1673222737925565,-1.484306787371912,True,True
AAPL,2024-09-23,2024,-0.2166754640626405,-0.3914841207002792,True,True
AAPL,2024-11-26,2024,0.289612170559239,0.7413756160274345,True,True
AAPL,2024-12-17,2024,0.1704334612923753,1.3595649392194409,True,True
AAPL,2024-12-18,2024,0.190276015228431,-1.705266497461922,True,True
AAPL,2025-07-01,2025,-0.0299148606811094,0.5514705882353013,True,True
AAPL,2025-07-02,2025,-0.0567012775730951,1.6364419350208084,True,True
AAPL,2025-08-08,2025,-0.2322874218962305,3.850855745721269,True,True
AAPL,2025-08-11,2025,0.0521267960951926,-0.2873752330810578,True,True
AAPL,2025-09-04,2025,0.0825770601803376,0.5284126651289659,True,True
AAPL,2025-09-17,2025,0.1714441143239681,-0.0083692513704691,True,True
AAPL,2025-09-22,2025,0.1978977043898479,3.1373338703181486,True,True
AAPL,2025-09-23,2025,0.1676153304928979,-0.5081499433217415,True,True
AAPL,2025-10-21,2025,0.1187795937070405,0.3665801130288604,True,True
AAPL,2025-10-31,2025,-0.181219538611501,-2.4333008411856056,True,True
AAPL,2025-11-03,2025,-0.1636165335699434,-0.5249926057379531,True,True
AAPL,2025-11-25,2025,0.5076833654230524,0.5885130962327914,True,True
AAPL,2026-02-05,2026,0.1910976881314472,-0.7981878977456478,True,True
AAPL,2026-04-20,2026,0.2126438057189551,0.9617874449746692,True,True
AAPL,2026-05-04,2026,0.0386548913043516,-1.0154462242563045,True,True
AAPL,2026-05-07,2026,-0.2310678604763499,-0.62571300169392,True,True
AAPL,2026-06-01,2026,-0.0775920597458889,-0.9699007468235752,True,True
ABBV,2021-11-01,2021,-0.1093372668112865,-0.3731019522776632,True,True
ABBV,2021-11-03,2021,-0.2058868960782613,0.8924740410194731,True,True
ABBV,2021-12-06,2021,-0.1608217002424146,1.42940733929617,True,True
ABBV,2021-12-07,2021,-0.1608570724899377,-0.2216566784336228,True,True
ABBV,2021-12-10,2021,0.3245604817524099,1.4185830335852527,True,True
ABBV,2021-12-13,2021,0.1618690095846601,1.102236421725236,True,True
ABBV,2021-12-14,2021,-0.0779156722354766,1.2887828162291093,True,True
ABBV,2021-12-16,2021,0.0065334358185995,1.3297463489623509,True,True
ABBV,2021-12-17,2021,-0.2999999999999926,-1.0012228676245811,True,True
ABBV,2021-12-20,2021,0.2576559022644222,1.855886701424029,True,True
ABBV,2022-03-01,2022,-0.0569445384979853,0.0067718561657881,True,True
ABBV,2022-03-21,2022,-0.0631384807752219,0.0687714910909744,True,True
ABBV,2022-04-07,2022,0.1400190851076504,3.3458579352299243,True,True
ABBV,2022-04-12,2022,-0.1586734392534284,-1.1340145295611694,True,True
ABBV,2022-09-16,2022,-0.3000000000000093,0.4602510460251022,True,True
ABBV,2022-09-19,2022,-0.1472988025619392,-0.682261208576991,True,True
ABBV,2022-10-28,2022,-0.3000000000000046,1.199205098334818,True,True
ABBV,2022-11-15,2022,-0.280500684529633,-0.1760219049481594,True,True
ABBV,2022-11-17,2022,0.182089156786118,0.8942173941842713,True,True
ABBV,2022-12-01,2022,-0.1451863354037182,0.3602484472049767,True,True
ABBV,2023-04-26,2023,-0.1651708876321585,-0.5655274157856012,True,True
ABBV,2023-07-21,2023,0.0856188466948101,1.0759493670886084,True,True
ABBV,2023-07-28,2023,0.0025847118463327,0.6003201707577412,True,True
ABBV,2023-07-31,2023,-0.2536063285249064,-0.5650468656517944,True,True
ABBV,2023-08-01,2023,0.2782600000000078,-0.9799999999999992,True,True
ABBV,2023-09-14,2023,-0.090119071113722,1.0657193605683866,True,True
ABBV,2023-09-15,2023,-0.078125409084959,-0.4319937164550311,True,True
ABBV,2023-09-18,2023,-0.1502025084923075,0.5552652207995782,True,True
ABBV,2023-12-08,2023,0.0703315999189579,0.790166812993865,True,True
ABBV,2023-12-12,2023,-0.2999999999999918,1.014960785606024,True,True
ABBV,2023-12-14,2023,0.1069124125421103,0.4405286343612195,True,True
ABBV,2023-12-15,2023,-0.1775817500323095,-0.4265219077161668,True,True
ABBV,2023-12-18,2023,-0.3000000000000021,0.2614379084967357,True,True
ABBV,2024-01-03,2024,0.0414596176598715,-0.0809514913755498,True,True
ABBV,2024-01-05,2024,-0.1331432467613123,0.4958780140085433,True,True
ABBV,2024-02-05,2024,-0.3000000000000053,0.8184173339613674,True,True
ABBV,2024-02-06,2024,-0.2999999999999994,0.9554325662685615,True,True
ABBV,2024-02-07,2024,-0.2541635538187341,0.5459456353083254,True,True
ABBV,2024-02-20,2024,0.2993453904339298,-0.045498492862431,True,True
ABBV,2024-03-07,2024,-0.2398045995938197,-0.894670399033973,True,True
ABBV,2024-03-08,2024,-0.2278902859686296,-0.4951596750862439,True,True
ABBV,2024-07-26,2024,-0.2565222131370876,0.9484873262469388,True,True
ABBV,2024-07-31,2024,-0.0999431287757721,-0.6041226272359538,True,True
ABBV,2024-08-01,2024,0.1831815518986045,1.038504553443036,True,True
ABBV,2024-08-02,2024,0.5822546863545878,-0.9058540161273378,True,True
ABBV,2024-08-05,2024,0.6786503067484686,-1.616431048279542,True,True
ABBV,2024-10-31,2024,0.2232065653314851,0.94073377234243,True,True
ABBV,2024-11-01,2024,-0.3000000000000029,-0.3914468855507224,True,True
ABBV,2024-11-07,2024,-0.119804407031437,-0.7378063877197231,True,True
ABBV,2025-02-03,2025,0.0211213014521249,3.82683699093787,True,True
ABBV,2025-02-04,2025,-0.103394979480887,1.2098278526888078,True,True
ABBV,2025-02-26,2025,-0.1849182179871445,-0.2897981236799467,True,True
ABBV,2025-03-03,2025,-0.1718020763882255,0.7143537479759977,True,True
ABBV,2025-03-05,2025,0.0129618003573636,2.129714589269328,True,True
ABBV,2025-03-11,2025,-0.2999999999999997,-1.4769685221083673,True,True
ABBV,2025-08-04,2025,0.4318464144551162,1.17037113084544,True,True
ABBV,2025-08-19,2025,-0.1986248971093696,-0.1113639664939668,True,True
ABBV,2025-09-12,2025,0.0549014238773341,-0.3650967506389245,True,True
ABBV,2025-09-22,2025,-0.1924390901735273,0.0988941832239498,True,True
ABBV,2025-09-23,2025,0.566722219719837,0.2747623980901822,True,True
ABBV,2025-10-01,2025,0.1267248758774136,4.59681561376477,True,True
ABBV,2025-10-02,2025,-0.0475320685790163,-1.7933496616712996,True,True
ABBV,2025-10-03,2025,0.0833126213592262,-1.2790206838328413,True,True
ABBV,2025-11-14,2025,-0.1420915200548056,-0.5008347245409083,True,True
ABBV,2026-01-08,2026,-0.1382368848025981,-3.0178474851270933,True,True
ABBV,2026-06-01,2026,0.2739952150887365,-1.0545386973891953,True,True
ABBV,2026-06-05,2026,0.0727184764920553,-0.0527774112679793,True,True
ABBV,2026-06-23,2026,0.2221015581405289,0.7340000858479667,True,True
ABBV,2026-06-24,2026,-0.0300696847894991,-0.6092659191876445,True,True
ABBV,2026-06-25,2026,0.5277754001540745,4.1256526577077866,True,True
ABBV,2026-06-26,2026,1.1329677274673309,2.603412774459233,True,True
ABBV,2026-06-29,2026,-0.1502825528551678,0.4623592175459346,True,True
ABNB,2021-11-02,2021,-0.1005430122892166,-1.1946270362960705,True,True
ABNB,2021-11-05,2021,1.7948304583803552,8.33467676930517,True,True
ABNB,2021-11-08,2021,0.724701253995575,-1.5244652077698522,True,True
ABNB,2021-11-09,2021,-0.2703038125496422,-3.3508737092930896,True,True
ABNB,2021-11-10,2021,0.6276612521684366,1.0461020869473845,True,True
ABNB,2021-11-11,2021,0.4099538934426371,-1.8391393442622823,True,True
ABNB,2021-11-15,2021,0.3629890301912265,0.6407144937384687,True,True
ABNB,2022-02-11,2022,-0.2317824153267157,-5.051887330368335,True,True
ABNB,2022-02-16,2022,0.8803849238621448,4.613141142488585,True,True
ABNB,2022-02-17,2022,0.6008223773196848,-0.6600660066006594,True,True
ABNB,2022-08-03,2022,1.5654885654885755,6.30630630630631,True,True
ABNB,2022-08-04,2022,0.7467191601049841,4.304461942257219,True,True
ABNB,2022-08-05,2022,0.0797437673130143,1.3763850415512495,True,True
ABNB,2022-09-13,2022,-0.15007518796993,1.512113617376777,True,True
ABNB,2022-09-16,2022,0.6105905901774603,-1.9562525794469705,True,True
ABNB,2023-01-13,2023,0.4772284336855182,2.9541491435019074,True,True
ABNB,2023-01-17,2023,-0.0408836465413911,1.2295081967213013,True,True
ABNB,2023-01-30,2023,0.4032200122667248,-4.100587049855422,True,True
ABNB,2023-02-03,2023,0.4732678386763122,2.3095484315753123,True,True
ABNB,2023-02-16,2023,-0.2485514190932631,2.779211205307764,True,True
ABNB,2023-02-17,2023,-0.3000000000000025,-4.2456433950594885,True,True
ABNB,2023-02-21,2023,0.26084611235261,-0.7628881867920236,True,True
ABNB,2023-05-09,2023,0.1645999526103763,0.3159308111523621,True,True
ABNB,2023-05-10,2023,1.4691782691782695,2.9757029757029723,True,True
ABNB,2023-07-12,2023,-0.3000000000000041,-2.044755844712957,True,True
ABNB,2023-07-17,2023,0.3586408039918505,2.1575655351746588,True,True
ABNB,2023-07-24,2023,0.0999932000544044,0.3739970080239435,True,True
ABNB,2023-09-07,2023,0.9529622980251332,2.8940754039497314,True,True
ABNB,2023-09-08,2023,-0.1683965541197723,1.3616784771432595,True,True
ABNB,2023-09-11,2023,-0.0136233073451054,0.7864861168102897,True,True
ABNB,2023-09-12,2023,0.0057240204429264,0.5042589437819484,True,True
ABNB,2023-09-13,2023,-0.2385410958904008,-0.9041095890410912,True,True
ABNB,2023-09-14,2023,-0.0717951732245388,-0.3250121015144369,True,True
ABNB,2023-12-04,2023,0.3696268656716526,-0.2014925373134404,True,True
ABNB,2023-12-08,2023,-0.119343802011709,1.8235762356176357,True,True
ABNB,2023-12-13,2023,0.3904024484085347,1.1192724728926358,True,True
ABNB,2023-12-14,2023,1.161120689655177,1.634482758620693,True,True
ABNB,2023-12-15,2023,0.4360674613925779,-0.7247358439447259,True,True
ABNB,2023-12-18,2023,-0.0696520793693884,0.2106550693123147,True,True
ABNB,2024-01-23,2024,0.4333450087565778,-0.3222416812609512,True,True
ABNB,2024-01-25,2024,-0.2373393854748537,-0.7402234636871525,True,True
ABNB,2024-01-29,2024,0.2782985532368776,1.840122674844984,True,True
ABNB,2024-01-30,2024,-0.2073973329794852,-0.8425661779340423,True,True
ABNB,2024-02-13,2024,0.1744119026874752,1.1963005160512008,True,True
ABNB,2024-02-14,2024,1.9032772304323928,1.4025725232621862,True,True
ABNB,2024-02-16,2024,-0.2296942111673915,-2.230912237963984,True,True
ABNB,2024-03-01,2024,0.0550976276792048,1.6091076766520391,True,True
ABNB,2024-06-26,2024,-0.017007279770251,0.1669672076404194,True,True
ABNB,2024-09-20,2024,-0.1924901794654546,1.0398213047831737,True,True
ABNB,2024-09-23,2024,-0.2999999999999951,-1.8479087452471532,True,True
ABNB,2024-11-06,2024,-0.1104028736441669,-0.7395407803915924,True,True
ABNB,2024-11-07,2024,0.958909424379237,3.9785553047404174,True,True
ABNB,2024-11-08,2024,0.4107150813098714,-0.0519789114130787,True,True
ABNB,2025-02-10,2025,-0.2561115187087208,-0.7850330154072058,True,True
ABNB,2025-02-13,2025,0.1819356917788759,0.9094815239186552,True,True
ABNB,2025-02-14,2025,1.2410215886462057,2.045073805986652,True,True
ABNB,2025-02-18,2025,-0.0276125426885996,-0.291834833902514,True,True
ABNB,2025-02-19,2025,-0.2999999999999936,-1.2818749999999923,True,True
ABNB,2025-05-02,2025,1.0254913294797736,3.418662262592899,True,True
ABNB,2025-05-05,2025,-0.2393822706821728,1.2524826719630349,True,True
ABNB,2025-05-13,2025,-0.2592668251374114,2.533056009508243,True,True
ABNB,2025-06-09,2025,-0.2608867604439143,-1.7388845691666135,True,True
ABNB,2025-12-18,2025,0.4105401350337517,0.5026256564140941,True,True
ABNB,2025-12-22,2025,-0.0069586303181668,0.6319347490631091,True,True
ABNB,2026-02-27,2026,1.166831793802136,0.6629916567341971,True,True
ABNB,2026-04-23,2026,-0.3000000000000047,-1.4619070768803517,True,True
ABNB,2026-06-22,2026,-0.1161560283687962,-1.2340425531914958,True,True
ABNB,2026-06-29,2026,0.5841064120054601,0.416098226466585,True,True
ABNB,2026-06-30,2026,-0.2999999999999962,-2.8718853961572344,True,True
ABNB,2026-07-29,2026,0.4936122623511573,0.6710084862838038,True,True
ABNB,2026-08-10,2026,1.267838155464773,3.352174156360182,True,True
ABNB,2026-08-11,2026,0.2304816558486619,3.06153717580855,True,True
ABNB,2026-08-12,2026,-0.3000000000000025,-0.7045281645883591,True,True
ABNB,2026-08-13,2026,-0.0519900497512492,2.3327805417357648,True,True
ADBE,2021-11-05,2021,-0.207239377962872,-2.170927296087908,True,True
ADBE,2021-11-08,2021,-0.2087421034467237,-0.0045015980673098,True,True
ADBE,2021-11-22,2021,-0.3000000000000061,-3.239380991705856,True,True
ADBE,2021-11-23,2021,-0.3000000000000056,0.2771376500534743,True,True
ADBE,2021-11-30,2021,-0.2999999999999942,-2.6876400570414174,True,True
ADBE,2022-06-01,2022,-0.062574710496833,-2.372058274187516,True,True
ADBE,2022-08-05,2022,0.0087635933806213,2.446808510638303,True,True
ADBE,2022-11-11,2022,0.4633026690068522,3.2197542819100784,True,True
ADBE,2022-12-14,2022,-0.1434441245747191,-1.157346826019937,True,True
ADBE,2023-01-23,2023,-0.102425477280334,1.8421346432957528,True,True
ADBE,2023-01-24,2023,-0.2534496017577661,-0.7363361713814995,True,True
ADBE,2023-02-02,2023,2.143901135264469,-0.1450898538919699,True,True
ADBE,2023-02-03,2023,-0.1547667975964387,-1.3370444554275125,True,True
ADBE,2023-05-26,2023,0.396464328045806,4.758782437646586,True,True
ADBE,2023-05-30,2023,0.545249796203561,-2.8252008850588086,True,True
ADBE,2023-05-31,2023,-0.1916042522348241,0.9664170089393572,True,True
ADBE,2023-06-01,2023,0.502842659293217,3.5120910039050086,True,True
ADBE,2023-06-12,2023,0.0773379627133573,2.358180308601374,True,True
ADBE,2023-06-13,2023,-0.1900030646644128,-2.1391357646337665,True,True
ADBE,2023-06-14,2023,0.0852735482516106,0.724561587734967,True,True
ADBE,2023-06-16,2023,-0.0997141201468204,-4.334556693065492,True,True
ADBE,2023-06-20,2023,-0.242519458057088,0.0535353951323952,True,True
ADBE,2023-07-19,2023,-0.0649640772339456,-1.3789103427630602,True,True
ADBE,2023-08-01,2023,-0.1188935779816489,0.7339449541284404,True,True
ADBE,2023-09-01,2023,-0.0758162181302977,-0.2815155807365294,True,True
ADBE,2023-10-13,2023,0.2145232142857115,-2.005357142857146,True,True
ADBE,2023-11-08,2023,-0.1425789473684392,-0.6196943972835276,True,True
ADBE,2023-12-12,2023,-0.118397085610198,1.2590675230882298,True,True
ADBE,2023-12-13,2023,-0.1080960980941917,-1.1580564928789916,True,True
ADBE,2023-12-14,2023,-0.273099494097819,-1.330522765598649,True,True
ADBE,2024-01-22,2024,0.1301114667793445,-1.9401069171148533,True,True
ADBE,2024-01-23,2024,-0.2023214493283219,-0.8477109314026698,True,True
ADBE,2024-01-25,2024,-0.3000000000000047,1.2073055799291643,True,True
ADBE,2024-01-26,2024,-0.0911873690994088,-1.0923151280812124,True,True
ADBE,2024-01-30,2024,-0.2952523809523831,-0.3444444444444379,True,True
ADBE,2024-06-17,2024,-0.1994290173388188,-1.2675815077748749,True,True
ADBE,2024-06-18,2024,0.1397019680985434,1.4921023488954848,True,True
ADBE,2024-06-21,2024,-0.1344603773584839,0.5924528301886767,True,True
ADBE,2024-06-24,2024,0.1646795715091152,-1.5138131930088448,True,True
ADBE,2024-09-04,2024,-0.1177298855626192,1.1153690649884906,True,True
ADBE,2024-09-13,2024,-0.2204369419695349,0.7952080966642381,True,True
ADBE,2024-11-13,2024,0.0207287271616653,1.6609709998281843,True,True
ADBE,2024-11-14,2024,0.1171220243143789,-0.0980114975025882,True,True
ADBE,2024-11-26,2024,-0.1598802510492333,1.1262562088483352,True,True
ADBE,2024-12-05,2024,-0.1282579388855712,0.7882714200119687,True,True
ADBE,2024-12-10,2024,0.1626619165067961,-0.0255777838677238,True,True
ADBE,2024-12-12,2024,0.2031015384615365,-2.650256410256413,True,True
ADBE,2025-05-19,2025,-0.0661378860058413,1.7507798708678957,True,True
ADBE,2025-09-18,2025,0.172872485416786,0.1580984571771204,True,True
ADBE,2025-09-22,2025,0.1385067898180305,0.0453570839518446,True,True
ADBE,2025-12-11,2025,-0.3000000000000081,2.574309590364272,True,True
ADBE,2025-12-12,2025,-0.1129774897680706,1.313096862210097,True,True
ADBE,2025-12-15,2025,-0.0315714893014037,-0.4945444239761951,True,True
ADBE,2026-04-23,2026,0.3758493956223434,-2.397092453446588,True,True
ADBE,2026-06-02,2026,1.003243706241627,-2.3908833606435125,True,True
ADBE,2026-07-29,2026,0.6652890578115641,5.36907381476296,True,True
ADBE,2026-07-30,2026,1.3313029977308115,-1.305784465942116,True,True
AMAT,2021-10-25,2021,-0.0073027522935805,-0.3669724770642202,True,True
AMAT,2021-11-05,2021,-0.1606707925733755,2.009715844812658,True,True
AMAT,2021-11-08,2021,0.1201568983402262,-0.8363589211618389,True,True
AMAT,2022-01-18,2022,0.0195512820512659,-7.855587808418002,True,True
AMAT,2022-08-16,2022,-0.3000000000000053,-0.1104768919167782,True,True
AMAT,2022-11-11,2022,0.012806617227608,5.04848830576154,True,True
AMAT,2022-11-17,2022,0.3747213375796171,3.9311305732484105,True,True
AMAT,2022-12-14,2022,0.5505298132183976,-1.5804597701149472,True,True
AMAT,2023-01-24,2023,-0.0362433862433863,-0.3615520282187043,True,True
AMAT,2023-02-02,2023,0.2303632283268273,3.2998088271964083,True,True
AMAT,2023-02-03,2023,-0.2999999999999956,-2.4080702896192707,True,True
AMAT,2023-03-15,2023,0.3589780527074001,0.4067451910854925,True,True
AMAT,2023-03-20,2023,-0.05276637261678,0.8504410748404344,True,True
AMAT,2023-05-18,2023,0.0883077656783986,3.322390906923141,True,True
AMAT,2023-05-19,2023,-0.1210752184769025,-0.944132334581768,True,True
AMAT,2023-05-22,2023,-0.1667845633891344,-0.5345437396840448,True,True
AMAT,2023-05-26,2023,0.0432145042839631,4.031517747858025,True,True
AMAT,2023-05-30,2023,0.2779710144927546,-0.9999999999999968,True,True
AMAT,2023-05-31,2023,-0.1022417664670657,-0.2919161676646604,True,True
AMAT,2023-06-01,2023,-0.0483864705443212,0.649593071007246,True,True
AMAT,2023-06-28,2023,0.2724268309760587,0.8752275591653831,True,True
AMAT,2023-07-28,2023,-0.1731976705267825,1.6935537853939364,True,True
AMAT,2023-07-31,2023,-0.0110335287530477,-0.1251564455569447,True,True
AMAT,2023-09-01,2023,-0.2354274611399068,-0.265544041450775,True,True
AMAT,2023-10-13,2023,-0.2627099625977726,-4.114246854811296,True,True
AMAT,2023-10-16,2023,0.2626410835214461,-0.543171557562064,True,True
AMAT,2023-11-13,2023,-0.1527919463087345,0.5033557046979865,True,True
AMAT,2023-11-17,2023,1.8949848772596327,4.515720616163759,True,True
AMAT,2023-12-18,2023,-0.2535789669729368,-0.4531909610131724,True,True
AMAT,2024-01-22,2024,0.4765905577357675,0.0594601022713725,True,True
AMAT,2024-01-23,2024,-0.1573676680972708,-0.3993800667620335,True,True
AMAT,2024-01-25,2024,-0.1200564015792477,-2.622673434856179,True,True
AMAT,2024-02-12,2024,-0.0470362772619315,0.172748866335561,True,True
AMAT,2024-02-14,2024,0.0602825229960671,1.943714410862906,True,True
AMAT,2024-02-15,2024,-0.0043423003600868,-0.6460495657699633,True,True
AMAT,2024-02-16,2024,0.2229711005542229,-1.2519794140934288,True,True
AMAT,2024-02-20,2024,-0.1010794495318912,-3.228116846574923,True,True
AMAT,2024-02-21,2024,-0.3000000000000064,1.1754068716093924,True,True
AMAT,2024-02-23,2024,0.0951085189644862,-1.0887015853903208,True,True
AMAT,2024-05-16,2024,-0.0578544588030422,-1.8742553386490712,True,True
AMAT,2024-05-17,2024,0.8633122722870399,-2.1445371950375893,True,True
AMAT,2024-05-20,2024,0.0877091680414745,3.728493990101342,True,True
AMAT,2024-05-21,2024,-0.1582312737947737,0.8027154717673503,True,True
AMAT,2024-05-24,2024,-0.2716954349307323,0.3361344537815038,True,True
AMAT,2024-06-06,2024,0.1947444399332484,0.0270672621464349,True,True
AMAT,2024-06-21,2024,0.0484252631578999,-0.8673684210526325,True,True
AMAT,2025-01-17,2025,-0.1656194919647478,-0.4406428201140458,True,True
AMAT,2025-01-21,2025,-0.2180856526650926,-0.9705248023005107,True,True
AMAT,2025-01-22,2025,-0.287336466404167,-0.6782674965070391,True,True
AMAT,2025-05-13,2025,0.1938864499288149,2.592548647365926,True,True
AMAT,2025-05-14,2025,0.0937530629306124,0.3949378765602942,True,True
AMAT,2025-05-16,2025,0.3156147954639876,-1.7277207148370222,True,True
AMAT,2025-06-30,2025,-0.0069881354087358,-0.3864155872428474,True,True
AMAT,2025-07-03,2025,0.4748295003965171,0.9251916468411314,True,True
AMAT,2025-09-18,2025,-0.1409042553191399,0.9574468085106445,True,True
AMAT,2025-09-19,2025,0.1457213485509945,-0.0368169147425409,True,True
AMAT,2025-09-22,2025,0.9463467660532552,3.8020550249760583,True,True
AMAT,2025-09-23,2025,-0.2554158799562742,-0.1838417966809125,True,True
AMAT,2025-09-24,2025,-0.2999999999999996,1.1954992967651172,True,True
AMAT,2025-10-01,2025,-0.2561544099682313,6.357195211336424,True,True
AMAT,2025-10-02,2025,0.3247866666666697,-0.6222222222222248,True,True
AMAT,2026-01-06,2026,1.3616666666666588,3.782456140350868,True,True
AMAT,2026-01-12,2026,0.1497097940366832,1.887167921461974,True,True
AMAT,2026-01-16,2026,0.301478286231833,0.4037271848088045,True,True
AMAT,2026-01-20,2026,1.3480904427132832,0.693520805624186,True,True
AMAT,2026-01-21,2026,0.7610366846124902,1.7747589833479276,True,True
AMAT,2026-01-22,2026,-0.0839848334386727,-4.089554933646287,True,True
AMAT,2026-02-17,2026,0.6651766230068332,2.257972665148066,True,True
AMAT,2026-04-09,2026,0.2867290591864761,3.103206906385288,True,True
AMAT,2026-05-07,2026,0.0145184177504614,-3.718732042546708,True,True
AMAT,2026-05-08,2026,0.1429959112287583,2.920044432889783,True,True
AMAT,2026-05-11,2026,0.1545283404023599,0.6010569529814771,True,True
AMAT,2026-05-12,2026,0.2966624467717861,-0.754977557831735,True,True
AMAT,2026-05-13,2026,0.1757312289234017,0.130760936890641,True,True
AMAT,2026-05-14,2026,-0.2718892034240452,-0.5526295013928494,True,True
AMAT,2026-05-15,2026,0.6889762305820655,2.0798240688751606,True,True
AMAT,2026-06-03,2026,0.6378481401783032,2.641664104928781,True,True
AMAT,2026-06-10,2026,0.2918889462502221,-1.3382840577408035,True,True
AMAT,2026-06-11,2026,0.2422629079209411,5.791328328481693,True,True
AMAT,2026-06-12,2026,0.3142430097335216,3.372097262221574,True,True
AMAT,2026-06-16,2026,0.7411633845040522,-2.098516565875838,True,True
AMAT,2026-06-17,2026,1.2788240162833713,0.2010084203947627,True,True
AMAT,2026-06-18,2026,0.0802281797116147,-0.762744593202885,True,True
AMAT,2026-06-22,2026,0.3018108651911447,2.2468142186451945,True,True
AMAT,2026-06-26,2026,0.1992806090016929,-3.2775701948867404,True,True
AMAT,2026-06-29,2026,0.8911057786021954,9.169365234067978,True,True
AMAT,2026-07-01,2026,2.7883648835661177,-2.6174250641452423,True,True
AMD,2021-10-14,2021,-0.0022533936651663,1.375565610859725,True,True
AMD,2021-10-27,2021,0.2246074159335686,0.5261859738551349,True,True
AMD,2021-10-28,2021,0.2234341296650434,-1.3796752268934982,True,True
AMD,2021-11-04,2021,0.1078636363636385,4.174242424242417,True,True
AMD,2021-11-05,2021,-0.0922618192269021,-2.040523063658574,True,True
AMD,2021-11-08,2021,0.6341443927948798,9.071760604299811,True,True
AMD,2021-11-09,2021,0.1467077922077956,-3.298701298701307,True,True
AMD,2021-11-10,2021,-0.2688307628178213,-2.8414617201611807,True,True
AMD,2021-11-11,2021,-0.1744332493702807,2.1550517772180333,True,True
AMD,2022-08-03,2022,0.1100284720025239,3.4377306759464354,True,True
AMD,2022-08-04,2022,0.261891587252787,6.486320319704886,True,True
AMD,2022-08-05,2022,0.2810324591786271,1.2073231073725867,True,True
AMD,2022-11-11,2022,0.1444492378486925,4.112740868564853,True,True
AMD,2022-11-14,2022,-0.2469751362850668,-2.2869299295306464,True,True
AMD,2022-11-15,2022,0.3840258899676412,-1.1262135922330156,True,True
AMD,2022-11-16,2022,0.3771743206521975,-1.1956521739130377,True,True
AMD,2023-01-13,2023,-0.2143470790377945,1.6752577319587654,True,True
AMD,2023-01-24,2023,0.2069491525423735,1.3016949152542288,True,True
AMD,2023-01-25,2023,-0.1769135802469267,2.757201646090522,True,True
AMD,2023-02-02,2023,0.0549727035366655,4.877759316401613,True,True
AMD,2023-02-03,2023,0.0912060011540552,-0.6693594922100548,True,True
AMD,2023-03-10,2023,-0.2764246866871627,-2.234570820524948,True,True
AMD,2023-03-16,2023,0.0888888888888812,7.667446784798836,True,True
AMD,2023-03-17,2023,0.0300641423546463,1.2311193875439663,True,True
AMD,2023-03-20,2023,0.2073001038421737,0.5503634475597105,True,True
AMD,2023-03-21,2023,0.4704791344667641,-1.1540443070582074,True,True
AMD,2023-03-22,2023,0.2211164541082929,1.944386368388041,True,True
AMD,2023-03-23,2023,-0.0211467385875516,0.149835181300575,True,True
AMD,2023-05-11,2023,0.4617665036674852,-1.0493072534637338,True,True
AMD,2023-05-17,2023,-0.0746560534591315,1.9654088050314464,True,True
AMD,2023-05-26,2023,-0.2918638811816604,3.639219846580701,True,True
AMD,2023-05-31,2023,-0.0557586178729071,-3.4471491586342093,True,True
AMD,2023-11-13,2023,-0.0557817383224942,-1.3683588140890317,True,True
AMD,2023-12-08,2023,0.0926712487450803,-0.4247432234149442,True,True
AMD,2023-12-11,2023,-0.2770945014550449,2.97135855414305,True,True
AMD,2023-12-12,2023,-0.111531190926282,4.045368620037803,True,True
AMD,2023-12-13,2023,0.0251793868232219,0.1703268826556596,True,True
AMD,2023-12-14,2023,0.2960169979832683,-0.5834053586862592,True,True
AMD,2023-12-15,2023,0.0858640143369191,-0.2652329749103975,True,True
AMD,2023-12-18,2023,-0.2641804986706911,-0.2155636990730638,True,True
AMD,2024-01-17,2024,0.1341621962764295,1.060271378983911,True,True
AMD,2024-01-18,2024,0.0298738267147991,-2.1239470517448864,True,True
AMD,2024-01-19,2024,-0.1196019300361987,5.084439083232797,True,True
AMD,2024-01-22,2024,-0.1113366592121006,-3.560984001376214,True,True
AMD,2024-01-23,2024,-0.3000000000000071,1.135135135135127,True,True
AMD,2024-01-25,2024,-0.2565127310397347,-1.6799520200643343,True,True
AMD,2024-01-26,2024,0.4563016498258844,1.176000456699208,True,True
AMD,2024-01-29,2024,-0.2999999999999925,-0.5925429034602123,True,True
AMD,2024-02-23,2024,0.763554382492025,-2.963818321785997,True,True
AMD,2024-03-01,2024,-0.1791026677445408,2.3898544866612865,True,True
AMD,2024-03-04,2024,0.1082082277247067,0.0877364008578703,True,True
AMD,2024-03-05,2024,-0.1509641736010701,2.252229807165285,True,True
AMD,2024-03-07,2024,0.006108836815355,-0.5693581780538339,True,True
AMD,2024-03-11,2024,-0.2066893256489841,-2.2757499630560094,True,True
AMD,2024-05-20,2024,-0.0470613107822427,0.4832376925400078,True,True
AMD,2024-05-29,2024,0.2354457572502591,-1.384413414488615,True,True
AMD,2024-07-08,2024,0.3441452258433412,2.149799885648937,True,True
AMD,2024-07-09,2024,0.2602067764229893,-0.50008428386806,True,True
AMD,2024-07-11,2024,0.1116477427065965,-1.16260118433204,True,True
AMD,2024-08-21,2024,0.0052366617562417,1.0632165503106366,True,True
AMD,2024-09-20,2024,-0.0827051282051263,-0.0128205128205193,True,True
AMD,2024-10-07,2024,-0.2242401215805534,-0.0526069675005865,True,True
AMD,2025-03-25,2025,0.0212863638370133,1.3728865933871828,True,True
AMD,2025-05-08,2025,0.3555348380765332,-0.2060843964671324,True,True
AMD,2025-05-09,2025,0.3268606521421328,0.238826339133406,True,True
AMD,2025-05-13,2025,-0.1090212533065714,2.5540454255222214,True,True
AMD,2025-05-14,2025,0.0077417201968713,-1.7852673729874036,True,True
AMD,2025-05-15,2025,0.1089557340625514,-1.7432917450008478,True,True
AMD,2025-06-10,2025,0.6014615416374167,1.77119028941827,True,True
AMD,2025-06-17,2025,-0.1052430067198159,-0.7032348804500748,True,True
AMD,2025-06-18,2025,-0.1130771033512911,-0.953050542926322,True,True
AMD,2025-06-23,2025,0.5023683605426525,-0.6744845558365873,True,True
AMD,2025-06-24,2025,-0.1058131695258173,3.738107723424961,True,True
AMD,2025-06-25,2025,-0.2787782034908475,1.752518802327231,True,True
AMD,2025-06-26,2025,-0.2795094882510016,-1.5345618962800638,True,True
AMD,2025-07-16,2025,-0.1138488282255775,3.090394025238225,True,True
AMD,2025-07-29,2025,0.0926541095890395,1.2728310502283209,True,True
AMD,2025-07-30,2025,-0.1126294291899225,2.272986213968332,True,True
AMD,2025-07-31,2025,-0.0590464681973063,-3.152806766999895,True,True
AMD,2025-08-01,2025,0.0456922896097842,0.863892806770098,True,True
AMD,2025-08-14,2025,0.9517888888888768,0.5166666666666705,True,True
AMD,2025-10-03,2025,-0.2649396319306124,-3.504864611417195,True,True
AMD,2025-10-07,2025,1.3659204095880917,-1.5638817779846337,True,True
AMD,2025-10-08,2025,-0.2765907490021125,10.542380840572912,True,True
AMD,2025-10-09,2025,0.1852094794752394,-1.447312738044865,True,True
AMD,2025-10-10,2025,0.1411693946814428,-7.801692657988571,True,True
AMD,2025-10-13,2025,0.1122080872330779,-1.683325761017712,True,True
AMD,2025-10-16,2025,0.0966731566917774,-0.7110810124439086,True,True
AMD,2026-01-16,2026,-0.2362141271873612,-1.0670081092616304,True,True
AMD,2026-01-20,2026,1.557079019555787,2.619237235642858,True,True
AMD,2026-01-21,2026,1.6503857403247033,5.8306133695053175,True,True
AMD,2026-01-22,2026,-0.2334303088112662,0.8425738245697612,True,True
AMD,2026-01-26,2026,0.3683323459484682,-2.0462252016993414,True,True
AMD,2026-03-26,2026,1.058111269091404,-6.512865202036412,True,True
AMD,2026-04-02,2026,0.6440268851493816,6.736005494775052,True,True
AMD,2026-04-17,2026,0.9536136330883518,0.2594033722438285,True,True
AMD,2026-04-23,2026,0.1456640508592527,1.0695010099003404,True,True
AMD,2026-04-24,2026,0.0626746447714308,3.2679544475954314,True,True
AMD,2026-04-27,2026,0.549405071333669,-3.4020678103159394,True,True
AMD,2026-04-28,2026,1.3713603436117503,3.5675363805372124,True,True
AMD,2026-05-07,2026,0.4424737611775705,-2.1144487330088926,True,True
AMD,2026-05-11,2026,0.2129914678361333,-0.3690757907991551,True,True
AMD,2026-06-22,2026,0.4621569597975962,1.1329263597866048,True,True
AMZN,2021-10-29,2021,-0.2084578275283105,2.1942291258840814,True,True
AMZN,2021-11-05,2021,0.1539117054932402,1.1400632729364355,True,True
AMZN,2021-11-08,2021,0.3128634298693889,-0.9684838160136322,True,True
AMZN,2021-11-10,2021,-0.0549491719562875,-2.24320818863508,True,True
AMZN,2021-11-19,2021,0.0110964179611011,-0.9661458403475616,True,True
AMZN,2021-11-22,2021,0.5226088359604555,-2.816544811184753,True,True
AMZN,2022-03-21,2022,-0.0479539610171861,0.3394536442351838,True,True
AMZN,2022-06-07,2022,-0.1365841665300714,0.8031470250778593,True,True
AMZN,2022-08-01,2022,-0.292617549055913,0.2813772676786341,True,True
AMZN,2023-01-12,2023,-0.0634272155163698,-1.7125760858351498,True,True
AMZN,2023-02-03,2023,0.6094557635655162,-1.767556780385821,True,True
AMZN,2023-02-06,2023,0.2279232450813672,-0.7141122176341991,True,True
AMZN,2023-03-20,2023,-0.1986582638747618,-0.6861150640374032,True,True
AMZN,2023-04-24,2023,0.0892721018871422,-1.254996746304727,True,True
AMZN,2023-04-25,2023,-0.1859593937660788,-2.2114193117910528,True,True
AMZN,2023-04-27,2023,-0.1985382551577429,1.498751040799325,True,True
AMZN,2023-04-28,2023,0.875336489371575,-2.088554720133668,True,True
AMZN,2023-05-01,2023,-0.0340066698427846,-2.763220581229162,True,True
AMZN,2023-05-30,2023,-0.1044618779112552,-0.5883795047805825,True,True
AMZN,2023-06-23,2023,0.136298505150642,0.1703973356052969,True,True
AMZN,2023-08-07,2023,-0.1161429888644738,0.83693878998509,True,True
AMZN,2023-09-12,2023,-0.2089305789769494,-0.7518268690275388,True,True
AMZN,2023-09-14,2023,0.0160498931844631,-0.2756529529322622,True,True
AMZN,2023-09-15,2023,0.1261280829596482,-1.6255605381165872,True,True
AMZN,2023-12-15,2023,0.0964348294918458,0.8896077638495709,True,True
AMZN,2023-12-18,2023,-0.1145855472901112,2.3379383634431523,True,True
AMZN,2023-12-19,2023,0.1649222797927427,-0.4209844559585529,True,True
AMZN,2024-02-05,2024,-0.0949764982373562,0.0470035252644021,True,True
AMZN,2024-04-08,2024,-0.1453850267379716,-0.8983957219251373,True,True
AMZN,2024-06-24,2024,-0.1789090140993929,-2.0066536410202307,True,True
AMZN,2024-06-25,2024,-0.2146084256731493,-0.1927091697446676,True,True
AMZN,2024-06-27,2024,0.1346120313862158,1.4872557567054605,True,True
AMZN,2024-06-28,2024,-0.2596682847896439,-2.24514563106796,True,True
AMZN,2024-07-01,2024,-0.0681994316714053,1.8858176181865036,True,True
AMZN,2024-09-12,2024,0.180001081899803,1.1954992967651084,True,True
AMZN,2024-09-20,2024,0.0196184570107195,0.693714525961737,True,True
AMZN,2024-09-23,2024,-0.1335124980431088,1.2002296091426246,True,True
AMZN,2024-10-30,2024,-0.0030452421301176,-0.9808452729420204,True,True
AMZN,2024-10-31,2024,-0.299999999999993,-2.358094638547899,True,True
AMZN,2024-11-04,2024,-0.0666530986058818,-0.3816017095756589,True,True
AMZN,2024-11-07,2024,-0.0356330151383587,1.349918040690392,True,True
AMZN,2024-11-08,2024,-0.2128848793974603,-0.7102678997044566,True,True
AMZN,2025-01-22,2025,-0.0207884532529064,1.2537699267557074,True,True
AMZN,2025-01-23,2025,0.071457325168093,0.8051047064365533,True,True
AMZN,2025-01-28,2025,0.0531990268470696,1.6774083400913429,True,True
AMZN,2025-01-29,2025,0.2735518691295522,-0.8221241344685376,True,True
AMZN,2025-05-05,2025,-0.0218818732900525,-0.1072903814172998,True,True
AMZN,2025-05-13,2025,-0.2621990521326958,0.0900473933649278,True,True
AMZN,2025-05-16,2025,-0.1648593697051883,-0.4889383744009251,True,True
AMZN,2025-06-30,2025,-0.210790980672882,-1.8432355046528297,True,True
AMZN,2025-07-01,2025,0.1042505694760764,0.4328018223234572,True,True
AMZN,2025-08-01,2025,0.1268726117582021,-1.084204226324763,True,True
AMZN,2025-09-05,2025,-0.2533477964948142,-1.174068402246052,True,True
AMZN,2025-11-03,2025,0.2618440104880097,-0.5713614839744875,True,True
AMZN,2025-11-04,2025,0.4087866443006593,-0.3794232766195338,True,True
AMZN,2026-01-07,2026,0.0703226075706333,0.8200826342806956,True,True
AMZN,2026-04-09,2026,-0.2256340129288857,3.737479576614338,True,True
AMZN,2026-04-10,2026,0.4501976788674903,1.3306125919313117,True,True
AMZN,2026-04-13,2026,0.0192550771045682,1.061767927867199,True,True
AMZN,2026-04-15,2026,0.176000000000002,-0.3309929789368059,True,True
AMZN,2026-08-03,2026,0.6458047360666954,2.0590031981026846,True,True
AMZN,2026-08-04,2026,0.6747257124235004,0.4562407212948513,True,True
AMZN,2026-08-05,2026,0.0541740674955506,-3.1651865008881086,True,True
ARKK,2021-10-26,2021,0.0170240521810072,-1.2148389726865136,True,True
ARKK,2021-10-27,2021,-0.0706250515378861,-2.069761688793593,True,True
ARKK,2021-11-02,2021,-0.3000000000000059,-1.2042389210019269,True,True
ARKK,2021-11-05,2021,-0.2195708292997674,-1.4198128428525258,True,True
ARKK,2022-03-30,2022,-0.2009790011350918,-2.511350737797972,True,True
ARKK,2022-08-11,2022,-0.1854900459418167,-4.383614088820825,True,True
ARKK,2022-08-12,2022,-0.1031977891827795,2.546387682589827,True,True
ARKK,2023-01-19,2023,-0.2999999999999996,-1.45676305719133,True,True
ARKK,2023-01-30,2023,0.315277078085631,-2.972292191435767,True,True
ARKK,2023-02-02,2023,0.8274636510500923,2.492499423032537,True,True
ARKK,2023-02-03,2023,-0.1354785478547905,1.001885902875995,True,True
ARKK,2023-02-06,2023,-0.1110400379057057,0.0950011845534292,True,True
ARKK,2023-02-08,2023,-0.1600374356574731,-2.316331305568559,True,True
ARKK,2023-05-23,2023,-0.101838509316772,-1.341614906832296,True,True
ARKK,2023-05-24,2023,-0.2745208280092122,0.8433427038078157,True,True
ARKK,2023-05-31,2023,0.3054655870445129,2.403846153846143,True,True
ARKK,2023-06-08,2023,-0.1578759800427731,1.377999524827746,True,True
ARKK,2023-07-12,2023,-0.299999999999994,-1.5562927638399309,True,True
ARKK,2023-07-13,2023,-0.3000000000000066,3.394418992086621,True,True
ARKK,2023-07-14,2023,-0.2199035950994195,-2.450291223137174,True,True
ARKK,2023-07-17,2023,-0.2999999999999979,2.180172768408068,True,True
ARKK,2023-07-20,2023,-0.1797346200241351,-3.980699638118223,True,True
ARKK,2023-11-15,2023,0.0432217473884183,2.113010446343781,True,True
ARKK,2023-11-16,2023,-0.1364041256446397,-1.023909985935298,True,True
ARKK,2023-11-30,2023,-0.1310169491525501,-2.351694915254236,True,True
ARKK,2023-12-04,2023,-0.0937952430196465,0.6825232678386728,True,True
ARKK,2023-12-05,2023,-0.2586564379017185,0.0,True,True
ARKK,2023-12-15,2023,0.0990916438936167,-1.6011700858319555,True,True
ARKK,2023-12-21,2023,0.2226676300800216,0.5050233294643036,True,True
ARKK,2024-07-12,2024,0.0369712167466265,1.984300043610998,True,True
ARKK,2024-07-15,2024,-0.1737175427485759,0.781085074941956,True,True
ARKK,2024-07-16,2024,-0.0509056839475361,2.8211534457630583,True,True
ARKK,2024-07-17,2024,0.1528075970272446,-0.0412881915772007,True,True
ARKK,2024-07-18,2024,0.0085413657932733,-3.878687848153488,True,True
ARKK,2024-09-19,2024,-0.153659048018446,-0.5451876703711428,True,True
ARKK,2024-10-28,2024,0.0105919003115239,0.5192107995846313,True,True
ARKK,2024-11-07,2024,0.086619111451546,0.9191880505553504,True,True
ARKK,2024-11-11,2024,-0.1967208430076767,3.322021789605285,True,True
ARKK,2024-11-12,2024,-0.1082357055429295,-0.6469662528414014,True,True
ARKK,2024-11-13,2024,-0.1018169136878899,-2.6678291194420245,True,True
ARKK,2024-11-14,2024,-0.2465415549597989,-3.7712243074173353,True,True
ARKK,2024-12-10,2024,-0.1540975609756047,-1.4471544715447164,True,True
ARKK,2025-02-18,2025,0.096450662739318,-2.091310751104568,True,True
ARKK,2025-05-13,2025,0.2225555756370854,3.650822338695108,True,True
ARKK,2025-05-14,2025,-0.2179062661833252,-0.6732263076126369,True,True
ARKK,2025-05-15,2025,0.0617325008793502,-0.1758705592683809,True,True
ARKK,2025-06-09,2025,-0.1726722891566188,0.2056224899598395,True,True
ARKK,2025-06-23,2025,-0.1963925178147232,2.14519002375298,True,True
ARKK,2025-06-24,2025,-0.0421551724137795,0.9770114942528836,True,True
ARKK,2025-07-17,2025,-0.2273756704853916,1.0529104032845529,True,True
ARKK,2025-07-21,2025,-0.1856505670957037,-2.1218299987256177,True,True
ARKK,2025-07-23,2025,-0.2740735925107121,0.5720972565336078,True,True
ARKK,2025-08-14,2025,-0.0926696126852195,0.0909799844034408,True,True
ARKK,2025-09-18,2025,-0.0195670783905969,1.6019322489910712,True,True
ARKK,2025-09-22,2025,0.1248076695466974,0.094685761628593,True,True
ARKK,2025-10-01,2025,-0.0504007473143499,1.6464269033162031,True,True
ARKK,2026-06-01,2026,-0.046938649167333,0.6809880517550884,True,True
ARKK,2026-08-20,2026,0.1547047527604606,-0.0960153624579912,True,True
ARKK,2026-08-21,2026,0.3746082621082718,2.3860398860398924,True,True
ARKK,2026-08-24,2026,-0.2999999999999929,-2.071903816972109,True,True
AVGO,2021-10-18,2021,-0.2242870560962504,0.5935370411079413,True,True
AVGO,2021-10-27,2021,-0.253132638862781,-1.650934526719583,True,True
AVGO,2021-10-28,2021,-0.1841139481707309,0.9184451219512292,True,True
AVGO,2021-12-08,2021,-0.2898761169780607,-0.3435553750338432,True,True
AVGO,2021-12-10,2021,0.5020994262636502,1.2997211449084929,True,True
AVGO,2021-12-13,2021,-0.3000000000000075,-2.0668578090046954,True,True
AVGO,2021-12-14,2021,-0.2064743081725412,-0.535347490659714,True,True
AVGO,2021-12-15,2021,-0.2109199603619413,3.945936286693627,True,True
AVGO,2021-12-16,2021,0.0146613428535815,-2.818489289740699,True,True
AVGO,2021-12-17,2021,-0.1450083396757942,2.830631710200317,True,True
AVGO,2021-12-20,2021,0.467290435893345,3.0225131726010006,True,True
AVGO,2021-12-22,2021,-0.253519091205778,1.8415204587483915,True,True
AVGO,2022-03-21,2022,-0.1780246668650676,-0.5654200972125714,True,True
AVGO,2022-07-28,2022,-0.2226678522106019,0.9496963620197094,True,True
AVGO,2022-11-11,2022,-0.149896988906501,2.6327258320126825,True,True
AVGO,2022-12-01,2022,-0.1263034680507392,-0.0308513148104384,True,True
AVGO,2022-12-12,2022,0.0916622303809061,2.2230380908673726,True,True
AVGO,2022-12-14,2022,0.3049863688330028,1.030692111511743,True,True
AVGO,2022-12-15,2022,0.1148894246109236,-1.079519268266748,True,True
AVGO,2022-12-16,2022,-0.2839034891021855,-0.2690824289173916,True,True
AVGO,2023-01-09,2023,-0.0357179036941967,-2.6186938610116823,True,True
AVGO,2023-01-10,2023,0.0485839075902338,0.5471852190235668,True,True
AVGO,2023-03-06,2023,-0.2623181102362149,-0.335433070866141,True,True
AVGO,2023-05-18,2023,-0.037383903285732,3.2080757635738077,True,True
AVGO,2023-05-19,2023,-0.1724272917157149,0.3544951753353683,True,True
AVGO,2023-05-22,2023,-0.1522204285295013,-0.4754916348693879,True,True
AVGO,2023-05-24,2023,-0.2532720255913672,-0.3154898162822059,True,True
AVGO,2023-05-26,2023,0.9968324701914962,8.759885984985353,True,True
AVGO,2023-05-30,2023,0.4929802352660183,-4.221651639099543,True,True
AVGO,2023-05-31,2023,-0.299999999999994,1.5222040508240058,True,True
AVGO,2023-06-01,2023,-0.0011614837017675,-1.4187585862370442,True,True
AVGO,2023-06-02,2023,1.22327991247597,2.700344025093598,True,True
AVGO,2023-06-05,2023,-0.250692383778424,-0.8098417408506373,True,True
AVGO,2023-06-20,2023,0.007302433371951,0.5886442641946745,True,True
AVGO,2023-09-01,2023,-0.2999999999999976,-3.2432612239014493,True,True
AVGO,2023-10-13,2023,1.554705170517046,-2.85808580858086,True,True
AVGO,2023-10-16,2023,0.0638032470302903,1.2720903599577889,True,True
AVGO,2023-11-13,2023,-0.1505396761942916,-0.4081761469434124,True,True
AVGO,2023-11-17,2023,0.056592763020281,2.251620999790836,True,True
AVGO,2023-11-22,2023,0.076452328610982,-1.0615127829343705,True,True
AVGO,2023-12-12,2023,-0.1787682759559908,4.277278961857609,True,True
AVGO,2023-12-13,2023,0.0790093632958849,2.0308988764044997,True,True
AVGO,2023-12-14,2023,-0.0425753996594101,1.2241571902067323,True,True
AVGO,2023-12-15,2023,0.8733471789546617,2.888451658741874,True,True
AVGO,2023-12-18,2023,0.0545449684049233,2.227252876534078,True,True
AVGO,2024-01-22,2024,0.6077638628669064,0.2941853203168595,True,True
AVGO,2024-01-25,2024,-0.2532802249297223,-3.951890034364272,True,True
AVGO,2024-01-26,2024,-0.3000000000000066,-1.200295154546208,True,True
AVGO,2024-02-23,2024,0.0733882617302453,-0.9622660256655166,True,True
AVGO,2024-03-04,2024,-0.1971950771987967,-0.273805036590303,True,True
AVGO,2024-03-05,2024,-0.2999999999999961,-3.731899641577057,True,True
AVGO,2024-03-06,2024,-0.0671531640293836,-2.988689115968893,True,True
AVGO,2024-03-07,2024,0.132132649295588,1.6649903400169317,True,True
AVGO,2024-03-08,2024,1.0407746100053767,-6.132329209252286,True,True
AVGO,2024-05-16,2024,0.052230143208651,-1.030429205307749,True,True
AVGO,2024-05-17,2024,0.0673087394019194,-1.353444069666313,True,True
AVGO,2024-05-21,2024,0.0570891325993439,0.2593104633921045,True,True
AVGO,2024-06-12,2024,-0.2341545419977179,-0.3655746125776358,True,True
AVGO,2024-06-13,2024,0.0299068341121521,-1.9561915887850476,True,True
AVGO,2024-06-14,2024,0.0942229942022481,2.8810926810760904,True,True
AVGO,2024-06-17,2024,-0.2972305555555548,1.6933333333333342,True,True
AVGO,2024-06-18,2024,-0.2842829108659968,-2.040128506895557,True,True
AVGO,2024-06-20,2024,-0.2286854158118325,-3.8110077295864624,True,True
AVGO,2024-06-21,2024,0.2642032291721823,-2.617291810352455,True,True
AVGO,2024-09-23,2024,-0.122897495631918,0.7571345369831167,True,True
AVGO,2024-12-12,2024,-0.2779583264245919,-0.0110539987840657,True,True
AVGO,2024-12-13,2024,-0.0345307609660463,5.0824496659971015,True,True
AVGO,2024-12-16,2024,0.6412550584580873,7.856249191078135,True,True
AVGO,2024-12-17,2024,-0.1549968834406893,-0.2493247454809866,True,True
AVGO,2024-12-18,2024,-0.2001377238011842,-6.873669713284097,True,True
AVGO,2024-12-19,2024,-0.2825095390552904,-4.2498136046664605,True,True
AVGO,2025-05-13,2025,-0.1480289250639051,4.179559621507687,True,True
AVGO,2025-05-14,2025,1.0729918762761206,0.834093574872938,True,True
AVGO,2025-06-04,2025,0.0477098349221001,1.185770750988143,True,True
AVGO,2025-06-05,2025,0.0449958171723924,-1.1521788729181035,True,True
AVGO,2025-06-06,2025,0.8195556086489003,-1.6751483295504268,True,True
AVGO,2025-06-25,2025,-0.2565430428737943,-0.5523616277758878,True,True
AVGO,2025-08-01,2025,0.1958294798192052,0.6857800966723,True,True
AVGO,2025-09-08,2025,0.1822178840942975,0.7575536843332138,True,True
AVGO,2025-09-09,2025,0.1093020927205435,-3.686220658284338,True,True
AVGO,2025-09-11,2025,0.5016390793142093,-3.1313553044485443,True,True
AVGO,2025-10-14,2025,-0.1832452657736216,-1.7080346176915877,True,True
AVGO,2025-11-26,2025,-0.2043037252256953,3.053336100446192,True,True
AVGO,2025-11-28,2025,-0.2500626095667506,0.4257450538442245,True,True
AVGO,2025-12-09,2025,-0.2412072469950535,1.9623096032721876,True,True
AVGO,2025-12-11,2025,-0.1756289754832288,0.5323287840424948,True,True
AVGO,2026-04-09,2026,0.1810956571104106,0.7408458699971653,True,True
AVGO,2026-06-01,2026,-0.0298343032295327,2.170050197681129,True,True
AVGO,2026-06-02,2026,-0.1201910070910333,-1.3116366766405658,True,True
AVGO,2026-06-03,2026,-0.2546612096407439,-3.151937749482082,True,True
AVGO,2026-06-04,2026,1.1650651605173687,2.4548277463996584,True,True
AVGO,2026-08-05,2026,-0.0233839222195892,-0.7493478776381238,True,True
AXP,2022-01-05,2022,0.2194789579158303,-1.6375608359576372,True,True
AXP,2022-01-06,2022,0.2373884316680239,0.1970557551872049,True,True
AXP,2022-07-22,2022,0.8724985849946552,-3.767058675554984,True,True
AXP,2022-07-25,2022,-0.2999999999999998,-0.3241491085899514,True,True
AXP,2022-11-11,2022,-0.0515304492299934,-1.0224295482139578,True,True
AXP,2022-12-14,2022,0.003712635654001,-2.214888620930368,True,True
AXP,2023-01-13,2023,-0.280481597494129,1.63795353693552,True,True
AXP,2023-01-18,2023,-0.1258202472652036,-2.6538934558871268,True,True
AXP,2023-01-27,2023,-0.3000000000000079,3.3093525179856003,True,True
AXP,2023-01-30,2023,-0.3000000000000027,-1.2071628811716837,True,True
AXP,2023-01-31,2023,0.3919206523625043,1.1451043895668207,True,True
AXP,2023-02-01,2023,-0.2108691890644757,0.1384242703887467,True,True
AXP,2023-02-03,2023,-0.02105385870833,4.231755653998595,True,True
AXP,2023-06-01,2023,-0.1558342763736992,2.301018483591096,True,True
AXP,2023-06-02,2023,-0.1187162858355133,2.163767501060666,True,True
AXP,2023-06-05,2023,-0.2999999999999951,-0.4636233951497867,True,True
AXP,2023-12-01,2023,0.1381262084724865,1.792933731763053,True,True
AXP,2023-12-04,2023,-8.099039686220999e-05,0.2256161055189091,True,True
AXP,2023-12-05,2023,-0.1901040674026681,-0.7902382335851164,True,True
AXP,2023-12-15,2023,0.3963388532161842,1.681311253801968,True,True
AXP,2023-12-18,2023,-0.1186073436983062,0.7498070349542473,True,True
AXP,2024-01-29,2024,0.0757413468213797,-0.4215015372408977,True,True
AXP,2024-01-30,2024,0.0928329177057314,1.810473815461344,True,True
AXP,2024-02-12,2024,0.135908598351001,0.0282685512367501,True,True
AXP,2024-03-01,2024,-0.1408873284392046,0.1595914458984972,True,True
AXP,2024-03-22,2024,0.1135123335516223,-1.3708797205850314,True,True
AXP,2024-04-23,2024,0.0609703113685685,1.763428035950073,True,True
AXP,2024-04-24,2024,-0.0154656482142172,0.3609350736559303,True,True
AXP,2024-04-25,2024,-0.1827699155923193,-0.3947423676143273,True,True
AXP,2024-07-19,2024,-0.0649751861042254,0.3060380479735238,True,True
AXP,2024-09-03,2024,0.3431755092465842,-0.5199984360949339,True,True
AXP,2024-09-23,2024,-0.2629284714033176,-1.49985259433962,True,True
AXP,2024-10-08,2024,0.1594470046082966,-0.7852534562211964,True,True
AXP,2024-10-18,2024,-0.299999999999999,0.0072254335260049,True,True
AXP,2024-11-07,2024,-0.0561388204706997,-1.8986042692939284,True,True
AXP,2024-11-08,2024,0.3259941398074624,0.3523091949211633,True,True
AXP,2024-11-25,2024,0.1720986635868679,0.7622504537205089,True,True
AXP,2024-11-26,2024,0.1436765812637091,-0.0130885769444784,True,True
AXP,2025-01-16,2025,0.1144867284937653,-0.3805564438759187,True,True
AXP,2025-01-23,2025,0.0728542729098927,0.6614124555710049,True,True
AXP,2025-01-24,2025,-0.2784864364981353,-0.9309494451294642,True,True
AXP,2025-01-27,2025,-0.0806242730958995,-0.5689498003960652,True,True
AXP,2025-05-13,2025,-0.2185783333333309,0.7466666666666697,True,True
AXP,2025-06-30,2025,0.0896303853095898,0.0706270109079566,True,True
AXP,2025-07-01,2025,-0.1186443378664007,1.8142807560029024,True,True
AXP,2025-07-02,2025,-0.1487476392457931,0.8761881172791678,True,True
AXP,2025-09-02,2025,-0.0085241535541582,1.3439049776526009,True,True
AXP,2025-09-03,2025,-0.0181572184429258,-2.1315192743764206,True,True
AXP,2025-09-04,2025,-0.300000000000007,1.7446153846153896,True,True
AXP,2025-09-18,2025,-0.1880768094534711,0.9660265878877348,True,True
AXP,2025-09-19,2025,-0.0651943187458009,-0.4320789419904713,True,True
AXP,2025-09-22,2025,-0.1348170893346296,0.5066124709139722,True,True
AXP,2025-10-21,2025,-0.2999999999999954,0.8747763355960241,True,True
AXP,2026-04-20,2026,-0.2969940906898237,-0.5426917510853869,True,True
AXP,2026-06-17,2026,-0.1160139429977378,-0.246052901373788,True,True
AXP,2026-06-18,2026,0.2339863430971888,-2.3632505161038853,True,True
AXP,2026-06-22,2026,-0.2999999999999973,0.0177525297354879,True,True
BA,2021-09-30,2021,-0.2691303963198889,-2.6893135173390004,True,True
BA,2021-11-16,2021,-0.3000000000000052,-3.094420600858373,True,True
BA,2022-01-05,2022,0.2199918297636754,-1.6340472673559785,True,True
BA,2022-01-06,2022,0.3317182258665754,-1.5514349608646962,True,True
BA,2022-01-14,2022,-0.0756121714079942,1.665466330572568,True,True
BA,2022-07-13,2022,0.7927653464999749,0.787897888433659,True,True
BA,2022-07-19,2022,0.1131675690127447,4.337945324510381,True,True
BA,2022-07-20,2022,-0.1338333333333452,1.538461538461542,True,True
BA,2022-08-02,2022,-0.1059730538922148,-2.1856287425149734,True,True
BA,2022-11-03,2022,-0.1659856173129754,5.29605484239532,True,True
BA,2022-11-04,2022,0.1073024384016403,2.3171198774415904,True,True
BA,2022-11-11,2022,0.2086734693877541,0.6179138321995484,True,True
BA,2022-12-05,2022,0.0560714285714238,1.741758241758235,True,True
BA,2022-12-06,2022,0.1226183359599996,-3.0487473506874547,True,True
BA,2022-12-13,2022,-0.2999999999999992,-2.098268013186133,True,True
BA,2022-12-14,2022,-0.1137244434954393,0.4323920354454565,True,True
BA,2022-12-22,2022,-0.1199618202455985,-2.8634815808482013,True,True
BA,2023-01-04,2023,0.1546213751408867,4.324213546469924,True,True
BA,2023-01-05,2023,0.1971161015268716,1.5764425936942332,True,True
BA,2023-01-09,2023,0.3291109436805333,-1.7941231870408751,True,True
BA,2023-01-10,2023,0.3845512506130432,1.3830308974987704,True,True
BA,2023-02-15,2023,-0.1576763676551855,0.1381469883956582,True,True
BA,2023-06-05,2023,-0.2999999999999964,-2.1099024756189046,True,True
BA,2023-06-08,2023,0.0803192992370686,2.7126306866346384,True,True
BA,2023-06-09,2023,0.0475939263268915,-0.3073535483279122,True,True
BA,2023-06-13,2023,-0.2551607825500359,-0.8859905554306269,True,True
BA,2023-06-20,2023,-0.1360272282881718,-2.9786650829183525,True,True
BA,2023-07-27,2023,-0.0308784458755794,-0.6525112117154441,True,True
BA,2023-07-28,2023,0.0504616296798198,1.075724208029812,True,True
BA,2023-11-14,2023,0.036743063932441,0.0627261761157999,True,True
BA,2023-11-15,2023,0.0543441717496711,0.2689592238605265,True,True
BA,2023-11-21,2023,-0.1388221709006999,0.8221709006928412,True,True
BA,2023-11-29,2023,-0.1526930826057723,0.4701141705842899,True,True
BA,2023-12-01,2023,-0.0763557406049226,0.9017560512577136,True,True
BA,2023-12-12,2023,0.3192296834039213,0.2742488404920374,True,True
BA,2023-12-15,2023,1.3532186155651298,3.042628079781005,True,True
BA,2023-12-18,2023,0.1416149182718195,-0.0783132530120415,True,True
BA,2024-08-01,2024,0.3139421052631519,-6.21052631578948,True,True
BA,2024-12-11,2024,0.4710004833252705,0.2718704688255127,True,True
BA,2024-12-12,2024,0.0496582060274619,-0.2972121500326933,True,True
BA,2024-12-17,2024,0.2531206657420345,0.0173370319001393,True,True
BA,2024-12-18,2024,-0.2079984418282515,-0.4212834718374825,True,True
BA,2024-12-19,2024,1.0102858857142922,1.1428571428571428,True,True
BA,2024-12-20,2024,0.088968675788764,0.3731765238041369,True,True
BA,2024-12-23,2024,0.4220581630361517,-0.2021109364473465,True,True
BA,2025-01-29,2025,0.3484326587578393,-3.050942079553386,True,True
BA,2025-05-09,2025,0.3541927150606947,0.588995091707562,True,True
BA,2025-05-14,2025,-0.072308066083575,-0.5247813411078778,True,True
BA,2025-05-15,2025,-0.0692018326501016,-0.554617795997109,True,True
BA,2025-07-10,2025,0.1002956099713177,-0.2514890800794146,True,True
BA,2025-12-22,2025,0.1676186495774136,0.6640661279836568,True,True
BA,2026-01-05,2026,0.0487538259728931,-0.244862264975952,True,True
BA,2026-01-08,2026,-0.2096725484274515,-1.937098235471755,True,True
BA,2026-01-12,2026,0.0787314866191478,2.334713389389218,True,True
BA,2026-01-14,2026,-0.1184973817705819,-0.7486499754540927,True,True
BA,2026-01-21,2026,-0.0556871308610173,0.4700871871107783,True,True
BA,2026-01-23,2026,0.1063108332673863,-0.2492680224736865,True,True
BA,2026-04-20,2026,-0.0532511362102278,1.2959546415875551,True,True
BA,2026-04-23,2026,0.8451439246684754,1.1209019048853175,True,True
BA,2026-04-24,2026,-0.1175624494659501,-1.0851525596833955,True,True
BA,2026-05-08,2026,0.5827159965782741,1.5312232677502071,True,True
BA,2026-08-04,2026,0.1842667680351442,0.1605000844737267,True,True
BA,2026-08-05,2026,-0.0234629123765438,0.9371716747215878,True,True
BAC,2021-09-29,2021,-0.1384116693679009,-0.2315350775642378,True,True
BAC,2021-10-18,2021,-0.0630805789587448,-0.0432058759991272,True,True
BAC,2022-01-04,2022,0.1873751328374113,1.9978746014877893,True,True
BAC,2022-01-05,2022,0.1349189862899941,-1.99418363107603,True,True
BAC,2022-01-11,2022,0.0866707491324727,0.4490712390283708,True,True
BAC,2022-08-11,2022,-0.1327648867766378,0.4752585965893054,True,True
BAC,2022-08-12,2022,-0.1897123893805211,0.3456858407079646,True,True
BAC,2022-10-19,2022,0.2478021978022171,-1.8796992481202968,True,True
BAC,2023-01-13,2023,-0.1542397660818806,3.011695906432731,True,True
BAC,2023-01-17,2023,0.1023637936004674,-0.4900547708273122,True,True
BAC,2023-04-19,2023,-0.0683703949551881,-0.2655160969133697,True,True
BAC,2023-07-17,2023,0.2472384219554033,0.8233276157804528,True,True
BAC,2023-07-19,2023,-0.3000000000000059,2.039494982194882,True,True
BAC,2023-07-20,2023,0.2409830833067401,1.1330992658793502,True,True
BAC,2023-07-24,2023,0.1673437500000041,2.046875000000004,True,True
BAC,2023-07-25,2023,-0.2086996336996386,-1.8925518925518847,True,True
BAC,2023-11-15,2023,0.7584589041096014,1.4554794520547971,True,True
BAC,2023-11-30,2023,-0.0029791459781577,0.8937437934458774,True,True
BAC,2023-12-01,2023,-0.0376315789473578,1.8421052631579025,True,True
BAC,2023-12-07,2023,0.1074043805165132,0.1961425302386359,True,True
BAC,2023-12-14,2023,0.4641017780502736,4.138565297363585,True,True
BAC,2023-12-15,2023,-0.1758908929627534,-0.768775872264926,True,True
BAC,2023-12-18,2023,-0.2112726194007615,-0.8306140611094665,True,True
BAC,2024-01-31,2024,0.0316603991900478,-1.648828463986116,True,True
BAC,2024-02-01,2024,0.6402888299440022,-1.1199528440907829,True,True
BAC,2024-03-05,2024,0.0425135986258104,1.3455482393358114,True,True
BAC,2024-03-06,2024,0.0915287517531486,-0.6451612903225719,True,True
BAC,2024-03-07,2024,-0.2859971910112415,0.0280898876404438,True,True
BAC,2024-05-23,2024,-0.1245159668091554,-1.4709580085491596,True,True
BAC,2024-07-17,2024,0.7735166093928989,0.7560137457044634,True,True
BAC,2024-07-18,2024,0.2256992205410518,-1.4442916093534972,True,True
BAC,2024-07-19,2024,0.0489267382174483,0.1866542230517925,True,True
BAC,2024-09-03,2024,0.0931000492853746,0.3080335140463282,True,True
BAC,2024-09-04,2024,-0.2264387604525323,-0.4181013280865583,True,True
BAC,2024-09-20,2024,0.0685312962050153,-0.7392804337111808,True,True
BAC,2024-10-14,2024,0.032650142993327,-0.0953288846520475,True,True
BAC,2024-10-16,2024,-0.1110400379057057,1.4214641080312755,True,True
BAC,2024-11-07,2024,0.0541740674955752,-0.5772646536412034,True,True
BAC,2024-11-08,2024,0.0533894550287929,0.0,True,True
BAC,2025-01-16,2025,0.4226177787252219,-0.5329354082285228,True,True
BAC,2025-01-17,2025,-0.2893048701995249,-0.2038189229778992,True,True
BAC,2025-01-21,2025,-0.0335345345345265,0.1287001287001336,True,True
BAC,2025-01-22,2025,-0.0218669527897027,-1.7167381974249016,True,True
BAC,2025-05-16,2025,-0.2550293188994217,0.7668019846639519,True,True
BAC,2025-05-19,2025,0.0390387667195687,1.4622534572659334,True,True
BAC,2025-06-23,2025,-0.014515418502193,1.9603524229074905,True,True
BAC,2025-06-30,2025,-0.2999999999999976,-0.7139857202855866,True,True
BAC,2025-07-01,2025,0.2088898341131385,2.4457677584006774,True,True
BAC,2025-07-02,2025,0.2772539288668412,0.6823821339950337,True,True
BAC,2025-08-25,2025,-0.027485320915171,0.2429641627859839,True,True
BAC,2025-08-28,2025,-0.1224925816023611,-0.0791295746785344,True,True
BAC,2025-09-22,2025,0.229704404945908,0.3284389489953665,True,True
BAC,2025-11-05,2025,-0.0929191842900343,-0.9818731117824832,True,True
BAC,2026-04-16,2026,0.1427831236121377,-1.0270170244263503,True,True
BAC,2026-06-05,2026,-0.2816119513094794,-0.7192917742530442,True,True
BAC,2026-06-22,2026,-0.0369393139841702,0.8883025505716717,True,True
BAC,2026-07-15,2026,-0.2024461839530284,0.497390737116764,True,True
BAC,2026-07-20,2026,-0.0799612061939731,-1.4832925835370885,True,True
BAC,2026-07-23,2026,-0.1618663406682984,-0.0977995110024486,True,True
BKNG,2021-09-23,2021,1.6909808557857806,2.672308298591669,True,True
BKNG,2021-09-24,2021,1.1460764644956989,1.5217869987522206,True,True
BKNG,2021-11-08,2021,-0.0755906355772843,-0.7183151560737084,True,True
BKNG,2021-11-09,2021,1.513414172034856,0.3486169003410314,True,True
BKNG,2021-11-10,2021,0.1143448696057524,-3.3446665112115825,True,True
BKNG,2022-02-10,2022,0.764295954742708,1.8440018598883945,True,True
BKNG,2022-02-14,2022,0.102307887546231,0.9553571782659092,True,True
BKNG,2022-08-04,2022,0.4427029245119298,2.3726477380933666,True,True
BKNG,2022-08-05,2022,-0.2999999999999951,-0.4985106735065417,True,True
BKNG,2022-10-31,2022,-0.300000000000003,-0.0181729746487081,True,True
BKNG,2022-11-11,2022,1.6396165903187054,4.063398939219447,True,True
BKNG,2022-12-14,2022,-0.0198566872787913,-2.4112316726947416,True,True
BKNG,2023-01-24,2023,-0.2999999999999992,-0.0516103253947682,True,True
BKNG,2023-03-06,2023,0.4837648466205277,1.506218296784826,True,True
BKNG,2023-03-07,2023,0.2157975628613295,-0.8904633871457894,True,True
BKNG,2023-07-11,2023,0.4787015679289864,1.657347659785682,True,True
BKNG,2023-07-24,2023,0.0432099381361052,-0.4314645710471433,True,True
BKNG,2023-08-07,2023,0.1803105801494479,5.221507189055127,True,True
BKNG,2023-08-08,2023,0.0597530531637339,1.045859317983201,True,True
BKNG,2023-09-15,2023,0.0625737717722378,-1.259704756697654,True,True
BKNG,2023-09-18,2023,1.2546119213696865,0.1372859860494586,True,True
BKNG,2023-12-08,2023,0.640986538174952,1.6979409865381767,True,True
BKNG,2023-12-12,2023,-0.0017857408592373,1.2657926457239006,True,True
BKNG,2023-12-15,2023,0.2173442498162396,1.060754411093911,True,True
BKNG,2023-12-18,2023,-0.1248607873979559,-0.3831934509799393,True,True
BKNG,2023-12-21,2023,0.6735293526365757,1.0786997016057116,True,True
BKNG,2024-02-07,2024,0.5438759212076365,1.6347497328840326,True,True
BKNG,2024-02-08,2024,-0.3,2.518933333333334,True,True
BKNG,2024-02-09,2024,0.2530655405405407,1.588918918918918,True,True
BKNG,2024-02-12,2024,-0.0110191077716706,0.7817178629318782,True,True
BKNG,2024-02-23,2024,-0.3000000000000014,-5.169402157748163,True,True
BKNG,2024-05-10,2024,0.0344019347420959,0.6237693110785226,True,True
BKNG,2024-06-13,2024,-0.2290446753246782,0.052987012987012,True,True
BKNG,2024-06-24,2024,-0.2999999999999986,-0.1170687195890831,True,True
BKNG,2024-09-20,2024,-0.3000000000000049,1.3133250367237166,True,True
BKNG,2024-09-23,2024,0.0010127927834765,0.7519666536253587,True,True
BKNG,2024-10-30,2024,0.2002052451539234,1.8570125427594135,True,True
BKNG,2024-10-31,2024,0.4324811998310024,-1.2716518800168952,True,True
BKNG,2024-11-01,2024,0.6602717926750904,1.7016491754122902,True,True
BKNG,2024-11-04,2024,-0.2999999999999927,0.0073344663337593,True,True
BKNG,2024-11-06,2024,-0.2999999999999975,-0.7038422440357207,True,True
BKNG,2024-11-07,2024,-0.3000000000000073,-1.8315573623340011,True,True
BKNG,2024-11-08,2024,0.6297958694490772,0.4871181820213265,True,True
BKNG,2024-11-13,2024,-0.0476580632252893,-0.2130852340936301,True,True
BKNG,2025-05-01,2025,-0.2876131557435541,1.616887558658094,True,True
BKNG,2025-06-30,2025,0.2488297890990586,1.4840202661243602,True,True
BKNG,2025-07-01,2025,0.2491419314381285,-0.1334308807134868,True,True
BKNG,2025-12-11,2025,-0.2229068193964946,0.0615947934394911,True,True
BKNG,2026-06-16,2026,-0.2377370273645899,-0.2384466901328417,True,True
BKNG,2026-06-22,2026,0.5882352941176385,-1.0325092925836332,True,True
BKNG,2026-06-25,2026,0.6931758602610449,-2.298628549352903,True,True
BKNG,2026-06-26,2026,0.5626317569471846,2.074291189899108,True,True
BKNG,2026-06-29,2026,0.5083783783783707,-1.421621621621619,True,True
BKNG,2026-07-06,2026,0.3497037914691899,-2.4881516587677748,True,True
BKNG,2026-07-29,2026,-0.2086438607208209,2.474037874160056,True,True
BKNG,2026-07-30,2026,0.64892131979696,-1.9137055837563504,True,True
BKNG,2026-07-31,2026,0.5187519615022471,0.8944450256302854,True,True
BKNG,2026-08-04,2026,0.7498003008454766,0.7469267078167944,True,True
BKNG,2026-08-06,2026,1.4566373817339284,0.1086117011005958,True,True
BLK,2022-06-01,2022,0.0423723018374273,-1.8091811857049356,True,True
BLK,2022-08-01,2022,-0.1205912596400991,1.5197338575533146,True,True
BLK,2022-08-04,2022,-0.1110351774032772,0.5097546534967974,True,True
BLK,2022-11-11,2022,0.2651443850267428,3.672459893048132,True,True
BLK,2022-11-14,2022,-0.0807255921052567,-2.485526315789472,True,True
BLK,2022-11-15,2022,0.0805946688505653,-2.17155839695664,True,True
BLK,2023-01-09,2023,0.0573139677449769,1.4402931784804758,True,True
BLK,2023-01-10,2023,-0.2507903899256961,1.0698611314915334,True,True
BLK,2023-01-13,2023,0.1253036979494558,0.9884413966757292,True,True
BLK,2023-01-17,2023,-0.0441647337972092,-0.0239942413820616,True,True
BLK,2023-02-03,2023,0.9801347066666646,0.8826666666666672,True,True
BLK,2023-04-17,2023,0.0057353217710863,1.0255594289268393,True,True
BLK,2023-06-20,2023,-0.190367117537992,-0.6784631085684755,True,True
BLK,2023-07-14,2023,-0.16581426648721,-1.978465679676991,True,True
BLK,2023-07-17,2023,-0.2999999999999934,0.4678766130701953,True,True
BLK,2023-07-19,2023,0.1257689604843404,0.9919455105681276,True,True
BLK,2023-09-15,2023,-0.2090872823640003,-0.6155073661414028,True,True
BLK,2023-11-15,2023,0.1169815374479167,1.532578025409291,True,True
BLK,2023-12-01,2023,-0.0886359999999967,0.8333333333333334,True,True
BLK,2023-12-05,2023,-0.2999999999999936,-0.1177840713586176,True,True
BLK,2023-12-15,2023,0.5938881171865102,1.61384013132971,True,True
BLK,2023-12-18,2023,0.0683497536945751,-1.935960591133008,True,True
BLK,2024-03-01,2024,-0.1144464712697479,0.3401779771735636,True,True
BLK,2024-03-05,2024,0.4954054476204174,-0.6043566545314701,True,True
BLK,2024-07-10,2024,0.3410316054679657,1.2622231091598488,True,True
BLK,2024-07-12,2024,-0.2999999999999962,-0.1591531125284771,True,True
BLK,2024-07-15,2024,0.1660787006915836,-0.843393816718475,True,True
BLK,2024-07-16,2024,-0.2963723468769055,2.356579745300176,True,True
BLK,2024-07-17,2024,-0.2222483487138249,-0.6616960688163804,True,True
BLK,2024-07-18,2024,0.0378366081157166,-0.7591268843468897,True,True
BLK,2024-07-19,2024,-0.2999999999999941,-0.3658521957129265,True,True
BLK,2024-09-19,2024,0.0201876258992729,-0.3208100186517443,True,True
BLK,2024-09-20,2024,-0.3000000000000005,-0.138609818732737,True,True
BLK,2024-09-23,2024,0.4567902943105573,0.869920535071015,True,True
BLK,2024-10-14,2024,-0.0724951709919191,-0.744618032967357,True,True
BLK,2024-10-15,2024,0.0766222444889752,0.9058116232464892,True,True
BLK,2024-10-18,2024,-0.3000000000000045,-0.1802908428101646,True,True
BLK,2024-11-07,2024,-0.2990413369359224,-0.3692343195607571,True,True
BLK,2024-11-12,2024,-0.1978599886169571,-1.659077973819011,True,True
BLK,2024-11-15,2024,0.3777937197276841,0.7982744176641049,True,True
BLK,2024-12-12,2024,0.2469457680749533,-0.9286737378181852,True,True
BLK,2024-12-17,2024,0.0521533683074285,-0.6117308384310938,True,True
BLK,2025-01-29,2025,0.2808081290408868,0.5892408629465934,True,True
BLK,2025-05-13,2025,0.0098013209846953,-0.1364739709758353,True,True
BLK,2025-05-16,2025,-0.2343349075247063,0.2310615657461335,True,True
BLK,2025-06-30,2025,0.0987981009162122,-0.1438122630907246,True,True
BLK,2025-07-21,2025,-0.0272759280658704,-1.234110934565946,True,True
BLK,2025-10-01,2025,-0.0477261698440082,-1.1819757365684662,True,True
BLK,2025-10-07,2025,0.0584658305561939,-1.105768823085465,True,True
BLK,2025-10-15,2025,-0.0366258333333272,0.2941666666666644,True,True
BLK,2025-10-16,2025,-0.0747641196013217,-2.696013289036548,True,True
BLK,2026-01-06,2026,0.0251125683450824,-0.6075117035342846,True,True
BLK,2026-01-16,2026,0.1376653730055953,0.285467874083652,True,True
BLK,2026-01-20,2026,-0.2328942307692407,-2.932692307692304,True,True
BLK,2026-04-15,2026,0.4748484072081431,-0.4934475854281176,True,True
BLK,2026-04-20,2026,0.1230780233822081,-0.0123967730246323,True,True
BLK,2026-05-14,2026,0.1531818181818132,0.4490909090909141,True,True
BLK,2026-07-16,2026,0.3156426089617742,-2.1315282553513297,True,True
BLK,2026-07-17,2026,0.419548998867346,0.4418275936309455,True,True
BLK,2026-07-29,2026,-0.1228281786625017,-0.4373567081311518,True,True
BLK,2026-07-30,2026,-0.2468875074117891,1.819596798102589,True,True
BMY,2021-12-15,2021,-0.0157162026165665,1.643743710164381,True,True
BMY,2021-12-20,2021,-0.170182291666654,0.4557291666666685,True,True
BMY,2022-01-11,2022,0.4549528666357753,1.1744707154999308,True,True
BMY,2022-01-19,2022,0.0228029602220023,-0.2158495220474877,True,True
BMY,2022-02-08,2022,-0.2398037735848953,-0.5433962264150936,True,True
BMY,2022-02-10,2022,0.0429190967548772,-0.5533123971885816,True,True
BMY,2022-02-11,2022,1.0134221619993913,0.6925624811803579,True,True
BMY,2022-02-16,2022,-0.0940386601741073,-0.2508484580197753,True,True
BMY,2022-03-01,2022,0.0805343511450246,0.733998825601879,True,True
BMY,2022-03-21,2022,0.0347509792949042,-0.6155567991046414,True,True
BMY,2022-04-08,2022,0.03743816714398,1.2496745639156577,True,True
BMY,2022-04-11,2022,0.1106048906048824,-1.544401544401548,True,True
BMY,2022-11-01,2022,-0.1057792207792072,0.8701298701298723,True,True
BMY,2023-12-15,2023,0.1482212666145492,-0.6254886630179696,True,True
BMY,2023-12-26,2023,-0.1097691280290018,-1.850791833619536,True,True
BMY,2024-03-05,2024,0.012722995491093,1.578121936875122,True,True
BMY,2024-03-07,2024,-0.1883330222139251,-0.5600149337315609,True,True
BMY,2024-03-08,2024,-0.1135751682872019,0.5422587883320984,True,True
BMY,2024-03-11,2024,-0.0040994249675348,0.8996475607494093,True,True
BMY,2024-07-25,2024,-0.2109622683634749,1.0270149586961397,True,True
BMY,2024-07-26,2024,-0.2999999999999992,4.412678682411426,True,True
BMY,2024-07-29,2024,0.3590745192307615,-1.8930288461538467,True,True
BMY,2024-07-30,2024,0.2080513656746792,-0.0407664084794193,True,True
BMY,2024-09-25,2024,-0.0665560975609861,-2.536585365853653,True,True
BMY,2024-09-30,2024,-0.2225781401669529,0.48534265191225,True,True
BMY,2024-10-01,2024,-0.079297401347453,1.8479307025986405,True,True
BMY,2024-10-02,2024,-0.2622562937724684,1.741434790838542,True,True
BMY,2024-10-03,2024,-0.28148560817085,0.5942432683379764,True,True
BMY,2024-11-01,2024,-0.2643163922691616,-2.7738010021474664,True,True
BMY,2024-11-04,2024,0.1771212957850277,2.06147616418186,True,True
BMY,2024-11-05,2024,-0.0287812840043518,1.4871236851650351,True,True
BMY,2024-11-07,2024,-0.1374161985866995,-0.8334843268708114,True,True
BMY,2024-11-12,2024,1.033333333333328,-1.3373453694416535,True,True
BMY,2024-11-13,2024,-0.2326465124134505,-1.334234082080728,True,True
BMY,2025-01-24,2025,0.3240737607849696,0.94738622906446,True,True
BMY,2025-01-27,2025,0.4731232469889473,-0.0329978551394093,True,True
BMY,2025-03-05,2025,0.0187447417129353,0.6478209658421639,True,True
BMY,2025-03-10,2025,0.517883511074648,3.617719442165707,True,True
BMY,2025-03-11,2025,0.5414171974522285,-2.038216560509545,True,True
BMY,2025-11-04,2025,0.2479226203561239,0.2747856671795999,True,True
BMY,2025-12-04,2025,-0.1822440944881852,2.3326771653543354,True,True
BMY,2025-12-05,2025,-0.2616464704751013,0.2981342565878075,True,True
BMY,2025-12-15,2025,-0.2347696046359387,1.4954668660622568,True,True
BMY,2025-12-16,2025,0.3432258064516119,-0.110599078341018,True,True
BMY,2025-12-22,2025,0.0314739564093119,0.9235315847801996,True,True
BMY,2025-12-23,2025,-0.0811196487376477,-0.7135016465422493,True,True
BMY,2026-02-05,2026,-0.1476829061279854,0.967577660838568,True,True
BMY,2026-02-06,2026,-0.2999999999999995,3.2166666666666663,True,True
BMY,2026-02-09,2026,0.0574058986475568,-1.0184129053283364,True,True
BMY,2026-03-02,2026,-0.0762065095398458,-0.0801667468334089,True,True
BMY,2026-03-03,2026,0.0886308267013242,-0.544096150722756,True,True
BMY,2026-07-29,2026,-0.2999999999999956,-1.2055738218255772,True,True
BMY,2026-07-31,2026,0.7027077208726624,1.052142967662087,True,True
BMY,2026-08-03,2026,0.4991681790683605,-0.9830611010284416,True,True
BMY,2026-08-04,2026,-0.1463553706272207,1.5487748497457166,True,True
BMY,2026-08-05,2026,0.1153525690479829,-1.820706681067736,True,True
C,2022-01-07,2022,0.143586989874182,0.905185639766783,True,True
C,2022-01-11,2022,-0.1723335341970286,1.1147936125339095,True,True
C,2022-01-14,2022,0.0355875152998675,2.386780905752757,True,True
C,2022-08-11,2022,0.0699443413729145,0.2040816326530601,True,True
C,2022-11-11,2022,0.0700206185567019,3.546391752577317,True,True
C,2022-11-14,2022,-0.2999999999999966,-1.822186623948732,True,True
C,2023-01-17,2023,0.1199157641395899,0.8824709185719971,True,True
C,2023-01-18,2023,-0.2801552547770783,-1.6023089171974516,True,True
C,2023-01-27,2023,0.0070053887605796,-0.1828329484218607,True,True
C,2023-04-17,2023,-0.2599276527331172,-0.1205787781350385,True,True
C,2023-06-15,2023,-0.3000000000000027,0.8726366091834501,True,True
C,2023-07-28,2023,-0.2174668874172205,-1.883278145695372,True,True
C,2023-11-15,2023,0.3051933453237446,0.921762589928066,True,True
C,2023-12-04,2023,-0.065612310322725,1.1968369309681604,True,True
C,2023-12-05,2023,0.1241650712614413,-0.6594341629440442,True,True
C,2023-12-07,2023,0.0327492699207394,1.147267417605349,True,True
C,2023-12-14,2023,0.1385922815436943,0.4799040191961648,True,True
C,2023-12-15,2023,0.442382773193813,0.2012477359629733,True,True
C,2023-12-18,2023,0.0776515151515289,-1.0167464114832496,True,True
C,2024-01-03,2024,-0.3000000000000047,0.7323943661971841,True,True
C,2024-01-04,2024,0.0605619436201749,-0.2781899109792258,True,True
C,2024-01-31,2024,0.2095699682763475,-0.986958054282697,True,True
C,2024-02-01,2024,0.4564491654021211,0.0981879853610634,True,True
C,2024-03-06,2024,-0.230120904152792,0.3854915016646204,True,True
C,2024-03-07,2024,-0.1267292318387144,0.2693778241223516,True,True
C,2024-03-21,2024,0.245531420991544,1.6912618139611937,True,True
C,2024-07-01,2024,0.3310939512961431,-0.3456402199528655,True,True
C,2024-07-02,2024,0.0308105545899837,2.2041396745141464,True,True
C,2024-07-10,2024,0.0009357078176631,1.0413522487171711,True,True
C,2024-07-12,2024,-0.1802582194865611,-3.122654256117697,True,True
C,2024-07-17,2024,0.177318970676226,1.1370436864153064,True,True
C,2024-10-14,2024,-0.2242516334903584,0.3646862179000074,True,True
C,2024-10-15,2024,0.3123895131086036,-6.112359550561795,True,True
C,2024-11-07,2024,0.2408944281524839,-0.1612903225806443,True,True
C,2024-11-12,2024,0.0728174888537295,-0.7047317704587874,True,True
C,2024-12-11,2024,0.0550958904109658,-1.4794520547945182,True,True
C,2025-01-07,2025,-0.273017591339658,-0.2841677943166548,True,True
C,2025-01-08,2025,-0.2728522804629068,-0.2859087814840135,True,True
C,2025-01-15,2025,0.3018635170603623,2.6902887139107574,True,True
C,2025-01-16,2025,0.5326480791468697,0.8993961197481727,True,True
C,2025-01-17,2025,-0.1223042647994875,1.8395926161680556,True,True
C,2025-01-21,2025,-0.0210755362138566,1.560460055952763,True,True
C,2025-01-22,2025,-0.1592672149257431,0.27003805081625,True,True
C,2025-02-19,2025,-0.0983702117535088,-0.1189626457292511,True,True
C,2025-05-13,2025,-0.1542591362126201,0.3986710963455112,True,True
C,2025-06-06,2025,-0.2486809934371276,0.6820229056749468,True,True
C,2025-06-23,2025,0.0307643230828036,1.2823784611458409,True,True
C,2025-06-25,2025,-0.0079283953660282,1.879467586886869,True,True
C,2025-06-27,2025,-0.3000000000000085,-0.1538643626464616,True,True
C,2025-06-30,2025,-0.2647703180211999,0.2296819787985785,True,True
C,2025-07-01,2025,0.0636117647058774,1.4941176470588189,True,True
C,2025-07-02,2025,-0.1962539021852124,0.2890507573129842,True,True
C,2025-07-16,2025,-0.1474202011368641,-1.59051158723218,True,True
C,2025-07-17,2025,-0.0787640075446519,3.2730500388328005,True,True
C,2025-07-18,2025,-0.0217176596886872,0.2791196994095447,True,True
C,2025-07-24,2025,-0.1861044760618906,-0.9294838508671828,True,True
C,2025-09-10,2025,0.599856410256402,-0.3282051282051212,True,True
C,2025-09-22,2025,0.1800805817610073,1.7148191823899277,True,True
C,2025-11-13,2025,0.1379209370424608,-1.698389458272337,True,True
C,2025-12-04,2025,0.6768552810463693,1.0688669073179884,True,True
C,2025-12-08,2025,-0.3000000000000035,-0.2564102564102574,True,True
C,2025-12-10,2025,0.4703945864386583,1.6048648895798046,True,True
C,2025-12-11,2025,-0.0087808385386268,0.4358962836471481,True,True
C,2025-12-22,2025,-0.185337644301708,2.4737435986459584,True,True
C,2025-12-23,2025,0.1134478672985799,1.0155721056195013,True,True
C,2026-01-06,2026,0.1922062156037504,-0.8416963418582116,True,True
C,2026-06-03,2026,-0.1781639043763877,-0.7408538913923461,True,True
C,2026-06-11,2026,-0.0396866840731099,2.976501305483014,True,True
C,2026-06-22,2026,0.1616059705618083,0.677216501969449,True,True
CAT,2021-11-01,2021,-0.0120612854275809,0.5237652356943666,True,True
CAT,2021-11-09,2021,-0.2305742537486643,-2.618262847592956,True,True
CAT,2022-01-05,2022,0.3945824548537843,0.7012558437986988,True,True
CAT,2022-01-06,2022,0.1546345207458581,0.2302587024244845,True,True
CAT,2022-01-07,2022,-0.1207640449438182,0.7685393258427002,True,True
CAT,2022-01-10,2022,0.0559859524338699,-1.4581018004000894,True,True
CAT,2022-01-11,2022,-0.2730540540540517,-0.9009009009009008,True,True
CAT,2022-01-14,2022,-0.1802109291562796,1.8689925240298988,True,True
CAT,2022-01-18,2022,0.2035132405252353,0.9529664924684852,True,True
CAT,2022-01-19,2022,-0.200152399198823,-3.461638944526687,True,True
CAT,2022-04-18,2022,0.0476381578947307,0.8508771929824551,True,True
CAT,2022-04-19,2022,-0.0185450597176965,0.907709011943541,True,True
CAT,2022-04-22,2022,-0.2912697022767153,-5.29772329246935,True,True
CAT,2022-06-09,2022,-0.0325902475487059,-1.670843776106939,True,True
CAT,2022-08-01,2022,0.4052798851753075,-0.0410088168956389,True,True
CAT,2022-10-28,2022,-0.2999999999999946,3.228235294117653,True,True
CAT,2022-10-31,2022,0.3713337048388498,0.5154639175257664,True,True
CAT,2022-11-07,2022,0.0235877192982532,0.2412280701754436,True,True
CAT,2022-12-22,2022,-0.0301478242764886,-1.1118051217988822,True,True
CAT,2023-01-09,2023,0.0163045660816882,-0.9598008112123956,True,True
CAT,2023-01-13,2023,-0.2611760124610633,0.6464174454828536,True,True
CAT,2023-01-18,2023,0.0410136815920668,-1.729633084577099,True,True
CAT,2023-06-08,2023,0.1378400272874624,-0.081009635883004,True,True
CAT,2023-06-14,2023,-0.2192058346839648,-1.3776337115072956,True,True
CAT,2023-06-20,2023,-0.0819461065489178,-0.4704328807824102,True,True
CAT,2023-07-19,2023,0.0675800338279463,0.9840854924271556,True,True
CAT,2023-08-01,2023,0.3360329972502375,5.8038496791933945,True,True
CAT,2023-08-02,2023,0.2042354617817733,-0.0451875282422035,True,True
CAT,2023-08-03,2023,0.0281782937591826,-1.4498844295020112,True,True
CAT,2023-08-04,2023,-0.1943855932203388,-2.387005649717511,True,True
CAT,2023-12-04,2023,-0.2193970106873789,0.4653547343928725,True,True
CAT,2023-12-07,2023,0.0314159636095012,0.0660938532716519,True,True
CAT,2023-12-14,2023,0.1976766379152112,4.679757753716278,True,True
CAT,2023-12-15,2023,1.3088682613352318,1.924312745448049,True,True
CAT,2023-12-18,2023,-0.0014632768361748,-0.3592104345400116,True,True
CAT,2024-01-26,2024,-0.217192691029901,-0.5215946843853797,True,True
CAT,2024-02-02,2024,-0.2999999999999975,2.661237785016292,True,True
CAT,2024-02-05,2024,-0.3000000000000041,-4.109057246095497,True,True
CAT,2024-02-06,2024,-0.2043689470590096,-0.1670843776106997,True,True
CAT,2024-03-18,2024,-0.0394360779131145,1.0687198345208078,True,True
CAT,2024-03-19,2024,-0.1865756541524476,0.6484641638225178,True,True
CAT,2024-03-21,2024,-0.2080129728520782,1.9263566975144648,True,True
CAT,2024-03-22,2024,-0.0484256719692956,-1.7964893033461358,True,True
CAT,2024-04-04,2024,0.031567162201552,-1.947690595436845,True,True
CAT,2024-07-17,2024,-0.1722400200573869,-0.3649330027578912,True,True
CAT,2024-09-03,2024,-0.1811107010022345,-3.3616308452343704,True,True
CAT,2024-09-20,2024,-0.2703914686825061,-0.3833693304535527,True,True
CAT,2024-09-23,2024,-0.2972980297569139,0.596222119840643,True,True
CAT,2024-09-25,2024,0.0426382428940556,-2.24547803617571,True,True
CAT,2024-09-27,2024,-0.0183666240409255,-0.0383631713554929,True,True
CAT,2024-11-07,2024,0.5361997493492623,-1.5822327195603965,True,True
CAT,2024-11-08,2024,0.222171787709502,-1.8355945730247296,True,True
CAT,2024-11-26,2024,0.3545398241050452,1.0380279945497333,True,True
CAT,2025-01-21,2025,-0.0195140664961645,1.8823529411764743,True,True
CAT,2025-01-22,2025,0.1506105899468162,-0.2984850005016549,True,True
CAT,2025-01-24,2025,-0.069013876223105,0.5027974268602182,True,True
CAT,2025-05-13,2025,0.232030493222132,1.031725561000764,True,True
CAT,2025-05-14,2025,-0.0987404753781541,-0.5828499943136617,True,True
CAT,2025-06-24,2025,-0.0951499094325307,0.875936089107575,True,True
CAT,2025-06-25,2025,-0.1289329758713206,-0.3404825737265367,True,True
CAT,2025-06-30,2025,-0.2716108824519179,0.4814786052652051,True,True
CAT,2025-07-11,2025,-0.172132198791461,0.1109877913429494,True,True
CAT,2025-07-24,2025,-0.2533064818284044,0.6299175721243906,True,True
CAT,2025-07-31,2025,-0.1002004008016037,0.8914380485108158,True,True
CAT,2025-08-01,2025,0.1319858538070565,0.3958123521558886,True,True
CAT,2025-09-18,2025,0.6561879102359489,3.605641298563076,True,True
CAT,2025-09-19,2025,0.176108043575589,-0.4775406655723045,True,True
CAT,2025-09-22,2025,-0.280798613340185,1.02929532858274,True,True
CAT,2025-09-23,2025,0.0447556311541251,-0.3866796264209914,True,True
CAT,2025-09-24,2025,0.2631457584091436,-0.6156124391791767,True,True
CAT,2025-10-09,2025,-0.1318751735904382,-0.7241201444272461,True,True
CAT,2025-10-15,2025,0.2225571508798203,-0.0112317484088467,True,True
CAT,2025-10-30,2025,0.1416657293406145,0.9353071977988652,True,True
CAT,2025-12-15,2025,-0.0319403183244001,-2.147610907340704,True,True
CAT,2026-01-06,2026,0.0237012987012919,1.1379870129870115,True,True
CAT,2026-01-30,2026,0.1379409746053511,0.2608098833218998,True,True
CAT,2026-02-02,2026,0.4071564972265026,4.704313297565997,True,True
CAT,2026-02-03,2026,0.1939339823722516,1.242871133129788,True,True
CAT,2026-02-04,2026,0.4784214992927827,-2.138613861386139,True,True
CAT,2026-02-05,2026,0.1037503301346903,-0.4739266954250695,True,True
CAT,2026-02-11,2026,0.2427202905045564,2.151104550007915,True,True
CAT,2026-02-12,2026,0.3238952410383156,-2.270035022661722,True,True
CAT,2026-02-13,2026,-0.2999999999999946,1.2222222222222252,True,True
CAT,2026-04-09,2026,0.2159120310478632,1.8395860284605468,True,True
CAT,2026-05-01,2026,-0.1933453235805815,-0.7994737076847679,True,True
CAT,2026-05-07,2026,-0.1509796120263219,-3.692631941158763,True,True
CAT,2026-05-08,2026,-0.19274862788145,-1.4917672886937463,True,True
CAT,2026-06-22,2026,0.5779921543511434,2.277639900728524,True,True
CAT,2026-06-23,2026,-0.0217203755392088,-0.0893174321238259,True,True
CAT,2026-06-24,2026,-0.0958486567985292,1.2937928505210758,True,True
CAT,2026-06-26,2026,-0.3000000000000003,-3.4045646169501267,True,True
CAT,2026-06-29,2026,0.6138076541701344,3.447481495577965,True,True
CMCSA,2022-07-25,2022,-0.2999999999999991,-0.9559337840988662,True,True
CMCSA,2022-07-27,2022,0.1222588235294143,2.0235294117647045,True,True
CMCSA,2022-07-28,2022,1.0826273323247753,-0.6555723651033738,True,True
CMCSA,2022-12-01,2022,0.3303188565145535,-0.2748763056624558,True,True
CMCSA,2022-12-13,2022,0.7379871863320795,-2.00213561131874,True,True
CMCSA,2022-12-14,2022,1.015227989675946,1.3478634929739202,True,True
CMCSA,2023-01-24,2023,0.1217218213486004,-1.0947997014182576,True,True
CMCSA,2023-01-25,2023,-0.3000000000000032,-0.4837509302902512,True,True
CMCSA,2023-01-26,2023,1.614852752880925,3.508322663252253,True,True
CMCSA,2023-04-28,2023,0.0237012987012975,3.3716283716283755,True,True
CMCSA,2023-05-01,2023,-0.2999999999999944,-0.8214285714285687,True,True
CMCSA,2023-06-20,2023,-0.2999999999999969,-1.4064015518913806,True,True
CMCSA,2023-07-11,2023,-0.2406264888041847,0.0476417341591308,True,True
CMCSA,2023-07-19,2023,0.0069145157471066,1.1839924224484963,True,True
CMCSA,2023-07-20,2023,-0.1373951537744692,0.6989748369058647,True,True
CMCSA,2023-07-24,2023,0.1741011366272303,0.4407330085826901,True,True
CMCSA,2023-07-28,2023,0.2435019624945412,-1.4064544265154733,True,True
CMCSA,2023-09-01,2023,-0.235911720591377,-2.014141847010938,True,True
CMCSA,2023-12-05,2023,-0.1141658900279578,-3.005591798695245,True,True
CMCSA,2023-12-15,2023,0.1693342299932833,-0.3586639766868338,True,True
CMCSA,2023-12-18,2023,-0.1660546350201503,0.0671742051052421,True,True
CMCSA,2024-01-26,2024,0.029187761391141,1.7829627999119575,True,True
CMCSA,2024-07-18,2024,-0.1513049962714425,-0.2237136465324293,True,True
CMCSA,2024-07-31,2024,-0.0798036809815904,1.2024539877300662,True,True
CMCSA,2024-08-01,2024,0.0868089233753509,-2.4975751697381208,True,True
CMCSA,2024-09-23,2024,-0.3000000000000032,1.1163483006697985,True,True
CMCSA,2024-09-25,2024,-0.2517074352143335,-1.6953257447323704,True,True
CMCSA,2024-11-01,2024,-0.2999999999999991,-1.8259693417493288,True,True
CMCSA,2024-11-04,2024,-0.1517048054919994,-2.5858123569794107,True,True
CMCSA,2024-11-07,2024,-0.2556691863050131,-1.8008003557136398,True,True
CMCSA,2025-03-10,2025,0.3662657043571229,-3.50173750334134,True,True
CMCSA,2025-03-24,2025,-0.0967518347377024,-0.5979885838543052,True,True
CMCSA,2025-06-30,2025,-0.1308736217133137,0.8340401470172512,True,True
CMCSA,2025-12-17,2025,0.2396481732070381,2.60487144790257,True,True
CMCSA,2025-12-18,2025,-0.1335559265442375,1.1018363939899896,True,True
CMCSA,2025-12-22,2025,0.0042726347914495,-0.84774499830451,True,True
CMCSA,2026-01-22,2026,0.1487880886426729,1.298476454293629,True,True
CMCSA,2026-01-27,2026,-0.0111130049429041,-2.113516277484237,True,True
CMCSA,2026-02-02,2026,0.7434503713706887,-0.0675219446320039,True,True
CMCSA,2026-04-24,2026,-0.0745801033591725,-11.078811369509042,True,True
COIN,2021-10-12,2021,0.0881971210571903,-1.9350271375757049,True,True
COIN,2021-10-15,2021,0.7693894389439067,5.115511551155111,True,True
COIN,2021-10-18,2021,-0.2999999999999974,6.210121809744799,True,True
COIN,2021-10-19,2021,0.2284099999999967,1.876666666666665,True,True
COIN,2021-10-20,2021,0.6038218222135223,2.625057066457952,True,True
COIN,2021-10-21,2021,-0.2232461908580556,-3.672814755412988,True,True
COIN,2021-10-22,2021,0.936511092715229,-0.4569536423841044,True,True
COIN,2021-10-26,2021,-0.2027791321306647,-2.6420039005363285,True,True
COIN,2021-10-27,2021,0.1767252520031098,0.759240113724484,True,True
COIN,2021-11-09,2021,0.1097743542284769,-2.787228830398217,True,True
COIN,2021-11-10,2021,2.984536397530701,0.3972862294480638,True,True
COIN,2022-03-29,2022,0.3895850040096215,2.5711708099438626,True,True
COIN,2022-07-21,2022,1.314859154929593,4.197183098591555,True,True
COIN,2022-08-04,2022,2.892434117313683,-15.991310097289132,True,True
COIN,2022-08-05,2022,1.3668396172028203,7.229332410930469,True,True
COIN,2022-08-08,2022,2.89969337694194,0.1635322976287782,True,True
COIN,2022-08-11,2022,-0.223070987654321,-13.590534979423875,True,True
COIN,2022-10-27,2022,-0.0989108511496769,-2.474115906951732,True,True
COIN,2023-01-13,2023,0.02377137908639,8.194414375405941,True,True
COIN,2023-01-17,2023,0.5615818147661067,1.6907758782641475,True,True
COIN,2023-01-18,2023,1.7456007393715327,-7.449168207024032,True,True
COIN,2023-01-19,2023,1.0979475716317717,0.4064214590530293,True,True
COIN,2023-01-30,2023,0.3977837027162217,-6.415597400433263,True,True
COIN,2023-02-03,2023,0.4308987238664218,1.3034211240836235,True,True
COIN,2023-02-06,2023,-0.299999999999993,1.926755944247057,True,True
COIN,2023-03-20,2023,-0.0533784663455237,-2.2523108970186225,True,True
COIN,2023-06-27,2023,0.3094514106583027,9.52978056426332,True,True
COIN,2023-06-28,2023,1.1162342368459348,2.4206406725612437,True,True
COIN,2023-06-29,2023,-0.1339716902581048,0.4440743824590524,True,True
COIN,2023-07-03,2023,0.3673907103825101,9.972677595628411,True,True
COIN,2023-07-12,2023,-0.2999999999999954,-3.4157303370786587,True,True
COIN,2023-07-14,2023,0.6532620922384695,-1.2373453318335277,True,True
COIN,2023-07-17,2023,-0.1569857511714597,0.965860189346854,True,True
COIN,2023-10-25,2023,0.3924440186804006,-6.849479104298885,True,True
COIN,2023-11-03,2023,0.1291248206599762,2.558584409373506,True,True
COIN,2023-11-06,2023,0.9460346714277578,-0.5241029775960356,True,True
COIN,2023-11-10,2023,-0.3000000000000034,-1.5570384493168086,True,True
COIN,2023-11-28,2023,0.3365913555992155,4.9975442043221925,True,True
COIN,2023-11-29,2023,-0.261036423323439,0.0390808191339668,True,True
COIN,2023-11-30,2023,-0.2762732032365536,-1.1661113755354584,True,True
COIN,2023-12-01,2023,0.3346123111005613,5.839069546641356,True,True
COIN,2023-12-04,2023,0.8114052811258845,-1.6860586636939925,True,True
COIN,2023-12-05,2023,0.6827571428571437,0.1642857142857069,True,True
COIN,2023-12-06,2023,0.4493081407599905,-5.4365385966144615,True,True
COIN,2023-12-21,2023,-0.1923455308938196,0.8398320335932848,True,True
COIN,2023-12-29,2023,-0.1285820165538068,-6.530151564011612,True,True
COIN,2024-01-02,2024,0.6778457278024478,-9.484797784572796,True,True
COIN,2024-02-15,2024,0.0544048818057867,-1.860299780792693,True,True
COIN,2024-02-16,2024,0.8865908489817461,-4.633694789738174,True,True
COIN,2024-02-20,2024,-0.0286095216932416,-3.7242375423587455,True,True
COIN,2024-02-21,2024,1.2360879361792754,-1.1083368856951596,True,True
COIN,2024-02-27,2024,-0.0084712906999515,-2.895301228309611,True,True
COIN,2024-02-28,2024,-0.0191012845613829,-4.144978749820929,True,True
COIN,2024-02-29,2024,0.3857212050760403,-1.4724401821176114,True,True
COIN,2024-03-05,2024,-0.0741578260869632,-5.750434782608696,True,True
COIN,2024-03-06,2024,0.391636125654447,4.144851657940663,True,True
COIN,2024-03-11,2024,0.3055627569349195,-5.822006592348431,True,True
COIN,2024-06-05,2024,0.1119500931702109,1.8431499635420816,True,True
COIN,2024-07-17,2024,0.3507594705056966,1.2790011996990511,True,True
COIN,2024-07-22,2024,-0.2923446078243295,1.7967520251852227,True,True
COIN,2024-07-23,2024,-0.2999999999999896,-2.4480824617250185,True,True
COIN,2024-10-01,2024,-0.1995859444941748,-7.620859444941811,True,True
COIN,2024-10-15,2024,-0.1930038838920805,0.2964022894521587,True,True
COIN,2024-10-16,2024,0.674953316953325,3.425061425061424,True,True
COIN,2024-10-17,2024,-0.2809332568368756,-2.409638554216864,True,True
COIN,2024-10-21,2024,-0.0269463299131783,-0.8217651701564519,True,True
COIN,2024-10-22,2024,-0.014789739677702,0.4672451606751167,True,True
COIN,2024-11-07,2024,0.1498841416317695,3.9025976665718094,True,True
COIN,2024-11-08,2024,0.4622501649396292,5.0762603329840426,True,True
COIN,2024-11-11,2024,-0.2369407456724372,7.992676431424783,True,True
COIN,2024-11-12,2024,0.6424170080975471,2.9551246894860688,True,True
COIN,2024-11-13,2024,0.2951139964924225,-12.49192332543613,True,True
COIN,2024-11-14,2024,-0.2417560137457025,-4.206185567010312,True,True
COIN,2024-11-19,2024,0.2819547938400387,0.7544709388971705,True,True
COIN,2025-01-22,2025,0.4278875955644352,1.821750809284393,True,True
COIN,2025-01-24,2025,0.4077520413264417,-0.7098816863856008,True,True
COIN,2025-01-27,2025,-0.3000000000000043,-2.047216349541932,True,True
COIN,2025-05-14,2025,-0.1445003116235629,2.6133530694920326,True,True
COIN,2025-05-15,2025,0.3617859513490178,-4.544922103783536,True,True
COIN,2025-05-16,2025,1.3466637304558469,6.704570479069489,True,True
COIN,2025-05-19,2025,1.2936946306139616,1.663970418303672,True,True
COIN,2025-06-20,2025,0.954583786276641,1.6536548407286564,True,True
COIN,2025-06-23,2025,1.2594885376148286,1.7892907390548805,True,True
COIN,2025-06-24,2025,0.2392618517340151,9.608685968819588,True,True
COIN,2025-06-25,2025,-0.2032011983688929,-1.4480290715415205,True,True
COIN,2025-06-26,2025,1.5194764900008464,5.765379516543045,True,True
COIN,2025-06-27,2025,0.508112204165031,-4.361240037347264,True,True
COIN,2025-06-30,2025,-0.1223904692980059,-2.4299949897010573,True,True
COIN,2025-07-21,2025,0.0163316649042377,-2.8363294559981185,True,True
COIN,2025-09-19,2025,0.2264820865912059,-0.1254522114599156,True,True
COIN,2025-09-22,2025,0.3641082573211745,-0.4320691310609691,True,True
COIN,2025-10-03,2025,0.1753341368688873,1.8106334538636644,True,True
COIN,2025-10-06,2025,0.3449561263050179,-1.093447767885729,True,True
COIN,2026-03-05,2026,1.2507704272590374,0.0145822194137953,True,True
COIN,2026-04-20,2026,0.6149973885144332,5.305046384957839,True,True
COIN,2026-04-22,2026,0.1784799196787039,1.0187089822705375,True,True
COIN,2026-05-12,2026,0.8433270410571068,-1.9915054270882484,True,True
COIN,2026-05-15,2026,-0.0184986856196974,-4.8632557686690605,True,True
COIN,2026-07-22,2026,0.5926627906976651,-3.412790697674421,True,True
COIN,2026-08-21,2026,1.8488501277635727,3.641262081990878,True,True
COIN,2026-08-24,2026,1.208161657318241,-5.032278547994492,True,True
COP,2021-09-23,2021,0.1804819277108422,2.3293172690763098,True,True
COP,2021-09-24,2021,-0.2374823640069016,1.9125254742122684,True,True
COP,2021-09-27,2021,-0.0309445277361535,0.0449775112443795,True,True
COP,2021-09-28,2021,0.2608586232420603,0.3849000740192526,True,True
COP,2021-09-29,2021,0.0685494602986734,0.6210261718172435,True,True
COP,2021-10-01,2021,0.2103100321731529,2.5153553670663924,True,True
COP,2021-10-04,2021,0.1080875088214636,0.8892025405787011,True,True
COP,2022-01-05,2022,0.0579433260674511,-3.000384664700589,True,True
COP,2022-01-06,2022,0.2527462609592487,1.1990716864362978,True,True
COP,2022-01-07,2022,0.6016303655585129,2.7002929563112854,True,True
COP,2022-01-10,2022,0.3199477676905925,0.7337395846287817,True,True
COP,2022-01-11,2022,0.0176326430584559,2.438426663399087,True,True
COP,2022-01-19,2022,0.1074931880108955,-0.9025885558583124,True,True
COP,2022-01-31,2022,-0.2775399864834516,-0.1914845685965326,True,True
COP,2022-02-04,2022,0.1226413043478287,-0.1304347826087006,True,True
COP,2022-02-07,2022,-0.0022893165228968,2.786994027869936,True,True
COP,2022-03-01,2022,0.2964420654911809,1.7212426532325784,True,True
COP,2022-03-02,2022,-0.2999999999999939,-0.3354681305275981,True,True
COP,2022-03-03,2022,0.1740258397932774,0.6821705426356555,True,True
COP,2022-03-08,2022,0.0,0.0,False,True
COP,2022-03-09,2022,-0.2477244127516843,0.8913590604026786,True,True
COP,2022-05-09,2022,0.0128363601787519,-7.592469335361794,True,True
COP,2022-06-01,2022,0.2579573277369725,1.2067156348373518,True,True
COP,2022-08-24,2022,0.2902136712607519,2.219961150679868,True,True
COP,2022-09-15,2022,0.1675872850442933,0.3213479242661147,True,True
COP,2022-09-16,2022,0.0460603956959462,-1.804928844151335,True,True
COP,2022-10-28,2022,-0.0129260700388994,-1.0817120622568095,True,True
COP,2022-11-04,2022,-0.1981167883211724,-3.45255474452554,True,True
COP,2022-11-07,2022,0.0379661016949124,1.6798493408662822,True,True
COP,2023-01-27,2023,-0.1640708958216319,-0.8902077151335307,True,True
COP,2023-06-20,2023,0.2936233554211114,-2.0071065014885137,True,True
COP,2023-07-21,2023,-0.0600160470714178,0.6329678167067787,True,True
COP,2023-09-05,2023,-0.1294615948521519,0.0488718742363788,True,True
COP,2023-09-06,2023,-0.2999999999999982,0.3670173721556177,True,True
COP,2024-02-09,2024,-0.0463549434160795,-2.475568032283533,True,True
COP,2024-03-14,2024,-0.3000000000000041,0.5538306620793796,True,True
COP,2024-03-15,2024,0.9804583228405932,0.8226307395282498,True,True
COP,2024-03-18,2024,-0.2010421836228403,-0.5293631100082717,True,True
COP,2024-11-07,2024,-0.2387323325432241,-1.3256079360898876,True,True
COP,2025-03-21,2025,-0.2026462259544881,-0.3319988282394331,True,True
COP,2025-03-24,2025,-0.2022836420660579,0.1470155836518726,True,True
COP,2025-06-16,2025,-0.0406887224302889,-1.1548064918851428,True,True
COP,2025-06-17,2025,-0.0349648162626926,-0.4430544696377348,True,True
COP,2025-12-08,2025,0.2193494001945254,0.3998703123311407,True,True
COP,2025-12-11,2025,0.2547241433102766,0.587592948884611,True,True
COP,2026-01-06,2026,-0.1905489021956032,-3.143712574850305,True,True
COP,2026-01-09,2026,0.1424853742182798,-1.6542263465805938,True,True
COP,2026-01-15,2026,0.4755227800788102,-0.0202040610162602,True,True
COP,2026-01-30,2026,0.1580099696999293,1.881536506695335,True,True
COP,2026-02-13,2026,0.548971827158255,0.9511731135066556,True,True
COP,2026-03-03,2026,-0.291750103434,-1.9073231278444287,True,True
COP,2026-03-04,2026,0.19682962453819,-0.6443852564653321,True,True
COP,2026-03-09,2026,0.1537987068232066,-0.4168793602178058,True,True
COP,2026-03-10,2026,-0.2055754050327535,-1.620130989314038,True,True
COP,2026-03-13,2026,-0.0834057486631084,1.8549465240641705,True,True
COP,2026-03-23,2026,1.0225592493731288,2.8876486289735563,True,True
COP,2026-08-21,2026,0.1360812513900214,0.0259470679813366,True,True
COP,2026-08-24,2026,0.1907301066447954,-0.5518681482586391,True,True
COST,2021-10-27,2021,0.4206881596067626,1.0223259464259873,True,True
COST,2021-11-01,2021,-0.166838004654447,-0.429019528483255,True,True
COST,2021-11-03,2021,-0.1805368055278307,0.3235211886408125,True,True
COST,2021-11-05,2021,0.1657973463877077,-0.3788099539600077,True,True
COST,2021-11-26,2021,0.0220196340675763,-0.8179345106495265,True,True
COST,2021-11-30,2021,-0.2385994783364789,-2.365599188523413,True,True
COST,2021-12-13,2021,0.6163256667393212,1.232032555773547,True,True
COST,2021-12-14,2021,-0.1730595917237857,-1.9644665444060423,True,True
COST,2022-03-04,2022,0.1433243503368533,1.1549566891241578,True,True
COST,2022-03-08,2022,0.2405593075240175,-0.4337486920954956,True,True
COST,2022-03-21,2022,0.3367131178333281,-0.622529113969342,True,True
COST,2022-04-01,2022,-0.0996951747549398,-0.3134850531712123,True,True
COST,2022-04-08,2022,0.0158394931362202,-0.9074709609292502,True,True
COST,2022-04-11,2022,0.0546028353398898,-2.371132299163432,True,True
COST,2022-07-15,2022,0.1073090923172168,1.2565830235439917,True,True
COST,2022-07-18,2022,0.4166887112542321,-1.0581402035769705,True,True
COST,2022-08-17,2022,-0.3000000000000103,0.9948622987128342,True,True
COST,2022-11-11,2022,-0.3000000000000061,0.2372017965119502,True,True
COST,2022-11-16,2022,-0.1450526679330158,0.5602563364607838,True,True
COST,2023-01-24,2023,0.0140636114216082,0.0101615689462476,True,True
COST,2023-04-21,2023,-0.137542454404462,-0.5791467891709344,True,True
COST,2023-05-31,2023,-0.0196268128758405,0.5875879416735466,True,True
COST,2023-06-01,2023,-0.1972326389570527,0.6596901812184773,True,True
COST,2023-07-03,2023,-0.2916491391344942,0.6105165193113025,True,True
COST,2023-07-24,2023,0.014465949820796,1.07706093189964,True,True
COST,2023-09-18,2023,0.3276560876885033,0.811333596016759,True,True
COST,2023-09-29,2023,-0.1513245614034986,-0.90175438596491,True,True
COST,2023-11-16,2023,-0.105007344902989,-1.200806231210728,True,True
COST,2023-12-06,2023,-0.0663873104496387,0.3270672965740556,True,True
COST,2023-12-07,2023,-0.3000000000000067,0.1278688524590119,True,True
COST,2023-12-12,2023,-0.2459741170470574,0.3267244676781771,True,True
COST,2023-12-13,2023,0.0255600075719448,1.2746087834427122,True,True
COST,2023-12-14,2023,-0.1880439190242956,-1.5315512024704354,True,True
COST,2023-12-15,2023,0.7556835876673859,2.5988788539395733,True,True
COST,2023-12-18,2023,-0.2759881988138711,2.566607460035513,True,True
COST,2023-12-19,2023,0.2154859259259225,0.402962962962967,True,True
COST,2023-12-20,2023,0.0784441566561119,-1.6359278941335846,True,True
COST,2023-12-21,2023,-0.0708940989170979,-0.0991273786816011,True,True
COST,2024-01-23,2024,-0.1686486564744055,-0.4444637479731367,True,True
COST,2024-02-21,2024,-0.0375918091747267,-0.3444997175102316,True,True
COST,2024-03-01,2024,0.0911572848576426,1.1911836205499344,True,True
COST,2024-03-06,2024,0.4078225511218036,1.124418178965538,True,True
COST,2024-03-07,2024,-0.0914145627703407,0.9010280961610018,True,True
COST,2024-03-08,2024,-0.2301091197671939,-4.031479399510602,True,True
COST,2024-05-06,2024,-0.2494577035446049,0.967195400152083,True,True
COST,2024-05-17,2024,-0.1616992723007564,0.4023155213075954,True,True
COST,2024-05-29,2024,0.007616911600702,0.0247825332705565,True,True
COST,2024-05-31,2024,-0.2051221462739292,0.1928235046908099,True,True
COST,2024-07-08,2024,-0.169583554167271,-0.6709593026533827,True,True
COST,2024-10-24,2024,-0.0788130892956211,-0.889628397115916,True,True
COST,2024-11-08,2024,0.4635667396061232,3.282275711159737,True,True
COST,2024-11-11,2024,-0.1373193473193351,-1.1474888747615943,True,True
COST,2024-11-12,2024,-0.3000000000000032,-0.3782253325498239,True,True
COST,2024-11-22,2024,-0.1581247273407161,0.1453144151068825,True,True
COST,2024-11-26,2024,-0.0259284232365158,0.7696058091286289,True,True
COST,2025-01-28,2025,-0.3000000000000004,-0.3358181799278477,True,True
COST,2025-02-04,2025,-0.190928953650282,1.6003580664412205,True,True
COST,2025-06-02,2025,0.1164328463553835,2.1735136859814186,True,True
COST,2026-01-09,2026,-0.0790418900182371,0.9519962444184884,True,True
COST,2026-01-20,2026,0.2587211971948524,0.6262522958757698,True,True
COST,2026-01-22,2026,0.1190317929419451,-0.1789567333749194,True,True
COST,2026-04-09,2026,-0.1207427060858907,0.3129434174976215,True,True
COST,2026-05-13,2026,0.0105766875973383,1.1892283729906044,True,True
COST,2026-05-19,2026,-0.1362616562282556,1.583855254001386,True,True
COST,2026-05-20,2026,-0.2999999999999982,-1.445272353545735,True,True
CRM,2021-09-24,2021,0.4517773788150969,2.5421903052064576,True,True
CRM,2021-09-27,2021,0.00357598073928,-0.9736581220790256,True,True
CRM,2022-06-03,2022,0.2389189189189228,-0.0162162162162168,True,True
CRM,2022-08-04,2022,0.1066042638947907,1.4743317776834963,True,True
CRM,2023-01-10,2023,0.488929840202998,1.1247513887936262,True,True
CRM,2023-01-12,2023,0.0439326298701176,1.1566558441558497,True,True
CRM,2023-01-13,2023,0.0409712722298214,2.236662106703154,True,True
CRM,2023-01-24,2023,3.311150637086865,0.1552292865920578,True,True
CRM,2023-01-27,2023,0.5336019388064184,-0.321114813692821,True,True
CRM,2023-03-03,2023,0.2248205455415544,-0.8932844153772568,True,True
CRM,2023-03-06,2023,0.3464580969363068,-0.6916301939806566,True,True
CRM,2023-05-10,2023,-0.2708109690641196,-0.0683126768810317,True,True
CRM,2023-05-11,2023,-0.0592380858508613,0.2414863732689414,True,True
CRM,2023-05-18,2023,0.0807159904534675,1.8472553699284036,True,True
CRM,2023-05-22,2023,0.3387053592771456,0.5450112348807262,True,True
CRM,2023-05-30,2023,0.0091895836183575,-0.1961052583572795,True,True
CRM,2023-05-31,2023,-0.2318833978592657,2.072420860851734,True,True
CRM,2023-06-01,2023,0.0734799731053652,2.2716357698587983,True,True
CRM,2023-07-12,2023,0.2661198738170338,2.4650743578188368,True,True
CRM,2023-07-13,2023,-0.1951721720844569,0.9243844738456208,True,True
CRM,2023-07-20,2023,0.0063046300302987,-1.3111207269580272,True,True
CRM,2023-09-01,2023,-0.2241655480984375,-0.9395973154362393,True,True
CRM,2023-11-08,2023,-0.2694920440636298,-0.4189812635345007,True,True
CRM,2023-11-30,2023,0.3004818309576341,1.0279060429632612,True,True
CRM,2023-12-01,2023,0.0469560000000001,4.040000000000009,True,True
CRM,2023-12-04,2023,0.6149683544303822,-0.8465189873417779,True,True
CRM,2023-12-05,2023,-0.1963078523141004,0.4200168006720201,True,True
CRM,2024-01-12,2024,0.4756037311506681,0.2875788076540104,True,True
CRM,2024-01-22,2024,0.0794214031502182,-1.2086401916910414,True,True
CRM,2024-01-23,2024,-0.2999999999999993,-1.445714489192751,True,True
CRM,2024-01-24,2024,-0.1967675191085198,-1.1607971997999855,True,True
CRM,2024-01-25,2024,-0.0673988729765737,0.1866408240910167,True,True
CRM,2024-02-23,2024,-0.3000000000000018,-1.7818791946308734,True,True
CRM,2024-02-27,2024,-0.243799323562573,-0.6764374295377558,True,True
CRM,2024-02-28,2024,-0.2866880299085362,0.183590359837109,True,True
CRM,2024-02-29,2024,0.5972999999999994,3.0066666666666606,True,True
CRM,2024-03-01,2024,0.1579055374592918,3.273615635179157,True,True
CRM,2024-03-04,2024,-0.1763931716311236,-0.0095368280509815,True,True
CRM,2024-03-05,2024,0.0971218399665895,-4.044200314798745,True,True
CRM,2024-09-20,2024,0.8168978609826847,0.2368332017593306,True,True
CRM,2024-09-23,2024,-0.0202057998128993,-1.1225444340505144,True,True
CRM,2024-10-03,2024,-0.1248933653535905,0.6559374887988759,True,True
CRM,2024-11-05,2024,-0.2631286982248486,0.030258203335118,True,True
CRM,2024-11-06,2024,-0.3000000000000067,0.6131147540983621,True,True
CRM,2024-11-07,2024,-0.3000000000000044,1.0016260162601571,True,True
CRM,2024-11-08,2024,0.2724155726865248,3.8512402025610606,True,True
CRM,2024-11-11,2024,1.4503059185242018,5.069946195234438,True,True
CRM,2024-11-12,2024,0.2024816528633189,0.4892569778065867,True,True
CRM,2024-11-13,2024,-0.299999999999997,-1.0969609261939277,True,True
CRM,2024-11-14,2024,0.7364793832496178,-3.180119144959697,True,True
CRM,2024-11-15,2024,0.3556602330774146,-0.489401400911517,True,True
CRM,2024-12-05,2024,0.9905343976938976,0.1635345640002306,True,True
CRM,2024-12-06,2024,-0.1798104057645449,-0.8383791336748958,True,True
CRM,2025-01-28,2025,0.1861769597203859,1.437551089438234,True,True
CRM,2025-01-29,2025,0.0946203590143915,-1.3351544207826858,True,True
CRM,2025-05-14,2025,-0.2694275979557101,-0.9642248722316812,True,True
CRM,2025-05-15,2025,-0.2139240943467913,0.4109541734295672,True,True
CRM,2025-09-04,2025,-0.2999999999999996,1.6495876030992285,True,True
CRM,2025-10-22,2025,-0.3000000000000081,-2.101449275362316,True,True
CRM,2025-12-08,2025,0.0159882388880251,-0.9088131968840674,True,True
CRM,2025-12-09,2025,0.0834615384615325,0.3961538461538356,True,True
CRM,2026-06-01,2026,0.5778616352201322,5.474213836477984,True,True
CRM,2026-06-02,2026,1.0917429608994125,-0.0795940702417652,True,True
CRM,2026-06-03,2026,-0.2999999999999965,-3.589665807169217,True,True
CRM,2026-07-28,2026,0.993414544529544,2.5974393035810173,True,True
CRM,2026-07-29,2026,1.1132520191198276,3.5162903137190296,True,True
CRM,2026-07-30,2026,0.5360940383446628,-0.1381291784076468,True,True
CRM,2026-08-20,2026,0.0206412630347929,0.238768151252319,True,True
CRWD,2021-10-15,2021,-0.2999999999999908,-1.0471014492753572,True,True
CRWD,2021-10-27,2021,0.1598761012640535,-2.8415224431521486,True,True
CRWD,2022-03-01,2022,-0.2573131674365541,-1.8328118015199053,True,True
CRWD,2022-03-02,2022,-0.0794469582704843,1.4027149321266927,True,True
CRWD,2022-03-04,2022,-0.2485445912468929,-7.602188274153587,True,True
CRWD,2022-04-14,2022,-0.1408218142094891,-1.1764211587748343,True,True
CRWD,2022-06-27,2022,0.0340936115014512,-1.6322559723273211,True,True
CRWD,2022-07-06,2022,-0.1729194327898483,-1.232195018322798,True,True
CRWD,2022-08-11,2022,-0.1048064216142053,-2.9954480935832826,True,True
CRWD,2023-02-03,2023,0.6903680709534383,0.7272727272727212,True,True
CRWD,2023-02-28,2023,0.4554917145474203,0.4996252810392158,True,True
CRWD,2023-03-07,2023,0.0689685039370012,-1.6456692913385855,True,True
CRWD,2023-03-08,2023,1.268955650929909,-2.8612303290414967,True,True
CRWD,2023-03-09,2023,0.0502068534852711,-5.011318398251515,True,True
CRWD,2023-05-19,2023,0.4403811125122641,1.408154686843205,True,True
CRWD,2023-05-22,2023,-0.106488285040891,2.204353251074454,True,True
CRWD,2023-05-25,2023,-0.0751972942502882,-0.7891770011273943,True,True
CRWD,2023-05-30,2023,-0.0187852576156397,-0.6017299736743009,True,True
CRWD,2023-05-31,2023,0.1326331677253062,0.6351801773473488,True,True
CRWD,2023-06-01,2023,0.4881817748091518,7.377998909487451,True,True
CRWD,2023-06-16,2023,-0.0906367735161492,-4.1813353097399855,True,True
CRWD,2023-07-20,2023,0.2822310418143063,-4.61310482571999,True,True
CRWD,2023-09-01,2023,-0.2999999999999918,-1.1944869831546638,True,True
CRWD,2023-10-09,2023,0.768274845512791,3.027382504677138,True,True
CRWD,2023-10-10,2023,-0.0363596297928616,1.2670780079330006,True,True
CRWD,2023-11-14,2023,-0.2173219512195185,1.4487804878048771,True,True
CRWD,2023-11-15,2023,-0.0086052417229727,-2.1177710699056185,True,True
CRWD,2023-11-16,2023,-0.0660909499326061,1.956771327309932,True,True
CRWD,2023-11-30,2023,0.0061853886413858,2.521735369176873,True,True
CRWD,2023-12-01,2023,-0.1858009502799841,-0.2927201764805692,True,True
CRWD,2023-12-18,2023,-0.023015105507938,-0.1652765499481134,True,True
CRWD,2024-01-10,2024,0.8353039618728825,2.597591588751041,True,True
CRWD,2024-01-11,2024,0.0510563380281626,0.1443661971831074,True,True
CRWD,2024-01-23,2024,0.2115907032900683,-0.33202535466345,True,True
CRWD,2024-01-25,2024,-0.0748993815647426,-3.978927391119409,True,True
CRWD,2024-02-08,2024,-0.0513087682738044,2.0365634176376006,True,True
CRWD,2024-02-12,2024,-0.2092811646951767,-2.5508037609948344,True,True
CRWD,2024-02-14,2024,-0.0749023675860363,2.1323529411764808,True,True
CRWD,2024-03-07,2024,0.0779378316906762,0.0485216072782486,True,True
CRWD,2024-05-08,2024,-0.2364807297678411,0.593176862895993,True,True
CRWD,2024-05-16,2024,-0.2999999999999995,-1.249308366580263,True,True
CRWD,2024-06-11,2024,0.1233831944071075,3.4122075826835165,True,True
CRWD,2024-06-12,2024,-0.2731733998975883,-0.9498207885304752,True,True
CRWD,2024-09-20,2024,1.7141414141414093,5.522120156266497,True,True
CRWD,2024-09-23,2024,0.0548995903015624,-1.5682718785680567,True,True
CRWD,2024-10-11,2024,0.3585037469833488,1.70837037977899,True,True
CRWD,2024-11-14,2024,0.5130595836324414,-1.0882986360373352,True,True
CRWD,2024-11-22,2024,0.1823120551601368,3.5281361209964404,True,True
CRWD,2024-11-26,2024,0.2190991735537131,0.4132231404958678,True,True
CRWD,2024-12-17,2024,-0.0397943099304882,-2.7623452802397988,True,True
CRWD,2025-01-23,2025,-0.2497279796183835,0.2096547331546456,True,True
CRWD,2025-01-29,2025,-0.2654914952531706,-1.864121835443043,True,True
CRWD,2025-01-30,2025,-0.150124019742932,-0.5912860471525603,True,True
CRWD,2025-05-27,2025,0.0233443601219482,2.071306566344508,True,True
CRWD,2025-06-02,2025,-0.2260150535354551,1.5944026290681732,True,True
CRWD,2025-06-04,2025,-0.245189664650909,1.2732270478284815,True,True
CRWD,2025-09-19,2025,0.7474546967418483,0.7578947368420997,True,True
CRWD,2025-09-22,2025,0.1723689516129094,-0.6229838709677369,True,True
CRWD,2025-10-24,2025,0.642700453857789,-0.3177004538577818,True,True
CRWD,2025-10-29,2025,-0.0477906826449054,0.757058182691048,True,True
CRWD,2026-05-08,2026,0.6313647662577271,5.7974500841953365,True,True
CRWD,2026-05-11,2026,0.3129176371759155,3.5301080606361466,True,True
CRWD,2026-05-13,2026,1.6703265359041424,4.154396103054225,True,True
CRWD,2026-05-18,2026,0.1219738929083325,5.020398815935678,True,True
CRWD,2026-05-19,2026,0.555994631914226,-0.2781056478083055,True,True
CRWD,2026-05-20,2026,0.6373323774298034,5.939093738288813,True,True
CRWD,2026-05-21,2026,-0.0731722314456126,-0.3412654491791224,True,True
CRWD,2026-06-01,2026,0.518401489514967,6.2747176580910935,True,True
CRWD,2026-06-02,2026,1.520673946628273,1.4551120383452367,True,True
CRWD,2026-06-03,2026,-0.127482247689942,-2.405067424168213,True,True
CRWD,2026-06-04,2026,1.7636433552471076,6.388517086084887,True,True
CRWD,2026-06-30,2026,0.9183299389002064,3.5234215885947107,True,True
CVX,2021-09-29,2021,-0.0778219164809615,0.1211122953202209,True,True
CVX,2021-10-01,2021,0.2218363253925505,2.078951230249963,True,True
CVX,2021-11-01,2021,-0.2479961749108902,-0.4390159088933282,True,True
CVX,2022-01-05,2022,0.1731304205531044,0.0245459008345615,True,True
CVX,2022-01-06,2022,0.0145619286465501,-0.2831486125717938,True,True
CVX,2022-01-07,2022,-0.057911776608662,1.1978955888304363,True,True
CVX,2022-01-10,2022,-0.0446658663465451,0.0960384153661387,True,True
CVX,2022-01-12,2022,0.1850820058071091,-0.0706270109079521,True,True
CVX,2022-01-26,2022,-0.1874717832957005,-0.2332580887885645,True,True
CVX,2022-01-27,2022,0.0932499813946639,0.7218873260400378,True,True
CVX,2022-01-28,2022,0.2982000000000084,0.5153846153846058,True,True
CVX,2022-02-08,2022,-0.1774133014908185,-1.259227095093363,True,True
CVX,2022-02-28,2022,0.0574757977769833,3.262818214413777,True,True
CVX,2022-03-01,2022,0.1606509895869387,3.2135714778291127,True,True
CVX,2022-03-02,2022,0.2177151987217946,2.6163371280207564,True,True
CVX,2022-03-03,2022,-0.1297517404439652,2.5942466833048847,True,True
CVX,2022-03-04,2022,0.282239296488869,1.842223506001672,True,True
CVX,2022-03-07,2022,0.1204779756325964,1.174632927210244,True,True
CVX,2022-03-08,2022,0.0,0.0,False,True
CVX,2022-03-09,2022,-0.0794925354795289,2.150273391902685,True,True
CVX,2022-03-10,2022,0.0486013986013967,1.2208130852198662,True,True
CVX,2022-03-11,2022,1.797492314184105,2.9537645427693087,True,True
CVX,2022-05-17,2022,-0.2372740791580881,-0.4518416838252071,True,True
CVX,2022-06-01,2022,0.1231030385333513,-0.2263339557516988,True,True
CVX,2022-08-01,2022,0.1206229060677553,-0.3846631095669466,True,True
CVX,2022-08-24,2022,-0.1951565012990119,0.9464307806507491,True,True
CVX,2022-10-31,2022,0.6462709199146288,1.63989666404582,True,True
CVX,2022-11-01,2022,-0.3000000000000059,-1.0061456463805918,True,True
CVX,2023-01-18,2023,0.0418537772370343,-1.9964605685211727,True,True
CVX,2023-01-23,2023,-0.1129352684730349,-0.303515258539822,True,True
CVX,2023-01-27,2023,-0.3000000000000068,-2.6434348368886598,True,True
CVX,2023-04-04,2023,-0.2242091105783293,-1.1285889714051685,True,True
CVX,2023-07-24,2023,-0.1322490185081336,0.8225836604972849,True,True
CVX,2023-07-25,2023,-0.2999999999999935,0.3952813291334784,True,True
CVX,2023-08-01,2023,-0.299999999999993,-0.7822048398924302,True,True
CVX,2023-09-06,2023,-0.2760163579504564,0.2044743805629079,True,True
CVX,2023-09-15,2023,-0.0480808566959544,0.1744675730958922,True,True
CVX,2023-09-28,2023,0.0156728232189893,0.0293169158604414,True,True
CVX,2023-12-18,2023,0.4799907180269044,-0.7757077504475342,True,True
CVX,2024-02-05,2024,-0.2999999999999976,0.422107901332269,True,True
CVX,2024-03-18,2024,0.1089469973722901,-0.3973594821508713,True,True
CVX,2024-04-26,2024,0.7499182957090145,0.3994432003873367,True,True
CVX,2024-04-29,2024,-0.1738050750406745,0.2591766620456915,True,True
CVX,2024-11-04,2024,-0.2999999999999942,-0.2914130294003293,True,True
CVX,2024-11-07,2024,-0.2558123337976484,-0.7597821957705386,True,True
CVX,2024-11-08,2024,-0.299999999999995,0.2171136653895296,True,True
CVX,2024-11-14,2024,0.0118743743743738,1.2074574574574617,True,True
CVX,2024-11-15,2024,0.088874442793465,-0.0557206537890065,True,True
CVX,2024-11-18,2024,0.0291043846537098,0.1370204285002484,True,True
CVX,2025-01-14,2025,0.0886376083244627,1.047002351728359,True,True
CVX,2025-03-20,2025,-0.2877766198737171,1.0421136516888476,True,True
CVX,2025-03-24,2025,-0.0457404821179061,0.1639443803509686,True,True
CVX,2025-06-11,2025,-0.2999999999999988,0.4369235037103789,True,True
CVX,2025-06-16,2025,-0.1905372949975986,0.2538941878817021,True,True
CVX,2025-06-18,2025,-0.2666421306209872,-0.7963062098501056,True,True
CVX,2025-06-23,2025,-0.281780042623612,-3.4723400003418234,True,True
CVX,2025-07-09,2025,-0.2739244148032042,0.0653851183470605,True,True
CVX,2025-07-25,2025,-0.0632740807290207,-0.6288904575499058,True,True
CVX,2025-08-27,2025,-0.1099745870393933,1.1689961880559108,True,True
CVX,2025-11-03,2025,-0.1036528810113746,-2.0837303856171787,True,True
CVX,2026-01-06,2026,-0.2274381368267831,-5.040029112081515,True,True
CVX,2026-01-07,2026,0.0577902693089362,-1.41641260162601,True,True
CVX,2026-01-09,2026,-0.24411434977579,0.9840558046835975,True,True
CVX,2026-01-12,2026,0.0860540872772083,-0.2089735709895359,True,True
CVX,2026-01-15,2026,-0.109284731857401,0.2654280026542786,True,True
CVX,2026-01-30,2026,0.4999565507053266,2.5461286678446147,True,True
CVX,2026-02-02,2026,-0.047071033210328,0.3978321033210319,True,True
CVX,2026-02-04,2026,0.3186661449016115,1.3193202146690597,True,True
CVX,2026-02-05,2026,-0.0225005566688998,-0.2449343130705844,True,True
CVX,2026-03-03,2026,-0.0461905886675557,-0.923811773351175,True,True
CVX,2026-03-04,2026,0.1999626567084571,-0.7735396105628107,True,True
CVX,2026-03-06,2026,0.1962018021793875,-0.5134115674769435,True,True
CVX,2026-03-09,2026,-0.1355689939527172,-0.8193931778318793,True,True
CVX,2026-03-10,2026,-0.2154323278375707,-1.240523776705722,True,True
CVX,2026-03-13,2026,-0.2084387755101979,0.4285714285714303,True,True
CVX,2026-03-20,2026,-0.0574329692155028,0.1886792452830166,True,True
CVX,2026-03-23,2026,-0.2925209314033906,3.320327249842668,True,True
CVX,2026-05-20,2026,0.2283464968152825,-2.4917197452229227,True,True
DDOG,2021-10-14,2021,0.3140253968253892,-2.6920634920634976,True,True
DDOG,2021-10-15,2021,-0.1183970856101925,0.4944054124381934,True,True
DDOG,2021-10-20,2021,0.1259345354024111,-0.2010429100961193,True,True
DDOG,2021-11-02,2021,-0.0537975064747424,-0.6324158284647421,True,True
DDOG,2021-11-08,2021,-0.0671522580645039,2.881720430107534,True,True
DDOG,2021-11-09,2021,0.1467562936022476,0.489050803820388,True,True
DDOG,2021-11-10,2021,-0.2537474226804075,-2.701030927835056,True,True
DDOG,2021-11-11,2021,0.0913896885632023,-0.4344412457471931,True,True
DDOG,2022-02-10,2022,0.0482023889883504,2.4858392275408594,True,True
DDOG,2022-02-11,2022,0.7793957601179184,-5.095794127649915,True,True
DDOG,2022-02-14,2022,-0.2999999999999952,0.0364985704726578,True,True
DDOG,2022-03-30,2022,0.1887254901960739,-2.1830065359477144,True,True
DDOG,2022-08-05,2022,2.0751506591337137,6.647834274952921,True,True
DDOG,2022-08-08,2022,0.2460600706713714,-0.1148409893993018,True,True
DDOG,2023-01-25,2023,-0.2999999999999933,2.0040369088812007,True,True
DDOG,2023-01-27,2023,1.0038005721291412,5.203650728783555,True,True
DDOG,2023-01-30,2023,0.4864443855229945,-2.134429272172893,True,True
DDOG,2023-02-02,2023,0.7350674818318174,0.3460606759718504,True,True
DDOG,2023-02-03,2023,0.30304900629551,-1.9380323416862208,True,True
DDOG,2023-02-06,2023,1.5180282662498352,0.2214406669271873,True,True
DDOG,2023-02-16,2023,3.248393475037063,1.8413247652001916,True,True
DDOG,2023-05-05,2023,0.9625247328848316,0.9893153937475268,True,True
DDOG,2023-05-08,2023,0.3879442780887846,2.2913683114177723,True,True
DDOG,2023-05-11,2023,-0.2999999999999921,0.1849924846803223,True,True
DDOG,2023-06-05,2023,0.4659018744238415,2.806514391068329,True,True
DDOG,2023-07-10,2023,0.4759549411162183,3.891449052739372,True,True
DDOG,2023-07-12,2023,-0.028212355033959,-2.564339509310175,True,True
DDOG,2023-07-13,2023,-0.0753239436619824,2.516431924882636,True,True
DDOG,2023-07-26,2023,0.0093730035593735,0.9674180888929472,True,True
DDOG,2023-11-09,2023,0.0174527363184047,-0.2587064676616966,True,True
DDOG,2023-12-15,2023,-0.1115931312135366,0.7312464053898616,True,True
DDOG,2023-12-18,2023,0.1967085919634063,0.6452139823587114,True,True
DDOG,2024-01-19,2024,-0.2377021010700563,1.8042646254784052,True,True
DDOG,2024-01-22,2024,1.1798050974512715,-0.3073463268365791,True,True
DDOG,2024-01-23,2024,-0.1875563909774405,-3.022556390977451,True,True
DDOG,2024-01-24,2024,-0.2999999999999914,-6.065366489137519,True,True
DDOG,2024-02-05,2024,1.655046618321755,-2.963593310640814,True,True
DDOG,2024-02-12,2024,0.0831214898019546,-0.3473248595920772,True,True
DDOG,2024-02-13,2024,0.5354308300395326,4.118577075098821,True,True
DDOG,2024-02-15,2024,0.3068123487570515,-3.3365109628217438,True,True
DDOG,2024-04-12,2024,0.1865675110388035,-1.216205747927808,True,True
DDOG,2024-04-15,2024,0.8093402288042448,-1.3947657107036522,True,True
DDOG,2024-04-16,2024,-0.1970859139272671,0.817849769731619,True,True
DDOG,2024-04-29,2024,-0.2773391923630611,-2.2198651412985884,True,True
DDOG,2024-07-01,2024,0.5035337879727331,1.1159330440173574,True,True
DDOG,2024-10-07,2024,-0.1044938311953655,0.0081706021733843,True,True
DDOG,2024-10-09,2024,0.2395718901453916,1.0662358642972596,True,True
DDOG,2024-10-11,2024,-0.1081068596504781,-0.0692893987219762,True,True
DDOG,2024-11-08,2024,-0.2923005637500984,-3.899915051355325,True,True
DDOG,2024-11-15,2024,0.1485069417513233,-2.202745675948192,True,True
DDOG,2024-11-20,2024,-0.0855913978494626,0.4375231738969251,True,True
DDOG,2024-11-21,2024,0.7109710583761661,1.2886416449545894,True,True
DDOG,2024-11-22,2024,0.4586599326599257,4.24242424242425,True,True
DDOG,2024-11-25,2024,-0.1078998073217584,0.6037251123956312,True,True
DDOG,2024-11-26,2024,0.9954715039238232,-0.7011449890647133,True,True
DDOG,2024-12-05,2024,-0.2394215579049812,-0.7595090533479159,True,True
DDOG,2025-02-13,2025,-0.1831783229586326,-0.4393994873672814,True,True
DDOG,2025-05-02,2025,0.3504193849021479,-2.087604846225531,True,True
DDOG,2025-05-06,2025,-0.2428489538549671,1.2897678417884726,True,True
DDOG,2025-05-07,2025,0.5676946362690388,0.3121748178980347,True,True
DDOG,2025-05-14,2025,0.1814384954252759,0.8895289732294113,True,True
DDOG,2025-05-15,2025,0.2627986927549644,-0.56449216926277,True,True
DDOG,2025-06-05,2025,-0.1107847182110715,0.5033418598894294,True,True
DDOG,2025-06-06,2025,-0.2146404109588996,-0.3669275929549925,True,True
DDOG,2025-06-11,2025,0.2658266277128532,-0.993322203672786,True,True
DDOG,2025-06-18,2025,0.201725377426309,3.8421599169262737,True,True
DDOG,2025-06-20,2025,-0.1630076335877822,-2.6641221374045765,True,True
DDOG,2025-07-07,2025,1.227725612903236,-1.6709677419354858,True,True
DDOG,2025-07-08,2025,0.1368615637409183,-0.06161851293989,True,True
DDOG,2025-07-09,2025,-0.1626244461998305,-1.9473160009616428,True,True
DDOG,2025-10-02,2025,0.0052107080049565,-1.2961636162313614,True,True
DDOG,2025-10-09,2025,0.0002642901045007,0.8420405654579008,True,True
DDOG,2025-11-04,2025,0.0148885098856714,-0.5053376287031844,True,True
DDOG,2025-11-07,2025,1.1541409192034406,3.8037875088176354,True,True
DDOG,2025-11-10,2025,0.1499610935311429,3.604814027078894,True,True
DDOG,2025-11-11,2025,0.2069066196828489,-0.392650390133401,True,True
DDOG,2026-05-04,2026,-0.0640028263557594,3.6777954425013135,True,True
DDOG,2026-05-05,2026,0.0037370523322659,-1.3269243788504554,True,True
DDOG,2026-05-07,2026,3.141954359274421,0.4255545507739682,True,True
DDOG,2026-05-08,2026,0.9522964959568792,7.8598382749326205,True,True
DDOG,2026-05-11,2026,0.5229593396514883,3.0724549067563443,True,True
DDOG,2026-06-01,2026,0.2048853142686924,10.23731506305233,True,True
DDOG,2026-06-02,2026,2.715320792230614,2.8982182457750185,True,True
DDOG,2026-06-03,2026,0.9746996794005104,-3.3218741550465425,True,True
DDOG,2026-07-10,2026,0.1166303021337985,-4.774231722199632,True,True
DDOG,2026-08-03,2026,0.2572384093824345,0.2235660619387783,True,True
DDOG,2026-08-04,2026,0.6833033352923943,5.8900235086688095,True,True
DDOG,2026-08-06,2026,4.142754935300089,1.2012542507618245,True,True
DE,2021-11-02,2021,-0.2999999999999956,-1.3386657779258997,True,True
DE,2021-11-26,2021,-0.0612816901408338,1.1154929577464732,True,True
DE,2022-01-05,2022,0.680857280720553,-0.3029165773107429,True,True
DE,2022-01-06,2022,0.0407545859923752,0.4539264639128431,True,True
DE,2022-01-11,2022,-0.1307433138320218,-0.5693689928959483,True,True
DE,2022-02-09,2022,0.3350318471337574,0.7541401273885298,True,True
DE,2022-02-14,2022,0.420978914516245,-1.758392327015302,True,True
DE,2022-08-01,2022,-0.0116711423259547,-0.1623041284268337,True,True
DE,2022-08-12,2022,-0.0966664643399006,1.630569733756387,True,True
DE,2022-08-18,2022,-0.1030347098367301,1.078337220469202,True,True
DE,2022-08-19,2022,0.1892842205058151,3.025402225134546,True,True
DE,2022-08-24,2022,-0.2999999999999998,0.7550955750343261,True,True
DE,2022-10-28,2022,-0.2999999999999991,0.820213306246816,True,True
DE,2022-10-31,2022,-0.0267768741159864,0.0202061022428733,True,True
DE,2022-11-01,2022,-0.3000000000000042,-2.381909547738698,True,True
DE,2022-11-15,2022,-0.0070210802409023,-1.190013600155425,True,True
DE,2022-11-23,2022,0.8025679828645879,1.9603278077854387,True,True
DE,2022-11-25,2022,-0.1856047915184602,1.1772035706909656,True,True
DE,2022-12-01,2022,-0.0894283832580093,0.324756432675495,True,True
DE,2023-01-18,2023,0.1288946001958644,-2.981165592475341,True,True
DE,2023-11-21,2023,-0.1688157894736862,0.6973684210526256,True,True
DE,2023-11-22,2023,-0.1950468169981808,2.7065211369050863,True,True
DE,2023-12-15,2023,0.106880781488872,-0.012955717358073,True,True
DE,2023-12-18,2023,-0.0319546053822053,-1.0521417677015727,True,True
DE,2024-03-18,2024,-0.172446475195816,0.6135770234987005,True,True
DE,2024-05-15,2024,-0.2230635670878777,-0.159158869489733,True,True
DE,2024-05-16,2024,0.4620413379537456,-3.0843716975103868,True,True
DE,2024-09-05,2024,0.463010204081632,-2.0739795918367334,True,True
DE,2024-09-20,2024,-0.2215385372091904,-0.1254242290098841,True,True
DE,2024-09-23,2024,-0.0070687867265865,0.9530393560811846,True,True
DE,2024-11-22,2024,-0.1490537471612521,2.4132314821186847,True,True
DE,2024-11-25,2024,0.9885334821428567,3.265624999999999,True,True
DE,2024-11-26,2024,0.4335801287666551,0.985459004905396,True,True
DE,2025-01-21,2025,-0.2369358954784489,1.0774968918358885,True,True
DE,2025-01-22,2025,-0.3000000000000061,-0.661135597614727,True,True
DE,2025-01-24,2025,-0.3000000000000019,0.9547696328457678,True,True
DE,2025-01-29,2025,-0.0335875051975044,-0.6382536382536368,True,True
DE,2025-02-19,2025,0.4394711383424564,2.6826023863269914,True,True
DE,2025-02-20,2025,-0.0802495375290279,-2.396977211004842,True,True
DE,2025-05-02,2025,0.7438076078254272,-1.172171699546318,True,True
DE,2025-05-09,2025,0.0545331349853167,0.3280893381154134,True,True
DE,2025-05-13,2025,-0.1030200395145291,0.4757872666424768,True,True
DE,2025-05-14,2025,-0.2999999999999988,-0.366902580347652,True,True
DE,2025-05-15,2025,1.174253406784562,-0.2628781289262614,True,True
DE,2025-05-16,2025,0.511806960062044,3.057386583947285,True,True
DE,2025-05-19,2025,-0.0649702477139307,0.7889583848215771,True,True
DE,2025-06-23,2025,0.25574779153648,-0.8660263086834102,True,True
DE,2025-08-01,2025,-0.1098208092485572,-3.512524084778424,True,True
DE,2025-11-24,2025,-0.3000000000000042,-0.2865212230363017,True,True
DE,2025-11-25,2025,0.3296606537974871,1.6977512957597016,True,True
DE,2025-11-26,2025,0.8116551044788558,-1.6159118060067443,True,True
DE,2026-01-09,2026,0.2555482324745401,-2.5354503694827226,True,True
DE,2026-01-12,2026,-0.1605938476723157,0.9129791084059874,True,True
DE,2026-01-15,2026,0.2821331257298622,0.3055663682366777,True,True
DE,2026-01-22,2026,0.1313815516003405,-1.2810338963836247,True,True
DE,2026-02-05,2026,0.6141922210595331,0.3493960945674961,True,True
DE,2026-02-06,2026,0.2230739436619744,2.619718309859154,True,True
DE,2026-02-12,2026,0.5345342405404007,-2.4295527599654063,True,True
DE,2026-02-13,2026,-0.0935610994222328,0.7030023711718993,True,True
DE,2026-02-20,2026,0.0497192322167958,-0.2032367331577,True,True
DE,2026-02-23,2026,0.5683124290840096,-0.8417921432733134,True,True
DE,2026-06-29,2026,0.294196479458078,2.084317141880112,True,True
DE,2026-07-01,2026,0.2378527617110503,-0.1271213373164794,True,True
DE,2026-07-29,2026,0.106581093707939,-3.2180922667595677,True,True
DE,2026-08-24,2026,0.4443713472659931,-0.7343716532541774,True,True
DHR,2021-11-03,2021,-0.2999999999999913,-1.1918004131574766,True,True
DHR,2021-12-01,2021,-0.0105182641273739,-0.1842023103340717,True,True
DHR,2022-03-21,2022,0.0187628149435269,0.5212858384013901,True,True
DHR,2022-06-01,2022,-0.3000000000000034,-3.875197996095346,True,True
DHR,2022-07-22,2022,0.2605968858131535,-1.275951557093433,True,True
DHR,2022-07-25,2022,-0.2999999999999997,0.0256147540983789,True,True
DHR,2022-08-01,2022,0.2019552398358519,-0.7069209283078766,True,True
DHR,2022-12-14,2022,-0.0987745981402796,-1.164131766741138,True,True
DHR,2023-04-19,2023,-0.1237131630648357,0.1178781925343856,True,True
DHR,2023-06-20,2023,0.0179875917511457,3.3947920307584805,True,True
DHR,2023-07-20,2023,-0.2999999999999954,-0.573753814852491,True,True
DHR,2023-07-24,2023,-0.2999999999999983,1.1825152471907967,True,True
DHR,2023-07-25,2023,1.344975594013471,3.0739440881035964,True,True
DHR,2023-07-26,2023,-0.0294915654122987,4.152412410050727,True,True
DHR,2023-07-27,2023,0.2263852092952701,-3.387328741200521,True,True
DHR,2023-09-01,2023,0.2877177927844049,-0.8767675260231937,True,True
DHR,2023-09-05,2023,-0.1989602882666554,-2.068163050822007,True,True
DHR,2023-11-22,2023,0.5561849077288658,1.1282660332541563,True,True
DHR,2023-12-01,2023,-0.2641366906474888,0.4181654676259023,True,True
DHR,2023-12-14,2023,0.5532629891233624,-0.6326645577848109,True,True
DHR,2023-12-15,2023,-0.2479350711519181,-1.2185038513425228,True,True
DHR,2023-12-18,2023,0.4474549519926352,-0.7058617212503896,True,True
DHR,2024-01-29,2024,0.1323244032285896,0.4593851966340467,True,True
DHR,2024-01-31,2024,0.9909039087947896,-2.35342019543974,True,True
DHR,2024-02-01,2024,0.229239722593568,2.460728609625663,True,True
DHR,2024-03-01,2024,-0.3000000000000019,1.150379506641365,True,True
DHR,2024-03-05,2024,0.3603425301771484,-0.2978523279510859,True,True
DHR,2024-05-17,2024,-0.19843036637361,0.3018526204580656,True,True
DHR,2024-07-24,2024,0.8878112112417859,1.5197800519321898,True,True
DHR,2024-07-25,2024,-0.2999999999999924,1.7974225638706691,True,True
DHR,2024-07-26,2024,-0.1753291651342197,0.8275101140125047,True,True
DHR,2024-09-10,2024,-0.3000000000000061,0.5604395604395505,True,True
DHR,2024-09-20,2024,-0.3000000000000101,-0.8682069165940085,True,True
DHR,2025-01-29,2025,0.023107756598868,-4.5157988998336975,True,True
DHR,2025-06-11,2025,-0.0987048800906163,0.8469985719210119,True,True
DHR,2025-07-28,2025,-0.0021694417237928,-0.6219392752203633,True,True
DHR,2025-10-03,2025,0.3935077840344526,1.5946623763781649,True,True
DHR,2025-10-22,2025,-0.0893977528089942,-1.999999999999995,True,True
DHR,2025-11-19,2025,-0.2113777777777841,-1.1288888888888853,True,True
DHR,2025-11-25,2025,-0.2780531830588986,1.5981333098529646,True,True
DHR,2025-12-12,2025,-0.2614014711575634,-2.611089602959519,True,True
DHR,2026-01-13,2026,-0.0922916666666632,-1.8499999999999992,True,True
DHR,2026-01-22,2026,-0.1477736970247331,-0.944992365782206,True,True
DHR,2026-06-01,2026,-0.3000000000000024,-1.4352232265132865,True,True
DHR,2026-06-05,2026,-0.0958271276595816,-1.920212765957454,True,True
DHR,2026-06-10,2026,-0.219971102905759,-1.7124203992080145,True,True
DHR,2026-06-25,2026,0.493647530180817,1.913648584532656,True,True
DHR,2026-06-26,2026,0.4600425245034505,1.4727998755380256,True,True
DHR,2026-06-29,2026,0.4906625735482237,-1.3404962906113975,True,True
DHR,2026-08-21,2026,-0.2225357175990419,1.5353928935893746,True,True
DIA,2021-11-08,2021,-0.1415986413192426,-0.1972278529556859,True,True
DIA,2022-01-06,2022,-0.2205926780368736,-0.4778775644722773,True,True
DIA,2022-04-21,2022,-0.0521301842016104,-1.7516103514521386,True,True
DIA,2022-07-26,2022,-0.1249176832136453,-0.4202075950954796,True,True
DIA,2022-08-03,2022,0.0213660782809015,0.7336914811972329,True,True
DIA,2022-08-17,2022,-0.029961433155723,0.161921865339892,True,True
DIA,2022-10-24,2022,0.3220682814449928,0.8351198284964688,True,True
DIA,2022-10-26,2022,0.1577709289892335,0.1352286307314947,True,True
DIA,2022-10-31,2022,-0.0316285329744347,0.1498837636118956,True,True
DIA,2022-11-09,2022,-0.2062600467077207,-1.33147311273543,True,True
DIA,2022-11-11,2022,-0.2970517786911967,-0.1182837034627655,True,True
DIA,2022-12-01,2022,-0.2971247296323013,-0.6892573900504647,True,True
DIA,2022-12-02,2022,0.2059874442619173,1.1323632950011775,True,True
DIA,2022-12-14,2022,0.5401193750365929,-0.4564339633682326,True,True
DIA,2023-05-01,2023,0.1005072718742757,-0.1876612714051264,True,True
DIA,2023-06-16,2023,-0.1902968003474776,-0.6717822498914289,True,True
DIA,2023-06-20,2023,-0.206519382343466,-0.2314746989363943,True,True
DIA,2023-07-13,2023,-0.1436487192890759,-0.1074519370389579,True,True
DIA,2023-07-19,2023,0.2832905251141627,0.0856164383561676,True,True
DIA,2023-07-20,2023,0.3921838099302903,0.2731540759709877,True,True
DIA,2023-07-21,2023,-0.1841387715767645,-0.1984070746294007,True,True
DIA,2023-09-15,2023,-0.1282268485283566,-0.6346015793251916,True,True
DIA,2023-11-15,2023,-0.0373159974798032,0.3092960650667232,True,True
DIA,2023-12-01,2023,0.0655463585356323,0.8221765457474686,True,True
DIA,2023-12-04,2023,0.1941383320411961,0.4125595304020246,True,True
DIA,2023-12-05,2023,-0.2724479080307325,0.0193444978721033,True,True
DIA,2023-12-06,2023,-0.1046886782052707,-0.4519898577885533,True,True
DIA,2023-12-07,2023,-0.2091032158249351,-0.0331528345673567,True,True
DIA,2023-12-14,2023,-0.2090499315821842,0.1717152746102984,True,True
DIA,2023-12-15,2023,-0.0666675633507348,0.2232743315220272,True,True
DIA,2023-12-18,2023,-0.0830498030915965,-0.0830498030915965,False,True
DIA,2024-01-22,2024,0.0649898601490675,0.1027153730674988,True,True
DIA,2024-01-23,2024,-0.1712488665120196,-0.0817165752846906,True,True
DIA,2024-02-23,2024,-0.0276999259769759,-0.1276259029532634,True,True
DIA,2024-03-21,2024,0.3390380539012866,0.3532855556677183,True,True
DIA,2024-03-22,2024,-0.2248039018503634,-0.8195897023330629,True,True
DIA,2024-03-28,2024,-0.2073280409988432,-0.0829020750640567,True,True
DIA,2024-07-09,2024,-0.2670388077920754,-0.0686638522964342,True,True
DIA,2024-07-11,2024,-0.2623773584905708,0.0251572327044082,True,True
DIA,2024-07-12,2024,-0.1850172993030245,0.3510003510003452,True,True
DIA,2024-07-15,2024,-0.1464095810763847,-0.0273319087611083,True,True
DIA,2024-07-16,2024,0.8726217005893198,1.4237607091566384,True,True
DIA,2024-07-17,2024,0.8321911102408402,0.8321911102408402,False,True
DIA,2024-07-18,2024,0.472002532385314,-0.966689393201526,True,True
DIA,2024-07-19,2024,-0.1302957791647187,-0.6068529984951968,True,True
DIA,2024-09-16,2024,0.0040437027254313,0.2185136270860908,True,True
DIA,2024-09-17,2024,-0.1307705180616379,-0.2342872170025623,True,True
DIA,2024-09-20,2024,-0.1573574647685738,0.2742208550921566,True,True
DIA,2024-09-30,2024,-0.2645968467402218,0.1538752899957334,True,True
DIA,2024-10-10,2024,-0.2859247058823471,-0.0917647058823497,True,True
DIA,2024-10-14,2024,0.6000186776242047,0.6000186776242047,False,True
DIA,2024-11-07,2024,-0.1929010582131497,-0.0342833634265027,True,True
DIA,2024-11-08,2024,-0.1453205566963225,0.4152407027150337,True,True
DIA,2024-11-11,2024,0.3746243323979386,0.2534624785009515,True,True
DIA,2025-01-23,2025,0.8787823881137878,0.8787823881137878,False,True
DIA,2025-01-28,2025,-0.1372481495561073,0.2683423153469417,True,True
DIA,2025-05-16,2025,-0.2176499740406914,0.6655024307358269,True,True
DIA,2025-06-25,2025,-0.2537043486336423,-0.1927050683754693,True,True
DIA,2025-07-02,2025,-0.23049608707385,0.0022488081316881,True,True
DIA,2025-07-24,2025,0.1728172300396013,0.0134225185118906,True,True
DIA,2025-07-25,2025,-0.1863830357741218,0.3374075480973449,True,True
DIA,2025-08-14,2025,-0.0294512440255516,0.3104480278733163,True,True
DIA,2025-08-18,2025,-0.0667631022588208,-0.0667631022588208,False,True
DIA,2025-08-25,2025,-0.1796527960670629,-0.5596523571240478,True,True
DIA,2025-09-10,2025,-0.256434345641249,-0.3954555385623776,True,True
DIA,2025-09-12,2025,-0.2048932249322465,-0.4249322493224888,True,True
DIA,2025-09-18,2025,0.3765696817275207,0.2991934784493962,True,True
DIA,2025-09-19,2025,-0.2892267461964115,0.0410615491009676,True,True
DIA,2025-09-24,2025,-0.0904460675369418,-0.5286438666522794,True,True
DIA,2025-10-06,2025,-0.2670019111068379,-0.3170942634765091,True,True
DIA,2025-10-07,2025,-0.0739664207036633,-0.3379317720029909,True,True
DIA,2025-10-08,2025,-0.2893327912351241,-0.2674826671231704,True,True
DIA,2025-10-29,2025,0.0624318395487327,-0.4470907761412278,True,True
DIA,2025-10-30,2025,0.9680144267274052,0.1919345313422694,True,True
DIA,2025-10-31,2025,-0.1889428331231664,-0.0294241277847806,True,True
DIA,2026-01-06,2026,1.0769828132344303,1.0769828132344303,False,True
DIA,2026-01-07,2026,-0.1793099969736627,-1.1459699384646325,True,True
DIA,2026-01-09,2026,0.0378220995820246,0.440287302682295,True,True
DIA,2026-01-16,2026,0.0024266936299293,-0.2163801820020209,True,True
DIA,2026-02-09,2026,-0.1863669992601685,0.2199516106456511,True,True
DIA,2026-04-20,2026,-0.0343138248287631,0.1783325902808729,True,True
DIA,2026-05-22,2026,-0.2379984418453272,-0.1794836393759429,True,True
DIA,2026-06-05,2026,-0.296148571649328,-1.5645220481718312,True,True
DIA,2026-08-05,2026,0.1303980044549842,-0.0773181642458851,True,True
DIA,2026-08-06,2026,-0.1588286134608046,-1.0261125413754923,True,True
DIS,2022-01-05,2022,0.0059650917460374,-0.7672143724825706,True,True
DIS,2022-07-21,2022,-0.2553480673741522,1.4214779476195192,True,True
DIS,2022-08-09,2022,-0.299999999999995,-0.9979857169016696,True,True
DIS,2022-08-11,2022,0.2710661975288467,-3.7149169462400726,True,True
DIS,2022-08-12,2022,0.2697142857142853,2.142857142857141,True,True
DIS,2022-08-15,2022,0.3097355371900837,2.702479338842972,True,True
DIS,2022-08-16,2022,-0.2999999999999989,0.192415617734302,True,True
DIS,2023-01-13,2023,-0.3000000000000036,0.0201247735963073,True,True
DIS,2023-02-10,2023,-0.0346457415565238,-0.8351688693098355,True,True
DIS,2023-05-01,2023,-0.1685659879888627,-0.1904203896294198,True,True
DIS,2023-05-09,2023,-0.2321834612768433,-0.7093576911864636,True,True
DIS,2023-08-11,2023,-0.3000000000000027,-2.485764345159873,True,True
DIS,2023-11-10,2023,-0.2668146011317043,-2.074780872073661,True,True
DIS,2023-11-13,2023,-0.2999999999999975,1.1535851617281112,True,True
DIS,2023-11-16,2023,-0.1513366705719417,0.7136010224731086,True,True
DIS,2024-01-22,2024,0.3548616345429102,2.3689027673091294,True,True
DIS,2024-01-23,2024,0.2436661073825502,-1.6778523489932826,True,True
DIS,2024-02-07,2024,0.1913851524797237,1.9303829962008372,True,True
DIS,2024-02-08,2024,1.2362812850205538,3.22189017556967,True,True
DIS,2024-02-09,2024,0.1730291970803023,-1.131386861313864,True,True
DIS,2024-02-12,2024,0.0511865035224375,1.3255469039673775,True,True
DIS,2024-04-01,2024,-0.0467884646894924,-0.4424053744060349,True,True
DIS,2024-04-03,2024,-0.0064529320356614,-2.7071235789645884,True,True
DIS,2024-09-19,2024,-0.0476215589072953,-1.3922582006117576,True,True
DIS,2024-09-20,2024,-0.1395386266094542,0.5257510729613678,True,True
DIS,2024-09-23,2024,-0.2946795453332466,-0.7951331447782597,True,True
DIS,2024-11-07,2024,-0.1334632516703882,0.1518526017412489,True,True
DIS,2024-11-13,2024,-0.1170905392667577,1.880240115096503,True,True
DIS,2024-11-14,2024,2.293483186803227,-1.1057735883259303,True,True
DIS,2024-11-15,2024,1.0655056689342473,4.371882086167794,True,True
DIS,2024-11-18,2024,0.3334068649077871,0.1941233565693098,True,True
DIS,2024-11-19,2024,0.0825376996520042,0.3033818149370959,True,True
DIS,2025-01-28,2025,-0.2161546368913167,-0.6424741902609724,True,True
DIS,2025-05-08,2025,0.2561261781111687,1.2021542604346989,True,True
DIS,2025-05-09,2025,0.0978338321219901,0.6127974918056247,True,True
DIS,2025-05-13,2025,0.0843484965304552,0.975100911605958,True,True
DIS,2025-05-15,2025,0.1797113071371157,0.0,True,True
DIS,2025-06-11,2025,0.0705693529312377,0.954553133975342,True,True
DIS,2025-06-16,2025,-0.0634638196915773,1.2455516014234866,True,True
DIS,2025-06-30,2025,-0.0032499396669529,-0.2976429893009448,True,True
DIS,2025-07-01,2025,-0.1385425101214539,-0.0283400809716571,True,True
DIS,2025-11-12,2025,0.2482325216025182,1.87658200226936,True,True
DIS,2025-11-13,2025,0.1303333639452648,-1.2030489484801197,True,True
DIS,2025-12-16,2025,-0.1251899473991925,0.3641595108573494,True,True
DIS,2025-12-17,2025,-0.0665946335314368,-0.4006843147848076,True,True
DIS,2025-12-22,2025,0.3443227717440126,0.8257786554169301,True,True
DIS,2026-05-07,2026,0.1114167812929825,-0.302613480055019,True,True
DIS,2026-05-08,2026,-0.1354031000642085,-0.9538659084655656,True,True
DIS,2026-08-06,2026,0.925102399063765,2.0772381509654725,True,True
FDX,2021-12-20,2021,0.1501038753495797,-1.897722732720735,True,True
FDX,2022-03-30,2022,-0.2999999999999979,-0.8387776606954728,True,True
FDX,2022-05-18,2022,0.0534158917226882,-6.182671945493052,True,True
FDX,2022-06-01,2022,0.2893377777777838,-2.8088888888888857,True,True
FDX,2022-06-15,2022,0.987566630552543,0.8840736728060637,True,True
FDX,2022-06-16,2022,-0.0026904640940117,-0.4086501292217901,True,True
FDX,2022-06-27,2022,-0.2601603643724662,-2.58704453441295,True,True
FDX,2022-08-01,2022,0.0909635439110507,2.4002413169007983,True,True
FDX,2022-08-02,2022,0.019117771748348,-1.1064948278785762,True,True
FDX,2022-08-17,2022,-0.3000000000000062,-0.8537932206269607,True,True
FDX,2022-11-11,2022,0.2436335310683839,5.266942297321601,True,True
FDX,2022-11-14,2022,0.5340705936282252,0.1489800595920186,True,True
FDX,2022-11-16,2022,0.2557988505747088,-1.890804597701145,True,True
FDX,2022-12-01,2022,-0.2013956043955969,-0.8406593406593412,True,True
FDX,2023-02-02,2023,0.9250980504587132,2.5038226299694237,True,True
FDX,2023-02-03,2023,-0.0134517527327667,1.1449302676215505,True,True
FDX,2023-03-20,2023,0.1577344424746488,-1.781899177235336,True,True
FDX,2023-03-21,2023,0.1476951241866113,0.7561176794061065,True,True
FDX,2023-04-06,2023,0.3775853859140346,0.463183411973517,True,True
FDX,2023-06-15,2023,0.413785524655084,2.915959437698563,True,True
FDX,2023-06-16,2023,-0.1067748051400801,-1.626290288603322,True,True
FDX,2023-06-20,2023,-0.2362504795600778,-1.1807834946076174,True,True
FDX,2023-06-21,2023,1.5710010277033055,0.9159964253797958,True,True
FDX,2023-06-26,2023,0.1837935328724169,0.8932022158285671,True,True
FDX,2023-06-28,2023,-0.0973577235772327,1.012195121951223,True,True
FDX,2023-07-27,2023,-0.0774139534883562,-1.2725581395348895,True,True
FDX,2023-11-15,2023,0.0887016106801028,1.3743945181743036,True,True
FDX,2023-11-16,2023,0.0353347866708289,-0.7591093117408864,True,True
FDX,2023-12-04,2023,0.4668354719567401,1.1308685222556552,True,True
FDX,2023-12-07,2023,-0.1344533582089628,-0.1865671641791044,True,True
FDX,2023-12-11,2023,-0.1386968671863569,-0.2316517134872759,True,True
FDX,2023-12-15,2023,-0.0711762101853631,1.1804930718013216,True,True
FDX,2023-12-18,2023,-0.0360105913503885,-0.4836716681376892,True,True
FDX,2023-12-19,2023,-0.2166417618386763,-0.380688084818726,True,True
FDX,2023-12-20,2023,0.6949776876267763,-0.0933062880324502,True,True
FDX,2024-03-01,2024,-0.0367218996935947,-0.5966779551685171,True,True
FDX,2024-03-22,2024,1.5371293706293672,-0.6048951048951112,True,True
FDX,2024-03-25,2024,0.0870396751905441,0.6375097941448894,True,True
FDX,2024-03-26,2024,0.1172800480344807,2.0944442482251997,True,True
FDX,2024-03-27,2024,-0.2862392602049561,-0.6625030192194941,True,True
FDX,2024-06-26,2024,1.2399618618358206,2.661003727138775,True,True
FDX,2024-06-27,2024,-0.0959197598253274,0.7983078602620002,True,True
FDX,2024-06-28,2024,0.3275774072813978,2.038108200068054,True,True
FDX,2024-07-01,2024,0.0143633436200208,0.1878438212800222,True,True
FDX,2024-09-20,2024,-0.0610487968555262,-2.3487680951011303,True,True
FDX,2024-11-07,2024,-0.3000000000000011,0.4894658437965508,True,True
FDX,2024-11-11,2024,0.1040491860062324,0.3810183581572645,True,True
FDX,2024-11-14,2024,0.0469955983212121,-0.2661480192445398,True,True
FDX,2024-11-25,2024,0.0437475135923592,1.143747513592358,True,True
FDX,2024-11-26,2024,0.0092390945687388,-0.0527948261070497,True,True
FDX,2025-05-13,2025,-0.2787872340425497,-1.6808510638297822,True,True
FDX,2025-05-14,2025,-0.1663712222750591,0.2291495525098366,True,True
FDX,2025-05-15,2025,-0.0809735085074349,-0.387680379065262,True,True
FDX,2025-05-16,2025,0.1242003412453311,-0.8833502516144306,True,True
FDX,2025-05-19,2025,0.1525797165633197,0.1417183348095629,True,True
FDX,2025-06-25,2025,0.4617302589440846,1.5554945557690445,True,True
FDX,2025-10-29,2025,0.280465769925716,0.252961252760488,True,True
FDX,2025-11-07,2025,-0.1844459898006471,1.2556019162416938,True,True
FDX,2025-11-12,2025,0.019765793988214,0.1939285447900494,True,True
FDX,2025-12-19,2025,1.2684628390795996,6.160405792839812,True,True
FDX,2025-12-23,2025,0.0470784982935009,0.7337883959044291,True,True
FDX,2026-01-07,2026,0.7103628636809421,0.4968944099379009,True,True
FDX,2026-01-09,2026,-0.1285523215081869,-0.5286287497611516,True,True
FDX,2026-02-02,2026,0.5146993941277033,4.178965356532542,True,True
FDX,2026-02-03,2026,0.9515494844760248,2.9271276285897394,True,True
FDX,2026-02-04,2026,0.226328203976183,1.7578344378299422,True,True
FDX,2026-02-05,2026,-0.0245856353591156,0.530386740331496,True,True
FDX,2026-02-13,2026,-0.2056891891891769,1.275675675675683,True,True
FDX,2026-05-01,2026,-0.0897146401985026,-2.302729528535973,True,True
FDX,2026-06-01,2026,0.0895849358481249,4.138334205101378,True,True
FDX,2026-06-03,2026,0.0257175134342913,-0.9373473375671694,True,True
FDX,2026-08-12,2026,0.0179681694327565,1.1766162992321063,True,True
FDX,2026-08-14,2026,-0.2794148010500332,-1.2919210689319516,True,True
GE,2021-09-29,2021,0.3489905660377326,0.2075471698113196,True,True
GE,2021-10-27,2021,0.0696700037078337,-3.763440860215056,True,True
GE,2021-11-08,2021,0.0007404021937854,-0.9049360146252368,True,True
GE,2021-11-10,2021,-0.1049617641828147,-3.1211097279032467,True,True
GE,2022-01-05,2022,0.4197834152210964,-0.3609746315050631,True,True
GE,2022-07-27,2022,0.2538888888888893,-0.5833333333333357,True,True
GE,2022-07-29,2022,-0.2180547945205371,1.2739726027397351,True,True
GE,2022-08-02,2022,-0.2204944178628303,-1.1695906432748475,True,True
GE,2022-08-12,2022,-0.0485180981208449,0.7945516458569749,True,True
GE,2022-10-26,2022,0.2305362259516965,2.9608404966570983,True,True
GE,2022-10-27,2022,0.0529979010887937,-0.2492457037911553,True,True
GE,2022-11-08,2022,-0.0620525059665781,0.2386634844868769,True,True
GE,2022-11-11,2022,0.2462695266961909,0.6644905572394418,True,True
GE,2023-01-05,2023,-0.057525035765402,1.97424892703862,True,True
GE,2023-01-06,2023,0.1291446820327779,-0.1110802554845852,True,True
GE,2023-01-09,2023,-0.0396722222222262,0.944444444444454,True,True
GE,2023-01-13,2023,-0.1291507996953464,1.8024879411018049,True,True
GE,2023-01-17,2023,-0.0130755755755651,0.7257257257257236,True,True
GE,2023-03-01,2023,-0.194011339475544,-0.6024096385542062,True,True
GE,2023-03-06,2023,0.0912511542012908,0.4732225300092297,True,True
GE,2023-03-10,2023,-0.0721762785636646,-0.924918389553872,True,True
GE,2023-03-13,2023,-0.2999999999999939,-0.8138238573021225,True,True
GE,2023-03-14,2023,0.3178961224154037,-0.0054845609609056,True,True
GE,2023-03-15,2023,0.1145297224407314,0.8652657601977867,True,True
GE,2023-04-26,2023,-0.1477552682480016,-2.056398249007442,True,True
GE,2023-06-08,2023,0.2463529856386984,0.2078609221466353,True,True
GE,2023-06-20,2023,-0.1778186274509836,-1.951357466063342,True,True
GE,2023-07-03,2023,-0.0531725655602455,-0.9077571978727388,True,True
GE,2023-07-26,2023,-0.0872204200102449,-2.0659040464401586,True,True
GE,2023-07-27,2023,-0.2654897888542832,-0.1038421599169302,True,True
GE,2023-07-28,2023,-0.0238466199255648,-1.0127239678005728,True,True
GE,2023-08-30,2023,-0.004849804092287,-0.4701784936874114,True,True
GE,2023-09-15,2023,-0.1445156818575716,0.0519840582221471,True,True
GE,2023-09-18,2023,-0.2827776818103275,0.6650544135429228,True,True
GE,2023-12-18,2023,-0.2999999999999986,-0.0404301770841733,True,True
GE,2024-01-23,2024,1.395126537647905,1.8334247433988904,True,True
GE,2024-01-31,2024,-0.2776407266203141,-1.0166704044255166,True,True
GE,2024-02-14,2024,-0.184961538461546,2.426573426573426,True,True
GE,2024-02-15,2024,0.0933741496598817,0.9387755102040783,True,True
GE,2024-03-04,2024,0.0127941268745635,1.0102277718516566,True,True
GE,2024-03-08,2024,-0.1529585275204942,-0.9379977582443534,True,True
GE,2024-03-11,2024,0.0759111855885972,-0.3171943264109169,True,True
GE,2024-03-28,2024,-0.2889191442067139,-2.4840233398166154,True,True
GE,2024-04-01,2024,-0.0546675968109154,-0.1651480637813166,True,True
GE,2024-04-04,2024,0.7199836311553751,0.5251670986222765,True,True
GE,2024-04-08,2024,0.0039055058106248,-0.5969390995110165,True,True
GE,2024-04-24,2024,-0.0105146104899006,-1.7112497683326189,True,True
GE,2024-07-24,2024,0.4964373177842619,-5.346938775510197,True,True
GE,2024-09-03,2024,0.0205235662207975,-5.689189964980766,True,True
GE,2024-09-16,2024,0.0670691584601462,1.5219337511190685,True,True
GE,2024-09-17,2024,0.2037456338493726,-0.6501019227590648,True,True
GE,2024-09-18,2024,-0.0854139072847599,1.3189845474613768,True,True
GE,2024-09-19,2024,0.1100470035252635,-0.5661788270483935,True,True
GE,2024-09-23,2024,-0.1195090783238327,0.4951813002502565,True,True
GE,2024-10-22,2024,-0.0298102981029847,-4.254742547425471,True,True
GE,2025-01-15,2025,0.0456957055900009,0.6701289998324773,True,True
GE,2025-01-16,2025,-0.1298822104799696,-1.0678115367679424,True,True
GE,2025-01-22,2025,-0.1356709910676419,0.1169715014887275,True,True
GE,2025-01-23,2025,-0.2999999999999958,-0.3227408142999035,True,True
GE,2025-01-24,2025,-0.0538271604938315,-2.8049382716049416,True,True
GE,2025-01-27,2025,0.0231517209445837,0.0720275762720514,True,True
GE,2025-01-28,2025,0.3406897257994408,-0.4531606031900411,True,True
GE,2025-05-14,2025,-0.2731676684309719,0.1211088185161972,True,True
GE,2025-05-16,2025,-0.1694285589557704,1.17867900641726,True,True
GE,2025-05-28,2025,-0.0360906609314313,0.7941103482504704,True,True
GE,2025-05-29,2025,-0.131162761215394,-0.1308632887580228,True,True
GE,2025-06-02,2025,-0.1134553589587157,0.6752084604433584,True,True
GE,2025-06-30,2025,-0.2999999999999971,0.4194221728019308,True,True
GE,2025-07-16,2025,0.0096742424242341,0.8939393939393991,True,True
GE,2025-07-17,2025,0.309729429206815,-3.421052631578954,True,True
GE,2025-07-18,2025,-0.2624340617935033,-0.7460437076111385,True,True
GE,2025-09-17,2025,-0.0889195795816328,-0.8456297716457155,True,True
GE,2025-09-22,2025,-0.1421942685771519,0.2865711429523347,True,True
GE,2025-09-25,2025,-0.300000000000009,-0.4556113902847616,True,True
GE,2025-10-21,2025,0.2515457207940018,-0.2050113895216385,True,True
GE,2025-10-22,2025,0.1537711313393876,-3.16157347204162,True,True
GE,2025-12-22,2025,-0.026320038753433,1.6470208299693276,True,True
GE,2025-12-23,2025,-0.0974349206349177,0.1777777777777785,True,True
GE,2026-06-01,2026,-0.2968987184272784,0.9922856787358458,True,True
GE,2026-06-22,2026,-0.0602561234761109,-0.6179398277597528,True,True
GE,2026-06-25,2026,0.7088101293367263,1.0132056739517803,True,True
GE,2026-06-26,2026,0.133007600434313,-0.0651465798045473,True,True
GE,2026-06-29,2026,0.5196206296558021,1.5523897558588384,True,True
GILD,2021-11-19,2021,-0.1976235880886042,0.8068065131289381,True,True
GILD,2021-11-22,2021,-0.2274275731547601,1.9071189401659665,True,True
GILD,2021-11-23,2021,0.1997135901475209,1.1456394099956997,True,True
GILD,2021-11-30,2021,-0.2576465590484289,-2.506372132540371,True,True
GILD,2021-12-17,2021,-0.0235930135846995,0.0831716107568648,True,True
GILD,2021-12-20,2021,0.2262675371579448,0.7223225447979029,True,True
GILD,2022-08-11,2022,0.0801715919923753,-0.7785192246583967,True,True
GILD,2022-08-16,2022,0.1531818181818218,0.4999999999999974,True,True
GILD,2022-09-13,2022,-0.3000000000000071,-3.412462908011886,True,True
GILD,2022-10-27,2022,-0.1453173483780027,-0.9520451339915534,True,True
GILD,2022-10-28,2022,0.8978480365788105,6.643356643356641,True,True
GILD,2022-10-31,2022,0.0581270044900585,0.6799230275817846,True,True
GILD,2022-11-01,2022,-0.2363020700230111,1.34168157423971,True,True
GILD,2022-11-02,2022,0.4268994627781975,-0.390125351752375,True,True
GILD,2022-12-01,2022,-0.1869614512471688,-0.294784580498872,True,True
GILD,2023-04-03,2023,-0.3000000000000062,0.1925391095066315,True,True
GILD,2023-04-21,2023,0.886625029460294,2.0268677822295533,True,True
GILD,2023-04-24,2023,-0.0582890787347155,0.1616254906488115,True,True
GILD,2023-04-25,2023,-0.2427209008387954,-1.6201309893140257,True,True
GILD,2023-07-24,2023,0.5780825364871756,-2.2773024660291923,True,True
GILD,2023-10-16,2023,-0.0435039876511339,1.8780550553125903,True,True
GILD,2023-10-17,2023,-0.2874116161616223,1.628787878787869,True,True
GILD,2023-10-18,2023,-0.0026469491736152,-0.9693053311793228,True,True
GILD,2023-10-19,2023,0.0782724168458395,-0.8347034273428566,True,True
GILD,2023-11-06,2023,-0.1050354436567999,-0.8310926423857158,True,True
GILD,2023-11-08,2023,-0.3000000000000083,0.5291005291005431,True,True
GILD,2023-12-08,2023,-0.1341734902763448,1.1003070624360278,True,True
GILD,2023-12-12,2023,-0.3000000000000052,-0.1358863495985169,True,True
GILD,2023-12-14,2023,-0.2274029126213819,-0.7402912621359216,True,True
GILD,2023-12-15,2023,0.1159263803681034,-1.4355828220858915,True,True
GILD,2024-01-09,2024,-0.2642395982783269,2.8813964610234297,True,True
GILD,2024-01-11,2024,-0.0397175744630453,1.3290613504212705,True,True
GILD,2024-06-24,2024,-0.1454263565891398,-0.3241719520789344,True,True
GILD,2024-07-26,2024,0.2376430356438185,1.3152702880441929,True,True
GILD,2024-09-04,2024,-0.1498116997238187,-0.6653276424805438,True,True
GILD,2024-09-11,2024,-0.300000000000001,-0.3323895112643238,True,True
GILD,2024-09-13,2024,-0.1540085417937945,1.06162294081756,True,True
GILD,2024-09-17,2024,-0.0596142254370019,0.1567209162145816,True,True
GILD,2024-09-19,2024,-0.2999999999999967,-0.5569380258324432,True,True
GILD,2024-09-20,2024,0.1191088157578679,0.8167187124669619,True,True
GILD,2024-09-23,2024,-0.1344639468690779,-0.3795066413662158,True,True
GILD,2024-10-23,2024,-0.1190357345434034,-1.0323312535451057,True,True
GILD,2024-10-25,2024,-0.0211968680089527,-0.4362416107382556,True,True
GILD,2024-10-29,2024,-0.1646300067888644,-0.3507580900656283,True,True
GILD,2024-11-04,2024,0.4120633857828299,0.2343488449949712,True,True
GILD,2024-11-07,2024,0.4954787234042552,4.159574468085102,True,True
GILD,2024-11-08,2024,0.5511608537220265,0.5622071837584657,True,True
GILD,2024-11-11,2024,0.806628630705383,0.6742738589211529,True,True
GILD,2024-11-13,2024,-0.2205619887389823,-1.5829172421119673,True,True
GILD,2025-01-28,2025,0.2141879802125998,-1.2419745289969548,True,True
GILD,2025-02-03,2025,0.0589651270445471,1.2035798786133134,True,True
GILD,2025-02-04,2025,-0.1478482042934299,-0.3153932241326709,True,True
GILD,2025-02-13,2025,-0.2904902708889795,1.0492178557802312,True,True
GILD,2025-02-19,2025,0.2305711299059255,2.3092274066330822,True,True
GILD,2025-02-24,2025,0.1458610933649817,1.3233549329195975,True,True
GILD,2025-02-25,2025,0.004838129496405,0.2787769784172682,True,True
GILD,2025-03-03,2025,0.1034505264990015,0.9659733704638408,True,True
GILD,2025-03-05,2025,0.1598068221371389,0.4263835711799468,True,True
GILD,2025-03-06,2025,0.0623885763738666,0.4413673734314194,True,True
GILD,2025-03-10,2025,0.245367521367524,0.1965811965812,True,True
GILD,2025-06-02,2025,-0.0444525814719835,-0.3112413035518026,True,True
GILD,2025-07-28,2025,0.4209983243672223,-0.3351265543698699,True,True
GILD,2025-08-11,2025,0.2184433447957658,1.0987167659146206,True,True
GILD,2025-08-12,2025,0.055598871930979,-0.4562043795620414,True,True
GILD,2025-10-20,2025,0.0987023586060477,0.4896759977148407,True,True
GILD,2025-11-14,2025,0.0190400000000067,-0.008000000000004,True,True
GILD,2025-11-21,2025,0.6783867879368014,1.1089835647040054,True,True
GILD,2025-11-24,2025,0.3596408317580409,-1.3547574039067414,True,True
GILD,2026-01-22,2026,0.2014314453729355,1.493345713401407,True,True
GILD,2026-01-23,2026,0.011372638634973,3.5572821450335064,True,True
GILD,2026-01-26,2026,-0.2779879305269248,1.4019723285251702,True,True
GILD,2026-01-27,2026,0.5263632397847937,2.5010905918278303,True,True
GILD,2026-01-28,2026,-0.2431746936449305,-0.4488458250213906,True,True
GILD,2026-02-02,2026,0.2371995746189189,1.3045019496632222,True,True
GILD,2026-02-12,2026,0.2328770694824869,-1.076130882544637,True,True
GLD,2021-10-25,2021,0.1541562907624753,0.1541562907624753,False,True
GLD,2021-11-08,2021,0.0117350231766601,0.0117350231766601,False,True
GLD,2021-11-11,2021,-0.1280738058285803,0.0804736448813098,True,True
GLD,2021-11-17,2021,-0.0911472681359231,0.1492194674012803,True,True
GLD,2022-01-20,2022,-0.132261447391343,-0.3714235970054058,True,True
GLD,2022-01-21,2022,-0.2536386886770397,-0.5521971634503537,True,True
GLD,2022-01-24,2022,-0.2651763884037764,0.1106065898241924,True,True
GLD,2022-01-25,2022,0.2508287292817805,0.348938644954942,True,True
GLD,2022-01-26,2022,-0.1836571561934661,-0.9539646420444547,True,True
GLD,2022-02-14,2022,-0.0131430544366452,0.5696858096443832,True,True
GLD,2022-02-18,2022,-0.1986502513130295,0.0338849042751467,True,True
GLD,2022-02-25,2022,-0.0909023920190456,0.0623512073461136,True,True
GLD,2022-03-02,2022,-0.2723255426636216,-0.2387164825403913,True,True
GLD,2022-03-03,2022,-0.0728550789064273,0.4723271838186231,True,True
GLD,2022-03-07,2022,0.2406724511930641,1.084598698481562,True,True
GLD,2022-03-08,2022,0.7849612485401882,1.6615351948189805,True,True
GLD,2022-03-09,2022,-0.2201499677488764,-0.0860030101053518,True,True
GLD,2022-03-10,2022,-0.0492027232463186,-0.2407428514248912,True,True
GLD,2022-11-09,2022,-0.0366091654691704,-0.4386322705338338,True,True
GLD,2022-11-11,2022,-0.2416084044071867,0.3819075856851793,True,True
GLD,2022-11-16,2022,-0.1854785079499484,-0.1511395925276585,True,True
GLD,2022-12-02,2022,-0.21600673967988,0.6619328439041968,True,True
GLD,2022-12-14,2022,-0.1283381820340806,-0.2018642759603416,True,True
GLD,2022-12-15,2022,-0.0112411754057643,-0.223315030471236,True,True
GLD,2022-12-21,2022,0.0951668244202655,-0.1301467108376708,True,True
GLD,2022-12-28,2022,-0.0982261904761895,-0.0535714285714306,True,True
GLD,2023-01-04,2023,-0.2019495545528277,-0.1446257086659724,True,True
GLD,2023-01-05,2023,-0.1972790708565643,-0.1721069638926679,True,True
GLD,2023-01-09,2023,-0.0229762245774913,-0.257805786307658,True,True
GLD,2023-01-13,2023,0.280306283905962,1.0002260397829916,True,True
GLD,2023-01-17,2023,-0.2832164300544255,-0.3422928006284796,True,True
GLD,2023-01-18,2023,-0.1551196065280503,-1.0339816677844818,True,True
GLD,2023-01-20,2023,0.0229420306042632,0.1200714844186325,True,True
GLD,2023-01-26,2023,-0.2341406414796904,-0.3808022381845717,True,True
GLD,2023-03-14,2023,-0.2662700873977988,-0.2762898223851033,True,True
GLD,2023-03-15,2023,-0.166196946821007,-0.3476486048202226,True,True
GLD,2023-03-16,2023,-0.2777839674669764,-0.5337307113809826,True,True
GLD,2023-03-17,2023,0.6142746657827765,1.5025963981880448,True,True
GLD,2023-03-20,2023,-0.1105488897334278,-0.2116835875997673,True,True
GLD,2023-03-21,2023,-0.2563317820969182,-1.2463728442376123,True,True
GLD,2023-03-23,2023,0.0455970311565558,0.9898319830351838,True,True
GLD,2023-04-05,2023,-0.1676595518742626,-0.2760433258999718,True,True
GLD,2023-04-14,2023,-0.0843049234368404,-0.9198213526159176,True,True
GLD,2023-05-04,2023,1.019760669278826,0.8418934660595018,True,True
GLD,2023-05-05,2023,-0.1129556174957184,0.4824185248713581,True,True
GLD,2023-07-19,2023,-0.0907631507222525,0.1308258381030303,True,True
GLD,2023-10-19,2023,-0.0797171895713617,1.1351082633672154,True,True
GLD,2023-10-20,2023,0.3576015263014512,0.0763150722267728,True,True
GLD,2023-10-23,2023,-0.2946210899182621,-0.283378746594011,True,True
GLD,2023-10-30,2023,-0.21402393014983,-0.2425353023606708,True,True
GLD,2023-11-29,2023,0.0109695495876466,0.1956016071050986,True,True
GLD,2023-11-30,2023,-0.2894435915082834,-0.068823124569853,True,True
GLD,2023-12-04,2023,0.1106862377966086,-0.9330217986381664,True,True
GLD,2024-02-02,2024,-0.0031318126229562,0.2871271335141279,True,True
GLD,2024-03-04,2024,0.6397424671645535,0.95802214782384,True,True
GLD,2024-03-05,2024,-0.2495036466774799,-0.1190235008103652,True,True
GLD,2024-03-06,2024,0.1731320678513725,0.3634894991922449,True,True
GLD,2024-03-07,2024,-0.2250526210283683,0.1904380074170569,True,True
GLD,2024-03-08,2024,-0.2007416994374991,0.3633829458907951,True,True
GLD,2024-03-11,2024,0.0064498537504379,0.143770760001979,True,True
GLD,2024-03-13,2024,0.0133655956894858,0.369187786868893,True,True
GLD,2024-04-02,2024,0.3790682546515527,0.8561725737791268,True,True
GLD,2024-04-03,2024,0.1687419860379,1.0162891200076054,True,True
GLD,2024-04-04,2024,0.1091462264150965,-0.2216981132075466,True,True
GLD,2024-04-05,2024,0.0612828839004094,1.232999199962353,True,True
GLD,2024-04-08,2024,-0.1892119640707461,0.229187887767388,True,True
GLD,2024-04-09,2024,0.0387264129286995,-0.0672145447867406,True,True
GLD,2024-04-10,2024,-0.2999999999999968,0.1160793053814366,True,True
GLD,2024-04-11,2024,-0.0977034816693588,1.309661056029515,True,True
GLD,2024-04-12,2024,0.692191824041103,-2.244557623833785,True,True
GLD,2024-04-15,2024,-0.2496788106818268,1.3719372304303978,True,True
GLD,2024-04-16,2024,-0.2954718866382124,0.472340812062854,True,True
GLD,2024-05-16,2024,-0.286413191605336,-0.0317979467611489,True,True
GLD,2024-05-20,2024,-0.2599043746369333,0.3396040931230257,True,True
GLD,2024-07-12,2024,0.4864207539521743,0.4864207539521743,False,True
GLD,2024-07-17,2024,0.0747628829931413,-0.6643647012544176,True,True
GLD,2024-07-18,2024,-0.0109637178248234,-0.8148115610998813,True,True
GLD,2024-08-19,2024,-0.1570454051705478,0.6300238974581744,True,True
GLD,2024-08-21,2024,-0.2634231084638909,0.1942250420820875,True,True
GLD,2024-09-13,2024,-0.0571662537269475,0.2183681182547391,True,True
GLD,2024-09-16,2024,-0.0711406191094578,-0.0418883257236184,True,True
GLD,2024-09-19,2024,-0.2121180322364091,0.3756715916722556,True,True
GLD,2024-09-23,2024,-0.0989340247767163,-0.1275877680372071,True,True
GLD,2024-09-25,2024,-0.1866079044640282,-0.1868475567651033,True,True
GLD,2024-09-30,2024,-0.2747858753125415,-0.3566012214616569,True,True
GLD,2024-10-02,2024,-0.1132730752005332,0.0122144863808365,True,True
GLD,2024-10-21,2024,-0.1461602373887317,-0.597428288822944,True,True
GLD,2024-10-22,2024,-0.2054453489290992,0.3279854579941453,True,True
GLD,2024-10-24,2024,-0.2842545799115661,-0.1934617814276725,True,True
GLD,2024-10-30,2024,-0.2883496280138827,0.2921357067736532,True,True
GLD,2024-12-12,2024,-0.1270005245954538,-0.2058028328154598,True,True
GLD,2025-01-13,2025,-0.1178736705366664,-0.263862953641311,True,True
GLD,2025-01-17,2025,0.1431998398077732,-0.1842210652783258,True,True
GLD,2025-01-21,2025,0.4445326453661459,0.4445326453661459,False,True
GLD,2025-01-22,2025,0.0393251799126958,0.0393251799126958,False,True
GLD,2025-01-27,2025,-0.1429055384857854,-0.3308910423067845,True,True
GLD,2025-01-31,2025,0.0501891307704312,-0.2084298286243491,True,True
GLD,2025-02-03,2025,0.329367045235811,0.046198267564968,True,True
GLD,2025-02-04,2025,-0.0372608180880675,0.2558912271321147,True,True
GLD,2025-02-05,2025,0.2805936850066174,-0.1172244280582349,True,True
GLD,2025-02-06,2025,-0.2773116892968172,-0.0758552681483901,True,True
GLD,2025-02-11,2025,-0.1994434067986308,-0.1344788942846521,True,True
GLD,2025-03-14,2025,-0.2891736344879815,-0.3836826293119059,True,True
GLD,2025-03-17,2025,0.4282499818538167,0.4282499818538167,False,True
GLD,2025-04-01,2025,-0.096135717751447,-0.3327095030151925,True,True
GLD,2025-04-02,2025,-0.0924934091855124,-0.0659081448591639,True,True
GLD,2025-04-04,2025,-0.1629142575095153,-1.3150472429840507,True,True
GLD,2025-04-11,2025,0.1349553496491786,0.0201430154094075,True,True
GLD,2025-04-14,2025,-0.2999999999999977,0.2334709345604648,True,True
GLD,2025-04-17,2025,-0.0331004537886392,-0.0685579968006201,True,True
GLD,2025-04-21,2025,-0.1828920634920544,0.1904761904761977,True,True
GLD,2025-04-22,2025,-0.2497527325416753,-2.004913850127574,True,True
GLD,2025-04-23,2025,-0.1426721020448296,-0.1610888289828421,True,True
GLD,2025-06-03,2025,-0.2999999999999954,-0.2067450575009647,True,True
GLD,2025-06-16,2025,-0.2778303684879346,-0.9561626429479004,True,True
GLD,2025-06-17,2025,-0.191581910062063,-0.2398771828823642,True,True
GLD,2025-07-23,2025,0.0048152866241935,-0.5700636942675225,True,True
GLD,2025-09-02,2025,-0.1725858736986349,1.4992830870893343,True,True
GLD,2025-09-03,2025,-0.2695814010251388,0.0976324139614331,True,True
GLD,2025-09-04,2025,-0.13842155153961,-0.0947925266794928,True,True
GLD,2025-09-05,2025,0.220405438213168,0.4218256858460923,True,True
GLD,2025-09-08,2025,0.3006024096385575,0.3326739795000769,True,True
GLD,2025-09-09,2025,0.0786487849746423,-0.8841942853751777,True,True
GLD,2025-09-10,2025,-0.0713370863491558,-0.1429720310964221,True,True
GLD,2025-09-24,2025,-0.2626448514565915,-0.9749062590135552,True,True
GLD,2025-10-07,2025,-0.2804140700885095,-0.0594802841956958,True,True
GLD,2025-10-08,2025,-0.2919531880548707,0.1560398170567619,True,True
GLD,2025-10-09,2025,-0.2772883808809074,-2.059576292762673,True,True
GLD,2025-10-10,2025,-0.1752156286561553,0.4353386118140078,True,True
GLD,2025-10-13,2025,0.3249455511288268,0.4302788844621525,True,True
GLD,2025-10-17,2025,-0.2648537039834887,-2.0874250893891237,True,True
GLD,2025-10-20,2025,-0.2749138213018719,1.3939561683818584,True,True
GLD,2025-10-21,2025,-0.1504164726576497,-2.2479176367116764,True,True
GLD,2025-12-15,2025,-0.0719281045751669,-0.5002513826043261,True,True
GLD,2025-12-19,2025,-0.0544581825492711,0.2764374748693118,True,True
GLD,2025-12-23,2025,-0.2708408481598868,0.7945405800633661,True,True
GLD,2025-12-24,2025,-0.208099454214675,0.0266828380836903,True,True
GLD,2026-01-13,2026,0.0569100329722,-0.7089024964672745,True,True
GLD,2026-01-14,2026,-0.2789381029504938,-0.021125272868102,True,True
GLD,2026-01-15,2026,0.1807999621767393,0.0685546782658078,True,True
GLD,2026-01-21,2026,-0.1393626781838124,-0.7049029919215829,True,True
GLD,2026-01-22,2026,0.0840956876351827,1.820475847152136,True,True
GLD,2026-01-23,2026,0.0359120036995396,0.816982669397278,True,True
GLD,2026-01-26,2026,0.0844637730836863,-0.4391790565148367,True,True
GLD,2026-01-27,2026,0.160958668444381,2.346135650079572,True,True
GLD,2026-01-28,2026,0.4507405875051819,2.2465866776996304,True,True
GLD,2026-01-29,2026,-0.2628211418814214,-2.7035190673392075,True,True
GLD,2026-01-30,2026,-0.1984278651781799,-4.427929522032404,True,True
GLD,2026-03-03,2026,-0.2662598616722122,-0.9623723005985768,True,True
GLD,2026-08-06,2026,0.3655198973042353,0.0385109114248978,True,True
GLD,2026-08-07,2026,-0.0342797082045556,-0.2790325204269345,True,True
GLD,2026-08-10,2026,-0.1982228435508962,1.2109204101439663,True,True
GLD,2026-08-11,2026,-0.1541964108665512,-0.6147134642078173,True,True
GLD,2026-08-13,2026,-0.2058030830432634,-0.8055693684733986,True,True
GLD,2026-08-20,2026,0.1279387376841196,1.2730465320456468,True,True
GLD,2026-08-21,2026,-0.2502092746730163,0.6920332936979846,True,True
GLD,2026-08-24,2026,-0.0975988799439914,-0.4293548010733944,True,True
GOOGL,2021-10-28,2021,-0.2840761344212294,-0.8736903989207166,True,True
GOOGL,2021-11-01,2021,-0.2376679159330483,-3.0120950163395968,True,True
GOOGL,2021-11-02,2021,0.1896026165535305,0.577536926051059,True,True
GOOGL,2022-02-04,2022,-0.1718586407919714,-0.1057097743669447,True,True
GOOGL,2022-02-07,2022,-0.2689021664165565,-3.5138853750420176,True,True
GOOGL,2022-10-26,2022,-0.0829821632272199,-1.5659027273670072,True,True
GOOGL,2023-01-20,2023,0.3814405888538438,3.0283911671924395,True,True
GOOGL,2023-01-23,2023,-0.0149974476773881,1.8785094435936736,True,True
GOOGL,2023-01-24,2023,0.1979410865355163,-0.428090918356948,True,True
GOOGL,2023-02-03,2023,0.1649373360536146,1.7681919751287214,True,True
GOOGL,2023-02-06,2023,0.2354980468749906,0.48828125,True,True
GOOGL,2023-02-08,2023,0.4522684958353742,-2.596766291033799,True,True
GOOGL,2023-03-17,2023,0.2170439812506372,1.366310960406906,True,True
GOOGL,2023-03-20,2023,0.3572313224130999,1.1486216540151732,True,True
GOOGL,2023-04-10,2023,-0.1881346423562442,-0.4534829359513785,True,True
GOOGL,2023-05-11,2023,0.1276745092941729,1.035573465054818,True,True
GOOGL,2023-05-12,2023,-0.0778368186493039,0.7370586218717856,True,True
GOOGL,2023-05-17,2023,-0.0343333333333404,1.0030090270812462,True,True
GOOGL,2023-07-27,2023,-0.1636840106342487,-1.7014812001519246,True,True
GOOGL,2023-07-28,2023,0.1875510828805534,1.4846560036733958,True,True
GOOGL,2023-08-30,2023,-0.1076860301209085,0.8086653312560305,True,True
GOOGL,2023-12-21,2023,0.2149128469980641,0.717308657915501,True,True
GOOGL,2024-01-22,2024,0.330326308633595,-0.7749830047586583,True,True
GOOGL,2024-01-23,2024,-0.2522182664658394,0.6778036423387711,True,True
GOOGL,2024-01-26,2024,0.1024417681312848,0.6948120698782312,True,True
GOOGL,2024-01-31,2024,-0.2305806990669901,-2.4996518590725545,True,True
GOOGL,2024-03-19,2024,0.1239975698663512,-0.7627919535574427,True,True
GOOGL,2024-04-29,2024,0.1014685853023142,-1.6107064605909864,True,True
GOOGL,2024-04-30,2024,0.3500211288861941,-1.762752792031401,True,True
GOOGL,2024-06-24,2024,-0.0620525059665805,-0.5605816728645119,True,True
GOOGL,2024-10-29,2024,0.0982531449353209,1.162582722232169,True,True
GOOGL,2024-10-30,2024,0.400520055325034,-3.4412171507607185,True,True
GOOGL,2024-10-31,2024,0.8388692538692519,-1.235851235851228,True,True
GOOGL,2024-11-07,2024,-0.0639704638971786,1.9108280254777152,True,True
GOOGL,2024-12-11,2024,0.1357940747935939,5.477308294209705,True,True
GOOGL,2024-12-12,2024,-0.1772482429590205,-1.5441440517108804,True,True
GOOGL,2024-12-17,2024,0.2206134347275012,-0.932826362484159,True,True
GOOGL,2024-12-18,2024,0.6090564491343065,-3.549841204794594,True,True
GOOGL,2025-01-22,2025,0.2910077363609019,-0.3667236009243393,True,True
GOOGL,2025-01-24,2025,0.4045936395759739,1.0550227158001029,True,True
GOOGL,2025-02-03,2025,0.0477502615974777,0.2690717026259365,True,True
GOOGL,2025-02-05,2025,-0.0912916056102326,0.1360686623403762,True,True
GOOGL,2025-05-15,2025,-0.0805686203569656,-1.145682585624702,True,True
GOOGL,2025-05-22,2025,0.2397031431897405,-0.5529685681024546,True,True
GOOGL,2025-05-23,2025,0.0007630427067213,-0.3430734650420043,True,True
GOOGL,2025-06-11,2025,-0.0117375590770047,-1.3622463163747505,True,True
GOOGL,2025-07-24,2025,0.1655331675379303,-2.461554078059176,True,True
GOOGL,2025-07-25,2025,0.3179966663194076,0.625065110949066,True,True
GOOGL,2025-08-25,2025,0.0720206950031356,1.0565598798041866,True,True
GOOGL,2025-09-02,2025,-0.0225905492923949,1.3768289757735692,True,True
GOOGL,2025-09-03,2025,0.3126569407603933,1.9584438549955825,True,True
GOOGL,2025-09-04,2025,-0.1958066623122255,1.153929893315918,True,True
GOOGL,2025-09-05,2025,0.1336836211723102,1.2403634954132372,True,True
GOOGL,2025-09-08,2025,-0.0459548987132177,-0.5903087442136945,True,True
GOOGL,2025-09-16,2025,0.0796889876229703,-0.3490955252300951,True,True
GOOGL,2025-09-22,2025,-0.0805604684982128,-0.7428369296073634,True,True
GOOGL,2025-10-23,2025,0.0036508187643391,0.0909738153627158,True,True
GOOGL,2025-10-28,2025,-0.074492936334306,-0.8157514182950752,True,True
GOOGL,2025-10-30,2025,-0.3000000000000042,-3.467197091806975,True,True
GOOGL,2025-10-31,2025,0.68217930157834,-0.7061897531866813,True,True
GOOGL,2025-11-03,2025,-0.2558341454770993,0.6042349605741061,True,True
GOOGL,2025-11-20,2025,-0.2263034265251677,-4.862183383159766,True,True
GOOGL,2025-11-21,2025,0.8565657246914354,1.0791124300262993,True,True
GOOGL,2025-11-24,2025,-0.2999999999999918,2.330215665477453,True,True
GOOGL,2025-11-25,2025,-0.0830017473406513,-0.864473805217496,True,True
GOOGL,2025-11-26,2025,0.1352625670450136,-0.2089310215791492,True,True
GOOGL,2026-05-01,2026,-0.030738371178339,1.1301064555036977,True,True
GS,2021-10-19,2021,-0.2531733224143776,-0.7852015993063227,True,True
GS,2022-01-05,2022,0.2435815275744193,-2.708638360175701,True,True
GS,2022-01-06,2022,-0.2502743142144653,-1.0099750623441424,True,True
GS,2022-07-20,2022,-0.0894635653050846,1.3489662128088848,True,True
GS,2022-07-21,2022,0.2848054662880988,1.906336775763631,True,True
GS,2022-07-26,2022,-0.1977499456133103,-1.0659788047363046,True,True
GS,2022-10-24,2022,-0.1603896499238982,0.0669710806697191,True,True
GS,2022-11-03,2022,-0.3000000000000052,0.3309352517985546,True,True
GS,2022-11-07,2022,0.3604941529402,0.7610899697230658,True,True
GS,2022-11-09,2022,-0.0857390825182404,-0.3499104559856679,True,True
GS,2022-11-11,2022,-0.2606447368421078,1.363157894736844,True,True
GS,2023-01-17,2023,0.0224945175438631,-4.098135964912277,True,True
GS,2023-04-18,2023,-0.1085030487804841,1.8810975609756144,True,True
GS,2023-04-19,2023,-0.1083728752477633,1.1652351492582125,True,True
GS,2023-06-08,2023,-0.1596779580152741,0.0059637404580098,True,True
GS,2023-06-16,2023,-0.294159001698994,-0.9110082605893766,True,True
GS,2023-07-19,2023,-0.3000000000000029,0.7011834319526641,True,True
GS,2023-07-20,2023,0.3643531076777817,3.4673900224083,True,True
GS,2023-07-21,2023,-0.2659901074535212,0.0142134288475784,True,True
GS,2023-07-25,2023,-0.2665267752224342,-0.7861899166247,True,True
GS,2023-09-15,2023,-0.3000000000000075,-0.7764739968129655,True,True
GS,2023-09-18,2023,-0.2068605126408546,0.2306299994161159,True,True
GS,2023-11-06,2023,0.1608675687258895,-0.7898120369803591,True,True
GS,2023-11-15,2023,0.0461194468961517,-0.6031185642835996,True,True
GS,2023-12-04,2023,-0.1790817210511113,0.8951775916835014,True,True
GS,2023-12-14,2023,0.0645238744883961,4.641200545702589,True,True
GS,2023-12-15,2023,0.3139001703131235,-0.3484868334861742,True,True
GS,2023-12-18,2023,-0.1744793579184747,-1.2930808372239435,True,True
GS,2024-01-23,2024,0.3664508658350347,0.2158008316227152,True,True
GS,2024-02-01,2024,0.4261660120177899,-0.1716827510860299,True,True
GS,2024-03-22,2024,0.1883952702702838,-1.8460424710424657,True,True
GS,2024-05-21,2024,0.4613980053220148,1.7891525863747444,True,True
GS,2024-05-22,2024,-0.056808456008223,-1.020626497774743,True,True
GS,2024-07-10,2024,0.0143912298152385,1.329072400584121,True,True
GS,2024-07-15,2024,0.4784800208224961,2.579906298802704,True,True
GS,2024-07-16,2024,-0.188997975708502,1.89676113360324,True,True
GS,2024-07-17,2024,-0.1017892644135189,-0.198807157057654,True,True
GS,2024-07-18,2024,0.0652526425368422,-2.7286194746957078,True,True
GS,2024-07-19,2024,0.4093473994111907,-0.8586849852796837,True,True
GS,2024-10-14,2024,-0.1632531633342874,1.021926011784039,True,True
GS,2024-10-15,2024,-0.0409428359316771,-3.001113585746095,True,True
GS,2024-10-16,2024,-0.2529716981131995,-0.0113207547169708,True,True
GS,2024-10-17,2024,0.0303064528273368,-0.4273021609818503,True,True
GS,2024-11-07,2024,0.328616949152547,-1.322033898305077,True,True
GS,2024-11-08,2024,-0.1809897343200986,0.5371576685652077,True,True
GS,2025-01-16,2025,-0.2575042213806743,0.4557451761504242,True,True
GS,2025-01-17,2025,-0.2903172547749929,1.353188734218196,True,True
GS,2025-01-21,2025,-0.2329201861188896,2.910134401193244,True,True
GS,2025-01-22,2025,-0.2118590553170147,-0.1452386966405772,True,True
GS,2025-01-27,2025,0.400276847999994,1.3071999999999937,True,True
GS,2025-05-13,2025,-0.0143266475644568,1.8523512556885235,True,True
GS,2025-06-20,2025,-0.1174021257611571,0.2942879952412998,True,True
GS,2025-06-23,2025,0.1273347307824616,1.2232894284015972,True,True
GS,2025-06-27,2025,-0.1037742402315499,-0.0144717800289468,True,True
GS,2025-06-30,2025,-0.2951145583222034,-0.9583277915059576,True,True
GS,2025-07-01,2025,-0.1605889830508502,-0.1694915254237352,True,True
GS,2025-07-02,2025,-0.0939327031602712,0.9791196388261928,True,True
GS,2025-07-03,2025,-0.1635219510832329,1.073458954337844,True,True
GS,2025-07-08,2025,-0.2347696701936181,-1.9684263845114829,True,True
GS,2025-08-13,2025,-0.2037597817050548,-0.0522942422698364,True,True
GS,2025-09-10,2025,0.2417767043813803,1.0264353030740474,True,True
GS,2025-09-12,2025,0.1491908104658561,-0.4550095724314045,True,True
GS,2025-09-22,2025,-0.1643520483311274,0.574181790947902,True,True
GS,2025-11-13,2025,0.0925479557294939,-3.2998823614145314,True,True
GS,2025-11-14,2025,-0.118282948903264,-0.6171830808874323,True,True
GS,2025-12-12,2025,-0.1647025991792019,-2.789603283173736,True,True
GS,2025-12-15,2025,0.2258839686098709,-0.1917040358744435,True,True
GS,2026-01-06,2026,-0.1288294835740085,0.6551437208371544,True,True
GS,2026-01-08,2026,-0.1396018065688515,-0.1555359576685684,True,True
GS,2026-01-16,2026,0.4592774922918756,-1.1305241521068858,True,True
GS,2026-01-20,2026,-0.1135431539128082,-0.3613770367082947,True,True
GS,2026-04-15,2026,0.6120098360655694,-1.6863387978142024,True,True
GS,2026-04-20,2026,0.2947373549281293,1.9151654252555057,True,True
GS,2026-05-12,2026,-0.1116392120234256,0.4128810393139155,True,True
GS,2026-05-14,2026,-0.1939744979608569,0.0722729853905369,True,True
GS,2026-05-21,2026,0.2869267671882759,0.5874507488215333,True,True
GS,2026-05-22,2026,0.2432914752219414,0.2342579652735229,True,True
GS,2026-06-02,2026,0.0191190199477841,1.5137081563053802,True,True
GS,2026-06-22,2026,0.1752752996305182,-0.3568532035685353,True,True
GS,2026-07-15,2026,0.0377100712282802,0.3343724421378866,True,True
GS,2026-07-16,2026,0.1171823639611332,-4.5126998649414185,True,True
HD,2021-10-19,2021,-0.1826861657421449,0.3137782260323876,True,True
HD,2021-11-17,2021,0.4360181248886407,0.5167629763511009,True,True
HD,2021-11-18,2021,-0.3000000000000042,1.972361809045232,True,True
HD,2021-11-19,2021,-0.0064985403429639,0.2600397419228227,True,True
HD,2022-08-11,2022,-0.2650554422635657,-1.0036961509049125,True,True
HD,2022-08-16,2022,0.6237970477346791,4.600932966962738,True,True
HD,2022-08-17,2022,0.0859276418056063,-0.7406504312840837,True,True
HD,2022-11-01,2022,0.1245658393772184,-1.573624326302469,True,True
HD,2022-11-11,2022,0.0003782051281976,1.044871794871792,True,True
HD,2022-11-14,2022,0.1471847563303067,-2.3794375874793285,True,True
HD,2022-11-15,2022,0.9612374318196772,2.579352040481049,True,True
HD,2022-11-16,2022,0.2101369907800904,3.017720525730714,True,True
HD,2022-11-17,2022,0.115416666666663,-0.1634615384615355,True,True
HD,2022-11-23,2022,-0.2664371404088625,-1.5791406536907724,True,True
HD,2023-01-18,2023,0.1803727272727145,-1.912121212121213,True,True
HD,2023-02-03,2023,0.0927375875860855,-0.3127537365049661,True,True
HD,2023-06-20,2023,-0.2135270373953319,0.5704373352904014,True,True
HD,2023-07-13,2023,-0.1997044954416902,-1.1254322540081865,True,True
HD,2023-08-17,2023,0.0046828654462786,-1.9654252928663456,True,True
HD,2023-11-15,2023,0.1229299572508849,1.3942781979611811,True,True
HD,2023-12-14,2023,0.0164264882484179,0.5918682449819846,True,True
HD,2023-12-15,2023,0.3957411980931518,1.5076675664809602,True,True
HD,2023-12-18,2023,0.0410618868564807,-0.8453252664612119,True,True
HD,2024-03-01,2024,-0.0090466926069985,1.0831843516668431,True,True
HD,2024-03-22,2024,0.1370037244419742,-1.1173325901340356,True,True
HD,2024-06-24,2024,-0.0807102829924308,-1.7315774726814095,True,True
HD,2024-08-22,2024,-0.0423633916554632,-1.5558546433378122,True,True
HD,2024-09-19,2024,-0.0372556544877639,-0.0844335277863023,True,True
HD,2024-09-20,2024,-0.1741972034094765,0.4300466098421486,True,True
HD,2024-09-23,2024,-0.1813793721055068,0.2840109510528909,True,True
HD,2024-09-25,2024,-0.2999999999999979,-0.9184845005740544,True,True
HD,2024-11-25,2024,0.1339882352941218,0.8658823529411781,True,True
HD,2025-01-24,2025,-0.3000000000000046,0.0796928204013719,True,True
HD,2025-01-28,2025,-0.3000000000000015,-1.0206974766090144,True,True
HD,2025-05-13,2025,-0.3000000000000076,-1.9580052493438267,True,True
HD,2025-05-20,2025,0.5721846934285836,-2.35007893987628,True,True
HD,2025-05-21,2025,-0.2089991533943665,-1.9075083337742835,True,True
HD,2025-07-02,2025,-0.2999999999999932,-0.469697172449784,True,True
HD,2025-08-14,2025,-0.1011964107676983,-0.2255732801595146,True,True
HD,2025-08-18,2025,-0.056136369367312,-0.5169326978843612,True,True
HD,2025-08-20,2025,0.0625830648310789,-1.923452450693223,True,True
HD,2025-08-21,2025,-0.2626040859193347,-0.5401215273436585,True,True
HD,2025-08-25,2025,-0.1287150307047566,-0.4215810507846813,True,True
HD,2025-09-08,2025,-0.1951780167264055,0.4062126642771776,True,True
HD,2025-09-12,2025,-0.106658814571589,0.5781997287458079,True,True
HD,2025-09-15,2025,-0.2999999999999962,0.0875801832082627,True,True
HD,2026-01-12,2026,-0.2707265641682693,0.0720691864189725,True,True
HD,2026-01-13,2026,-0.264190600348528,1.0482487063174273,True,True
HD,2026-01-22,2026,-0.3000000000000045,-1.37922111528011,True,True
HD,2026-02-05,2026,-0.2278059377262975,-1.1740974449156978,True,True
HD,2026-06-18,2026,0.0877389207114967,0.70244196563159,True,True
HD,2026-06-22,2026,-0.2969787878787876,-1.0212121212121226,True,True
HD,2026-06-25,2026,0.2534842951059151,0.7479912344777216,True,True
HD,2026-06-26,2026,-0.0993963782696005,0.0919804541535067,True,True
HD,2026-06-29,2026,-0.2742790804334206,0.5045003726423181,True,True
HON,2021-10-22,2021,-0.0089519130677737,-2.4932154276085794,True,True
HON,2022-01-06,2022,0.2366288951841249,-0.4390934844192666,True,True
HON,2022-03-21,2022,-0.0016510164069716,-0.4024352492002895,True,True
HON,2022-05-05,2022,0.0768728522336881,-2.837506136475209,True,True
HON,2022-05-06,2022,-0.2898986828774206,-1.0131712259371837,True,True
HON,2022-07-28,2022,0.2166622600602803,0.7085823065940325,True,True
HON,2022-07-29,2022,-0.0278244435111283,1.0394792104158013,True,True
HON,2022-08-01,2022,0.226080142103336,0.3395851836372215,True,True
HON,2022-08-03,2022,-0.0683354457118736,1.13012251795521,True,True
HON,2022-10-27,2022,-0.227813405047587,1.6394290442697492,True,True
HON,2022-10-28,2022,-0.3000000000000042,2.969849246231154,True,True
HON,2022-10-31,2022,0.1385558246429078,0.8550387980032569,True,True
HON,2022-11-01,2022,-0.0854340914649018,-0.6651993152359919,True,True
HON,2022-11-02,2022,-0.0646503393331386,-1.4163470050162268,True,True
HON,2022-11-03,2022,-0.2502321170069443,2.021664253980923,True,True
HON,2022-11-04,2022,-0.3000000000000033,0.6876846336384268,True,True
HON,2022-11-11,2022,-0.1280954378116389,-0.862109138356864,True,True
HON,2023-04-13,2023,0.0766157826649349,1.3764553686934005,True,True
HON,2023-06-20,2023,-0.16227243573931,-1.1199368493758994,True,True
HON,2023-07-03,2023,-0.300000000000004,0.7302093911697951,True,True
HON,2023-07-11,2023,0.2068932220463409,0.1295150381349883,True,True
HON,2023-09-15,2023,-0.2076566841617776,-0.6637851188638428,True,True
HON,2023-09-18,2023,-0.2121130412237399,0.8348457350272303,True,True
HON,2023-11-16,2023,-0.1697821430437337,-0.3448095710777893,True,True
HON,2023-11-29,2023,0.1028179818953499,-0.6290594793637753,True,True
HON,2023-12-01,2023,-0.2416513994910879,0.6615776081424994,True,True
HON,2023-12-04,2023,0.5928963973132434,0.946468552819044,True,True
HON,2023-12-12,2023,-0.1912974526712239,-0.1387649915749832,True,True
HON,2023-12-15,2023,0.1062994059017159,-0.1423871949722551,True,True
HON,2023-12-18,2023,-0.0605362482231158,0.529385814420868,True,True
HON,2024-04-01,2024,-0.057291007351869,-1.6407809533083288,True,True
HON,2024-05-14,2024,0.0360838340905741,-0.7328154770628756,True,True
HON,2024-06-07,2024,-0.2999999999999996,0.0047890426703658,True,True
HON,2024-06-18,2024,0.0070744882486697,0.886087945413194,True,True
HON,2024-06-21,2024,-0.056840564898262,-0.1207841679829001,True,True
HON,2024-06-24,2024,-0.0869856014863053,0.2740362285183348,True,True
HON,2024-09-26,2024,-0.021615636433653,-0.3177354130560353,True,True
HON,2024-10-10,2024,0.0207911422352569,1.0717327529099965,True,True
HON,2024-10-11,2024,-0.0771029343269645,0.6101537028411749,True,True
HON,2024-10-14,2024,-0.0692129629629579,0.7500000000000021,True,True
HON,2024-10-16,2024,0.2557516008660804,0.8706868752015546,True,True
HON,2024-10-21,2024,-0.1746249887721233,-0.5209736818467603,True,True
HON,2024-10-22,2024,-0.2638358648832534,0.8161414645205092,True,True
HON,2024-10-23,2024,-0.1897422587343146,-0.5777737654599626,True,True
HON,2024-11-12,2024,1.107686202431192,-2.2557333221939,True,True
HON,2024-11-13,2024,0.3491106382978765,-0.8127659574468071,True,True
HON,2024-12-17,2024,-0.2706961706415843,-2.091031239502851,True,True
HON,2024-12-18,2024,0.3800351765260881,-2.66826819956245,True,True
HON,2025-04-30,2025,-0.2858327017809821,-0.2936718453959854,True,True
HON,2025-06-30,2025,-0.2999999999999969,1.685515916335537,True,True
HON,2025-07-01,2025,-0.1207295145132334,2.204812055826688,True,True
HON,2025-07-02,2025,-0.1770953719632532,0.3860193848864966,True,True
HON,2025-07-03,2025,0.2985491536729688,0.4752772450596124,True,True
HON,2025-10-24,2025,-0.3000000000000005,-2.190739148146473,True,True
HON,2025-10-27,2025,-0.2385621362547038,-1.864658222070058,True,True
HON,2025-12-17,2025,0.2276195756262384,0.7408900761050344,True,True
HON,2025-12-18,2025,-0.2950356022506635,-1.3693173330677686,True,True
HON,2025-12-22,2025,0.2032811711256991,-1.0903584048460355,True,True
HON,2026-01-09,2026,0.3333251893476563,1.3681895919863096,True,True
HON,2026-01-12,2026,-0.097445943984905,0.8997242780438319,True,True
HON,2026-01-13,2026,-0.2142447555789331,0.5495293161943791,True,True
HON,2026-01-16,2026,0.2275613538910718,0.1094790621293719,True,True
HON,2026-01-20,2026,0.0729598669930305,-0.6604165704521345,True,True
HON,2026-01-21,2026,0.3260103722911605,1.509538803482122,True,True
HON,2026-01-22,2026,0.2620731984542015,1.1911798135940006,True,True
HON,2026-01-30,2026,0.3617256637168121,0.7256637168141533,True,True
HON,2026-02-02,2026,0.4888216053748207,0.5967114568599692,True,True
HON,2026-02-13,2026,0.1943664319346571,0.579190799616645,True,True
HON,2026-05-26,2026,-0.1506526856409175,-0.8260218275197975,True,True
HON,2026-05-27,2026,-0.0441402908468842,-0.962360992301112,True,True
HON,2026-06-01,2026,0.1305866757889286,1.1417087146155769,True,True
HON,2026-07-24,2026,0.0472882660294157,-1.5229454412896395,True,True
HOOD,2022-03-21,2022,-0.1497362471740839,-1.5071590052750512,True,True
HOOD,2022-03-30,2022,0.2119383825417233,-6.450577663671378,True,True
HOOD,2022-03-31,2022,0.0416723783413348,-7.43660041124057,True,True
HOOD,2022-08-04,2022,-0.0273473108477676,-0.957155879671836,True,True
HOOD,2022-08-05,2022,-0.1086372360844657,-0.3838771593090129,True,True
HOOD,2022-08-08,2022,0.173859315589357,1.5209125475285186,True,True
HOOD,2022-08-17,2022,-0.1608837209302228,-3.1888372093023296,True,True
HOOD,2022-09-13,2022,-0.015684410646385,-0.95057034220532,True,True
HOOD,2022-09-15,2022,2.1330544600938888,5.727699530516427,True,True
HOOD,2022-09-16,2022,0.7966086159486673,-6.186984417965176,True,True
HOOD,2022-10-31,2022,0.8319650655021962,2.0524017467249016,True,True
HOOD,2022-11-01,2022,0.3635607321131398,-0.831946755407651,True,True
HOOD,2022-11-03,2022,-0.3000000000000054,4.050632911392409,True,True
HOOD,2022-11-04,2022,0.4178399999999982,-1.760000000000005,True,True
HOOD,2022-11-07,2022,0.2628225806451676,-2.9032258064516223,True,True
HOOD,2022-11-08,2022,-0.1723976109215076,-16.89419795221843,True,True
HOOD,2023-01-17,2023,0.5521367521367445,1.7414529914529944,True,True
HOOD,2023-01-30,2023,1.0551456310679406,-1.4563106796116538,True,True
HOOD,2023-02-02,2023,0.2379496402877711,0.2697841726618807,True,True
HOOD,2023-02-03,2023,-0.1610775661867236,-0.1857872735717728,True,True
HOOD,2023-02-06,2023,-0.2061205273069593,-0.2824858757062087,True,True
HOOD,2023-04-06,2023,0.1410596707818818,2.880658436213985,True,True
HOOD,2023-06-05,2023,0.0756189451022659,-2.691065662002153,True,True
HOOD,2023-06-14,2023,-0.0933678756476679,3.00518134715025,True,True
HOOD,2023-06-15,2023,1.072018348623848,1.6309887869520912,True,True
HOOD,2023-06-16,2023,-0.3000000000000029,-0.3475670307845098,True,True
HOOD,2023-06-20,2023,0.0006030150753897,0.7035175879397014,True,True
HOOD,2023-06-29,2023,0.2015090543259579,0.3018108651911583,True,True
HOOD,2023-07-05,2023,-0.2069962686567178,0.0,True,True
HOOD,2023-07-06,2023,0.0782374645222289,-1.513718070009462,True,True
HOOD,2023-07-10,2023,-0.1167279411764761,2.9411764705882213,True,True
HOOD,2023-07-11,2023,0.3519180470793334,3.0514385353095,True,True
HOOD,2023-07-12,2023,0.031780366056581,-0.7487520798668873,True,True
HOOD,2023-07-13,2023,-0.0919449081803041,3.923205342237052,True,True
HOOD,2023-07-14,2023,-0.3000000000000023,-1.0391686650679377,True,True
HOOD,2023-07-20,2023,0.2769675925925927,-1.1998456790123453,True,True
HOOD,2023-11-08,2023,0.4939704209328911,-4.779294653014786,True,True
HOOD,2023-12-05,2023,-0.3000000000000012,7.456588355464764,True,True
HOOD,2023-12-06,2023,0.433088235294114,3.676470588235281,True,True
HOOD,2023-12-07,2023,-0.300000000000005,3.603603603603607,True,True
HOOD,2023-12-08,2023,-0.1222816399287082,4.634581105169336,True,True
HOOD,2023-12-11,2023,-0.127359307359315,1.428571428571421,True,True
HOOD,2023-12-14,2023,0.0229149797570949,-2.186234817813762,True,True
HOOD,2023-12-15,2023,-0.2169858451290681,-2.914238134887591,True,True
HOOD,2023-12-20,2023,0.7486851990984122,-5.259203606311051,True,True
HOOD,2023-12-21,2023,0.1669789227166156,0.7025761124121769,True,True
HOOD,2024-02-13,2024,-0.300000000000001,1.9793459552495736,True,True
HOOD,2024-02-14,2024,1.018589272593675,-1.836884643644379,True,True
HOOD,2024-02-15,2024,0.7788432835820865,0.0746268656716402,True,True
HOOD,2024-02-16,2024,0.5214981273408273,4.794007490636709,True,True
HOOD,2024-02-20,2024,0.6257857142857252,0.6785714285714332,True,True
HOOD,2024-02-27,2024,0.7039018250472022,2.2655758338577683,True,True
HOOD,2024-02-28,2024,-0.1448007471980007,0.4358655043586569,True,True
HOOD,2024-02-29,2024,-0.1335250463821942,0.8039579468150834,True,True
HOOD,2024-03-15,2024,-0.1321548821548831,1.795735129068464,True,True
HOOD,2024-03-28,2024,0.1967561219390204,0.5997001499250246,True,True
HOOD,2024-05-16,2024,0.2415535035306923,-2.8517110266159618,True,True
HOOD,2024-05-17,2024,-0.2999999999999979,5.95991561181434,True,True
HOOD,2024-05-20,2024,0.9500000000000076,4.513540621865589,True,True
HOOD,2024-05-21,2024,-0.3000000000000066,-0.470532319391636,True,True
HOOD,2024-05-31,2024,0.2912864963503587,-4.65784671532847,True,True
HOOD,2024-06-03,2024,1.3396528095020577,-2.695294655093649,True,True
HOOD,2024-06-07,2024,1.7374055975122094,-1.5104398045313188,True,True
HOOD,2024-07-16,2024,0.0320566194837775,2.497918401332229,True,True
HOOD,2024-07-17,2024,0.6495238095238169,0.1242236024844767,True,True
HOOD,2024-09-19,2024,0.2164939839572164,-4.766878342245982,True,True
HOOD,2024-09-20,2024,0.2900701446733958,-0.3945637878123624,True,True
HOOD,2024-09-23,2024,0.2689640035118541,-0.4389815627743697,True,True
HOOD,2024-10-09,2024,-0.1121083627797398,0.6674519042010276,True,True
HOOD,2024-10-10,2024,-0.2999999999999974,-0.0980392156862689,True,True
HOOD,2024-10-14,2024,0.5895167286245376,0.4089219330855129,True,True
HOOD,2024-10-15,2024,-0.1897123893805407,-1.1615044247787658,True,True
HOOD,2024-10-31,2024,1.462567255956953,-9.761721752498076,True,True
HOOD,2024-11-07,2024,0.8664831383344782,0.9979353062629136,True,True
HOOD,2024-11-08,2024,0.1076320272572326,4.020442930153321,True,True
HOOD,2024-11-11,2024,0.5777474195506881,-0.4250151791135416,True,True
HOOD,2024-11-12,2024,0.0455261499685054,3.969754253308134,True,True
HOOD,2024-11-13,2024,0.145885509838994,-4.859868813357183,True,True
HOOD,2024-11-19,2024,0.2769675925925721,1.967592592592592,True,True
HOOD,2024-11-21,2024,-0.3000000000000066,-5.535353535353535,True,True
HOOD,2024-12-05,2024,0.0744600938967135,-8.638497652582158,True,True
HOOD,2024-12-06,2024,0.0021975246274287,5.279110886587512,True,True
HOOD,2024-12-09,2024,0.4467262623822154,-4.517999516791489,True,True
HOOD,2024-12-17,2024,-0.3000000000000036,-1.6520917040888798,True,True
HOOD,2025-01-15,2025,-0.0734090909090893,3.5454545454545507,True,True
HOOD,2025-01-16,2025,-0.2781551270815091,0.9421560035056962,True,True
HOOD,2025-01-21,2025,-0.0404165832164957,0.1702383336671357,True,True
HOOD,2025-01-22,2025,0.1765584544911397,-0.1394144592710621,True,True
HOOD,2025-02-13,2025,1.6429376711225514,2.7701723304879997,True,True
HOOD,2025-02-14,2025,1.227546990996675,3.127468014531676,True,True
HOOD,2025-02-18,2025,0.2472646427476199,-7.344372891750996,True,True
HOOD,2025-02-19,2025,0.0266175266175256,-2.997542997542995,True,True
HOOD,2025-05-14,2025,0.8026286263824326,-1.6989902227921176,True,True
HOOD,2025-06-04,2025,-0.245339912280685,-0.932017543859639,True,True
HOOD,2025-06-06,2025,-0.05940474594451,0.4156053090226602,True,True
HOOD,2025-06-09,2025,-0.299999999999992,1.87343880099916,True,True
HOOD,2025-06-10,2025,0.2581239759694277,-1.0240305843801203,True,True
HOOD,2025-07-01,2025,0.728267733108827,-2.830982950957691,True,True
HOOD,2025-07-02,2025,1.0001972602739666,7.35342465753424,True,True
HOOD,2025-07-03,2025,-0.132945858205041,-1.413760603204518,True,True
HOOD,2025-07-21,2025,0.787270894428155,-4.380498533724341,True,True
HOOD,2025-09-09,2025,0.1278969957081553,1.7090128755364804,True,True
HOOD,2025-09-10,2025,0.211578250434497,-2.796490937681044,True,True
HOOD,2025-09-22,2025,-0.1346734074823021,1.0070778564206306,True,True
HOOD,2025-09-30,2025,0.6780998746035415,5.613336283838618,True,True
HOOD,2026-04-16,2026,-0.0989234304932764,-2.668161434977589,True,True
HOOD,2026-04-17,2026,0.1982232093281506,0.827318156579683,True,True
HOOD,2026-04-20,2026,1.1463787523713889,1.8524718223412528,True,True
HOOD,2026-05-29,2026,-0.0326454471260249,10.003497726477788,True,True
HOOD,2026-06-01,2026,0.187801623484922,0.8451017458022805,True,True
HOOD,2026-06-02,2026,0.1721921515561362,-0.6202074875958631,True,True
HOOD,2026-06-05,2026,0.1264131314298869,-4.669980349092597,True,True
HOOD,2026-06-12,2026,0.6026514334985981,0.4095710282388396,True,True
HOOD,2026-06-16,2026,-0.0213137665967836,-3.459119496855349,True,True
HOOD,2026-06-18,2026,0.3393995724509741,0.5297890138488643,True,True
HOOD,2026-08-24,2026,1.328154976369837,-3.0040709372514227,True,True
IBM,2021-10-04,2021,-0.0345803558918363,0.9808042594927682,True,True
IBM,2021-10-05,2021,-0.1278065630397252,-1.0984455958549246,True,True
IBM,2021-10-06,2021,-0.299999999999993,-0.0912408759124055,True,True
IBM,2021-12-14,2021,0.3519002860645777,1.160604822231305,True,True
IBM,2021-12-17,2021,-0.2603956463017381,1.2154603956463,True,True
IBM,2021-12-20,2021,-0.1176751212530779,1.0256818001113197,True,True
IBM,2022-01-05,2022,0.0171715711083846,-0.0650712168317572,True,True
IBM,2022-01-06,2022,-0.1485743125904435,-2.069464544138919,True,True
IBM,2022-03-30,2022,0.1833573214150489,0.0984773880766574,True,True
IBM,2022-04-21,2022,-0.2350864501193694,1.1502568183462372,True,True
IBM,2022-04-22,2022,-0.2286327845382772,-1.009305654974944,True,True
IBM,2022-04-25,2022,0.0550621411439802,1.1047314485064397,True,True
IBM,2022-06-01,2022,0.0283597050189807,-0.1861530751055995,True,True
IBM,2022-10-24,2022,-0.0334224598930611,1.4438502673796685,True,True
IBM,2022-11-23,2022,-0.0525888665325224,-0.2414486921529076,True,True
IBM,2022-12-14,2022,-0.3000000000000065,-0.4253339536120066,True,True
IBM,2023-05-30,2023,-0.1230086446434269,-0.0694658845322656,True,True
IBM,2023-06-01,2023,0.0663843039551503,1.074431641233257,True,True
IBM,2023-06-05,2023,-0.1277418870192332,-0.3906250000000076,True,True
IBM,2023-06-08,2023,0.1446261334918998,-0.1033149992567129,True,True
IBM,2023-06-20,2023,0.1386916984452937,-0.2786740979759635,True,True
IBM,2023-07-20,2023,1.0081128362125662,0.8674101610904569,True,True
IBM,2023-07-21,2023,-0.1124448303306689,0.5354171188770571,True,True
IBM,2023-07-24,2023,0.0791962683889589,0.1363473268747741,True,True
IBM,2023-07-28,2023,0.0544827105409883,-0.0209146681539327,True,True
IBM,2023-07-31,2023,0.0799844934288423,0.271191154996166,True,True
IBM,2023-08-01,2023,-0.1410329289428079,-0.6377816291161091,True,True
IBM,2023-09-21,2023,-0.1327181208053781,-1.073825503355701,True,True
IBM,2023-11-01,2023,-0.1624827586206932,0.3103448275861991,True,True
IBM,2023-12-01,2023,-0.2055930812448743,1.3509248153525757,True,True
IBM,2023-12-04,2023,0.0179651880965777,0.492856697236272,True,True
IBM,2023-12-05,2023,0.518636476735514,0.3918885294849437,True,True
IBM,2023-12-12,2023,-0.0007839774606531,0.8819746432290058,True,True
IBM,2023-12-13,2023,0.0610842002798685,-0.4319523027316469,True,True
IBM,2024-01-16,2024,0.2171411338962554,0.68154402895054,True,True
IBM,2024-01-17,2024,0.0287667126326661,-0.431680556388272,True,True
IBM,2024-01-18,2024,-0.3000000000000014,0.1922037359601136,True,True
IBM,2024-01-22,2024,0.3807429695637169,0.0347182039115856,True,True
IBM,2024-01-23,2024,0.3458299595141667,0.5957200694042806,True,True
IBM,2024-01-25,2024,0.4977724913494679,2.979022491349476,True,True
IBM,2024-01-26,2024,-0.0185824055198372,-2.0594846061366354,True,True
IBM,2024-01-29,2024,0.1626535260855589,-0.170703083324454,True,True
IBM,2024-03-05,2024,-0.0403645833333262,-0.0208333333333291,True,True
IBM,2024-03-06,2024,-0.1969509043927667,1.364341085271311,True,True
IBM,2024-03-07,2024,0.1642372709788442,-0.5415527887438109,True,True
IBM,2024-03-13,2024,-0.0224247026069456,-0.425715008858521,True,True
IBM,2024-06-21,2024,0.2673564407656567,-0.9082025636604084,True,True
IBM,2024-06-24,2024,-0.3000000000000032,0.0114285714285772,True,True
IBM,2024-06-25,2024,0.0487279890373493,-1.4673975105629744,True,True
IBM,2024-07-15,2024,0.1349438324790151,-0.2426655033264222,True,True
IBM,2024-07-26,2024,-0.0645005511521604,0.6981260826203415,True,True
IBM,2024-08-01,2024,-0.134531403972821,-1.6596649551371758,True,True
IBM,2024-09-03,2024,0.2974790748353219,-0.292209400227826,True,True
IBM,2024-09-04,2024,-0.0318290496114712,1.6636780235106612,True,True
IBM,2024-09-10,2024,-0.0607590597453423,0.5435847208619068,True,True
IBM,2024-09-12,2024,-0.0816095238095234,0.776190476190474,True,True
IBM,2024-09-13,2024,-0.0747740963855337,1.0918674698795283,True,True
IBM,2024-09-16,2024,0.129502501389664,0.5929219937002044,True,True
IBM,2024-09-17,2024,-0.0361219792865481,-1.4407364787111605,True,True
IBM,2024-09-18,2024,0.0072993041610177,0.3549245785270588,True,True
IBM,2024-09-20,2024,-0.2395278309149499,1.5490132039378497,True,True
IBM,2024-09-23,2024,0.010990825688081,1.1238532110091692,True,True
IBM,2024-10-10,2024,-0.1770182900893332,-0.8804763930242422,True,True
IBM,2024-11-25,2024,-0.0232415491381205,1.3073651220058276,True,True
IBM,2024-11-26,2024,-0.3000000000000045,0.930622326114768,True,True
IBM,2024-12-06,2024,0.1593098152966759,1.5399053022224056,True,True
IBM,2025-01-30,2025,0.4975999999999999,3.3240000000000007,True,True
IBM,2025-01-31,2025,0.1614118336262468,-0.146455770357352,True,True
IBM,2025-02-03,2025,-0.0629952456418463,3.2488114104595947,True,True
IBM,2025-02-04,2025,-0.2022173076922994,1.700000000000006,True,True
IBM,2025-02-05,2025,-0.2962477889428218,-0.8881863685973268,True,True
IBM,2025-06-10,2025,0.3569054504191236,1.1493832131483532,True,True
IBM,2025-06-11,2025,-0.256761835923387,1.7672569569931285,True,True
IBM,2025-06-12,2025,-0.2220900081696423,-0.1989130820871472,True,True
IBM,2025-09-11,2025,-0.2999999999999921,-0.2290728373971016,True,True
IBM,2025-09-19,2025,-0.0241901898139548,0.1353129111069399,True,True
IBM,2025-09-22,2025,0.0552434175980789,1.826569649688697,True,True
IBM,2025-09-24,2025,-0.2890286846159575,-1.8670677133005769,True,True
IBM,2025-09-26,2025,-0.0796370895868221,1.425974118569748,True,True
IBM,2025-09-29,2025,-0.3000000000000014,-2.153846153846162,True,True
IBM,2025-10-08,2025,-0.2864427522436977,-1.6011694316018614,True,True
IBM,2025-10-27,2025,0.3769753086419712,1.6926575698505455,True,True
IBM,2025-10-28,2025,0.1465131158029334,-0.0223928342930422,True,True
IBM,2026-04-20,2026,0.1027098039215576,-0.4980392156862785,True,True
IBM,2026-04-22,2026,0.0173038387489668,-0.986208793367644,True,True
IBM,2026-04-23,2026,-0.025285228397996,-0.5424721229603562,True,True
IBM,2026-05-26,2026,-0.300000000000002,-1.615939755255728,True,True
IBM,2026-05-27,2026,1.230600307440457,1.9424647142201117,True,True
IBM,2026-05-29,2026,0.4334583483591543,7.464839523981244,True,True
IBM,2026-06-01,2026,0.0090993644396286,-0.7068671523794852,True,True
IBM,2026-06-02,2026,0.0559011952191212,5.035856573705183,True,True
IBM,2026-06-03,2026,-0.2999999999999969,-3.931887085879465,True,True
INTC,2021-10-22,2021,-0.1811680572109807,-1.7481128327373907,True,True
INTC,2021-12-08,2021,-0.2431152529478811,-1.559528337771016,True,True
INTC,2022-01-05,2022,-0.079221258534782,-0.6458756228086258,True,True
INTC,2022-01-06,2022,-0.1721794871794821,-1.0622710622710592,True,True
INTC,2022-01-11,2022,0.5083783783783811,0.7567567567567599,True,True
INTC,2022-01-12,2022,-0.0869658119658092,-0.7300569800569741,True,True
INTC,2022-03-25,2022,-0.0246399684355882,2.288419806667989,True,True
INTC,2022-10-31,2022,-0.0601718213058469,-2.2680412371134024,True,True
INTC,2022-11-01,2022,-0.1269097222222163,-1.7013888888888955,True,True
INTC,2022-11-11,2022,0.3550138312586316,5.152143845089897,True,True
INTC,2023-02-06,2023,0.0036548223350192,-2.893401015228428,True,True
INTC,2023-03-17,2023,0.0823107702567576,-0.6002000666888954,True,True
INTC,2023-03-20,2023,0.0681436723732758,-2.11480362537764,True,True
INTC,2023-03-30,2023,0.3893148962916397,0.8013827781269722,True,True
INTC,2023-03-31,2023,0.6092138364779943,2.68867924528302,True,True
INTC,2023-06-13,2023,-0.004680094786721,0.4887440758293814,True,True
INTC,2023-06-15,2023,0.7187908032926744,1.6747090547828654,True,True
INTC,2023-06-16,2023,-0.0528099173553594,0.3305785123967067,True,True
INTC,2023-06-20,2023,0.5671921717858057,-4.892633867898878,True,True
INTC,2023-07-28,2023,0.3239727891156395,0.1768707482993135,True,True
INTC,2023-07-31,2023,-0.0296637744034844,-2.941973969631239,True,True
INTC,2023-08-01,2023,-0.2443016759776539,0.0,True,True
INTC,2023-09-05,2023,-0.10900383141763,0.4652435686918492,True,True
INTC,2023-09-06,2023,-0.3000000000000059,1.1618370694368625,True,True
INTC,2023-09-08,2023,0.1969307450157496,-0.27544596012591,True,True
INTC,2023-09-11,2023,-0.195684017787058,0.9416688464556802,True,True
INTC,2023-09-13,2023,-0.2999999999999913,-0.3088803088803206,True,True
INTC,2023-11-17,2023,-0.0677073625349515,2.061975768872316,True,True
INTC,2023-12-15,2023,0.199151066608636,0.3918154114061813,True,True
INTC,2023-12-18,2023,-0.1488084922010324,-0.9965337954939208,True,True
INTC,2023-12-27,2023,0.034761998814921,0.3160181710448283,True,True
INTC,2023-12-28,2023,-0.1626181102362254,-0.7480314960629831,True,True
INTC,2024-07-09,2024,0.0274453805511983,-1.2137655290589666,True,True
INTC,2024-07-10,2024,0.163182346109187,1.1904761904762011,True,True
INTC,2024-07-12,2024,0.5116489046773214,2.131438721136764,True,True
INTC,2024-07-15,2024,0.1881564841498585,-0.6340057636887779,True,True
INTC,2024-07-18,2024,-0.2714816933638407,-0.1716247139588165,True,True
INTC,2024-07-19,2024,-0.213429811866862,-4.457308248914615,True,True
INTC,2024-09-24,2024,-0.211495783399915,1.3315579227696277,True,True
INTC,2024-11-07,2024,-0.0646734854445432,3.22580645161289,True,True
INTC,2024-11-08,2024,0.7736923076923137,0.8461538461538418,True,True
INTC,2025-01-22,2025,-0.1394155545328985,0.5062126092959016,True,True
INTC,2025-02-13,2025,1.205976357267941,5.560420315236426,True,True
INTC,2025-02-14,2025,0.4165297741272913,-3.0390143737166406,True,True
INTC,2025-02-18,2025,0.2262507110930467,11.45875660300691,True,True
INTC,2025-02-19,2025,0.5449152542372827,-0.943759630200312,True,True
INTC,2025-02-20,2025,0.0120500782472638,2.1126760563380387,True,True
INTC,2025-02-21,2025,0.6217257318952114,-4.237288135593226,True,True
INTC,2025-06-23,2025,0.9302800189843264,0.4746084480303817,True,True
INTC,2025-06-25,2025,0.1417368187860009,-1.6171909614532651,True,True
INTC,2025-07-09,2025,0.513353370545298,0.7299270072992774,True,True
INTC,2025-08-15,2025,-0.2601359456217615,-1.7592962814874098,True,True
INTC,2025-08-18,2025,-0.1338333333333441,-1.5208333333333268,True,True
INTC,2025-08-19,2025,1.8986768243784955,1.523656776263027,True,True
INTC,2025-08-20,2025,-0.0876165594855221,-5.426045016077162,True,True
INTC,2025-08-25,2025,1.1460603684829425,-3.8416307330458657,True,True
INTC,2025-09-19,2025,-0.0046412113232386,-2.715602369980248,True,True
INTC,2025-09-22,2025,0.1032355915065675,-3.100775193798455,True,True
INTC,2025-09-23,2025,0.0095205243187255,1.241807519834436,True,True
INTC,2025-09-24,2025,-0.1642614023144965,6.262763784887679,True,True
INTC,2025-09-25,2025,-0.3000000000000055,7.481809553938633,True,True
INTC,2025-09-26,2025,0.9385977438240845,1.3137226902755987,True,True
INTC,2025-09-29,2025,-0.0689455388180804,-0.1448435689455511,True,True
INTC,2025-10-27,2025,0.7647824954415157,2.917426413128412,True,True
INTC,2025-10-28,2025,0.6569588279868607,4.824450618843133,True,True
INTC,2025-10-29,2025,0.179326923076915,-0.6249999999999952,True,True
INTC,2025-12-01,2025,0.8255644756648308,0.4264927245358798,True,True
INTC,2025-12-03,2025,0.4928200991126018,0.8528293188890275,True,True
INTC,2025-12-05,2025,0.2814823815309903,0.6318347509112954,True,True
INTC,2025-12-08,2025,-0.2524502205794716,-3.827351854059864,True,True
INTC,2026-01-08,2026,0.7760675739089582,-3.5194744251525107,True,True
INTC,2026-01-09,2026,0.546228332337115,8.810520023909133,True,True
INTC,2026-01-12,2026,1.2546440677966102,-0.4519774011299499,True,True
INTC,2026-01-13,2026,1.2859882327304384,3.0398779690564304,True,True
INTC,2026-01-14,2026,-0.2388718577559817,-0.4087471898630755,True,True
INTC,2026-01-15,2026,0.8717527862208618,-2.0871327254306,True,True
INTC,2026-01-16,2026,1.0557743048508146,-4.729044043028222,True,True
INTC,2026-01-20,2026,-0.1102959830866738,2.7484143763213624,True,True
INTC,2026-01-21,2026,3.316626913138534,7.851321804810168,True,True
INTC,2026-01-22,2026,0.1965688987271622,0.2213613724405043,True,True
INTC,2026-01-23,2026,2.402069995731971,-3.819889031156635,True,True
INTC,2026-04-06,2026,0.8859712937475483,-0.1867872591427425,True,True
INTC,2026-04-08,2026,0.681423281856761,6.511333875191902,True,True
INTC,2026-04-09,2026,1.2364726027397217,5.616438356164386,True,True
INTC,2026-04-10,2026,-0.202763328998704,1.3816644993497955,True,True
INTC,2026-04-27,2026,1.321525950729484,1.6443434585027503,True,True
INTC,2026-04-28,2026,0.7426304133858134,4.01082677165355,True,True
INTC,2026-04-30,2026,-0.2061401673640131,-1.1506276150627557,True,True
INTC,2026-05-06,2026,0.2615003379139434,1.83374633926561,True,True
INTC,2026-05-11,2026,-0.2847844334223797,-1.2514307516215295,True,True
INTC,2026-06-22,2026,0.8323030477285678,1.2507188039102997,True,True
ISRG,2022-03-08,2022,0.3086478755319902,-6.048977883206597,True,True
ISRG,2022-04-01,2022,-0.1229013157894605,0.5394736842105219,True,True
ISRG,2022-07-22,2022,0.4497686077902009,2.169301966833783,True,True
ISRG,2022-07-26,2022,0.5273669249461135,-0.5776901563431384,True,True
ISRG,2022-07-28,2022,0.3070892039646231,2.47122094315303,True,True
ISRG,2022-08-03,2022,-0.0246086883736464,1.355988951201142,True,True
ISRG,2022-10-21,2022,-0.0679192399049839,3.7909738717339616,True,True
ISRG,2022-10-24,2022,-0.0038704076037234,0.6945713763480215,True,True
ISRG,2022-10-26,2022,-0.0438097645225093,1.7987278318379083,True,True
ISRG,2022-10-27,2022,-0.2999999999999966,-0.3093548919320244,True,True
ISRG,2022-11-11,2022,0.4703348162023008,3.4496214781862293,True,True
ISRG,2022-12-14,2022,-0.1043004996431003,0.1891506067095037,True,True
ISRG,2022-12-15,2022,-0.2311388999963758,-2.8281653277109213,True,True
ISRG,2023-03-27,2023,-0.1141586734495754,-1.840705215331436,True,True
ISRG,2023-04-19,2023,1.6257123287671174,2.215753424657544,True,True
ISRG,2023-04-20,2023,-0.214960195343864,-0.4917045758629819,True,True
ISRG,2023-04-21,2023,0.0414039681740199,0.7855776009668562,True,True
ISRG,2023-04-26,2023,-0.3000000000000066,0.5903832372112133,True,True
ISRG,2023-06-15,2023,-0.0648584905660387,1.889895729890757,True,True
ISRG,2023-06-16,2023,-0.2729402895054352,-0.6513872135102609,True,True
ISRG,2023-06-20,2023,-0.0381923664122041,0.1099236641221415,True,True
ISRG,2023-07-11,2023,-0.1508316953677348,-0.5280605509431782,True,True
ISRG,2023-07-14,2023,0.0170316546762629,1.8877697841726624,True,True
ISRG,2023-07-17,2023,-0.1677457593632822,-0.1157178741779868,True,True
ISRG,2023-07-19,2023,-0.1689625279642123,-2.217561521252798,True,True
ISRG,2023-07-20,2023,-0.1575917726039123,-0.6741894015140734,True,True
ISRG,2023-11-20,2023,0.1798290990047261,1.9578313253012107,True,True
ISRG,2023-12-15,2023,-0.3000000000000039,-0.7770673356380274,True,True
ISRG,2023-12-18,2023,-0.0704387069044948,0.8442575138918736,True,True
ISRG,2023-12-19,2023,0.091611351318426,2.286706047134764,True,True
ISRG,2023-12-20,2023,-0.3000000000000086,-2.5849423738961206,True,True
ISRG,2024-01-11,2024,-0.1493129980763878,-0.4341852157185997,True,True
ISRG,2024-01-12,2024,0.0414110410959014,-0.3397260273972627,True,True
ISRG,2024-01-19,2024,-0.0400868983957208,0.2352941176470576,True,True
ISRG,2024-01-22,2024,0.0456034505570161,-0.5715646582519713,True,True
ISRG,2024-03-04,2024,-0.2974968616620659,0.5749435099171387,True,True
ISRG,2024-03-05,2024,-0.2999999999999979,-3.327508736894668,True,True
ISRG,2024-03-08,2024,0.0713126881281721,-0.0535686954747154,True,True
ISRG,2024-05-22,2024,-0.0548117050874348,-0.3825516693163803,True,True
ISRG,2024-05-23,2024,-0.1687082267001342,-1.0162248117872217,True,True
ISRG,2024-05-31,2024,0.61836074480171,-0.6939299649330771,True,True
ISRG,2024-06-06,2024,-0.3000000000000007,0.8559785884792406,True,True
ISRG,2024-06-07,2024,-0.1713179406281288,-0.1861943687556758,True,True
ISRG,2024-06-24,2024,-0.1061119599944485,-0.6574987266749954,True,True
ISRG,2024-06-26,2024,-0.2345400620344545,0.2173470080825872,True,True
ISRG,2024-07-01,2024,0.1986677133564983,-2.159919255354939,True,True
ISRG,2024-07-22,2024,-0.0584755477689113,-0.2249475482880115,True,True
ISRG,2024-07-23,2024,0.4803025665690181,-0.5159372130645825,True,True
ISRG,2024-07-25,2024,-0.3000000000000042,-3.715634791050711,True,True
ISRG,2024-10-21,2024,-0.2769497533908852,-0.0308261405671948,True,True
ISRG,2024-11-12,2024,0.0155299625468226,0.5617977528089888,True,True
ISRG,2024-11-15,2024,0.4049173871457688,-1.0577446034395428,True,True
ISRG,2025-01-13,2025,-0.2917436510857329,-0.6919396393080588,True,True
ISRG,2025-01-16,2025,0.0097442499141632,0.2883625128733179,True,True
ISRG,2025-01-17,2025,-0.1312350210334067,-0.6904989357601362,True,True
ISRG,2025-01-21,2025,0.3540479613107748,0.7254231635120525,True,True
ISRG,2025-01-22,2025,-0.2499880761481671,0.3906089387771884,True,True
ISRG,2025-01-23,2025,0.3516339869281117,-0.6703267973856191,True,True
ISRG,2025-01-24,2025,0.9593143151744364,0.3316721086097376,True,True
ISRG,2025-10-22,2025,0.7300686937144341,-2.942963958820608,True,True
ISRG,2025-10-23,2025,0.7760016750099854,4.958410263243039,True,True
ISRG,2025-10-24,2025,0.4145811458571116,-0.1999543483223058,True,True
ISRG,2026-01-07,2026,0.4785778137597219,-0.0892239707196944,True,True
ISRG,2026-04-24,2026,-0.0573603744149747,0.3036921476859031,True,True
ISRG,2026-04-27,2026,0.2953786933000474,-2.018310445276746,True,True
IWM,2021-11-02,2021,-0.2702235685638737,0.0426657564638596,True,True
IWM,2021-11-04,2021,0.2620302321697133,-0.4050442625688988,True,True
IWM,2021-11-08,2021,-0.1322926068761809,-0.4636087634364467,True,True
IWM,2021-11-09,2021,-0.0816487603305748,-0.3512396694214852,True,True
IWM,2022-11-11,2022,0.0730162575366105,0.6136950904392845,True,True
IWM,2023-01-13,2023,0.0512466124661236,1.376693766937665,True,True
IWM,2023-02-02,2023,0.1730421917249114,1.209121983572269,True,True
IWM,2023-02-03,2023,-0.0788511549640575,0.4487277548314698,True,True
IWM,2023-06-05,2023,-0.2532441379310293,-0.9434482758620734,True,True
IWM,2023-06-07,2023,0.8643166089965338,1.2272923875432429,True,True
IWM,2023-06-08,2023,0.0497402527849144,-0.1338903170522707,True,True
IWM,2023-07-13,2023,-0.180884109916352,0.4778972520908088,True,True
IWM,2023-11-15,2023,0.0130473787496476,0.2410989627137689,True,True
IWM,2023-11-16,2023,-0.0257606377006768,-1.2013023464690618,True,True
IWM,2023-12-04,2023,0.2844650708353814,1.4357053682896437,True,True
IWM,2023-12-14,2023,0.4089957840199168,0.9447858993244196,True,True
IWM,2023-12-15,2023,-0.0995476250314124,-0.9952249308871526,True,True
IWM,2023-12-18,2023,-0.2899282755833841,-0.4545913728659346,True,True
IWM,2023-12-20,2023,-0.2700690483338485,-1.8012608826178438,True,True
IWM,2023-12-21,2023,0.3027811366384597,0.6398629584844873,True,True
IWM,2024-03-22,2024,-0.1129275920134624,-1.3086360356025974,True,True
IWM,2024-07-12,2024,-0.1080170956227628,0.0892353935750639,True,True
IWM,2024-07-15,2024,-0.165389450160613,1.0894361934913186,True,True
IWM,2024-07-16,2024,-0.0224742173952727,2.4733047366980085,True,True
IWM,2024-07-17,2024,0.2290551783064316,-0.0224850474434552,True,True
IWM,2024-07-18,2024,0.5690709543381116,-1.544645679960249,True,True
IWM,2024-07-19,2024,-0.1763254617292917,-0.3997059634292036,True,True
IWM,2024-07-24,2024,0.5659760235240789,-1.4204931011083533,True,True
IWM,2024-09-19,2024,-0.2911243657081726,-0.3071307753939276,True,True
IWM,2024-09-20,2024,-0.2955381517117812,-0.8122622510628766,True,True
IWM,2024-11-07,2024,-0.1484866393684754,-0.2448393769259927,True,True
IWM,2024-11-08,2024,-0.0464502182850833,0.9282414275420666,True,True
IWM,2024-11-13,2024,-0.1602238962125994,-1.5944758317639685,True,True
IWM,2025-05-13,2025,-0.061403340831854,-0.1244435935480875,True,True
IWM,2025-06-30,2025,-0.2861962340778978,-0.4015137529998175,True,True
IWM,2025-07-02,2025,-0.2954343545358784,1.222695425195763,True,True
IWM,2025-08-13,2025,0.138966529396303,1.3099097520371548,True,True
IWM,2025-08-15,2025,-0.2389520643806799,-0.6604268719384145,True,True
IWM,2025-08-25,2025,-0.244644229947884,-0.7474160758520544,True,True
IWM,2025-09-08,2025,-0.2790994088298103,-0.1048174080751331,True,True
IWM,2025-09-12,2025,-0.2501915070774298,-0.778517901748533,True,True
IWM,2025-09-15,2025,-0.2333193997408309,0.0459808552439132,True,True
IWM,2025-09-18,2025,-0.2047715946843951,1.6694352159468362,True,True
IWM,2025-09-19,2025,-0.2796961550993829,-1.054903877484524,True,True
IWM,2025-09-22,2025,-0.2762521053500782,0.8834214002641951,True,True
IWM,2025-09-23,2025,0.5809864903473428,-0.465287131137499,True,True
IWM,2026-01-22,2026,0.1138309305859166,-0.0074120742689774,True,True
IWM,2026-06-29,2026,-0.2866228364416902,0.2784113779685979,True,True
JNJ,2021-11-03,2021,0.1409900630150384,0.0484730974309334,True,True
JNJ,2021-11-15,2021,-0.2697878787878691,-0.878787878787872,True,True
JNJ,2021-12-14,2021,-0.1223133131349199,1.2534901681221322,True,True
JNJ,2021-12-15,2021,0.0815425375331135,0.7241683838681297,True,True
JNJ,2021-12-20,2021,0.0024092723913925,-0.0297956021691266,True,True
JNJ,2022-03-16,2022,-0.03293628177363,-0.4901402028952545,True,True
JNJ,2022-03-21,2022,0.2457070880568053,0.6927745333791412,True,True
JNJ,2022-04-07,2022,-0.1792646006495306,0.1100897231243557,True,True
JNJ,2022-04-20,2022,0.2306683494293191,0.9163740122914767,True,True
JNJ,2022-04-26,2022,0.1039708265802312,-0.1998919502971391,True,True
JNJ,2022-04-27,2022,0.0138623534520072,-1.128962223187154,True,True
JNJ,2022-06-27,2022,0.5612051310284244,0.3027967408059961,True,True
JNJ,2022-12-14,2022,0.3085395900996666,0.6831672079740165,True,True
JNJ,2022-12-15,2022,0.0338169642857266,-0.948660714285708,True,True
JNJ,2023-01-05,2023,0.2402133839794369,-0.1228912970617801,True,True
JNJ,2023-04-06,2023,0.2345683474908019,-0.5030423519489174,True,True
JNJ,2023-06-20,2023,-0.0997016924388162,-0.060879094119076,True,True
JNJ,2023-06-26,2023,-0.3000000000000085,-0.8000969814522931,True,True
JNJ,2023-07-21,2023,0.1446129147342162,1.1594719942918232,True,True
JNJ,2023-07-24,2023,-0.0965306122448956,-0.239067055393584,True,True
JNJ,2023-07-25,2023,-0.1654678791434408,1.1322968612496374,True,True
JNJ,2023-07-26,2023,0.0941627906976706,0.4418604651162738,True,True
JNJ,2023-07-27,2023,0.1690266000696982,0.865373446393298,True,True
JNJ,2023-07-28,2023,0.1010919540229795,0.2758620689655113,True,True
JNJ,2023-07-31,2023,0.0526706756278698,-1.179106237471996,True,True
JNJ,2023-12-01,2023,-0.0641971362822735,1.246484275121445,True,True
JNJ,2023-12-04,2023,0.3688734177215177,0.5443037974683631,True,True
JNJ,2023-12-05,2023,0.051586901763222,-0.1574307304785894,True,True
JNJ,2024-01-03,2024,0.2901613807713825,0.2866222194529126,True,True
JNJ,2024-03-01,2024,-0.2260705678798882,0.1853797194586806,True,True
JNJ,2024-07-18,2024,-0.0757390745501312,-0.1285347043701726,True,True
JNJ,2024-07-19,2024,-0.3000000000000072,-1.219512195121949,True,True
JNJ,2024-07-26,2024,-0.1564569640062656,0.569640062597807,True,True
JNJ,2024-08-05,2024,0.9113254777458946,-1.550766225044259,True,True
JNJ,2024-08-06,2024,-0.1452343992548932,-1.2915243713132645,True,True
JNJ,2024-09-03,2024,-0.2034616315662012,1.1740498668603228,True,True
JNJ,2024-10-24,2024,-0.0462181818181933,-0.8181818181818148,True,True
JNJ,2025-01-28,2025,-0.0975435608541862,-1.4869644962662192,True,True
JNJ,2025-02-24,2025,-0.2141996557659313,0.6946151954757779,True,True
JNJ,2025-02-26,2025,-0.2698025199903097,-1.217591470802047,True,True
JNJ,2025-02-27,2025,-0.2078614995995293,0.905674326905304,True,True
JNJ,2025-03-03,2025,0.1412039282250132,1.4003394762366648,True,True
JNJ,2025-03-05,2025,-0.027281016351576,0.3525621542763434,True,True
JNJ,2025-03-11,2025,-0.2582595693779811,-0.8193779904306078,True,True
JNJ,2025-07-17,2025,0.3537504596151442,-0.0490256158843072,True,True
JNJ,2025-07-18,2025,0.1926310010370215,-0.1403037882022925,True,True
JNJ,2025-07-24,2025,-0.2999999999999987,0.0412979351032408,True,True
JNJ,2025-10-01,2025,-0.1106236021505397,0.0188172043010734,True,True
JNJ,2025-10-02,2025,0.6201911070090597,0.9853955155002974,True,True
JNJ,2025-11-18,2025,0.1208230742173809,0.510024621878305,True,True
JNJ,2025-11-19,2025,-0.275075000000001,1.3349999999999935,True,True
JNJ,2025-11-20,2025,-0.1568663366336606,0.5297029702970264,True,True
JNJ,2025-11-21,2025,-0.1631300254951925,0.0784467542655406,True,True
JNJ,2025-11-24,2025,-0.1042315055716501,1.0848755583918217,True,True
JNJ,2025-11-25,2025,0.137323325860216,0.7310654059849888,True,True
JNJ,2026-01-14,2026,-0.0817771154473072,1.8069203185395728,True,True
JNJ,2026-01-15,2026,-0.1908110708885086,0.6277780323511912,True,True
JNJ,2026-01-20,2026,-0.2517780643972645,0.5527661338615268,True,True
JNJ,2026-01-21,2026,1.377417061611376,3.3554502369668304,True,True
JNJ,2026-01-23,2026,-0.209281164695181,0.1637852593266539,True,True
JNJ,2026-02-17,2026,-0.1815671978044522,-0.3154057264572079,True,True
JNJ,2026-06-29,2026,0.058335637268449,2.0695920060034,True,True
JNJ,2026-07-29,2026,0.0119106145251306,-1.0837988826815736,True,True
JPM,2021-10-05,2021,-0.0853477662819342,0.8611925124095434,True,True
JPM,2022-01-05,2022,0.0201545107853789,-2.401382433559767,True,True
JPM,2022-01-06,2022,0.0466994424126295,-0.7614365369626367,True,True
JPM,2022-10-19,2022,0.3421900161030615,-1.2204424103737586,True,True
JPM,2022-10-24,2022,-0.226492995822063,0.262144671090364,True,True
JPM,2022-12-01,2022,-0.1773411492256624,-1.3388334057027025,True,True
JPM,2023-01-17,2023,-0.0316095211108026,-0.2337772740152905,True,True
JPM,2023-01-18,2023,0.1736682983011885,-1.698819464439955,True,True
JPM,2023-04-17,2023,-0.2216362986780808,-0.0428724544480187,True,True
JPM,2023-06-05,2023,-0.136335736207272,-0.7208621797159512,True,True
JPM,2023-06-20,2023,-0.0343570326742438,-0.0701163932127291,True,True
JPM,2023-07-03,2023,-0.0479915288973816,0.1571252903402228,True,True
JPM,2023-07-17,2023,0.1509211839042259,1.995344196873961,True,True
JPM,2023-07-18,2023,-0.1959968705176745,0.1955926457165284,True,True
JPM,2023-07-25,2023,-0.0339220597584446,-0.2924348378893884,True,True
JPM,2023-12-01,2023,0.237466307277635,0.6546014632268067,True,True
JPM,2023-12-05,2023,0.1055936943808838,0.4258835494533536,True,True
JPM,2023-12-13,2023,-0.2627336157488162,0.3488661848990794,True,True
JPM,2023-12-14,2023,-0.065890131619598,1.3532719520484444,True,True
JPM,2023-12-15,2023,0.1401766004415011,1.103752759381888,True,True
JPM,2023-12-18,2023,-0.0116319310510947,0.1747830279652968,True,True
JPM,2024-03-01,2024,0.0972967151319307,-0.2423263327948242,True,True
JPM,2024-03-22,2024,0.371312999346775,-1.216019295512782,True,True
JPM,2024-07-01,2024,0.3733829619404499,1.2867284559258456,True,True
JPM,2024-10-14,2024,-0.0766577060931879,-0.7526881720430011,True,True
JPM,2024-11-07,2024,-0.27145603271984,-3.349693251533741,True,True
JPM,2024-11-08,2024,-0.2999999999999981,-0.9651541739784416,True,True
JPM,2024-11-14,2024,-0.2958872182001825,-0.1794443413155136,True,True
JPM,2024-11-18,2024,-0.1792149577999348,-0.9893793159148684,True,True
JPM,2025-01-15,2025,0.3689137380191756,0.7468051118210881,True,True
JPM,2025-01-16,2025,0.0925196850393642,0.1181102362204769,True,True
JPM,2025-01-17,2025,-0.1862319981112739,2.073660187298355,True,True
JPM,2025-01-21,2025,-0.1198215864959234,1.1996770100357612,True,True
JPM,2025-01-22,2025,-0.3000000000000022,-0.0342335488778908,True,True
JPM,2025-05-20,2025,0.0204588602773312,1.2532378485448807,True,True
JPM,2025-06-20,2025,0.0672224843052614,-0.1923286279348161,True,True
JPM,2025-06-23,2025,0.1603322911364813,1.156111393877702,True,True
JPM,2025-06-30,2025,-0.1594106404958593,-0.216942148760329,True,True
JPM,2025-07-01,2025,-0.3000000000000096,-0.1856371824400851,True,True
JPM,2025-09-17,2025,-0.152243951158206,0.438158445826223,True,True
JPM,2025-09-22,2025,0.4469129423921514,0.8944717127357213,True,True
JPM,2025-11-13,2025,-0.0251636750931941,-3.0542242270463302,True,True
JPM,2026-02-09,2026,-0.2162289164125125,0.2302856787203613,True,True
JPM,2026-06-10,2026,-0.1628391348860944,-1.0845917583823863,True,True
JPM,2026-06-17,2026,-0.1529321452224736,0.391354085134569,True,True
JPM,2026-06-18,2026,-0.1816441608547125,-3.481228668941968,True,True
JPM,2026-06-22,2026,-0.3000000000000024,0.6278434940855303,True,True
JPM,2026-07-15,2026,0.53456895430033,0.351313449666751,True,True
KLAC,2021-10-28,2021,2.3354572897120054,-3.366783606646541,True,True
KLAC,2021-10-29,2021,0.1146736507395689,5.859807512136952,True,True
KLAC,2021-11-01,2021,-0.1220635656836449,1.9731903485254727,True,True
KLAC,2021-11-02,2021,0.1894311290788395,2.052870606148109,True,True
KLAC,2021-11-05,2021,0.3511893156560808,1.5621953597192495,True,True
KLAC,2021-11-08,2021,-0.1516760647870453,-0.9430113977204576,True,True
KLAC,2022-07-20,2022,-0.2999999999999998,3.657684921142988,True,True
KLAC,2022-08-01,2022,-0.3000000000000029,1.172643563577226,True,True
KLAC,2022-11-11,2022,-0.1762259466170032,2.5504007772650112,True,True
KLAC,2022-11-17,2022,0.0279514608729248,3.958316057163389,True,True
KLAC,2022-12-14,2022,0.3491808706315027,-0.4389944819129419,True,True
KLAC,2023-01-10,2023,-0.0525811444998645,2.341580874222948,True,True
KLAC,2023-01-17,2023,-0.3000000000000042,-0.4045675436286591,True,True
KLAC,2023-05-17,2023,0.2356566344143579,1.3370934020518306,True,True
KLAC,2023-05-26,2023,0.2560755600440743,5.788652221814169,True,True
KLAC,2023-05-30,2023,0.3137876488317836,-1.9003441568157984,True,True
KLAC,2023-05-31,2023,0.0553971259886244,-1.3322936393004383,True,True
KLAC,2023-06-01,2023,-0.2955289474864434,1.4686757253688405,True,True
KLAC,2023-07-31,2023,0.0212730806038988,0.4374914552450165,True,True
KLAC,2023-10-13,2023,0.4043124264133505,-2.8357047354872256,True,True
KLAC,2023-10-16,2023,-0.2999999999999995,0.7031714467291266,True,True
KLAC,2023-11-03,2023,-0.0518545498694828,1.05627390274996,True,True
KLAC,2023-11-13,2023,-0.300000000000006,-0.3320754716981115,True,True
KLAC,2023-11-20,2023,0.7720232386573075,2.917742530431563,True,True
KLAC,2023-12-15,2023,-0.022970577205014,-0.2539974770720413,True,True
KLAC,2023-12-18,2023,-0.0488580074723989,-2.500380382411111,True,True
KLAC,2024-01-22,2024,0.14509648512689,0.807142972680072,True,True
KLAC,2024-01-25,2024,0.7559171143514972,-1.4996162701458144,True,True
KLAC,2024-01-26,2024,0.0067692307692295,-3.937500000000008,True,True
KLAC,2024-02-14,2024,-0.0292761538461525,0.5907692307692357,True,True
KLAC,2024-06-21,2024,0.3378167054202889,-1.6686143874317825,True,True
KLAC,2025-01-07,2025,0.2752557590756717,-0.7597231614843339,True,True
KLAC,2025-01-08,2025,-0.2674891304347867,-0.5188405797101509,True,True
KLAC,2025-01-14,2025,0.441646344103089,1.2049235919710273,True,True
KLAC,2025-01-16,2025,0.1219230088856778,1.7050170773857276,True,True
KLAC,2025-01-17,2025,-0.2542630578674985,-0.6750114686414694,True,True
KLAC,2025-01-21,2025,-0.0920464384100645,0.6768988587170512,True,True
KLAC,2025-05-13,2025,-0.2304723684210629,4.601315789473688,True,True
KLAC,2025-05-14,2025,0.9672386399745742,2.3209405783285657,True,True
KLAC,2025-06-10,2025,0.3864751775615335,3.339000832037051,True,True
KLAC,2025-06-11,2025,-0.2999999999999987,0.8785314652979966,True,True
KLAC,2025-06-12,2025,0.3814890079438358,1.0426288564566752,True,True
KLAC,2025-06-16,2025,0.1279246917808266,1.9235159817351624,True,True
KLAC,2025-06-17,2025,-0.1230044943820226,0.3370786516853932,True,True
KLAC,2025-09-19,2025,-0.3000000000000023,-0.6588078714706781,True,True
KLAC,2025-09-22,2025,0.6870525117239582,3.3328830306656303,True,True
KLAC,2025-10-02,2025,-0.1703511053315924,-1.234503684438666,True,True
KLAC,2025-10-30,2025,0.3825890035812096,-1.6066827632026646,True,True
KLAC,2025-10-31,2025,-0.0352196118488286,-1.1235955056179776,True,True
KLAC,2025-12-22,2025,0.0122448018461353,-0.5988963979874476,True,True
KLAC,2026-01-06,2026,0.696058669828513,2.0398304898667283,True,True
KLAC,2026-01-07,2026,0.1318340406261257,-0.685136625592547,True,True
KLAC,2026-01-12,2026,0.43625811201986,3.0968244916226992,True,True
KLAC,2026-01-16,2026,0.1223100713165142,-0.472479948179622,True,True
KLAC,2026-01-20,2026,0.8841056782747816,-2.7264628042868675,True,True
KLAC,2026-01-21,2026,-0.0664144581831647,0.8402524739661015,True,True
KLAC,2026-01-22,2026,0.1788256710174535,-3.1914481583330137,True,True
KLAC,2026-01-30,2026,2.6133116883116814,-7.248701298701306,True,True
KLAC,2026-04-16,2026,0.1483091224677653,1.06997658516129,True,True
KLAC,2026-04-27,2026,0.011528369700732,-0.8873193149748823,True,True
KLAC,2026-04-28,2026,1.200840931320199,1.6633126847969015,True,True
KLAC,2026-05-11,2026,0.5771339900148378,-0.4182971258939414,True,True
KLAC,2026-06-10,2026,0.0032738233033394,-1.0546979896845257,True,True
KLAC,2026-06-11,2026,0.8236282544713517,9.13561240661083,True,True
KLAC,2026-06-12,2026,0.2768079486856987,6.711943990273757,True,True
KLAC,2026-06-16,2026,0.2564468900461739,-6.716163898987918,True,True
KLAC,2026-06-22,2026,-0.1313219039025476,1.1015865854575555,True,True
KLAC,2026-07-01,2026,1.5594557203649475,-6.768471008528445,True,True
KLAC,2026-07-02,2026,0.1966259398496095,-11.451127819548876,True,True
KO,2021-10-28,2021,0.022132471728592,0.5744031592173762,True,True
KO,2021-11-01,2021,-0.2823195602057201,-0.3901400957616578,True,True
KO,2021-12-14,2021,0.3600348432055739,0.7491289198606267,True,True
KO,2021-12-15,2021,0.0269981011565642,0.2157776626963576,True,True
KO,2021-12-16,2021,-0.128044153156254,1.1555708865125935,True,True
KO,2021-12-17,2021,-0.1124978628825491,-0.8890408616857635,True,True
KO,2021-12-20,2021,-0.0734090909091005,0.6118881118881019,True,True
KO,2022-01-05,2022,0.2973040439340947,1.198202695956064,True,True
KO,2022-04-26,2022,0.2329922101725793,-0.6567893691767109,True,True
KO,2022-11-14,2022,-0.1211513372472239,-0.8969341161121938,True,True
KO,2022-12-01,2022,0.2485772677252064,0.30655557302311,True,True
KO,2022-12-14,2022,0.2047904658046464,-0.3271537622682674,True,True
KO,2023-04-24,2023,0.0695444015443969,-1.2200772200772187,True,True
KO,2023-04-25,2023,-0.2999999999999978,-0.5298426055789363,True,True
KO,2023-07-27,2023,0.0399762093576521,-0.9516256938937262,True,True
KO,2023-11-28,2023,0.4340924657534222,0.3253424657534329,True,True
KO,2023-12-15,2023,0.2592554818969838,-0.4929457759646424,True,True
KO,2024-02-05,2024,-0.2999999999999986,-0.5796621397813869,True,True
KO,2024-04-25,2024,0.3445773395830037,-0.1939550670761232,True,True
KO,2024-04-26,2024,-0.2838017871648985,0.2924451665312749,True,True
KO,2024-05-01,2024,-0.138673139158569,0.1941747572815607,True,True
KO,2024-07-26,2024,-0.1191656590084637,1.34522370012092,True,True
KO,2024-08-01,2024,-0.2255970149253749,1.4179104477611983,True,True
KO,2024-08-02,2024,0.5147088866190109,1.1381876550415893,True,True
KO,2024-08-05,2024,0.3936657486592309,-1.2320626177706833,True,True
KO,2024-08-06,2024,-0.2707410124724916,-0.1467351430667769,True,True
KO,2024-08-28,2024,-0.2025415444770207,0.2513615416841319,True,True
KO,2024-08-30,2024,0.0590304709141069,0.387811634349032,True,True
KO,2024-09-03,2024,-0.2449475427940227,0.8006626173384848,True,True
KO,2024-09-05,2024,-0.2176259983475622,-1.996695125309836,True,True
KO,2025-01-28,2025,0.013966304518976,-1.8422295701464253,True,True
KO,2025-02-12,2025,0.4156572454015102,2.729176013159845,True,True
KO,2025-02-13,2025,0.4947101449275237,0.7101449275362245,True,True
KO,2025-02-14,2025,0.3252360700641534,-0.7280328696028192,True,True
KO,2025-02-24,2025,0.0870341614906656,-0.3246753246753303,True,True
KO,2025-02-25,2025,-0.0889500423369993,0.8749647191645562,True,True
KO,2025-02-26,2025,-0.2930054721481553,-0.6033394134979551,True,True
KO,2025-04-04,2025,0.0579397956365687,-3.4244683789008614,True,True
KO,2025-08-21,2025,-0.1587818696883825,0.0424929178470271,True,True
KO,2025-10-21,2025,0.3004747396017836,0.9707362006660558,True,True
KO,2025-10-22,2025,0.007716049382713,-0.7014590347923682,True,True
KO,2025-11-24,2025,-0.3000000000000059,-0.8201202843083575,True,True
KO,2025-11-25,2025,-0.2383680197815733,-0.2610069372896459,True,True
KO,2026-01-21,2026,-0.1060850236176632,0.0486246179494256,True,True
KO,2026-01-22,2026,-0.140368952314652,0.0765750087016952,True,True
KO,2026-02-02,2026,-0.1139181442474262,0.4532728969470593,True,True
KO,2026-02-04,2026,0.4935740632886828,0.0905972950236111,True,True
KO,2026-02-05,2026,-0.2743767668979547,0.8802364430737629,True,True
KO,2026-02-13,2026,0.1829318036966118,0.2804333970681948,True,True
KO,2026-03-02,2026,-0.1159384615384624,-1.2923076923076888,True,True
KO,2026-04-29,2026,-0.0392050529539414,0.6762791884649753,True,True
KO,2026-04-30,2026,0.1112253315565803,-0.0317279015166009,True,True
KO,2026-05-18,2026,-0.1520588598986142,0.4327933720786376,True,True
KO,2026-06-11,2026,-0.3000000000000052,-1.656339370829362,True,True
KO,2026-07-29,2026,0.3747884940778203,0.5527354765933388,True,True
KO,2026-07-30,2026,-0.0496975921488031,1.0042222982996802,True,True
KO,2026-08-04,2026,0.4243619302949099,0.8975405058864622,True,True
LLY,2021-10-27,2021,0.1651944813161128,0.6315112022847001,True,True
LLY,2021-10-28,2021,0.3217300927406512,1.223217141029742,True,True
LLY,2021-10-29,2021,-0.0917842225549729,0.3743399795098072,True,True
LLY,2021-11-01,2021,0.0634549802046162,-2.285288698992596,True,True
LLY,2021-11-03,2021,0.1718702719478688,3.301392714435346,True,True
LLY,2021-11-04,2021,0.1243671839686641,2.079252674401078,True,True
LLY,2021-11-05,2021,-0.1146771255437004,-1.4870441280344993,True,True
LLY,2021-11-08,2021,0.2778287056327789,-1.3068676843819798,True,True
LLY,2021-12-16,2021,-0.028751768418753,1.1680632640475823,True,True
LLY,2021-12-17,2021,-0.3000000000000056,-3.343333212852857,True,True
LLY,2021-12-20,2021,-0.0297068305909534,-2.094863128180382,True,True
LLY,2022-03-07,2022,0.0798314477026069,0.6849842222735214,True,True
LLY,2022-03-09,2022,-0.2053361184960227,-0.189897455374098,True,True
LLY,2022-03-16,2022,-0.2461759942415065,-0.5074680583048498,True,True
LLY,2022-03-21,2022,0.2491538087295023,0.6637475674173009,True,True
LLY,2022-04-07,2022,0.6806557377049252,1.1147540983606483,True,True
LLY,2022-04-08,2022,0.2470551948051862,1.2272727272727184,True,True
LLY,2022-05-17,2022,0.2051466666666594,0.5266666666666614,True,True
LLY,2022-05-31,2022,0.2762277737422206,-1.0643337649622604,True,True
LLY,2022-06-01,2022,-0.2602395992853513,-0.7465543644716612,True,True
LLY,2022-06-27,2022,-0.0878265428862244,0.9931221663633748,True,True
LLY,2022-09-29,2022,-0.0880438362727177,-1.164775279216709,True,True
LLY,2022-10-03,2022,-0.1577855148930942,-1.3037209730359829,True,True
LLY,2022-10-07,2022,-0.2700573625251641,-1.8950656215274653,True,True
LLY,2022-11-01,2022,0.1874728334730879,2.0501402423155977,True,True
LLY,2022-12-01,2022,-0.2946796872915596,-1.1446409989594226,True,True
LLY,2023-04-24,2023,0.0260876336829018,-0.4776243380749745,True,True
LLY,2023-04-28,2023,-0.1672336683417107,-0.4321608040201073,True,True
LLY,2023-05-01,2023,-0.2397674067361391,2.1497256205004334,True,True
LLY,2023-05-02,2023,0.0882665847665816,-0.6879606879606908,True,True
LLY,2023-05-03,2023,0.5875655646985137,3.738992348780141,True,True
LLY,2023-05-04,2023,-0.260716189593235,-0.6605632170587474,True,True
LLY,2023-06-20,2023,-0.0450814156910289,1.368142466245002,True,True
LLY,2023-06-26,2023,-0.3000000000000004,-2.6286377509349648,True,True
LLY,2023-06-27,2023,-0.0434745945945979,0.4151351351351385,True,True
LLY,2023-06-28,2023,-0.2957439542379108,-2.0511835393054607,True,True
LLY,2023-08-09,2023,0.1521628841017074,1.1261217979514602,True,True
LLY,2023-08-10,2023,-0.0162148738227593,-0.3782451716430775,True,True
LLY,2023-08-11,2023,-0.0563278087527825,0.9203391125028518,True,True
LLY,2023-08-15,2023,-0.0645305264723894,1.6365090286946895,True,True
LLY,2023-09-08,2023,0.0693044222738668,2.4863278178672976,True,True
LLY,2023-09-11,2023,-0.2999999999999945,1.444264668313041,True,True
LLY,2023-09-12,2023,0.1673147537100055,1.451850347733375,True,True
LLY,2023-09-13,2023,0.0369942488144383,0.7348737093465181,True,True
LLY,2023-09-14,2023,-0.196846004939588,-1.2248848541485935,True,True
LLY,2023-09-15,2023,-0.1703226351351438,-2.711148648648641,True,True
LLY,2023-10-12,2023,0.6303752518745963,0.8324249331087047,True,True
LLY,2023-10-13,2023,0.0260490869058547,-1.3550705867115669,True,True
LLY,2023-10-16,2023,0.1748473788441745,0.8854482070082927,True,True
LLY,2023-11-09,2023,-0.1556623723078935,-3.812870063114051,True,True
LLY,2024-01-04,2024,0.5897514633912373,-1.685698749320277,True,True
LLY,2024-01-05,2024,0.075920960912062,0.7019543973941279,True,True
LLY,2024-02-01,2024,-0.0720544390032996,2.037600605564386,True,True
LLY,2024-02-06,2024,-0.2999999999999999,-5.014824797843671,True,True
LLY,2024-02-07,2024,-0.0305329541935315,2.0369379768574603,True,True
LLY,2024-02-08,2024,-0.1658474297012451,1.0091717926186166,True,True
LLY,2024-02-09,2024,0.1635948334466264,0.5465669612508472,True,True
LLY,2024-02-20,2024,0.1265645569620269,-4.216455696202525,True,True
LLY,2024-05-22,2024,-0.3000000000000025,0.1885143570536817,True,True
LLY,2024-06-03,2024,-0.2806367818603458,0.9164512095942068,True,True
LLY,2024-06-11,2024,-0.3000000000000039,-1.8001677738227486,True,True
LLY,2024-06-12,2024,-0.2999999999999983,-0.4025229357798154,True,True
LLY,2024-06-21,2024,-0.2921200009032771,-0.1388794797100488,True,True
LLY,2024-07-01,2024,0.0859975651754243,0.2445792250238566,True,True
LLY,2024-08-21,2024,-0.3000000000000012,-0.45886680305353,True,True
LLY,2025-02-07,2025,0.0935541282101112,0.2304541772671764,True,True
LLY,2025-02-26,2025,0.2143894742114891,1.951879247299257,True,True
LLY,2025-06-11,2025,-0.2999999999999983,-0.1025134317297507,True,True
LLY,2025-10-02,2025,0.4523211621467272,0.7079222206531532,True,True
LLY,2025-10-06,2025,0.0026787308768287,0.6536103339484504,True,True
LLY,2025-11-03,2025,-0.1918467912247595,3.5001673340796096,True,True
LLY,2025-11-04,2025,-0.2284190215501307,1.8038837347572996,True,True
LLY,2025-11-05,2025,0.1771591657519217,1.6289791437980274,True,True
LLY,2025-11-06,2025,0.0847014442767914,1.0476395774951528,True,True
LLY,2025-11-07,2025,-0.2111322314937131,-0.7195248987832439,True,True
LLY,2025-11-11,2025,0.1827437794216636,2.294759712379087,True,True
LLY,2025-11-13,2025,0.481246627759049,1.2934555012696891,True,True
LLY,2026-01-08,2026,0.176258204706879,-2.604854133556016,True,True
LLY,2026-05-29,2026,0.2007116237799574,-1.919698314108251,True,True
LLY,2026-06-01,2026,-0.2999999999999962,-1.7066923412294692,True,True
LLY,2026-06-05,2026,0.0602552997891393,-0.8819129111000225,True,True
LLY,2026-06-08,2026,-0.2982795513373559,-0.959447799827428,True,True
LLY,2026-06-09,2026,0.2990557939914097,-1.8000000000000025,True,True
LLY,2026-06-29,2026,-0.2037880894355515,0.5323933986489795,True,True
LLY,2026-08-20,2026,0.1812342539615103,-2.1732476277930863,True,True
LMT,2021-10-26,2021,-0.1082307007722589,-4.716791548244483,True,True
LMT,2022-01-11,2022,-0.0261064256476493,0.0384604818548903,True,True
LMT,2022-01-18,2022,0.2678688082062374,1.643946551491438,True,True
LMT,2022-01-19,2022,-0.2734487350199681,0.5059920106524572,True,True
LMT,2022-01-20,2022,0.3981459377735243,-0.5198801092809154,True,True
LMT,2022-01-21,2022,-0.1675109625668415,-0.6925133689839504,True,True
LMT,2022-01-24,2022,0.1451495061561244,0.7766202137735095,True,True
LMT,2022-01-26,2022,-0.2999999999999967,0.8376288659793815,True,True
LMT,2022-01-27,2022,-0.0388376691748481,-0.0642029841547035,True,True
LMT,2022-01-28,2022,-0.3000000000000029,1.076843998971986,True,True
LMT,2022-02-25,2022,0.2284808845482268,3.608025706550614,True,True
LMT,2022-02-28,2022,0.4492979869988641,4.835552548270943,True,True
LMT,2022-03-01,2022,0.0323333333333318,4.967816091954027,True,True
LMT,2022-03-02,2022,0.3558615533152268,1.0710196016794984,True,True
LMT,2022-03-03,2022,0.0026511063140767,0.6655873358517672,True,True
LMT,2022-03-04,2022,-0.1404977224752845,1.8064659482279737,True,True
LMT,2022-03-08,2022,0.0,0.0,False,True
LMT,2022-03-09,2022,-0.2361920000000022,2.6057142857142805,True,True
LMT,2022-08-03,2022,-0.2229971680670227,0.4774498560629159,True,True
LMT,2022-10-20,2022,-0.2750534552568077,1.0076884582139134,True,True
LMT,2022-10-21,2022,-0.1629383394933828,2.45425042819796,True,True
LMT,2022-10-25,2022,-0.2999999999999968,1.31042836691994,True,True
LMT,2022-10-31,2022,0.0071204079508856,1.296701009470292,True,True
LMT,2023-04-19,2023,-0.0358545816733131,-1.354581673306775,True,True
LMT,2023-07-18,2023,-0.1675906992432101,-3.9399624765478416,True,True
LMT,2023-10-17,2023,0.9423676012461004,1.0216236027121082,True,True
LMT,2023-10-18,2023,-0.2257833119036358,0.6225891588279062,True,True
LMT,2023-10-19,2023,-0.1224699093900807,1.2689897669386456,True,True
LMT,2023-10-20,2023,-0.0283138002082502,-1.595143673704497,True,True
LMT,2023-12-14,2023,-0.2203302923353562,-1.1231715167254894,True,True
LMT,2024-03-18,2024,-0.2382336744527583,-0.6011656188334644,True,True
LMT,2024-04-22,2024,0.0043096962792531,-0.7910065988865737,True,True
LMT,2024-04-23,2024,0.0935723327111621,-1.2722318765956548,True,True
LMT,2024-04-24,2024,-0.0866803544413235,-0.767235789928682,True,True
LMT,2024-06-10,2024,-0.3000000000000061,-0.6479022835900183,True,True
LMT,2024-07-24,2024,-0.0788831683168366,1.9346534653465317,True,True
LMT,2024-07-25,2024,-0.299999999999992,1.2640776699029108,True,True
LMT,2024-07-26,2024,-0.149196806371931,0.5303566983859507,True,True
LMT,2024-08-01,2024,-0.2999999999999975,0.8841261671935996,True,True
LMT,2024-08-05,2024,1.545824821246169,-0.4815409309791307,True,True
LMT,2024-08-06,2024,-0.2999999999999922,-0.8809846514524449,True,True
LMT,2024-09-04,2024,-0.0443320335827589,0.93441528787718,True,True
LMT,2024-10-02,2024,-0.3000000000000089,-0.2711012662412966,True,True
LMT,2025-01-28,2025,-0.3000000000000051,-3.4093308000844367,True,True
LMT,2025-03-11,2025,0.105735142959033,-1.5732835476495146,True,True
LMT,2025-06-02,2025,-0.0873667043031013,0.0899092543804639,True,True
LMT,2025-06-16,2025,-0.1510736291778145,-3.1078193398477247,True,True
LMT,2025-08-27,2025,0.267382406373815,-0.5362575787423094,True,True
LMT,2025-09-22,2025,0.6955897565815763,1.452488019085016,True,True
LMT,2026-01-06,2026,0.8453564383243908,0.9631377403009358,True,True
LMT,2026-01-07,2026,0.3054197140736072,-5.406331499495522,True,True
LMT,2026-01-09,2026,0.1019243933977444,3.23457823077508,True,True
LMT,2026-01-12,2026,0.6153272187408855,0.3952929175167515,True,True
LMT,2026-01-13,2026,0.0524981250669588,-0.3589157530088195,True,True
LMT,2026-01-15,2026,0.0857137832799991,1.6354236274751288,True,True
LMT,2026-01-20,2026,0.3875862068965598,-0.6568965517241285,True,True
LMT,2026-01-30,2026,-0.1201867954911403,2.119162640901766,True,True
LMT,2026-03-03,2026,0.3534589442815352,-2.0747800586510228,True,True
LMT,2026-03-04,2026,-0.1511940298507513,-0.8014925373134335,True,True
LMT,2026-07-24,2026,0.8204611407165161,2.486853444485479,True,True
LMT,2026-07-27,2026,-0.0172870694988676,-0.321372104213928,True,True
LMT,2026-07-30,2026,0.4887218785350545,1.4917986425339462,True,True
LOW,2021-11-17,2021,-0.2242340612750993,-1.7078633709303297,True,True
LOW,2021-11-18,2021,0.0236356258876101,0.353012781497263,True,True
LOW,2021-11-22,2021,0.0426116838488081,0.8431231519220065,True,True
LOW,2021-11-23,2021,-0.0895954447718394,0.2707653101855566,True,True
LOW,2022-03-21,2022,0.1784756871035875,-3.771670190274836,True,True
LOW,2022-08-17,2022,0.2549077873685273,1.55181359369842,True,True
LOW,2022-08-18,2022,-0.0358142345776629,0.6880200827483565,True,True
LOW,2022-11-11,2022,-0.1104100638744088,1.9259837144668135,True,True
LOW,2022-11-16,2022,0.0337592531472572,1.4192088264416007,True,True
LOW,2022-11-17,2022,-0.0701035294117606,-1.887058823529408,True,True
LOW,2023-01-17,2023,-0.1743940707922932,-1.253711646321345,True,True
LOW,2023-01-19,2023,-0.1102142117057437,-2.6095756728753488,True,True
LOW,2023-02-03,2023,0.2142488716956877,-0.5572441742654415,True,True
LOW,2023-06-20,2023,-0.2538062363897606,-0.2084974285317226,True,True
LOW,2023-06-28,2023,0.350461192350953,0.1484814398200281,True,True
LOW,2023-07-24,2023,0.1342186165670434,-0.0768573868488379,True,True
LOW,2023-08-31,2023,-0.2179423868312738,-0.1776045050898837,True,True
LOW,2023-09-01,2023,0.1163108049935364,0.0947051226861811,True,True
LOW,2023-11-15,2023,0.537235724165172,1.19541592570639,True,True
LOW,2023-12-14,2023,0.143271935396073,2.336448598130844,True,True
LOW,2023-12-15,2023,-0.1008831883543354,0.128705840582292,True,True
LOW,2023-12-18,2023,0.057031699014099,-0.9372651310844884,True,True
LOW,2024-02-08,2024,0.1805360360360363,-0.7207207207207181,True,True
LOW,2024-02-13,2024,0.0147067976703792,0.2222913795403014,True,True
LOW,2024-02-14,2024,-0.2095641592920332,0.3451327433628323,True,True
LOW,2024-02-28,2024,-0.0696008403361342,0.373949579831927,True,True
LOW,2024-02-29,2024,0.0149914215173404,0.5732937188768484,True,True
LOW,2024-03-22,2024,0.1352544709531588,-1.0186497147014777,True,True
LOW,2024-06-24,2024,0.10967826543102,-0.1661129568106292,True,True
LOW,2024-06-25,2024,-0.1857054673721432,-4.184303350970022,True,True
LOW,2024-07-18,2024,-0.1866811324653831,-1.1117999586691456,True,True
LOW,2024-09-23,2024,-0.0706288343558407,0.563650306748455,True,True
LOW,2024-09-25,2024,-0.300000000000001,-0.4396017283486602,True,True
LOW,2025-01-24,2025,0.0286393254120404,0.4867765427366955,True,True
LOW,2025-05-13,2025,-0.2109594284256174,-1.8839840095262304,True,True
LOW,2025-05-14,2025,-0.1218867102396517,-0.4793028322440062,True,True
LOW,2025-05-20,2025,-0.0728354430379725,-2.5274261603375567,True,True
LOW,2025-05-21,2025,-0.3000000000000046,-2.385045122475283,True,True
LOW,2025-07-29,2025,-0.2999999999999997,-0.1649806798940754,True,True
LOW,2025-08-05,2025,-0.0383983616699035,1.3332764468716003,True,True
LOW,2025-08-14,2025,0.2598011983651495,0.4087139399230194,True,True
LOW,2025-08-15,2025,-0.2999999999999968,-0.8144155486485397,True,True
LOW,2025-08-20,2025,0.4982912262853377,-3.159441587068329,True,True
LOW,2025-08-21,2025,0.0581849422055611,-0.1054358013120828,True,True
LOW,2025-09-08,2025,0.170335425875723,1.3446751606552525,True,True
LOW,2025-09-09,2025,-0.1095930659614949,-1.1532246217129376,True,True
LOW,2026-01-09,2026,0.3328332371609985,2.792844777841889,True,True
LOW,2026-01-12,2026,-0.142868400315198,1.643588877631429,True,True
LOW,2026-01-13,2026,0.0723145639598938,0.4063850040272438,True,True
LOW,2026-01-15,2026,-0.0173635719347778,0.6923622090170745,True,True
LOW,2026-02-13,2026,0.4440298507462762,0.7042253521126729,True,True
LOW,2026-04-20,2026,0.2249880325514572,1.1728099569171844,True,True
LOW,2026-04-21,2026,0.0255734351024895,-1.1449030176653407,True,True
LOW,2026-06-22,2026,0.4242574712643728,-1.4252873563218365,True,True
LRCX,2021-11-05,2021,0.4947329883010926,1.6891048576325869,True,True
LRCX,2021-11-08,2021,-0.1378861788617815,-0.938211382113818,True,True
LRCX,2021-11-22,2021,-0.2999999999999928,-0.587985601243034,True,True
LRCX,2021-11-23,2021,-0.1907776577688691,2.056781360901084,True,True
LRCX,2021-11-24,2021,-0.2573149847094886,1.038226299694184,True,True
LRCX,2021-11-30,2021,-0.1128349913526734,0.4937103664395252,True,True
LRCX,2021-12-01,2021,-0.2999999999999926,0.1198209903276926,True,True
LRCX,2021-12-02,2021,-0.1401834121836108,-3.115652303547719,True,True
LRCX,2022-05-31,2022,-0.0510777792601401,-0.9376965446263644,True,True
LRCX,2022-07-21,2022,-0.3000000000000041,1.5764660707809894,True,True
LRCX,2022-07-28,2022,0.4020068473977747,4.450808552787398,True,True
LRCX,2022-07-29,2022,0.1318365382603449,4.728923855956135,True,True
LRCX,2022-08-01,2022,0.2587261980242594,2.8531691653201867,True,True
LRCX,2022-08-02,2022,-0.1875307199548811,1.2549856975947709,True,True
LRCX,2022-08-04,2022,0.3769082181039221,1.7231816703960814,True,True
LRCX,2022-11-11,2022,-0.2070405901000738,3.7337090524832655,True,True
LRCX,2023-01-24,2023,0.092463057232953,0.4884483007357648,True,True
LRCX,2023-01-27,2023,0.895311120691415,-0.8930221099956935,True,True
LRCX,2023-02-01,2023,0.5376807234955552,6.426838316388942,True,True
LRCX,2023-02-02,2023,0.5267642475512032,0.4452359750668023,True,True
LRCX,2023-02-03,2023,-0.122939731721137,-0.0510107689401061,True,True
LRCX,2023-03-17,2023,-0.1432481220520693,-1.3393117102428294,True,True
LRCX,2023-03-20,2023,0.0038066993144049,0.5308521057786555,True,True
LRCX,2023-03-24,2023,0.1665572815533902,-2.5126213592233,True,True
LRCX,2023-03-31,2023,-0.0833184648090434,0.5979044871308133,True,True
LRCX,2023-04-21,2023,-0.3000000000000007,-1.3162663817935734,True,True
LRCX,2023-05-16,2023,0.2416804462776976,1.5536132865735022,True,True
LRCX,2023-05-17,2023,-0.3000000000000017,1.6793325184673464,True,True
LRCX,2023-05-18,2023,0.153339721254359,4.263066202090597,True,True
LRCX,2023-05-19,2023,-0.2999999999999956,-1.219512195121948,True,True
LRCX,2023-05-26,2023,-0.103967152440436,3.788704933743093,True,True
LRCX,2023-05-30,2023,0.2661789035197208,-1.699013979031451,True,True
LRCX,2023-06-01,2023,0.0556672612291041,0.4880817253121438,True,True
LRCX,2023-07-28,2023,-0.2681580294485787,1.4232072791708277,True,True
LRCX,2023-07-31,2023,-0.0871843206830619,-0.393646217392514,True,True
LRCX,2023-09-01,2023,0.0684623305545032,-0.9789400928159256,True,True
LRCX,2023-10-16,2023,0.9404049220114876,0.6307100125214551,True,True
LRCX,2023-11-13,2023,-0.1502253380070078,-0.8159297770184635,True,True
LRCX,2023-12-12,2023,-0.0796204068823419,-0.2224071825239797,True,True
LRCX,2023-12-13,2023,0.3252961672473846,0.4181184668989472,True,True
LRCX,2023-12-15,2023,0.0900282390735428,0.1891240705717811,True,True
LRCX,2023-12-18,2023,0.1370551830840624,-0.7568334192882935,True,True
LRCX,2024-01-22,2024,0.2100728799652475,0.6141705680776137,True,True
LRCX,2024-01-23,2024,-0.3000000000000009,0.091609310398861,True,True
LRCX,2024-01-25,2024,2.324940706955529,-1.2987457240592917,True,True
LRCX,2024-01-26,2024,0.4153153575615481,-1.6365767878077415,True,True
LRCX,2024-01-29,2024,0.3239451956443602,1.2265166925930358,True,True
LRCX,2024-02-12,2024,0.0798619547211521,0.2562120375483214,True,True
LRCX,2024-03-06,2024,0.0378865134947006,0.5436785845927079,True,True
LRCX,2024-03-07,2024,0.1002072779850619,0.5490338823672222,True,True
LRCX,2024-03-22,2024,0.2746030388397956,-0.5461368698322947,True,True
LRCX,2024-05-22,2024,-0.2087099661519147,-0.5771664317534145,True,True
LRCX,2024-05-24,2024,0.302907435067625,0.6742179072276159,True,True
LRCX,2024-05-29,2024,0.0144486334631756,-0.4898018861027791,True,True
LRCX,2024-06-13,2024,0.3629389487621171,1.0689564531674425,True,True
LRCX,2024-06-20,2024,-0.1657786284709476,-2.8463623708696746,True,True
LRCX,2024-06-21,2024,-0.2755385907465318,-0.7926696926517717,True,True
LRCX,2024-09-27,2024,-0.2999999999999968,-3.1119335683582925,True,True
LRCX,2025-01-17,2025,0.1898661098145274,-1.3757523645743648,True,True
LRCX,2025-01-23,2025,0.1075661919504707,0.6191950464396285,True,True
LRCX,2025-02-03,2025,0.0026944971537105,1.492726122707156,True,True
LRCX,2025-02-19,2025,0.1736616454229349,1.575898030127462,True,True
LRCX,2025-02-21,2025,-0.1557805719372433,-4.28952932012908,True,True
LRCX,2025-05-13,2025,0.9589606605148124,3.4725594949004366,True,True
LRCX,2025-06-10,2025,-0.0810272005406295,2.528580278200152,True,True
LRCX,2025-06-17,2025,-0.1316614527533774,-0.7178058710092154,True,True
LRCX,2025-09-12,2025,0.5256728778467867,0.8799171842650069,True,True
LRCX,2025-09-19,2025,-0.2250405603260681,0.4352815480194667,True,True
LRCX,2025-09-22,2025,-0.299999999999996,1.856702619414481,True,True
LRCX,2025-10-02,2025,-0.0013954121571009,0.0272275542849309,True,True
LRCX,2025-10-03,2025,-0.0260236328661728,0.1717504809013465,True,True
LRCX,2025-10-08,2025,0.1265317960989013,3.33550866507142,True,True
LRCX,2025-12-22,2025,-0.1410974499089305,-0.2106102003643012,True,True
LRCX,2026-01-06,2026,1.03876361793768,4.849252596909041,True,True
LRCX,2026-01-07,2026,0.7428663493952063,0.61967083085465,True,True
LRCX,2026-01-08,2026,-0.0616419786557641,-0.924259975846006,True,True
LRCX,2026-01-12,2026,0.1476646762023739,2.0228671943711545,True,True
LRCX,2026-01-29,2026,0.7009059745347703,1.30182827293503,True,True
LRCX,2026-01-30,2026,2.736796855809383,-4.413330058134775,True,True
LRCX,2026-02-02,2026,1.0386556059180592,1.5522107243650027,True,True
LRCX,2026-05-06,2026,0.1516027874564578,3.456445993031364,True,True
LRCX,2026-05-07,2026,0.0474861934267371,-3.512257543103451,True,True
LRCX,2026-06-12,2026,0.6211639916259625,2.383810188415916,True,True
LRCX,2026-06-16,2026,0.1850668811707717,-4.176343137382091,True,True
LRCX,2026-06-22,2026,-0.3000000000000057,2.584781846415868,True,True
LRCX,2026-06-23,2026,0.2401681986037259,0.0970376560015131,True,True
LRCX,2026-06-26,2026,0.0698339818417605,-1.7769130998703042,True,True
LRCX,2026-07-01,2026,2.2899301182803646,-3.407659826653829,True,True
LULU,2021-11-01,2021,0.0067692307692295,-1.974358974358976,True,True
LULU,2022-03-29,2022,1.3881319312232243,2.540456925273668,True,True
LULU,2022-03-30,2022,-0.1086837837837836,1.7270270270270234,True,True
LULU,2022-03-31,2022,0.1460431847406866,-2.1136948135447886,True,True
LULU,2022-04-01,2022,0.0565691030173457,0.7262462659979814,True,True
LULU,2022-08-01,2022,0.2914846238866083,0.7866848709446771,True,True
LULU,2022-08-11,2022,0.2079241345445645,-2.7221949423029552,True,True
LULU,2022-09-08,2022,0.2370802657568774,3.5254683665529507,True,True
LULU,2022-09-09,2022,-0.1741450539362025,-0.0143447326141873,True,True
LULU,2022-11-11,2022,0.1428854370030828,1.7542370483546923,True,True
LULU,2022-11-14,2022,0.4186523161992835,-0.4175365344467532,True,True
LULU,2022-12-01,2022,0.6306486813389044,0.3970445163156348,True,True
LULU,2022-12-06,2022,0.0876931161324182,-2.7771939043615474,True,True
LULU,2023-03-29,2023,0.0620505119453928,-1.447098976109218,True,True
LULU,2023-03-30,2023,-0.3000000000000075,-1.838356164383556,True,True
LULU,2023-07-20,2023,0.280280925034919,-1.246831186300376,True,True
LULU,2023-07-21,2023,0.4076621080547024,-0.4601944776662632,True,True
LULU,2023-09-05,2023,0.0718380015519097,0.5732021726615155,True,True
LULU,2023-09-06,2023,0.0334032093034993,-0.3793266951161643,True,True
LULU,2023-10-17,2023,-0.0621614457831325,-0.4180722891566297,True,True
LULU,2023-10-18,2023,-0.2194956920612452,-1.5508579472368484,True,True
LULU,2023-11-17,2023,-0.2648299703682892,-0.6185033629650657,True,True
LULU,2023-12-01,2023,0.0917922611472096,4.182017103177265,True,True
LULU,2023-12-04,2023,0.0082990352997577,0.3353585505542171,True,True
LULU,2023-12-05,2023,-0.1289955141173326,0.5409446741138263,True,True
LULU,2023-12-06,2023,0.2622343668350562,0.3157115485107223,True,True
LULU,2023-12-08,2023,-0.2999999999999987,7.407651136263925,True,True
LULU,2023-12-11,2023,0.3625390007698867,1.8538028283155787,True,True
LULU,2023-12-12,2023,-0.1136819085487082,0.0715705765407581,True,True
LULU,2023-12-15,2023,0.2820581342762089,1.0011100604366248,True,True
LULU,2024-03-15,2024,-0.0865644802192149,-0.4688302791573895,True,True
LULU,2024-03-22,2024,0.2868228228228192,-3.123123123123123,True,True
LULU,2024-08-27,2024,-0.0564476162339781,0.158794637911299,True,True
LULU,2024-09-30,2024,0.2200179856115098,-2.395683453237419,True,True
LULU,2024-10-18,2024,0.4559689649091781,2.8531123258684445,True,True
LULU,2024-10-22,2024,0.1546405579399206,0.2179452789699494,True,True
LULU,2024-10-28,2024,-0.0588954248366077,0.5392156862745023,True,True
LULU,2024-11-04,2024,0.1420595765940261,-0.6650846187472664,True,True
LULU,2024-12-03,2024,0.1453561578126857,2.1405444297877403,True,True
LULU,2024-12-06,2024,2.7200901856763995,6.002652519893898,True,True
LULU,2024-12-09,2024,0.4177159626768308,1.5526236580716355,True,True
LULU,2024-12-10,2024,0.18122524752475,-1.7277227722772324,True,True
LULU,2025-01-14,2025,0.163629924999995,-2.7775000000000034,True,True
LULU,2025-01-27,2025,1.168328356698218,1.9750493446024613,True,True
LULU,2025-01-28,2025,0.4420979747273682,1.27599594450902,True,True
LULU,2025-05-13,2025,-0.299999999999994,0.6122052345167097,True,True
LULU,2025-06-04,2025,-0.1298736678242127,0.368219374925147,True,True
LULU,2025-06-05,2025,0.5572925204536304,-1.7644516638600238,True,True
LULU,2025-06-06,2025,0.3544214175086636,-2.171989084740757,True,True
LULU,2025-10-28,2025,-0.2348707276736594,-0.7717750826901906,True,True
LULU,2025-11-26,2025,0.5065617977528084,2.2134831460674147,True,True
LULU,2025-12-02,2025,0.2900856425921959,-0.5182195068732209,True,True
LULU,2025-12-08,2025,0.0950846345623963,-3.9181209814984927,True,True
LULU,2025-12-15,2025,0.4947545823594613,1.5721490958297422,True,True
LULU,2025-12-16,2025,-0.1094904458598672,-0.9817537474258948,True,True
LULU,2025-12-19,2025,0.1455036306088267,-2.5134984174269253,True,True
LULU,2025-12-22,2025,0.1665521967526174,1.4278892072588254,True,True
MA,2021-10-04,2021,-0.3000000000000017,-4.572300013863844,True,True
MA,2022-01-04,2022,0.2896395064383431,0.9220677975214406,True,True
MA,2022-01-05,2022,0.1398529411764585,-0.0240641711229879,True,True
MA,2022-01-06,2022,0.0515419458081411,0.3390382163877512,True,True
MA,2022-01-07,2022,-0.0605393160293689,0.947078249952244,True,True
MA,2022-03-30,2022,0.4477294579819344,-0.4862503777368704,True,True
MA,2022-04-29,2022,-0.1351955382341079,-2.324956323074865,True,True
MA,2022-07-29,2022,0.2208398045915345,-0.0141191088018556,True,True
MA,2022-08-01,2022,0.1973390644317367,0.7820361691728157,True,True
MA,2022-10-27,2022,0.0155063291139171,1.136075949367081,True,True
MA,2022-10-28,2022,-0.1220256177382436,3.250759450064199,True,True
MA,2022-12-01,2022,-0.2275901561496141,0.8156652420458717,True,True
MA,2022-12-02,2022,-0.0057392642327567,0.7245768638970574,True,True
MA,2022-12-14,2022,0.0798095238095237,0.1988795518207225,True,True
MA,2023-01-09,2023,-0.2758550170868797,-0.1829776928665626,True,True
MA,2023-01-10,2023,0.1379328109324605,0.6263387652178635,True,True
MA,2023-01-11,2023,-0.0672186141377293,1.3874724920830916,True,True
MA,2023-01-12,2023,0.0403720954850903,0.5028317366220233,True,True
MA,2023-01-17,2023,-0.0633786666666765,-0.021333333333329,True,True
MA,2023-04-24,2023,0.3617433026789274,-0.1092896174863303,True,True
MA,2023-05-01,2023,-0.1899471733816954,-0.2233961470735164,True,True
MA,2023-05-19,2023,-0.2999999999999969,-1.6811224489795855,True,True
MA,2023-05-22,2023,0.0004026078599319,-0.1090937426946195,True,True
MA,2023-07-03,2023,-0.1254855113200857,0.679715848111623,True,True
MA,2023-08-31,2023,0.0369788271649756,-0.4152483040003791,True,True
MA,2023-09-01,2023,-0.2013419255182968,0.3089324934231239,True,True
MA,2023-09-08,2023,-0.1798795180722954,-0.0313253012048181,True,True
MA,2023-12-01,2023,-0.208241904623503,0.3414953135217673,True,True
MA,2023-12-14,2023,-0.1029505188113191,-1.4658478624032418,True,True
MA,2023-12-15,2023,0.2581576268721776,1.437157675342932,True,True
MA,2024-01-23,2024,-0.2252708565198526,-0.3724986939832345,True,True
MA,2024-01-25,2024,-0.2496926605504467,0.2064220183486186,True,True
MA,2024-01-26,2024,-0.0925557738989719,1.3894347474280409,True,True
MA,2024-02-01,2024,-0.1685274725274701,1.342857142857146,True,True
MA,2024-02-02,2024,0.0364963977412921,-0.3245278120334913,True,True
MA,2024-03-01,2024,-0.1278536985955239,0.3748078583310464,True,True
MA,2024-06-24,2024,1.1902512474446594,0.4462224957685738,True,True
MA,2024-08-01,2024,0.0919799767971613,-0.6788982941606084,True,True
MA,2024-08-05,2024,0.3792747252747291,-2.7890109890109884,True,True
MA,2024-09-03,2024,-0.0747569797085833,-0.0559620287271827,True,True
MA,2024-09-10,2024,-0.2836255389037219,0.1642373229316268,True,True
MA,2024-09-12,2024,-0.0768292432487828,1.096621829756655,True,True
MA,2024-11-07,2024,-0.2980972919330544,-1.1565106204316988,True,True
MA,2025-01-28,2025,-0.2279439748234381,0.1683316866103254,True,True
MA,2025-01-31,2025,-0.1160973360292309,-1.4454967897556117,True,True
MA,2025-02-03,2025,-0.0546467863346882,2.117110596409968,True,True
MA,2025-03-03,2025,0.1938977707723426,-0.3793324441827125,True,True
MA,2025-03-04,2025,0.178873190057146,-2.7591768046839404,True,True
MA,2025-06-02,2025,-0.0732919896640706,0.0930232558139472,True,True
MA,2025-08-01,2025,-0.1329079913453894,-0.7200368885893765,True,True
MA,2025-12-22,2025,0.1826188770249653,0.6029044265417632,True,True
MA,2026-04-30,2026,1.607046580773032,-0.3211100099108037,True,True
MA,2026-06-29,2026,0.2198288557213965,1.4407960199004994,True,True
MA,2026-07-31,2026,0.0995516840473602,1.004086809470132,True,True
MA,2026-08-03,2026,0.1314603448275875,-1.5534482758620674,True,True
MCD,2021-09-23,2021,0.0606936079428838,0.4266841716583212,True,True
MCD,2021-11-02,2021,-0.1178344455036554,-1.004925325707023,True,True
MCD,2021-12-07,2021,0.2651024712979372,1.2025685931115129,True,True
MCD,2021-12-09,2021,-0.3000000000000031,1.098265895953766,True,True
MCD,2021-12-15,2021,-0.1745003051571562,0.8887702166615746,True,True
MCD,2022-04-08,2022,0.2043313310148627,-0.5572241542839063,True,True
MCD,2022-06-01,2022,-0.2369959319088471,-1.575891622891903,True,True
MCD,2022-10-25,2022,0.0093962367914649,0.5656597399536465,True,True
MCD,2022-10-28,2022,0.0689693843220867,2.6204627864378867,True,True
MCD,2022-10-31,2022,-0.2014172709294794,-0.205083131912401,True,True
MCD,2023-01-18,2023,0.0134876238528858,-2.687287484918272,True,True
MCD,2023-01-26,2023,-0.2415677655677559,0.6080586080586172,True,True
MCD,2023-04-14,2023,-0.0759860347748027,-0.1209858619378556,True,True
MCD,2023-04-25,2023,-0.3000000000000034,-1.1794611082867372,True,True
MCD,2023-06-20,2023,0.3960156649072148,-0.1941086327260321,True,True
MCD,2023-11-28,2023,0.4225150976909514,0.230905861456475,True,True
MCD,2023-12-04,2023,0.0883188883820583,0.4035229306291368,True,True
MCD,2023-12-05,2023,-0.1747443727098153,0.0139591694294062,True,True
MCD,2023-12-15,2023,0.1600323680313973,-1.177645397885753,True,True
MCD,2024-01-03,2024,-0.1019427609427641,-0.8922558922558845,True,True
MCD,2024-01-22,2024,0.1837071744259368,-0.8673113348619326,True,True
MCD,2024-01-23,2024,0.0083781603012401,0.8774878967186706,True,True
MCD,2024-07-30,2024,-0.002045977011512,2.0766283524904274,True,True
MCD,2024-07-31,2024,0.0681184537713723,-0.0188380679677535,True,True
MCD,2024-08-05,2024,0.8496569843818376,-1.9887607648518628,True,True
MCD,2024-08-06,2024,-0.248276884310389,0.0629956273623208,True,True
MCD,2024-09-23,2024,-0.1666220735785943,0.0167224080267596,True,True
MCD,2024-09-30,2024,-0.0489037037037079,0.237037037037046,True,True
MCD,2024-10-16,2024,-0.2999999999999952,-0.1148985063194222,True,True
MCD,2024-10-18,2024,-0.2999999999999987,0.3105491650030161,True,True
MCD,2024-10-23,2024,-0.2829729822044632,1.9981555487242624,True,True
MCD,2024-12-09,2024,0.1673673068199034,1.3021489658416925,True,True
MCD,2025-02-11,2025,0.0989686696815034,0.9272212642743348,True,True
MCD,2025-02-12,2025,-0.1357548937269902,-0.6815685767814319,True,True
MCD,2025-03-10,2025,0.3612923552750868,-0.865381611421782,True,True
MCD,2025-04-04,2025,-0.1763931716311236,-4.634898432781252,True,True
MCD,2025-08-05,2025,-0.0894125412541219,-1.396039603960402,True,True
MCD,2025-08-07,2025,-0.0710344158364748,-0.384913960408849,True,True
MCD,2025-08-15,2025,-0.2999999999999963,-0.4223626515346924,True,True
MCD,2025-11-26,2025,-0.0024071637192262,0.2663927849279404,True,True
MCD,2025-12-22,2025,-0.1069301587301471,0.3682539682539762,True,True
MCD,2026-02-04,2026,0.0694777490579515,0.7069228613247739,True,True
MCD,2026-02-05,2026,0.2274825581395271,-0.5075673680324774,True,True
MCD,2026-02-06,2026,0.0334654691855135,1.2976153607928145,True,True
MCD,2026-02-13,2026,0.1977503759398597,-1.4646616541353397,True,True
MCD,2026-03-03,2026,0.0654669938501741,0.6180132691084311,True,True
META,2022-03-28,2022,0.6117533111091065,0.7343003874223011,True,True
META,2022-12-14,2022,0.6187400519393381,1.8430091312725043,True,True
META,2023-01-30,2023,0.3670681118693962,-1.6258530710558057,True,True
META,2023-02-02,2023,0.2921911612446232,2.8881259876846013,True,True
META,2023-02-03,2023,0.6631010205752352,1.7900998744747048,True,True
META,2023-02-06,2023,-0.2144848289911059,-0.2465959043636644,True,True
META,2023-02-08,2023,0.0569713563605785,-3.411962931760736,True,True
META,2023-03-08,2023,0.2071709878569065,1.1814899901542484,True,True
META,2023-03-15,2023,0.190878465923817,2.492873801502981,True,True
META,2023-03-16,2023,-0.0988398486759052,3.394703656998733,True,True
META,2023-03-17,2023,0.357264146231848,-2.292363781651103,True,True
META,2023-03-20,2023,0.1169236195082736,-0.3375151148730271,True,True
META,2023-04-28,2023,-0.0059181624199761,0.5480942219990805,True,True
META,2023-05-01,2023,0.2015721292919092,1.9242862533014728,True,True
META,2023-05-02,2023,-0.1298004936240289,-1.583710407239817,True,True
META,2023-05-04,2023,-0.1671003975302377,-1.2475682990780752,True,True
META,2023-06-02,2023,0.2484048404840401,-0.0403373670700453,True,True
META,2023-06-16,2023,-0.1351718315804448,-1.1502339160716306,True,True
META,2023-06-20,2023,0.0649131620496656,2.027414956222182,True,True
META,2023-06-26,2023,-0.1238820962211052,-3.5537390461016214,True,True
META,2023-07-06,2023,0.2391283775791401,-1.3197695050441802,True,True
META,2023-07-07,2023,0.2470908686426227,-0.5612978301047252,True,True
META,2023-07-11,2023,0.1986696155154997,1.4869003062266093,True,True
META,2023-07-13,2023,-0.1919137810088805,-0.0701485874625429,True,True
META,2023-07-28,2023,-0.1238126794786903,2.68547445485815,True,True
META,2023-07-31,2023,-0.1737155920788388,-1.5663134480521466,True,True
META,2024-01-11,2024,-0.061399876307511,-0.5808169082255421,True,True
META,2024-01-22,2024,0.0983374146152898,-1.5749452249001197,True,True
META,2024-02-05,2024,0.0097788844197709,-2.2366936942688693,True,True
META,2024-02-06,2024,0.3703965517241365,-2.015086206896557,True,True
META,2024-04-05,2024,0.1589340582794625,1.9252350915212129,True,True
META,2024-04-08,2024,-0.1700326840603762,-1.866581020573954,True,True
META,2024-06-06,2024,0.1489715607124008,0.1683638281471832,True,True
META,2024-07-08,2024,-0.2154383700562473,-2.3896008112842324,True,True
META,2024-07-09,2024,-0.1786082232837082,-0.7193031750491771,True,True
META,2024-09-20,2024,-0.1540107142857039,0.2392857142857199,True,True
META,2024-09-23,2024,-0.0671624231782197,-0.8937664618086096,True,True
META,2024-09-26,2024,-0.2567071370260347,-1.3686971323363373,True,True
META,2024-10-02,2024,-0.1213976381376383,-0.4069777553611548,True,True
META,2024-10-31,2024,-0.1500239316239388,-2.9999999999999925,True,True
META,2024-11-13,2024,-0.1502630427133351,-0.4248161275649921,True,True
META,2024-12-04,2024,0.2988428994615487,0.4189784127919443,True,True
META,2024-12-05,2024,0.1564315520803721,-1.3215573471620283,True,True
META,2024-12-09,2024,-0.2528605200945504,-1.6452297952478243,True,True
META,2025-01-27,2025,1.318072577556482,5.318843355036392,True,True
META,2025-01-28,2025,0.7811889813451923,1.2474090540418854,True,True
META,2025-01-29,2025,-0.1936549088161644,0.2399964444971192,True,True
META,2025-01-30,2025,-0.1469849967009849,-1.461602455606865,True,True
META,2025-01-31,2025,-0.0811702189106523,-0.48374054178941,True,True
META,2025-02-03,2025,0.7596334892533674,3.1884658653561604,True,True
META,2025-02-04,2025,-0.2999999999999942,0.2135231316725978,True,True
META,2025-05-13,2025,-0.0759863017944181,1.709176558093404,True,True
META,2025-06-03,2025,0.2003634265119624,-0.6403860187350243,True,True
META,2025-06-30,2025,-0.2933046806795925,-0.8783829158552097,True,True
META,2025-07-01,2025,-0.1816250653095817,-2.402714164546231,True,True
META,2025-08-01,2025,0.2714894232412578,-1.4211903290693169,True,True
META,2025-08-04,2025,0.1589877147291678,2.1361113303343604,True,True
META,2025-09-17,2025,0.1205294871794812,-0.5794871794871772,True,True
META,2025-09-22,2025,-0.282147356573236,-2.141728859300757,True,True
META,2025-10-30,2025,-0.2448751475664812,-0.464740955483497,True,True
META,2026-01-29,2026,0.5855312224557574,0.153230727506949,True,True
META,2026-01-30,2026,0.2628203719473703,-1.5960223058538985,True,True
META,2026-02-02,2026,0.6643570038774277,-1.1184367082405982,True,True
META,2026-06-01,2026,0.7474727882506395,-4.572909050449818,True,True
META,2026-07-10,2026,0.2563515107522022,1.217372894171726,True,True
META,2026-07-13,2026,1.088239296081272,-0.712082728592168,True,True
MPC,2021-09-23,2021,-0.0505421184320333,3.0692243536280173,True,True
MPC,2021-09-28,2021,-0.1438283208020137,-2.083333333333341,True,True
MPC,2021-10-05,2021,0.1716921621195444,-0.2680965147452998,True,True
MPC,2022-01-05,2022,0.1774488463212937,-0.972282687563491,True,True
MPC,2022-01-06,2022,0.5475936599423498,1.066282420749272,True,True
MPC,2022-01-07,2022,0.4135699971371379,1.531634697967374,True,True
MPC,2022-01-19,2022,-0.0218413710641539,-2.53753155307559,True,True
MPC,2022-02-03,2022,0.1060066174599241,-2.0234156273861075,True,True
MPC,2022-05-04,2022,-0.0456091856261992,2.44524771422496,True,True
MPC,2022-06-01,2022,0.3494166828699173,1.0110830254715208,True,True
MPC,2022-06-07,2022,0.4057271557271557,4.476925905497338,True,True
MPC,2022-06-08,2022,-0.2344423987375035,-1.0433105383131664,True,True
MPC,2022-08-01,2022,0.2925294379027017,0.4221284159075868,True,True
MPC,2022-08-03,2022,-0.236691713408818,-1.9261297491798,True,True
MPC,2022-08-04,2022,0.3610543478260923,-1.9782608695652095,True,True
MPC,2022-08-23,2022,-0.1727941898125495,1.5703209343409503,True,True
MPC,2022-11-02,2022,-0.2916274773261628,-3.64460866644273,True,True
MPC,2022-11-03,2022,-0.0640960476733058,3.531679957935326,True,True
MPC,2022-11-08,2022,-0.1372142677719203,-0.2846855898852913,True,True
MPC,2022-11-23,2022,-0.084233728759221,0.7213850593138758,True,True
MPC,2023-01-24,2023,6.890026425709658,10.987980564316755,True,True
MPC,2023-01-25,2023,0.5702379113239512,0.2317318090529761,True,True
MPC,2023-01-27,2023,-0.181976916247408,-1.7386800828647488,True,True
MPC,2023-01-31,2023,0.7989357658684817,-2.3033067274800465,True,True
MPC,2023-06-20,2023,-0.1852094588610259,-1.7181826233283126,True,True
MPC,2023-07-10,2023,-0.1558513352610996,0.2296308896070726,True,True
MPC,2023-08-01,2023,0.2106419303437457,2.374990515213594,True,True
MPC,2023-08-02,2023,0.3124259917110626,0.5106571936056822,True,True
MPC,2023-08-03,2023,-0.1748689553340559,0.5684754521963901,True,True
MPC,2023-08-04,2023,0.0776515151515256,0.4953379953380003,True,True
MPC,2023-08-08,2023,-0.0419327006039754,1.9485188380787888,True,True
MPC,2023-08-09,2023,-0.3000000000000014,0.7342657342657423,True,True
MPC,2023-08-10,2023,0.1400248258740906,0.1861940555823807,True,True
MPC,2023-08-11,2023,0.2131416415042482,2.772440296458957,True,True
MPC,2023-08-14,2023,-0.0658053691275172,-0.275167785234897,True,True
MPC,2023-09-11,2023,0.6909901244068387,-1.1799410029498547,True,True
MPC,2023-11-02,2023,-0.1137289009148394,0.3478933127174282,True,True
MPC,2023-11-03,2023,-0.2743454486973087,-3.004181408813116,True,True
MPC,2024-01-04,2024,0.4048801851967721,-4.010511168116139,True,True
MPC,2024-01-31,2024,0.1046885110888784,-2.629566445085004,True,True
MPC,2024-02-01,2024,0.3828767123287828,0.6669069935111834,True,True
MPC,2024-03-05,2024,-0.1561327561327552,1.1024531024531004,True,True
MPC,2024-03-14,2024,-0.0333665443104295,-0.8285264813843651,True,True
MPC,2024-03-18,2024,-0.1464263709180513,-0.6572191415074969,True,True
MPC,2024-04-04,2024,0.0538068024702719,-0.3318278182320946,True,True
MPC,2024-08-13,2024,0.0599896836313773,0.7336084364970203,True,True
MPC,2024-08-15,2024,-0.1508807888322754,0.1994238865499585,True,True
MPC,2025-02-12,2025,0.2048428979485839,-3.083614645546612,True,True
MPC,2025-05-13,2025,-0.1372142677719203,2.229339361969344,True,True
MPC,2025-05-14,2025,0.1263324243926552,1.307635101636084,True,True
MPC,2025-06-16,2025,0.9719154364862288,1.3061174898244197,True,True
MPC,2025-06-17,2025,-0.1697196483725374,1.0453789498693222,True,True
MPC,2025-06-18,2025,0.0058101810888929,-1.2092255058101875,True,True
MPC,2025-06-23,2025,-0.3000000000000019,-2.3214913823426007,True,True
MPC,2025-06-24,2025,0.1239975698663493,0.4070473876063279,True,True
MPC,2025-07-11,2025,-0.195774415405774,-1.0398899587345178,True,True
MPC,2025-07-14,2025,0.0979256844117225,-1.2648265782224972,True,True
MPC,2025-08-27,2025,1.058106782106796,2.6782106782106703,True,True
MPC,2025-09-03,2025,-0.1227555555555663,-0.550000000000005,True,True
MPC,2025-09-10,2025,0.0296092896174807,-0.7540983606557352,True,True
MPC,2025-09-22,2025,0.3446815389589353,0.8998814527427457,True,True
MPC,2025-10-28,2025,0.1149257565637371,-1.2176951138056848,True,True
MPC,2026-02-04,2026,1.10853484311338,3.7038996772316,True,True
MPC,2026-02-05,2026,0.3026192075218413,1.157204112207475,True,True
MPC,2026-03-03,2026,0.4792343333177437,-0.7815790705293152,True,True
MPC,2026-03-05,2026,0.7306914184081706,-3.3526011560693605,True,True
MPC,2026-03-06,2026,0.7301951779563736,1.62571756601607,True,True
MPC,2026-03-09,2026,-0.2554034711039631,-3.529253891572739,True,True
MPC,2026-03-10,2026,-0.0959627906976768,0.1162790697674418,True,True
MPC,2026-03-13,2026,0.0124227549634051,-0.8809221194723194,True,True
MPC,2026-03-20,2026,0.5572257518000815,-1.4188903007200315,True,True
MPC,2026-04-30,2026,-0.2999999999999989,4.404155975266058,True,True
MPC,2026-05-07,2026,-0.2340172071475891,0.2109530112508352,True,True
MPC,2026-08-12,2026,-0.2999999999999987,3.9099225477174606,True,True
MPC,2026-08-13,2026,0.0579270411117585,3.176027793862197,True,True
MPC,2026-08-18,2026,-0.2533162562661826,0.881397014267611,True,True
MPC,2026-08-21,2026,0.2292330198537052,0.5670498084291258,True,True
MRK,2021-10-04,2021,-0.1697041701318839,-1.2593560651063351,True,True
MRK,2021-10-05,2021,-0.2759120560521958,-1.4375453007972911,True,True
MRK,2021-10-06,2021,-0.0798036809815904,-1.0306748466257711,True,True
MRK,2021-10-29,2021,-0.1674278776666515,1.797999653119046,True,True
MRK,2021-11-05,2021,-0.2030744926479621,-0.8263458500425407,True,True
MRK,2022-01-06,2022,-0.0469221982485224,0.0507678639421145,True,True
MRK,2022-01-10,2022,-0.2257263471567044,2.259746709709453,True,True
MRK,2022-01-11,2022,-0.1306479009949065,-0.8978403300169799,True,True
MRK,2022-01-19,2022,0.0447270931094099,0.3828105705112401,True,True
MRK,2022-03-21,2022,0.1004518639387393,-0.7782101167315232,True,True
MRK,2022-04-07,2022,-0.1837317784256566,1.2594752186588902,True,True
MRK,2022-04-08,2022,-0.105640235457067,1.269621421975986,True,True
MRK,2022-04-12,2022,-0.2130523255813873,-0.4418604651162738,True,True
MRK,2022-04-29,2022,-0.0750958718700675,0.056395217685537,True,True
MRK,2022-05-02,2022,-0.1651487826871002,-1.206041478809731,True,True
MRK,2022-05-12,2022,-0.2667111853088417,1.1129660545353368,True,True
MRK,2022-05-17,2022,0.0672191528545111,0.7474813129671734,True,True
MRK,2022-05-18,2022,0.0985414866032884,-0.4753673292999111,True,True
MRK,2022-06-27,2022,-0.1555847639485105,1.3197424892703904,True,True
MRK,2022-10-11,2022,-0.1566736702421851,0.718788012827592,True,True
MRK,2022-10-18,2022,0.0695721245498722,0.2647744122008049,True,True
MRK,2022-10-25,2022,-0.3000000000000057,0.94982448895313,True,True
MRK,2022-10-28,2022,-0.0811851556264922,0.5486831604150154,True,True
MRK,2022-12-01,2022,0.6447653758542222,0.0820045558086591,True,True
MRK,2023-03-08,2023,0.0145677454250421,-2.379879203101055,True,True
MRK,2023-05-03,2023,0.1254203633291139,-0.1267427122940359,True,True
MRK,2023-08-24,2023,0.1942316358720068,-1.35196034249662,True,True
MRK,2023-12-05,2023,-0.1004479603507433,1.2676324818909628,True,True
MRK,2023-12-06,2023,-0.1217129411764771,-0.5835294117647102,True,True
MRK,2023-12-14,2023,0.1953224596925271,-0.7124109486314258,True,True
MRK,2023-12-19,2023,-0.1166760961810432,0.4148986327204128,True,True
MRK,2024-01-03,2024,0.0140981885009167,0.4375601645226218,True,True
MRK,2024-01-05,2024,-0.0956618274978539,0.07685738684885,True,True
MRK,2024-02-01,2024,0.1354063890012098,2.24828143954711,True,True
MRK,2024-02-02,2024,0.1478956494325386,-0.4098360655737674,True,True
MRK,2024-02-05,2024,-0.2999999999999964,-0.6536462435029124,True,True
MRK,2024-03-28,2024,-0.1111742424242403,-0.0530303030302978,True,True
MRK,2024-04-26,2024,0.6155575194036591,0.8222546684085094,True,True
MRK,2024-09-06,2024,-0.069784625718956,-1.0201939628028074,True,True
MRK,2024-09-19,2024,-0.0484440706476096,-1.412952060555094,True,True
MRK,2024-12-10,2024,-0.3000000000000057,-2.669364941697982,True,True
MRK,2025-03-10,2025,0.1843639436024576,0.5967154248296961,True,True
MRK,2025-10-02,2025,-0.2501222901612048,-0.4947192884936158,True,True
MRK,2025-11-12,2025,-0.158210261459347,0.0656383327863497,True,True
MRK,2025-11-13,2025,0.2241046982805922,1.7960792903296467,True,True
MRK,2025-11-14,2025,0.8354121475054122,0.8676789587852464,True,True
MRK,2025-11-17,2025,0.1063713396975231,-0.3539633165290124,True,True
MRK,2025-11-18,2025,-0.278812028477325,2.5077037509297626,True,True
MRK,2025-11-19,2025,0.1154166666666789,-0.9843749999999928,True,True
MRK,2025-11-24,2025,1.2691283292978175,1.3064971751412446,True,True
MRK,2025-11-25,2025,0.086012111585429,4.8942718157450535,True,True
MRK,2025-11-26,2025,0.0955781825135035,0.0430230890577959,True,True
MRK,2026-01-09,2026,-0.1920898349418352,-0.3247046090015328,True,True
MRK,2026-02-03,2026,2.2087937673502296,3.73421688904809,True,True
MRK,2026-02-04,2026,-0.2147134302822966,1.2018819503849454,True,True
MRK,2026-02-05,2026,0.4205401293267355,1.1960610286970053,True,True
MRK,2026-02-06,2026,0.1045462073534273,0.9274594236502072,True,True
MRK,2026-05-26,2026,-0.1134174125305173,-2.571196094385688,True,True
MRK,2026-06-01,2026,0.0519971074907382,-2.0034880258624392,True,True
MRK,2026-06-08,2026,-0.1762515515101314,-1.133636739760025,True,True
MRK,2026-06-29,2026,-0.1945552117200038,1.3592385130635745,True,True
MRK,2026-08-19,2026,1.1655777868517654,3.586497890295365,True,True
MRK,2026-08-20,2026,0.0769001193792267,-1.0744130521289326,True,True
MRK,2026-08-21,2026,-0.0459361587982834,2.293454935622309,True,True
MRK,2026-08-24,2026,0.0638203290870535,-0.0199044585987268,True,True
MRVL,2021-10-08,2021,0.4050269023828013,-0.6456571867794031,True,True
MRVL,2021-10-15,2021,-0.0656074624602097,-0.409525254057349,True,True
MRVL,2021-11-05,2021,0.1708055555555532,-0.1944444444444452,True,True
MRVL,2021-12-06,2021,0.0464294272705576,2.360412173496301,True,True
MRVL,2021-12-07,2021,0.371725476761445,4.556354916067157,True,True
MRVL,2021-12-08,2021,-0.2670485843340349,0.5728765010466126,True,True
MRVL,2021-12-09,2021,-0.2780057357158546,-0.6949040370615437,True,True
MRVL,2022-07-20,2022,-0.089500959692899,3.05182341650671,True,True
MRVL,2022-07-21,2022,0.8679248791372197,1.46894756415024,True,True
MRVL,2022-12-01,2022,0.1654923599320961,-3.692699490662128,True,True
MRVL,2022-12-02,2022,-0.0626190476190454,6.547619047619048,True,True
MRVL,2023-01-24,2023,0.7462198902933362,1.4071070832339696,True,True
MRVL,2023-02-02,2023,0.6978492333901111,3.875638841567292,True,True
MRVL,2023-02-03,2023,-0.1078998073217797,-0.3425390708627782,True,True
MRVL,2023-05-19,2023,-0.144669485866899,1.201869574894278,True,True
MRVL,2023-05-26,2023,2.9632799181725265,11.933174224343675,True,True
MRVL,2023-05-30,2023,0.4386279448807257,-5.986072010668235,True,True
MRVL,2023-05-31,2023,0.0226537216828525,-5.291262135922324,True,True
MRVL,2023-06-01,2023,-0.0481475244189983,2.8965981812057917,True,True
MRVL,2023-11-13,2023,-0.0599814814814805,-1.0185185185185133,True,True
MRVL,2023-11-15,2023,0.2208079401009907,-0.4353125544140693,True,True
MRVL,2023-12-15,2023,0.1679966471081376,-0.1341156747694858,True,True
MRVL,2023-12-18,2023,-0.1492186187195414,0.4032935641068761,True,True
MRVL,2024-01-09,2024,0.4582950404056464,0.5862779274282958,True,True
MRVL,2024-01-12,2024,0.0779951471034217,-0.3791325447376403,True,True
MRVL,2024-01-16,2024,-0.2391795028214113,-0.0305017538508403,True,True
MRVL,2024-01-19,2024,0.2053584359160079,2.9543808834178225,True,True
MRVL,2024-01-22,2024,0.155795120598852,-2.800110895481004,True,True
MRVL,2024-01-23,2024,-0.20035693889207,0.8280982295830929,True,True
MRVL,2024-01-26,2024,-0.2419251492646128,-0.9465559924275604,True,True
MRVL,2024-02-09,2024,-0.1977136157115664,0.8793785724754424,True,True
MRVL,2024-03-04,2024,0.0038862077724218,0.7747015494030981,True,True
MRVL,2024-03-05,2024,-0.2618007662835186,0.6130268199233768,True,True
MRVL,2024-03-07,2024,0.4761813254496091,4.594727765459459,True,True
MRVL,2024-03-08,2024,0.0694873378628677,-6.819024088943787,True,True
MRVL,2024-05-17,2024,-0.3000000000000092,-2.3754581240667845,True,True
MRVL,2024-05-24,2024,-0.2999999999999926,0.94736842105263,True,True
MRVL,2024-05-29,2024,0.3091913676547093,-1.4820592823712957,True,True
MRVL,2024-05-31,2024,-0.0582159008979474,-9.773218850363769,True,True
MRVL,2024-07-09,2024,0.2824990041163189,-1.9519320143407235,True,True
MRVL,2024-09-03,2024,0.2614641995173067,-6.060606060606055,True,True
MRVL,2024-10-15,2024,0.2575369702994889,-1.2675531253883383,True,True
MRVL,2024-10-16,2024,0.62907694245059,2.8459891701297133,True,True
MRVL,2024-10-17,2024,-0.2288957565672215,-5.039819327231659,True,True
MRVL,2024-11-04,2024,-0.0739768524042448,0.7039732728791355,True,True
MRVL,2024-11-07,2024,0.5478630614914934,2.4095071958133536,True,True
MRVL,2024-12-03,2024,-0.0552373158756158,-1.800327332242231,True,True
MRVL,2024-12-04,2024,0.7117335529244211,5.172260304460076,True,True
MRVL,2024-12-05,2024,-0.2657858613589652,-2.7539464653397463,True,True
MRVL,2024-12-06,2024,-0.1418575960521759,0.0088121254846588,True,True
MRVL,2024-12-10,2024,-0.2907591064973558,-1.12151265177495,True,True
MRVL,2024-12-16,2024,0.3022202269202502,1.787609174761242,True,True
MRVL,2024-12-17,2024,0.1235274895841892,-8.316314026631805,True,True
MRVL,2025-01-21,2025,-0.0379867802819079,-1.505136577207921,True,True
MRVL,2025-05-13,2025,-0.238702735936076,0.5994466646172771,True,True
MRVL,2025-06-20,2025,0.0363872307292889,-4.619776797300808,True,True
MRVL,2025-06-23,2025,0.0419067215363582,-2.89437585733882,True,True
MRVL,2025-06-27,2025,-0.123002789753987,-2.1557189956885656,True,True
MRVL,2025-07-31,2025,0.5941704035874306,-2.581505272088243,True,True
MRVL,2025-08-01,2025,-0.1965230928905118,-3.3899844317592103,True,True
MRVL,2025-09-25,2025,-0.1913943355119965,7.407407407407408,True,True
MRVL,2025-09-26,2025,-0.2879574827877917,0.4348351250150977,True,True
MRVL,2025-11-03,2025,1.2533918723563715,-3.2553407934893253,True,True
MRVL,2025-11-07,2025,0.2656120445123425,-0.7418721361553487,True,True
MRVL,2025-12-04,2025,0.1115272324574561,-1.1376220678546216,True,True
MRVL,2026-03-09,2026,0.0397730681818102,5.306818181818184,True,True
MRVL,2026-03-10,2026,-0.165531937850664,0.6581786793267149,True,True
MRVL,2026-03-11,2026,0.2707185897436028,-3.408119658119656,True,True
MRVL,2026-04-01,2026,0.460540915395275,5.736080840103037,True,True
MRVL,2026-04-02,2026,0.6745845552297175,4.701857282502446,True,True
MRVL,2026-04-09,2026,0.4585095204068825,0.8112311378252308,True,True
MRVL,2026-04-10,2026,1.0948002587740595,3.833090732654059,True,True
MRVL,2026-04-13,2026,0.3824323513575901,0.9691562187524186,True,True
MRVL,2026-04-14,2026,-0.0656013518477741,-1.7045037102343852,True,True
MRVL,2026-04-15,2026,0.708286792452829,1.584905660377354,True,True
MRVL,2026-04-21,2026,0.9068594485541368,1.7686617350370033,True,True
MRVL,2026-04-24,2026,-0.2148941806728982,-3.2708327201012635,True,True
MRVL,2026-04-27,2026,0.5055199210558751,-2.467003823855927,True,True
MRVL,2026-05-14,2026,-0.1786500691562973,0.9183955739972318,True,True
MRVL,2026-05-15,2026,0.7377055779183453,1.7366302472685349,True,True
MRVL,2026-05-27,2026,-0.2543452970297098,-8.897139713971395,True,True
MRVL,2026-05-28,2026,2.0275372578616406,2.9433962264150915,True,True
MRVL,2026-05-29,2026,0.1344332925336529,0.3720930232558095,True,True
MRVL,2026-06-01,2026,0.3716504951988328,10.230757629078475,True,True
MRVL,2026-06-03,2026,1.762239083210022,-4.952302994049687,True,True
MRVL,2026-06-04,2026,0.9145656779660885,11.696680790960452,True,True
MRVL,2026-06-05,2026,-0.2467378964941467,-12.030050083472444,True,True
MRVL,2026-06-08,2026,0.6232441993549147,-0.0346824818783913,True,True
MRVL,2026-06-09,2026,0.5780624499599671,-10.968775020016013,True,True
MRVL,2026-08-20,2026,0.9234157001176562,5.515632879475542,True,True
MRVL,2026-08-21,2026,-0.2486469352985413,-6.077895320733775,True,True
MS,2022-01-06,2022,-0.2425470610833617,-0.691509796388781,True,True
MS,2022-01-07,2022,-0.0736389546398786,0.5168832423554522,True,True
MS,2022-01-13,2022,0.066296045634723,-0.821811853427447,True,True
MS,2022-06-01,2022,-0.0808537714021296,-1.6658954187875958,True,True
MS,2022-11-03,2022,-0.1079460630869361,0.6982903924873565,True,True
MS,2022-11-11,2022,0.0360674157303368,2.0674157303370824,True,True
MS,2022-12-01,2022,0.0106920266494619,-0.0752202879862533,True,True
MS,2022-12-02,2022,0.1341389070324444,0.2394948835183963,True,True
MS,2022-12-14,2022,-0.1167873743379122,-2.2592152199762223,True,True
MS,2023-01-13,2023,-0.210412220599801,2.909131753341574,True,True
MS,2023-01-17,2023,-0.2480187695516253,1.2304483837330475,True,True
MS,2023-01-18,2023,0.204679752066122,-0.2685950413223046,True,True
MS,2023-01-19,2023,-0.1103160342458395,-0.4650671176408389,True,True
MS,2023-01-20,2023,-0.0140231594603032,2.220333581217469,True,True
MS,2023-01-23,2023,-0.175206008136029,1.2934181704391308,True,True
MS,2023-02-03,2023,0.0653501628664491,1.2011400651465869,True,True
MS,2023-04-20,2023,-0.1224596549805172,0.6566499721758524,True,True
MS,2023-06-16,2023,-0.2666257531800967,-1.6848917652309807,True,True
MS,2023-06-20,2023,-0.2542135476463775,-0.4247990815154884,True,True
MS,2023-07-19,2023,-0.0491961063108493,1.892157935032254,True,True
MS,2023-07-20,2023,-0.2464611749543652,0.7517989474814766,True,True
MS,2023-09-15,2023,0.0900493281170219,0.2324658388614824,True,True
MS,2023-09-18,2023,-0.2999999999999984,0.1467765609122837,True,True
MS,2023-12-04,2023,0.3343980037429729,1.3100436681222671,True,True
MS,2023-12-11,2023,-0.130545101371855,0.5341750637367946,True,True
MS,2023-12-14,2023,0.0657457296801554,4.379227330046994,True,True
MS,2023-12-15,2023,-0.1356593406593309,0.395604395604395,True,True
MS,2023-12-18,2023,-0.2999999999999992,-0.9927994763255472,True,True
MS,2023-12-21,2023,0.2031801161339231,0.4721332826830065,True,True
MS,2024-03-05,2024,0.2396923421908175,-0.0560600964233626,True,True
MS,2024-03-06,2024,0.917955514578769,-1.2677192578079917,True,True
MS,2024-03-22,2024,0.0411462788708372,-1.7215568862275443,True,True
MS,2024-05-22,2024,0.9206556082148496,-0.5331753554502432,True,True
MS,2024-07-02,2024,-0.1287460846721236,0.7072850358694583,True,True
MS,2024-07-10,2024,-0.0860306311579332,0.916983708906446,True,True
MS,2024-07-12,2024,-0.0816095238095234,-0.7904761904761889,True,True
MS,2024-07-16,2024,-0.2329780082589032,2.0263132622683178,True,True
MS,2024-07-17,2024,-0.1007707679132224,1.7889428109239651,True,True
MS,2024-07-18,2024,-0.2391673706936996,-1.6521167746174834,True,True
MS,2024-07-19,2024,-0.2952392321650145,-2.483048419444174,True,True
MS,2024-10-15,2024,0.1880268572666182,-2.698722113926788,True,True
MS,2024-10-16,2024,-0.1720482546201177,2.250171115674204,True,True
MS,2024-10-17,2024,-0.2084328295900471,-0.275528095516405,True,True
MS,2024-10-18,2024,0.0711746005186891,1.280013385760898,True,True
MS,2024-10-22,2024,-0.0118742031449338,0.569485762855918,True,True
MS,2024-11-07,2024,-0.2923741777573803,-1.766865534648923,True,True
MS,2025-01-17,2025,-0.1315878378378372,1.2705640423031652,True,True
MS,2025-01-21,2025,-0.1757768982702899,0.6523013778950563,True,True
MS,2025-01-22,2025,-0.2564184758851749,-0.9543931225411644,True,True
MS,2025-05-13,2025,-0.292196305572952,1.2366938008766422,True,True
MS,2025-05-20,2025,-0.2232309232309169,-0.5698005698005768,True,True
MS,2025-06-23,2025,0.3794638800545316,1.4614569135241608,True,True
MS,2025-06-30,2025,-0.0675005299978753,-0.4946646880079066,True,True
MS,2025-07-01,2025,0.097550555397323,0.4628311022500752,True,True
MS,2025-08-13,2025,-0.299999999999999,-0.2666306659016573,True,True
MS,2025-08-25,2025,-0.0911406946884758,-0.2297607784835812,True,True
MS,2025-09-10,2025,-0.2413145846958732,0.810987573577489,True,True
MS,2025-09-12,2025,0.2271075651254596,0.2018648466788594,True,True
MS,2025-09-17,2025,-0.277722803881491,0.5234933605720261,True,True
MS,2025-09-22,2025,-0.3000000000000034,0.8724031883512121,True,True
MS,2025-10-16,2025,0.2501258814151719,-1.90079097430866,True,True
MS,2025-11-13,2025,0.1504917161335965,-2.194264788399636,True,True
MS,2025-12-09,2025,0.2865369385677119,1.182260436700986,True,True
MS,2025-12-12,2025,-0.3000000000000039,-1.5070383659950417,True,True
MS,2026-01-06,2026,0.3354740224959807,0.5623995715050946,True,True
MS,2026-01-16,2026,0.0845582640182549,-0.7688069061425853,True,True
MS,2026-01-20,2026,-0.2999999999999941,-1.7165991902834046,True,True
MS,2026-04-15,2026,0.001496100588883,1.602207013634666,True,True
MS,2026-04-16,2026,0.1281883412768983,-1.922170428953028,True,True
MS,2026-04-17,2026,0.1419419525065958,-0.3588390501319297,True,True
MS,2026-05-21,2026,0.0477731156160005,1.3447247358576395,True,True
MS,2026-05-28,2026,0.5677370948379339,1.950780312124853,True,True
MS,2026-06-01,2026,-0.2999999999999967,1.6473194932806643,True,True
MS,2026-06-03,2026,-0.3000000000000012,-1.5273613193403257,True,True
MS,2026-06-18,2026,-0.1781439608887308,-2.571041948579168,True,True
MS,2026-06-22,2026,-0.0933086321732669,0.1896696219840229,True,True
MS,2026-07-15,2026,-0.2776156264032282,2.608890884598115,True,True
MS,2026-07-16,2026,-0.2999999999999952,-4.320203303684873,True,True
MSFT,2021-10-27,2021,0.5676424050632876,2.297468354430377,True,True
MSFT,2021-10-28,2021,-0.2277591921683459,-0.0015416634548664,True,True
MSFT,2021-11-01,2021,-0.2593804228093698,-0.5960374824583974,True,True
MSFT,2021-11-23,2021,-0.1609153779941282,0.2493247454809815,True,True
MSFT,2022-07-28,2022,0.102985129973667,2.4993510587013787,True,True
MSFT,2022-07-29,2022,-0.0055607577612952,1.1092703306201772,True,True
MSFT,2022-08-01,2022,-0.2964127658043435,0.0323822545245115,True,True
MSFT,2022-10-26,2022,-0.0453549783549792,0.0877489177489147,True,True
MSFT,2022-12-14,2022,0.1031571989579686,0.0155527042264553,True,True
MSFT,2022-12-15,2022,-0.1074455086516145,-1.8722163099601907,True,True
MSFT,2023-02-03,2023,-0.0580003852822108,-0.4661914852629691,True,True
MSFT,2023-02-08,2023,0.3936541067047591,-2.347211541982485,True,True
MSFT,2023-02-09,2023,-0.2344558071585014,-3.6888239590942375,True,True
MSFT,2023-02-10,2023,0.2489332415691567,0.5964670796054149,True,True
MSFT,2023-02-14,2023,-0.2195495892018669,-0.1320422535211317,True,True
MSFT,2023-03-16,2023,-0.2210490591651342,4.159282024209069,True,True
MSFT,2023-03-17,2023,0.0190686803308084,0.4746494066882391,True,True
MSFT,2023-03-20,2023,-0.1452589785237368,-1.739758166395955,True,True
MSFT,2023-03-21,2023,-0.2782385681545433,-0.4001600640255978,True,True
MSFT,2023-04-27,2023,0.0668296591831317,3.0159588855829105,True,True
MSFT,2023-04-28,2023,-0.1262780681855693,1.0356050892592883,True,True
MSFT,2023-05-01,2023,-0.0757724902216355,-0.4074315514993481,True,True
MSFT,2023-05-26,2023,0.1739119698746704,2.740909932711894,True,True
MSFT,2023-05-30,2023,-0.2583629150135703,-1.1961936580854906,True,True
MSFT,2023-06-01,2023,-0.070720264925028,1.9930702480605893,True,True
MSFT,2023-06-16,2023,-0.186404420770782,-2.4240180021078395,True,True
MSFT,2023-06-20,2023,-0.1748717540601737,-0.3595956023226252,True,True
MSFT,2023-07-19,2023,-0.2152515549412496,-1.8631651693158284,True,True
MSFT,2023-07-20,2023,0.063755409112776,-1.8921288570862904,True,True
MSFT,2023-10-26,2023,0.0191196335232123,-3.729370999001599,True,True
MSFT,2023-11-21,2023,-0.246924325907007,-0.6947217120498319,True,True
MSFT,2024-01-22,2024,-0.1229926733515118,-0.8526918556675314,True,True
MSFT,2024-01-23,2024,-0.2294498218302101,0.8112411231014126,True,True
MSFT,2024-01-31,2024,0.6530002948692845,-2.3368390013760543,True,True
MSFT,2024-03-15,2024,0.4870614610412792,-0.6840134513105476,True,True
MSFT,2024-03-18,2024,0.0923017501508764,0.7531683765841894,True,True
MSFT,2024-06-24,2024,-0.2822775247194801,-0.5043884012887543,True,True
MSFT,2024-09-20,2024,0.0113842809747179,-0.4164283262784563,True,True
MSFT,2024-09-23,2024,-0.2081698443400461,-0.2095422308188192,True,True
MSFT,2024-10-31,2024,-0.0237295486855726,-2.09633502807161,True,True
MSFT,2025-01-23,2025,-0.1038599823621157,1.0107862424530154,True,True
MSFT,2025-05-01,2025,0.927739963842016,-1.4625440385685151,True,True
MSFT,2025-05-02,2025,0.1272329287501123,0.7829148522190297,True,True
MSFT,2025-06-23,2025,-0.3000000000000056,1.6122623951820407,True,True
MSFT,2025-06-24,2025,-0.1552265057776769,0.239288270784337,True,True
MSFT,2025-06-30,2025,-0.1074360212457847,0.0241429261226469,True,True
MSFT,2025-07-01,2025,0.0132631070112211,-0.8842071340812475,True,True
MSFT,2025-08-01,2025,-0.1341439252336445,-2.0560747663551404,True,True
MSFT,2025-08-05,2025,-0.2888653115925929,-1.772019953838132,True,True
MSFT,2025-09-22,2025,0.1157470082817678,-0.236622122228908,True,True
MSFT,2025-10-29,2025,-0.0585026149188179,-0.4385723460868153,True,True
MSFT,2025-10-30,2025,0.1249246190404455,-0.8411285455642797,True,True
MSFT,2026-04-16,2026,-0.2762562514884421,0.0345320314360654,True,True
MSFT,2026-04-17,2026,-0.1850030601195818,-0.510804576055745,True,True
MSFT,2026-04-20,2026,0.2089391709007954,-0.7360273517261082,True,True
MSFT,2026-05-29,2026,0.666170178319491,3.956102412285778,True,True
MSFT,2026-06-01,2026,-0.1327037260132463,-0.9358058686859922,True,True
MSFT,2026-06-02,2026,0.7333109484476048,-1.217737783448615,True,True
MSFT,2026-07-31,2026,0.976245083005533,3.362446385314576,True,True
MSFT,2026-08-03,2026,0.5020057968579361,2.4237377131815485,True,True
MSFT,2026-08-04,2026,0.7741612762328626,2.519811144158562,True,True
MSFT,2026-08-05,2026,0.0877032499848839,-1.781144848985508,True,True
MU,2021-11-10,2021,-0.2649090418717531,-1.0181376845795906,True,True
MU,2021-11-15,2021,-0.1589634773662542,-1.234567901234578,True,True
MU,2021-11-22,2021,1.929598182253029,0.298971537909591,True,True
MU,2021-11-23,2021,1.341152263374495,0.4232804232804226,True,True
MU,2021-11-24,2021,0.0293146160198191,1.7223074200778672,True,True
MU,2021-12-02,2021,0.6766235336800095,0.2297738541540666,True,True
MU,2021-12-22,2021,-0.2889222222222227,0.3666666666666647,True,True
MU,2021-12-27,2021,-0.0553243704652173,0.7522407170294476,True,True
MU,2021-12-30,2021,0.0062817796610087,-0.5508474576271295,True,True
MU,2022-11-11,2022,0.7844100197758849,2.983520105471327,True,True
MU,2023-01-09,2023,-0.2299244421015555,-0.9664382358109246,True,True
MU,2023-01-24,2023,0.6958572130342208,0.3111183887342357,True,True
MU,2023-03-24,2023,0.2355342533674809,1.099082720436326,True,True
MU,2023-03-27,2023,-0.1695666394112842,-2.1913327882256683,True,True
MU,2023-03-30,2023,-0.0348819020804136,-1.3139371187235982,True,True
MU,2023-03-31,2023,1.0725493448333023,0.0829324929507451,True,True
MU,2023-04-11,2023,-0.0650062853551234,-0.1099937146448778,True,True
MU,2023-05-16,2023,-0.2073276529821893,-1.285824941905497,True,True
MU,2023-05-19,2023,-0.0785428698356223,0.9181104694210048,True,True
MU,2023-05-23,2023,0.805254365983293,0.2581624905087346,True,True
MU,2023-05-26,2023,0.2420804120761202,5.751895836314203,True,True
MU,2023-05-30,2023,0.1149480257856659,-3.706688154713928,True,True
MU,2023-05-31,2023,-0.0033384135278398,-0.9652369547862574,True,True
MU,2023-07-28,2023,-0.0492875104777873,-0.4889633975970862,True,True
MU,2023-09-01,2023,-0.2574052976360058,0.2278553118769533,True,True
MU,2023-11-06,2023,-0.0115321025075769,0.5648939101680857,True,True
MU,2023-11-10,2023,-0.0455949503088774,1.195272629599786,True,True
MU,2023-12-15,2023,-0.3000000000000059,-1.9869942196531856,True,True
MU,2023-12-18,2023,-0.1289251133717284,0.0,True,True
MU,2023-12-22,2023,0.1280956249274763,0.3655564581640916,True,True
MU,2023-12-26,2023,-0.133248745602387,0.3979468250764324,True,True
MU,2024-01-24,2024,-0.2324144164501304,-0.4801717320076956,True,True
MU,2024-01-25,2024,0.2368633610051607,0.0785281579537729,True,True
MU,2024-02-27,2024,0.3072656080052195,-0.0978899282140563,True,True
MU,2024-02-28,2024,0.0637077161176402,-0.7848772938315209,True,True
MU,2024-03-04,2024,-0.0224273045988835,-1.2373685295937336,True,True
MU,2024-03-05,2024,-0.2735627916843413,0.2439541790411582,True,True
MU,2024-03-08,2024,-0.1702342811373618,-2.2527032438926717,True,True
MU,2024-03-11,2024,0.0118873826902969,-1.4077163712200298,True,True
MU,2024-03-22,2024,-0.0628579269966243,0.8096240051230361,True,True
MU,2024-03-25,2024,1.5889765207143574,6.10098812437676,True,True
MU,2024-03-26,2024,-0.0070208280843199,-0.2435542118081733,True,True
MU,2024-03-27,2024,-0.2080874958095734,-0.0419041233657368,True,True
MU,2024-04-02,2024,-0.2512509167956903,0.0407464754298845,True,True
MU,2024-04-04,2024,0.0563672872749701,-4.562240344668405,True,True
MU,2024-06-06,2024,0.005690996111277,-2.7894107089440547,True,True
MU,2024-06-18,2024,0.3044813496770762,1.1401080796098522,True,True
MU,2024-06-20,2024,-0.0650980641874628,-8.208099847172686,True,True
MU,2024-06-21,2024,-0.0464947330185201,1.2786051580094375,True,True
MU,2024-09-27,2024,-0.3000000000000049,-2.723981900452493,True,True
MU,2024-09-30,2024,0.3375649099651187,-2.2343735269161784,True,True
MU,2024-10-01,2024,0.4713733075435143,-3.007736943907156,True,True
MU,2024-12-17,2024,-0.2546818181818237,-1.236363636363636,True,True
MU,2024-12-18,2024,-0.2909569160997725,-6.013605442176866,True,True
MU,2025-02-19,2025,0.07693761814745,-1.3610586011342134,True,True
MU,2025-03-21,2025,0.0045824847250438,-3.523421588594713,True,True
MU,2025-05-13,2025,0.4539159554931459,4.699146591768401,True,True
MU,2025-05-14,2025,0.4457303137336303,-0.9193849989611522,True,True
MU,2025-05-15,2025,-0.0985001595574986,1.574300606318466,True,True
MU,2025-05-16,2025,0.167489840575184,2.198603730332395,True,True
MU,2025-06-04,2025,0.4978919472913632,0.7418252806246861,True,True
MU,2025-06-06,2025,0.6312586701193024,0.3976694719319401,True,True
MU,2025-06-23,2025,-0.1548880084094821,-1.2856796312767875,True,True
MU,2025-06-25,2025,-0.1028865164096471,0.8223803875049449,True,True
MU,2025-06-26,2025,-0.0536941249131636,-2.7097969582336177,True,True
MU,2025-06-27,2025,-0.1406457284424189,-0.3036841684647929,True,True
MU,2025-08-12,2025,0.2275132275132384,2.421035754369096,True,True
MU,2025-09-08,2025,-0.2083780058202045,0.6892326543115157,True,True
MU,2025-09-10,2025,0.761017070209281,0.0142846939504394,True,True
MU,2025-09-11,2025,0.7659540502131473,1.8745347499492329,True,True
MU,2025-09-12,2025,0.9272367923913756,2.403752198553839,True,True
MU,2025-09-15,2025,0.5566382382891952,0.4009674134419523,True,True
MU,2025-09-19,2025,0.2452104454685087,-0.0430107526881678,True,True
MU,2025-09-22,2025,-0.1332015209125515,0.124714828897346,True,True
MU,2025-10-02,2025,0.2768615151679016,-0.6434867247066445,True,True
MU,2025-10-17,2025,0.3103673223605036,1.570654355680447,True,True
MU,2025-11-06,2025,0.6054490413723501,0.2270433905146283,True,True
MU,2025-11-07,2025,0.039575567234971,1.6493611930094367,True,True
MU,2025-11-11,2025,0.3908270555533134,-2.852193530193765,True,True
MU,2025-12-19,2025,1.4633959715545564,5.653331214492865,True,True
MU,2025-12-22,2025,-0.249637380479862,-0.1912321847374969,True,True
MU,2026-01-05,2026,-0.1773413711438533,-3.9922492541445016,True,True
MU,2026-01-07,2026,0.1974611839981424,-0.6016847172081696,True,True
MU,2026-01-20,2026,1.2993336623889402,0.08774816277284,True,True
MU,2026-01-21,2026,-0.2411752085177295,4.307131171722048,True,True
MU,2026-01-22,2026,-0.2095098830173357,0.2395118999596583,True,True
MU,2026-01-23,2026,0.1568558336270684,0.6155899088574432,True,True
MU,2026-01-29,2026,-0.2342452980373366,-0.8914966682586157,True,True
MU,2026-02-02,2026,0.4982192246106081,6.223009364840598,True,True
MU,2026-03-17,2026,0.0227606704453692,2.0208381672135816,True,True
MU,2026-03-18,2026,0.3756341027902796,-0.6432459178624463,True,True
MU,2026-03-19,2026,0.0872163638075583,4.56642500706149,True,True
MU,2026-05-06,2026,-0.227531535351383,0.9418962097006264,True,True
MU,2026-05-07,2026,0.1480002462182321,-0.4724312512503347,True,True
MU,2026-05-11,2026,-0.2270776059925921,0.3190496607732821,True,True
MU,2026-05-12,2026,-0.2613915063895818,-1.1533496837485553,True,True
MU,2026-05-13,2026,-0.0313561198877798,-1.1774693636497782,True,True
MU,2026-05-27,2026,-0.2280008791484856,-2.82164798476143,True,True
MU,2026-05-28,2026,1.3021147396482846,-0.7449370082125758,True,True
MU,2026-06-26,2026,0.4008223168056159,-1.455024133391832,True,True
MU,2026-06-29,2026,-0.2567174625675633,1.4441392752724331,True,True
NET,2021-09-24,2021,0.6111957349580964,-0.6702208682406883,True,True
NET,2021-10-12,2021,-0.1087814233851554,3.459141037057321,True,True
NET,2021-10-14,2021,0.383720499196825,2.1129371061411018,True,True
NET,2021-10-15,2021,1.154712799359719,3.232161546512344,True,True
NET,2021-10-18,2021,-0.0739498806682605,7.7744630071599055,True,True
NET,2021-10-19,2021,-0.1194846796657501,-3.5988857938718706,True,True
NET,2021-10-20,2021,-0.1957063139931708,-0.1990898748578058,True,True
NET,2022-02-11,2022,0.5343096234309569,-12.133891213389122,True,True
NET,2022-02-14,2022,0.2618900353491857,0.945829750644879,True,True
NET,2022-03-01,2022,1.0771190803019857,0.8665065202470752,True,True
NET,2022-07-21,2022,-0.056280556600226,4.9781872884543015,True,True
NET,2022-08-05,2022,0.1652085156022302,8.256780402449706,True,True
NET,2022-08-08,2022,1.024198186093381,-1.0547531071548493,True,True
NET,2022-08-09,2022,0.0419067215363582,-1.7283950617284018,True,True
NET,2023-01-27,2023,0.9599673868732124,8.275580921320822,True,True
NET,2023-01-30,2023,0.370350307455805,-3.9969254419677136,True,True
NET,2023-02-03,2023,0.3813599863317985,1.5547582436357363,True,True
NET,2023-02-13,2023,0.3314333333333389,6.799999999999998,True,True
NET,2023-02-14,2023,-0.1562710235463628,9.498638475092102,True,True
NET,2023-02-15,2023,0.1637209302325772,5.232558139534897,True,True
NET,2023-04-13,2023,0.1377607025246918,1.7406303904657243,True,True
NET,2023-05-31,2023,-0.193287461773711,5.978593272171248,True,True
NET,2023-06-01,2023,-0.2999999999999956,2.8044280442804514,True,True
NET,2023-07-18,2023,0.3705971173644529,0.0686341798215667,True,True
NET,2023-07-19,2023,0.5768096333378488,-1.6235962657285927,True,True
NET,2023-07-20,2023,-0.0496372767857284,-6.180245535714295,True,True
NET,2023-08-07,2023,0.7220361069836655,0.7429420505200595,True,True
NET,2023-11-08,2023,0.4286236297198328,-1.6747868453106096,True,True
NET,2023-11-15,2023,0.9852670349907856,0.3258251877036262,True,True
NET,2023-12-14,2023,0.1461659409772497,2.406869859700042,True,True
NET,2023-12-15,2023,-0.0766155660377387,0.283018867924539,True,True
NET,2023-12-18,2023,-0.2999999999999991,-0.1355972173092902,True,True
NET,2024-01-23,2024,0.0754736965988064,-1.2239613981405109,True,True
NET,2024-02-09,2024,1.3843051771117134,-1.9800181653042623,True,True
NET,2024-02-12,2024,0.3208202631209294,-1.0815113067091169,True,True
NET,2024-02-13,2024,-0.2301471324191764,0.0200180162146033,True,True
NET,2024-06-21,2024,0.2984860459050418,1.591027647365674,True,True
NET,2024-09-23,2024,-0.070860045965896,3.544211926938421,True,True
NET,2024-09-24,2024,0.1107269454123218,-0.6504065040650269,True,True
NET,2024-10-11,2024,-0.0103615235635908,0.6132989025177613,True,True
NET,2024-10-14,2024,0.8346259220231741,-1.2118018967334094,True,True
NET,2024-11-08,2024,2.5517919728660208,3.1543244771057,True,True
NET,2024-11-12,2024,0.1141913015394486,-2.1423188717838246,True,True
NET,2024-11-14,2024,0.7449184840144086,-2.593690450984532,True,True
NET,2024-11-22,2024,0.1313942307692336,0.192307692307695,True,True
NET,2024-12-03,2024,0.4812421398858506,1.509141917384156,True,True
NET,2024-12-18,2024,-0.2999999999999976,-7.280149685320635,True,True
NET,2025-01-21,2025,0.3102716753311971,0.4527922186818648,True,True
NET,2025-01-28,2025,0.1866208181324113,8.71691376232243,True,True
NET,2025-01-29,2025,-0.1842716192687106,-1.0156703424260052,True,True
NET,2025-01-30,2025,-0.3000000000000087,-0.0874316939890743,True,True
NET,2025-02-04,2025,-0.3000000000000097,0.4587155963302654,True,True
NET,2025-02-07,2025,2.520568208469059,8.488599348534203,True,True
NET,2025-02-10,2025,-0.044053731343285,3.044776119402982,True,True
NET,2025-02-11,2025,0.4154941176470656,1.4941176470588189,True,True
NET,2025-05-12,2025,0.237949640287766,2.496402877697841,True,True
NET,2025-05-13,2025,-0.0497420164551611,4.852879654162606,True,True
NET,2025-05-14,2025,0.0246809210526403,1.638157894736848,True,True
NET,2025-05-15,2025,-0.0131685628350973,-0.0719236301817609,True,True
NET,2025-05-19,2025,0.0356902356902463,2.0331520331520427,True,True
NET,2025-06-06,2025,-0.1882224339929349,0.6726834463815332,True,True
NET,2025-06-30,2025,-0.0731252077420678,0.0843752397023814,True,True
NET,2025-07-21,2025,0.2832173474533559,-0.2672718103883011,True,True
NET,2025-08-01,2025,1.3762206785462645,0.8053961542333608,True,True
NET,2025-09-12,2025,-0.2933176943699818,-1.0232350312779357,True,True
NET,2025-10-31,2025,1.1375348837209296,7.073995771670186,True,True
NET,2025-11-03,2025,1.5773684829939878,-2.640147503040285,True,True
NET,2025-11-04,2025,-0.300000000000004,-3.055150884495319,True,True
NET,2025-11-05,2025,-0.0068024728459127,-1.9190314686815777,True,True
NET,2026-03-19,2026,-0.300000000000005,-0.5605381165919282,True,True
NET,2026-05-06,2026,-0.2999999999999966,2.5284606500577445,True,True
NET,2026-05-08,2026,0.5169873860602111,-9.85774790534942,True,True
NET,2026-06-02,2026,0.5445744251714336,3.7621682510446326,True,True
NET,2026-07-08,2026,-0.0283175930419117,2.124006121915711,True,True
NET,2026-07-15,2026,0.1348888735027299,-5.442082669805451,True,True
NET,2026-08-03,2026,3.220043393283003,1.3860747009987455,True,True
NET,2026-08-05,2026,0.3046854172220637,-2.372700613169823,True,True
NET,2026-08-06,2026,-0.0113002330673007,0.4414153541916802,True,True
NET,2026-08-10,2026,1.2182741116751348,5.072758037225046,True,True
NET,2026-08-11,2026,-0.2935175552665904,-0.2405721716514984,True,True
NET,2026-08-12,2026,0.0679919704720519,0.8482807744609222,True,True
NET,2026-08-14,2026,-0.2999999999999985,-4.631419939577035,True,True
NFLX,2021-10-01,2021,0.070956806455876,1.394033602328342,True,True
NFLX,2021-10-05,2021,0.9541294550736992,4.793898674414376,True,True
NFLX,2021-10-06,2021,0.4380129899073599,1.7431309497277925,True,True
NFLX,2021-10-22,2021,0.3742684946632264,1.9506808980493056,True,True
NFLX,2021-10-25,2021,0.0256105655368107,1.36670136217587,True,True
NFLX,2022-07-20,2022,-0.1898448383532634,3.919873180573582,True,True
NFLX,2022-07-21,2022,0.4118105459636006,4.4750349976668105,True,True
NFLX,2022-07-22,2022,0.0899784192069065,-0.8902077151335267,True,True
NFLX,2022-07-25,2022,0.1462362674623678,-1.2025860120258585,True,True
NFLX,2022-09-19,2022,-0.2227005631273966,-0.5753692973149419,True,True
NFLX,2022-09-20,2022,0.2676308024768339,0.9641358101649808,True,True
NFLX,2022-09-21,2022,-0.2178307990274802,-2.414801994478092,True,True
NFLX,2022-10-20,2022,0.388166831883104,-1.597092190769917,True,True
NFLX,2022-10-24,2022,-0.241597463905451,-2.584335481203267,True,True
NFLX,2022-11-15,2022,0.2059114414996953,0.2844214608920477,True,True
NFLX,2022-12-02,2022,0.8142034526071629,3.243260652516987,True,True
NFLX,2022-12-05,2022,0.2040448397901948,-1.2165834544650085,True,True
NFLX,2022-12-12,2022,0.7096518097143258,-1.459648684128279,True,True
NFLX,2023-01-11,2023,-0.2205431584109803,0.2911966650318748,True,True
NFLX,2023-01-13,2023,0.150201533472732,0.8743219080522443,True,True
NFLX,2023-01-23,2023,0.625500014641726,4.660458578582086,True,True
NFLX,2023-01-24,2023,-0.2302367890729934,1.8556874160322585,True,True
NFLX,2023-05-19,2023,-0.240682045595897,-1.2088595613489386,True,True
NFLX,2023-05-22,2023,-0.2359096753015834,-0.6920699182099114,True,True
NFLX,2023-05-25,2023,-0.1282419628219684,-0.2389619050265397,True,True
NFLX,2023-05-30,2023,0.1891189493811016,-1.079299587400629,True,True
NFLX,2023-05-31,2023,-0.2821914312689819,0.8854525504605955,True,True
NFLX,2023-06-08,2023,-0.0306551266978344,2.3913750406483736,True,True
NFLX,2023-06-12,2023,0.5091759763200597,1.2221903943473704,True,True
NFLX,2023-07-19,2023,0.0958449042049233,-0.0104808619460888,True,True
NFLX,2023-07-20,2023,0.0010063737001022,-2.1737671922173702,True,True
NFLX,2023-09-06,2023,0.0602569535832982,-0.571007962884483,True,True
NFLX,2023-12-19,2023,0.1940090090090097,1.365683865683869,True,True
NFLX,2024-01-25,2024,-0.0760159434731445,1.8479934776700664,True,True
NFLX,2024-01-26,2024,0.2306117726633623,1.5183069009095758,True,True
NFLX,2024-01-29,2024,-0.0487388990986388,0.761354686269366,True,True
NFLX,2024-06-17,2024,0.1306212730343327,0.975923241320556,True,True
NFLX,2024-06-18,2024,-0.0115085179758019,1.543744357118534,True,True
NFLX,2024-06-24,2024,-0.2272262773722669,-2.35182481751825,True,True
NFLX,2024-08-21,2024,-0.0854375896700165,0.0129124820660016,True,True
NFLX,2024-09-20,2024,-0.17140953865777,-0.63071362766635,True,True
NFLX,2024-09-23,2024,-0.2999999999999995,0.421418300374441,True,True
NFLX,2024-09-24,2024,0.0816430638598825,2.235273306209087,True,True
NFLX,2024-09-25,2024,-0.1617198335645012,0.0776699029126137,True,True
NFLX,2024-10-21,2024,-0.1866764217870209,0.8467357364027116,True,True
NFLX,2024-10-22,2024,-0.1710910563159589,-0.1998223801065684,True,True
NFLX,2024-11-18,2024,0.2146295410796828,3.832714164858203,True,True
NFLX,2024-11-19,2024,0.2995534742482864,3.792795474843706,True,True
NFLX,2024-11-20,2024,-0.2036966749244221,0.4431918907247866,True,True
NFLX,2024-11-21,2024,-0.1804407588836208,1.5329268154718212,True,True
NFLX,2024-11-22,2024,-0.2109932700892943,0.2176339285714336,True,True
NFLX,2024-11-26,2024,0.6090905947042534,0.6085372742048896,True,True
NFLX,2025-01-24,2025,-0.1106083847177502,-0.706006643573301,True,True
NFLX,2025-04-22,2025,0.6619914453397082,3.403959017208797,True,True
NFLX,2025-04-23,2025,-0.2666905307369027,0.2061855670103171,True,True
NFLX,2025-06-30,2025,-0.2655902456229899,0.5140597209819018,True,True
NFLX,2025-07-02,2025,-0.1877744649025363,-0.9321798667653702,True,True
NFLX,2025-10-21,2025,-0.2999999999999972,-0.0844846036867435,True,True
NFLX,2025-10-22,2025,0.0489063867016595,-2.338582677165356,True,True
NFLX,2026-03-02,2026,1.395507033382316,1.8895653999580069,True,True
NFLX,2026-03-03,2026,1.527642953858958,1.7706488907405358,True,True
NFLX,2026-04-17,2026,1.4073689673067036,0.9652309289050408,True,True
NKE,2021-11-04,2021,0.0357877010626442,1.968526798676027,True,True
NKE,2021-11-09,2021,0.1078901227352527,1.583869082407953,True,True
NKE,2022-11-07,2022,0.1244315232063092,-2.990343681860653,True,True
NKE,2022-11-14,2022,0.6287642585551381,-0.7414448669201532,True,True
NKE,2022-12-14,2022,0.0682849604221656,-2.014072119613022,True,True
NKE,2022-12-22,2022,0.275745909528395,2.1174205967276114,True,True
NKE,2022-12-23,2022,0.0520540866419772,0.1378003617259466,True,True
NKE,2023-03-22,2023,0.6433042212518254,-3.38832282063723,True,True
NKE,2023-06-30,2023,-0.2109025915996462,-1.3941018766756053,True,True
NKE,2023-11-30,2023,-0.2413688591332658,-0.3076087939925843,True,True
NKE,2023-12-05,2023,0.0478109192394963,0.6628292342578102,True,True
NKE,2023-12-15,2023,0.2688662862813118,0.4382700735962845,True,True
NKE,2023-12-18,2023,-0.3000000000000051,-0.2223869532987365,True,True
NKE,2024-06-03,2024,0.1430173508252279,-0.0846381718154869,True,True
NKE,2024-06-24,2024,-0.1707896197327837,-0.1336073997944455,True,True
NKE,2024-08-16,2024,-0.1556467181467068,0.4343629343629336,True,True
NKE,2024-09-23,2024,0.2833820947922705,0.8660035108250379,True,True
NKE,2024-09-24,2024,0.150383119853615,0.0343092406221422,True,True
NKE,2024-09-25,2024,-0.1070688673875912,0.2162777461582378,True,True
NKE,2024-12-09,2024,-0.2874496475327188,-2.265861027190329,True,True
NKE,2025-02-25,2025,0.3703772880089624,1.7681484248536945,True,True
NKE,2025-05-13,2025,-0.0292924452962704,-0.423255071074909,True,True
NKE,2025-06-30,2025,-0.1325542337298898,-0.6018194541637604,True,True
NKE,2025-07-01,2025,0.3370607028754158,1.9377691346020425,True,True
NKE,2025-07-02,2025,0.612928795954631,4.455377887112212,True,True
NKE,2025-07-03,2025,0.0202845341900054,0.1507900085229068,True,True
NKE,2025-07-29,2025,-0.0594845099035122,-0.5205688166582157,True,True
NKE,2025-08-26,2025,-0.0917526425723311,-0.4240774732578112,True,True
NKE,2025-08-28,2025,-0.198498345635021,-0.8080936625095508,True,True
NKE,2025-12-17,2025,0.1044320913461447,-1.2469951923076898,True,True
NKE,2026-02-23,2026,0.1630030959752537,-2.352941176470582,True,True
NKE,2026-06-01,2026,0.2145453147314027,0.8898165439964871,True,True
NOW,2021-10-20,2021,-0.0202344240971653,-0.4004501410344488,True,True
NOW,2022-08-05,2022,0.4736926874163343,3.5077811244980004,True,True
NOW,2022-08-08,2022,-0.299999999999999,0.0383760856392643,True,True
NOW,2022-10-31,2022,0.5091680622009492,0.6889952153110037,True,True
NOW,2022-12-14,2022,0.0997479052123588,0.4513697150128437,True,True
NOW,2023-01-13,2023,0.6585271735140756,1.5146695377688597,True,True
NOW,2023-01-19,2023,1.508173885870878,2.987837123215232,True,True
NOW,2023-01-20,2023,0.6593685927306654,2.884436160298228,True,True
NOW,2023-01-24,2023,-0.300000000000005,-0.5784753363228664,True,True
NOW,2023-01-26,2023,0.3777985320226872,0.2619841510414367,True,True
NOW,2023-01-27,2023,-0.1910334878027464,0.2907230917198531,True,True
NOW,2023-01-30,2023,-0.0373111573264941,-2.08411690524127,True,True
NOW,2023-04-03,2023,-0.0969406105778462,0.5871774315862537,True,True
NOW,2023-04-05,2023,-0.2476090383604828,-1.788754598003151,True,True
NOW,2023-05-18,2023,0.0469560000000001,2.034000000000004,True,True
NOW,2023-05-19,2023,-0.2511274509803944,0.0607843137254906,True,True
NOW,2023-05-26,2023,-0.3000000000000031,0.5330689809965627,True,True
NOW,2023-05-30,2023,-0.0834981751824669,0.2025547445255499,True,True
NOW,2023-06-01,2023,0.1679263275990953,1.5258040388930594,True,True
NOW,2023-06-20,2023,0.0035823034211168,0.2686727565824826,True,True
NOW,2023-07-20,2023,-0.0347428131588625,-3.095612596633312,True,True
NOW,2023-09-01,2023,-0.0900203871880788,-0.4431264848107016,True,True
NOW,2023-11-01,2023,0.2714302925989822,2.2048192771084243,True,True
NOW,2023-11-02,2023,0.1610136225279018,-0.2960695929874896,True,True
NOW,2023-11-03,2023,-0.0260897798794541,1.0306703519930631,True,True
NOW,2023-12-01,2023,-0.2200014588956216,0.8096870668903572,True,True
NOW,2023-12-04,2023,0.0279605263157848,0.5570175438596411,True,True
NOW,2024-01-19,2024,-0.2999999999999952,-0.0879484036032303,True,True
NOW,2024-01-22,2024,0.1472263513069072,-1.0339520383062146,True,True
NOW,2024-01-23,2024,-0.256257395466321,0.1223160273881636,True,True
NOW,2024-01-24,2024,-0.2999999999999935,-0.7822026203139152,True,True
NOW,2024-01-25,2024,0.1959435897435924,-1.6564102564102512,True,True
NOW,2024-01-26,2024,0.6422826228653413,0.3141702515969193,True,True
NOW,2024-01-29,2024,0.3065044454843169,2.371834867155404,True,True
NOW,2024-07-26,2024,-0.2752515589998259,0.3208815160138012,True,True
NOW,2024-07-29,2024,-0.119601930036185,-3.515078407720143,True,True
NOW,2024-09-03,2024,-0.0462097150864003,-2.3867351704810766,True,True
NOW,2024-09-10,2024,0.0799374934647007,-0.0662243961380778,True,True
NOW,2024-09-20,2024,0.3791671193585615,1.741596227809053,True,True
NOW,2024-09-23,2024,0.5311171121168199,-1.3053966356417064,True,True
NOW,2024-10-25,2024,0.0801527275766186,-0.5411278022689708,True,True
NOW,2024-11-26,2024,-0.0375820754717088,0.9103773584905748,True,True
NOW,2024-12-05,2024,0.2284073177293607,0.7766119630526485,True,True
NOW,2024-12-11,2024,0.5740907274391721,1.0096475476215652,True,True
NOW,2025-01-23,2025,0.158513846016191,1.3886279246633544,True,True
NOW,2025-01-28,2025,-0.039913043478266,1.7356521739130466,True,True
NOW,2025-01-29,2025,0.4797986062657622,-1.4316355273018682,True,True
NOW,2025-01-30,2025,0.0766220110600547,-1.5188098761585709,True,True
NOW,2025-04-25,2025,1.3898305084745768,0.1991525423728808,True,True
NOW,2025-04-28,2025,-0.1779522842110754,-2.2482679585351923,True,True
NOW,2025-06-30,2025,-0.2094534154252575,-0.2515198011148365,True,True
NOW,2025-09-22,2025,-0.0010745473796812,-0.6174716162240915,True,True
NOW,2026-05-19,2026,-0.0465407662974388,-7.554022153622669,True,True
NOW,2026-05-20,2026,-0.3000000000000007,2.501240694789078,True,True
NOW,2026-05-29,2026,-0.2074358541526058,4.988183659689396,True,True
NOW,2026-06-01,2026,-0.0062679531560945,0.0662885762686922,True,True
NOW,2026-06-02,2026,1.879661508852965,-1.7397998460354158,True,True
NOW,2026-06-03,2026,-0.2309835143370571,-7.879521837643562,True,True
NOW,2026-07-30,2026,2.059416289592761,-0.4072398190045274,True,True
NVDA,2021-10-27,2021,-0.0718721908964551,-0.0939772820135728,True,True
NVDA,2021-11-01,2021,-0.2961129088853377,0.7017817458770367,True,True
NVDA,2021-11-03,2021,0.126164229471314,-0.2737157855267946,True,True
NVDA,2021-11-05,2021,0.4663894503164166,-1.3783506179384464,True,True
NVDA,2021-11-08,2021,0.2390261700222239,2.172543036253279,True,True
NVDA,2021-11-09,2021,-0.1980667348266365,-4.975679276264834,True,True
NVDA,2021-11-10,2021,-0.0755347091932451,0.4264028654272557,True,True
NVDA,2021-11-11,2021,-0.2148730747758725,-0.1970378641095418,True,True
NVDA,2021-11-19,2021,-0.1516185042787969,2.319236016371084,True,True
NVDA,2021-11-23,2021,-0.1324369747899177,0.6247027112731791,True,True
NVDA,2022-02-17,2022,0.3029457666796766,-4.362660944206008,True,True
NVDA,2022-03-21,2022,-0.048004376037424,0.882752376641026,True,True
NVDA,2022-03-25,2022,0.7153768916301989,-0.6060388725525344,True,True
NVDA,2022-07-21,2022,-0.2331134343377827,0.9112763459495696,True,True
NVDA,2022-11-11,2022,-0.0950181875691816,3.3117191206705767,True,True
NVDA,2022-12-14,2022,0.2542583944852091,-1.7622859684233865,True,True
NVDA,2023-01-18,2023,-0.1194147280239852,-1.6471387332314469,True,True
NVDA,2023-01-23,2023,-0.0958776007082792,6.158753873395307,True,True
NVDA,2023-01-24,2023,0.1447583643122551,2.3048327137546334,True,True
NVDA,2023-02-02,2023,0.4074289251868986,3.452545359302824,True,True
NVDA,2023-02-08,2023,0.6089154042096818,-0.7641775036868248,True,True
NVDA,2023-02-15,2023,0.1510111761575394,0.9579563597658316,True,True
NVDA,2023-02-24,2023,0.4426523143164616,0.271259418729815,True,True
NVDA,2023-03-20,2023,-0.2182627366777146,1.159476869022068,True,True
NVDA,2023-03-23,2023,0.1413131685724873,0.265584655108805,True,True
NVDA,2023-04-19,2023,-0.2890715773320146,2.0570718696335257,True,True
NVDA,2023-05-02,2023,-0.0879389100038412,-1.6353429338540386,True,True
NVDA,2023-05-17,2023,-0.2764127348925311,2.01095038529133,True,True
NVDA,2023-05-19,2023,-0.1070465433548026,-0.8106221644087714,True,True
NVDA,2023-05-22,2023,0.158049695871615,0.8865018765368219,True,True
NVDA,2023-05-26,2023,-0.3000000000000051,2.704556848465659,True,True
NVDA,2023-05-30,2023,-0.1109650094801953,-1.2262687449213312,True,True
NVDA,2023-05-31,2023,0.3813901685819807,-4.222143471877692,True,True
NVDA,2023-06-01,2023,-0.2456026397152367,3.338616228013205,True,True
NVDA,2023-06-15,2023,0.0206088773091133,0.1009318592587392,True,True
NVDA,2023-07-17,2023,0.1178487329603099,0.3823802631294776,True,True
NVDA,2023-07-19,2023,-0.2306865822571528,-0.815303263319781,True,True
NVDA,2023-08-25,2023,-0.1557900110610023,-2.114353782013102,True,True
NVDA,2024-01-09,2024,-0.1002956886684502,1.3563525371995229,True,True
NVDA,2024-01-10,2024,-0.0824727272727334,1.3510489510489518,True,True
NVDA,2024-01-11,2024,-0.2673602269833813,-0.2764541122549371,True,True
NVDA,2024-01-12,2024,-0.2872223951372344,0.1629469598491342,True,True
NVDA,2024-01-22,2024,-0.1007527562202425,-0.6345135396196347,True,True
NVDA,2024-01-25,2024,-0.2760105871029801,-1.116458132820007,True,True
NVDA,2024-02-06,2024,-0.1181610151234425,-2.0222040300458053,True,True
NVDA,2024-02-07,2024,-0.101531052854996,2.6405538722756425,True,True
NVDA,2024-02-13,2024,-0.1442917382477162,2.4945693070009702,True,True
NVDA,2024-02-14,2024,0.1399074205622917,0.8920521297232279,True,True
NVDA,2024-02-23,2024,-0.2876593637826408,-2.407476172793654,True,True
NVDA,2024-02-26,2024,0.1365729413683584,-0.7652350660594028,True,True
NVDA,2024-03-11,2024,1.3968691064341807,-0.7370211387381556,True,True
NVDA,2024-05-23,2024,0.1612302505194634,1.7573607245070042,True,True
NVDA,2024-05-24,2024,-0.1472732843137338,1.9052638633578496,True,True
NVDA,2024-05-29,2024,0.0959743832429643,1.5081688795322423,True,True
NVDA,2024-05-30,2024,-0.2565198430004388,-3.602267771478409,True,True
NVDA,2024-06-03,2024,-0.085895213032803,1.2132440305929233,True,True
NVDA,2024-06-07,2024,-0.2592431067442535,0.8965615112988462,True,True
NVDA,2025-01-07,2025,-0.2283296301137289,-8.43027055286891,True,True
NVDA,2025-01-08,2025,-0.223087173013546,-1.774317974612526,True,True
NVDA,2025-05-14,2025,-0.1428271150814679,1.6043089858118789,True,True
NVDA,2025-05-15,2025,-0.1255370639264266,0.4505007632451084,True,True
NVDA,2025-05-30,2025,0.0306799336650123,-2.7759751964813573,True,True
NVDA,2025-06-26,2025,-0.2712357749639317,-0.5738099054335515,True,True
NVDA,2025-06-30,2025,-0.267020516381538,-0.3408875702291472,True,True
NVDA,2025-07-16,2025,0.0963056058923235,0.1578301280177765,True,True
NVDA,2025-08-01,2025,-0.2942740638640079,-0.3101309441764254,True,True
NVDA,2025-09-23,2025,-0.2780842996098311,-1.9398802000329731,True,True
NVDA,2025-10-01,2025,0.179094001403803,1.058258193402073,True,True
NVDA,2025-10-29,2025,-0.2616520025001302,-0.4519448050387026,True,True
NVDA,2025-10-30,2025,0.1908457226419622,-1.155252254447967,True,True
NVDA,2026-02-26,2026,-0.2897359345241325,-4.838626653626399,True,True
NVDA,2026-04-27,2026,-0.1573676680972742,3.3047210300429217,True,True
NVDA,2026-04-28,2026,-0.1762613967253913,1.7471001002434463,True,True
NVDA,2026-08-06,2026,-0.1109781970839247,-1.146571570441923,True,True
ORCL,2021-12-14,2021,-0.1504350435043473,-0.0900090009000792,True,True
ORCL,2021-12-16,2021,-0.2904088504088612,-0.759980759980766,True,True
ORCL,2022-03-17,2022,0.0374153923288996,1.0278265229380712,True,True
ORCL,2022-03-21,2022,0.2765132874015751,-0.3937007874015839,True,True
ORCL,2022-10-24,2022,0.2335940716344181,0.1509537532592279,True,True
ORCL,2022-10-25,2022,0.1207896528250442,-0.3812117086453385,True,True
ORCL,2022-11-01,2022,0.0678498727735401,-1.8702290076335863,True,True
ORCL,2022-12-01,2022,-0.1799518362432118,1.3004214328717618,True,True
ORCL,2023-02-03,2023,-0.1084209336498162,1.2885723974228558,True,True
ORCL,2023-04-03,2023,-0.1704914483654458,1.6670274951288229,True,True
ORCL,2023-05-08,2023,-0.0946023897816137,-0.3090234857849167,True,True
ORCL,2023-05-18,2023,0.8042247168487501,2.585947679663224,True,True
ORCL,2023-05-19,2023,-0.1248263502295148,0.4199628870006764,True,True
ORCL,2023-05-22,2023,0.3031811085089745,-0.6928181108509055,True,True
ORCL,2023-05-26,2023,0.5789078102539627,-0.2491614758025787,True,True
ORCL,2023-05-30,2023,-0.2049571020019098,0.2669208770257398,True,True
ORCL,2023-05-31,2023,-0.2904565904087248,1.4549631473150149,True,True
ORCL,2023-06-01,2023,0.2418478260869636,1.0678871090770448,True,True
ORCL,2023-06-12,2023,0.92946475424173,1.8891026762287884,True,True
ORCL,2023-06-13,2023,0.2416720726565011,-5.360038923126824,True,True
ORCL,2023-06-14,2023,-0.043261802575104,4.944206008583695,True,True
ORCL,2023-06-15,2023,-0.0138581385813913,3.788437884378836,True,True
ORCL,2023-06-16,2023,-0.1588485134497513,-1.305647317917254,True,True
ORCL,2023-06-20,2023,-0.0035837685817668,-1.9204499799116117,True,True
ORCL,2023-08-30,2023,0.055127567925784,0.3313452617627615,True,True
ORCL,2023-09-06,2023,-0.0489271087274512,1.0401430196652048,True,True
ORCL,2023-09-08,2023,-0.2520673076923015,1.2179487179487147,True,True
ORCL,2023-09-11,2023,0.0100417257124962,-0.2519288301054898,True,True
ORCL,2023-09-12,2023,0.7852426837972866,-2.194950035688791,True,True
ORCL,2023-11-09,2023,-0.1580782918149549,-0.1690391459074839,True,True
ORCL,2024-01-22,2024,0.0532891150281665,0.0726876249318538,True,True
ORCL,2024-01-24,2024,0.0604038088520447,0.7935108446482027,True,True
ORCL,2024-01-25,2024,0.0861650274175193,0.1218556880494391,True,True
ORCL,2024-03-13,2024,0.073875000000001,-1.8828124999999971,True,True
ORCL,2024-03-14,2024,0.1466635227540663,-1.2732846026880489,True,True
ORCL,2024-03-18,2024,0.3035298742138331,0.463836477987424,True,True
ORCL,2024-03-22,2024,-0.1493023796604831,-0.9534144639950312,True,True
ORCL,2024-06-13,2024,0.5599772840561019,-0.4913480025635531,True,True
ORCL,2024-06-14,2024,-0.1496553209823254,-0.8401551055579403,True,True
ORCL,2024-06-24,2024,0.1842571428571407,-0.0999999999999902,True,True
ORCL,2024-09-06,2024,-0.1959941581472856,-1.3422352041171002,True,True
ORCL,2024-09-09,2024,0.0737787914941304,-1.8246894518913763,True,True
ORCL,2024-09-11,2024,-0.1600969511417303,0.1977293022069156,True,True
ORCL,2024-09-12,2024,0.0134431589537182,1.458752515090557,True,True
ORCL,2024-09-13,2024,-0.165115141047776,-6.747265400115141,True,True
ORCL,2024-09-16,2024,0.5882297715013055,3.2729256318564626,True,True
ORCL,2024-09-17,2024,-0.0892177589852115,-1.6267324406859351,True,True
ORCL,2024-11-07,2024,-0.0577424342831854,2.8550916721890807,True,True
ORCL,2024-11-08,2024,0.3102115322667372,1.621389455599705,True,True
ORCL,2024-11-11,2024,-0.2243313268777946,-0.9630986652708732,True,True
ORCL,2024-11-15,2024,0.3240705614567478,-0.4335573379579511,True,True
ORCL,2024-11-22,2024,-0.1450259067357501,-0.3782383419689066,True,True
ORCL,2024-12-10,2024,-0.2999999999999935,2.4674276490257125,True,True
ORCL,2025-01-24,2025,-0.0568808312128821,-2.6134435962680125,True,True
ORCL,2025-05-14,2025,0.2465200788371518,0.3572308450357132,True,True
ORCL,2025-05-16,2025,-0.2999999999999936,0.2999999999999936,True,True
ORCL,2025-06-02,2025,0.1430976152042243,1.4649894922791102,True,True
ORCL,2025-06-11,2025,-0.2719234018586459,-0.5914390312588086,True,True
ORCL,2025-06-12,2025,0.1933564961044431,5.206359233522839,True,True
ORCL,2025-06-13,2025,1.1986159341204454,6.826074015279289,True,True
ORCL,2025-06-16,2025,0.0443204033771102,-0.9943714821763492,True,True
ORCL,2025-06-17,2025,0.869271907338836,-1.210481344346332,True,True
ORCL,2025-06-18,2025,0.2482708861359204,-0.1729161238363735,True,True
ORCL,2025-06-23,2025,-0.292722804797926,0.7080119705116725,True,True
ORCL,2025-08-01,2025,-0.3000000000000034,-1.3759431868619718,True,True
ORCL,2025-09-11,2025,-0.1551310770721002,-6.835381727916688,True,True
ORCL,2025-09-12,2025,0.4107688282808557,-4.460577520520633,True,True
ORCL,2025-09-15,2025,-0.3000000000000027,-1.416217980094624,True,True
ORCL,2025-09-16,2025,-0.001592052474048,-2.3753422912819144,True,True
ORCL,2025-09-17,2025,-0.2675972569794125,-2.0410153076147983,True,True
ORCL,2025-10-17,2025,-0.1260378600823191,-4.095473251028806,True,True
ORCL,2026-04-15,2026,0.4706453352507813,1.737671520162985,True,True
ORCL,2026-04-16,2026,-0.2773948531912384,1.0939802743453162,True,True
ORCL,2026-04-17,2026,-0.2081645984802957,-4.302192095337016,True,True
ORCL,2026-04-20,2026,0.19621627735987,0.4298399411797923,True,True
ORCL,2026-04-22,2026,-0.1393490170802514,0.708991298743148,True,True
ORCL,2026-05-29,2026,0.3201435406698634,8.014354066985646,True,True
ORCL,2026-06-01,2026,0.7294403470715765,7.648590021691971,True,True
ORCL,2026-06-02,2026,0.7635214168039488,0.7372322899505732,True,True
ORCL,2026-06-03,2026,-0.2875623752495011,-4.145874916833001,True,True
ORCL,2026-08-13,2026,0.3625674430846333,2.8358994604553245,True,True
OXY,2021-09-28,2021,0.5148087610330161,-2.233082706766916,True,True
OXY,2021-09-29,2021,0.1956910838581357,-0.4308916141862862,True,True
OXY,2021-10-05,2021,-0.0226275115919848,1.2982998454405,True,True
OXY,2021-10-06,2021,0.0134234517447399,0.6287331027978601,True,True
OXY,2022-01-05,2022,0.7213317264236414,-4.14281410063271,True,True
OXY,2022-01-06,2022,-0.14998495335539,-1.3842913030394035,True,True
OXY,2022-01-07,2022,0.0622161671207994,0.5752346351801324,True,True
OXY,2022-01-12,2022,0.4994272623138561,-0.4295532646048068,True,True
OXY,2022-01-18,2022,0.2525076198392701,-0.0969797727902568,True,True
OXY,2022-01-19,2022,0.02626124897735,-2.26343059721843,True,True
OXY,2022-01-20,2022,-0.0443589743589853,-0.4273504273504233,True,True
OXY,2022-01-27,2022,0.0669295478443808,-2.076761303890639,True,True
OXY,2022-02-07,2022,-0.2260934025203765,1.3343217197924366,True,True
OXY,2022-02-14,2022,0.0978638497652644,-3.2159624413145647,True,True
OXY,2022-03-01,2022,0.5996165125197426,5.504173246108741,True,True
OXY,2022-03-02,2022,0.1928504018133018,-0.3915104059344688,True,True
OXY,2022-03-03,2022,0.1592546063651554,-0.0209380234505821,True,True
OXY,2022-03-04,2022,-0.3000000000000061,15.930664465538586,True,True
OXY,2022-03-07,2022,0.252833131173108,-4.037428521919942,True,True
OXY,2022-03-08,2022,-0.3000000000000056,-0.523468853603218,True,True
OXY,2022-03-09,2022,-0.2999999999999962,10.896817743490836,True,True
OXY,2022-03-10,2022,-0.0747088475578083,1.0603163566834686,True,True
OXY,2022-03-11,2022,-0.0891434614028967,2.132534367289392,True,True
OXY,2022-05-06,2022,0.1730349517634097,2.704412462438717,True,True
OXY,2022-05-16,2022,0.6562809405940677,4.857673267326733,True,True
OXY,2022-05-17,2022,0.09086685058806,-1.3503702628140073,True,True
OXY,2022-06-01,2022,-0.1447260370947227,-0.2973240832507344,True,True
OXY,2022-08-22,2022,0.7173469387755216,0.6268221574344124,True,True
OXY,2022-08-23,2022,0.3480429560548371,4.253214638971323,True,True
OXY,2022-08-24,2022,0.0361429534726829,1.0249494268374792,True,True
OXY,2022-08-25,2022,-0.0623046357615834,-1.3377483443708678,True,True
OXY,2023-01-19,2023,0.1826956114321382,2.5769170701233883,True,True
OXY,2023-04-04,2023,-0.2242746468175752,-1.5190642564180463,True,True
OXY,2023-07-12,2023,0.050367767244204,0.2451781627982977,True,True
OXY,2023-07-25,2023,-0.2200481154771451,1.700080192461901,True,True
OXY,2023-08-07,2023,-0.0812911313067957,0.1253525540582862,True,True
OXY,2023-08-14,2023,0.0955141898077343,-0.6560878852609197,True,True
OXY,2023-09-06,2023,0.0140693790799952,-0.4706239562775197,True,True
OXY,2023-09-13,2023,0.1436942397353065,-0.2707174011129382,True,True
OXY,2023-09-15,2023,-0.2103282866137003,-0.839454354669447,True,True
OXY,2023-09-18,2023,-0.2854452554744638,-1.2215105020110133,True,True
OXY,2024-02-16,2024,-0.2504637297118339,0.215303080490221,True,True
OXY,2024-02-20,2024,-0.2999999999999999,-1.602511151495125,True,True
OXY,2024-02-21,2024,0.0347322477757291,1.5276145710928262,True,True
OXY,2024-04-03,2024,-0.1229915667998391,0.1775410563692711,True,True
OXY,2024-04-08,2024,-0.0110144927536181,-0.3768115942029059,True,True
OXY,2024-04-15,2024,-0.0120161756210249,-1.2709416522241417,True,True
OXY,2024-07-19,2024,-0.237256135934556,-0.6450597860289549,True,True
OXY,2025-02-21,2025,-0.1075289575289606,-2.64478764478764,True,True
OXY,2025-02-24,2025,0.0185939684441766,-0.3794687437587332,True,True
OXY,2025-05-13,2025,-0.1638598088302131,1.0013654984069296,True,True
OXY,2025-06-16,2025,-0.1918303135510504,-1.6165780622762231,True,True
OXY,2025-06-17,2025,-0.2566333188342649,0.0,True,True
OXY,2025-06-18,2025,-0.1922395157803669,-1.9239083441418083,True,True
OXY,2025-06-20,2025,-0.2124670763827957,0.1975417032484554,True,True
OXY,2025-09-29,2025,-0.1966839378238397,-0.2694300518134768,True,True
OXY,2025-09-30,2025,-0.0057757166947783,-0.3794266441821242,True,True
OXY,2026-01-09,2026,0.0201376146789026,-1.720183486238532,True,True
OXY,2026-01-14,2026,0.1583908045976995,1.9310344827586283,True,True
OXY,2026-01-15,2026,-0.1396737881920524,-0.7925568573397631,True,True
OXY,2026-01-16,2026,0.2787090782447249,-0.8590666357093044,True,True
OXY,2026-01-30,2026,-0.285675287356331,0.3647214854111387,True,True
OXY,2026-02-05,2026,0.3319781420764993,-1.4644808743169435,True,True
OXY,2026-02-19,2026,2.1783085404971847,3.287890938251805,True,True
OXY,2026-02-20,2026,0.339848308051334,0.8168028004667477,True,True
OXY,2026-02-23,2026,0.0814359808612479,0.3923444976076522,True,True
OXY,2026-03-03,2026,0.1892584514721879,-2.417302798982198,True,True
OXY,2026-03-04,2026,0.8707016706443884,2.3389021479713628,True,True
OXY,2026-03-10,2026,-0.1503283918183614,-0.319009194970917,True,True
OXY,2026-03-13,2026,0.0110225303292908,0.3119584055459267,True,True
OXY,2026-03-20,2026,0.100938337801609,1.7426273458445027,True,True
OXY,2026-03-23,2026,0.2961899880403253,3.0240902101486347,True,True
OXY,2026-04-01,2026,0.8202247191011193,-2.887016229712861,True,True
PANW,2021-09-27,2021,0.1968779603772843,0.1318011450224563,True,True
PANW,2021-11-22,2021,0.2742117597942816,2.5988443255244533,True,True
PANW,2021-11-23,2021,0.2047223206878223,0.568557206425824,True,True
PANW,2021-11-24,2021,-0.2999999999999942,3.1717433327702973,True,True
PANW,2022-02-28,2022,0.5931982256240703,3.3800121770896667,True,True
PANW,2022-03-01,2022,0.1821555995197837,-2.44508699842744,True,True
PANW,2022-03-02,2022,-0.2999999999999914,-0.2451274491317602,True,True
PANW,2022-03-30,2022,0.14936216603209,0.2326792280907205,True,True
PANW,2022-08-24,2022,-0.0378615249780908,-1.0096406660823822,True,True
PANW,2023-01-25,2023,0.4140675675675671,2.5506756756756794,True,True
PANW,2023-01-26,2023,0.4729680837317417,2.8104406254037952,True,True
PANW,2023-01-27,2023,0.3318524621332133,1.1534317764117,True,True
PANW,2023-02-03,2023,0.0452868207291768,0.5730117750771341,True,True
PANW,2023-02-09,2023,0.1332202380952298,-1.1249999999999918,True,True
PANW,2023-02-16,2023,-0.0143102756604941,-1.4384778497335202,True,True
PANW,2023-02-23,2023,-0.236236209561374,0.596919469168046,True,True
PANW,2023-02-24,2023,0.3790378378378259,0.910810810810812,True,True
PANW,2023-04-17,2023,-0.1554277713885759,0.5950297514875733,True,True
PANW,2023-05-25,2023,0.0331308753302742,0.8266065498266855,True,True
PANW,2023-05-30,2023,0.9877916666666584,-1.6296296296296344,True,True
PANW,2023-06-06,2023,0.3370889727091134,-0.3017528289327743,True,True
PANW,2023-06-20,2023,-0.1451546981648671,-1.2547512976662416,True,True
PANW,2023-10-10,2023,0.1370561984123821,1.4138462146044837,True,True
PANW,2023-10-11,2023,-0.1448249027237434,0.8599221789883189,True,True
PANW,2023-10-12,2023,-0.0164020757255379,0.1806650009609945,True,True
PANW,2023-11-15,2023,-0.2095383917432111,-3.115194132546977,True,True
PANW,2023-11-16,2023,-0.0922830117921624,0.9708737864077605,True,True
PANW,2023-11-21,2023,-0.1271431323444361,1.726064342130596,True,True
PANW,2023-11-29,2023,0.4456272811851536,3.3815215057611274,True,True
PANW,2023-11-30,2023,-0.2620111538328259,2.2723336450864258,True,True
PANW,2023-12-01,2023,0.406027847148564,1.317094865040547,True,True
PANW,2024-01-11,2024,0.4371821670358444,0.929710167535026,True,True
PANW,2024-01-12,2024,-0.0323035615085484,0.3703475094130132,True,True
PANW,2024-01-18,2024,-0.1488900115902502,-0.1783113911260432,True,True
PANW,2024-02-08,2024,0.0513462915037626,1.0764825725455558,True,True
PANW,2024-02-14,2024,0.0216826636299558,-0.1870831299821045,True,True
PANW,2024-05-08,2024,-0.1189666556619289,0.0363156157147618,True,True
PANW,2024-05-21,2024,0.2760326736618216,3.4898392880860643,True,True
PANW,2024-06-28,2024,-0.0682145905064489,-0.1853977222565538,True,True
PANW,2024-07-01,2024,-0.2174082840236744,0.8579881656804668,True,True
PANW,2024-08-20,2024,2.181849207032033,5.5378703146060975,True,True
PANW,2024-08-21,2024,-0.1084218617035879,-1.2874358340882257,True,True
PANW,2024-08-22,2024,-0.2972255461249503,-2.7466258522332,True,True
PANW,2024-10-09,2024,0.4776560696083147,2.173851828907732,True,True
PANW,2024-10-16,2024,-0.2733735711996565,-0.3525264394829594,True,True
PANW,2024-10-17,2024,-0.0320160483870947,1.0913978494623662,True,True
PANW,2024-11-07,2024,0.466335613724618,2.231965979027456,True,True
PANW,2024-11-15,2024,0.1006586465006986,-0.6226969840923419,True,True
PANW,2025-01-29,2025,-0.2638281330983703,-3.902767699803048,True,True
PANW,2025-02-14,2025,-0.1596579948907786,4.269850372764713,True,True
PANW,2025-02-18,2025,0.9859635811836148,5.351542741527574,True,True
PANW,2025-02-19,2025,-0.204222104808112,-1.45059801143187,True,True
PANW,2025-05-21,2025,-0.1704914483654458,-1.883524572418267,True,True
PANW,2025-09-22,2025,-0.1409734641596882,0.6235197447919284,True,True
PANW,2025-10-07,2025,0.0039206490643954,-1.0364395253951038,True,True
PANW,2026-04-09,2026,0.1809233949695743,-4.100149305156763,True,True
PANW,2026-05-08,2026,0.6926507569925535,6.671798819604824,True,True
PANW,2026-05-11,2026,-0.0552962125222471,2.8345926175465688,True,True
PANW,2026-05-12,2026,0.2180069275416655,0.9221119640516886,True,True
PANW,2026-05-13,2026,-0.103492161096507,6.937664288396546,True,True
PANW,2026-05-14,2026,0.1140565602408368,4.691379727086955,True,True
PANW,2026-05-15,2026,0.3197896910692386,2.3475365617229285,True,True
PANW,2026-05-18,2026,-0.2999999999999973,3.61859316464704,True,True
PANW,2026-05-20,2026,1.0401388624288128,4.443174361253985,True,True
PANW,2026-06-01,2026,0.4248051151791108,5.278094070246123,True,True
PANW,2026-06-02,2026,2.658467265010796,3.3604675433103823,True,True
PANW,2026-06-03,2026,0.7494736842105347,-1.6070175438596437,True,True
PANW,2026-06-04,2026,0.7323582707739864,3.2728079582855534,True,True
PANW,2026-08-05,2026,0.169597577965911,-2.815882542064085,True,True
PEP,2021-12-07,2021,-0.1441719266606453,-0.0721370604147908,True,True
PEP,2021-12-08,2021,-0.1981552697993007,0.0540800384569182,True,True
PEP,2021-12-17,2021,-0.0787291204298637,-1.7754935171124822,True,True
PEP,2022-01-06,2022,0.0791311362064961,0.1843742797879656,True,True
PEP,2022-01-24,2022,0.1426823020436086,-1.349120510047234,True,True
PEP,2022-10-31,2022,-0.0468705155094441,0.2649299039629041,True,True
PEP,2022-11-29,2022,-0.2979331151118545,-0.3873431533006044,True,True
PEP,2023-04-26,2023,-0.1413094227504167,-0.0053056027164637,True,True
PEP,2023-04-27,2023,-0.0611276754339139,0.9929719944627884,True,True
PEP,2023-04-28,2023,0.0281332280147468,0.5213270142179992,True,True
PEP,2023-05-01,2023,0.1559690900488963,0.7780055722020808,True,True
PEP,2023-06-26,2023,-0.1446706779843042,-0.6446760502847259,True,True
PEP,2023-07-24,2023,-0.1587596411144224,0.1783934099375641,True,True
PEP,2023-12-14,2023,-0.1141334110107764,-1.969123215846196,True,True
PEP,2024-02-09,2024,-0.1893516355140242,-2.06775700934579,True,True
PEP,2024-04-23,2024,-0.29429862183337,-2.1158574941385124,True,True
PEP,2024-04-26,2024,0.1288860353130082,0.676450355423072,True,True
PEP,2024-08-06,2024,-0.1620228347364776,-0.588167454734161,True,True
PEP,2024-09-04,2024,0.0670798201236687,0.3428892636312451,True,True
PEP,2024-09-05,2024,-0.0155094276282593,0.3133217702680033,True,True
PEP,2024-09-09,2024,-0.2662129341993757,0.6325896639367276,True,True
PEP,2025-02-24,2025,-0.0643954312721652,0.9715110936064,True,True
PEP,2025-02-26,2025,-0.300000000000004,-2.6097576653596466,True,True
PEP,2025-03-05,2025,0.0650820636892798,0.621199241483024,True,True
PEP,2025-07-18,2025,-0.1567332694676343,-1.9638702613931684,True,True
PEP,2025-08-19,2025,0.186276474911484,1.6636600521146585,True,True
PEP,2025-08-21,2025,-0.2999999999999998,-0.9046162032725912,True,True
PEP,2025-10-13,2025,-0.145717553656727,0.1816591536029134,True,True
PEP,2025-12-11,2025,-0.0476789876789974,-0.6926406926406874,True,True
PEP,2026-02-02,2026,-0.0864403479164006,0.733480462157598,True,True
PEP,2026-02-03,2026,0.6549808429118777,4.016602809706253,True,True
PEP,2026-02-04,2026,0.0871844660194108,0.8252427184465928,True,True
PEP,2026-02-05,2026,-0.216434173501772,0.2813865772615691,True,True
PEP,2026-05-01,2026,0.0826412482698037,-0.9626274065685172,True,True
PFE,2021-11-01,2021,0.0388083371092017,-1.155414589941092,True,True
PFE,2021-11-02,2021,-0.2336439267886955,0.8763172490293866,True,True
PFE,2021-11-03,2021,0.116146748681895,-1.482864674868199,True,True
PFE,2021-11-04,2021,0.1051930458342784,-0.9708737864077664,True,True
PFE,2021-11-08,2021,-0.1359185352808134,-0.5758074470273562,True,True
PFE,2021-11-09,2021,-0.19685495551416,-2.1311814607904016,True,True
PFE,2021-11-29,2021,0.0073254759746208,-4.968268359020856,True,True
PFE,2021-11-30,2021,-0.2047027337029313,2.6954693175301023,True,True
PFE,2021-12-01,2021,0.3080426910615635,4.192872117400425,True,True
PFE,2021-12-02,2021,0.9411557041991918,-1.4492753623188426,True,True
PFE,2021-12-14,2021,0.1186781084535287,1.4606536425050158,True,True
PFE,2021-12-16,2021,-0.1462474297463986,4.969156956819737,True,True
PFE,2021-12-17,2021,-0.0171867178374785,-0.7675621558484913,True,True
PFE,2021-12-20,2021,0.1606600660066037,0.7260726072607223,True,True
PFE,2022-03-15,2022,0.2684150513112949,-0.7031546940326824,True,True
PFE,2022-03-21,2022,0.3984882005899627,-0.092182890855465,True,True
PFE,2022-04-08,2022,0.6451959890610623,0.6927985414767465,True,True
PFE,2022-10-31,2022,-0.0458793542905528,-1.040781648258273,True,True
PFE,2022-11-01,2022,-0.1546041666666682,0.0,True,True
PFE,2022-11-02,2022,0.3887377014862824,-1.4862884655641633,True,True
PFE,2022-12-01,2022,0.1161598091830597,1.5901411250248405,True,True
PFE,2022-12-02,2022,0.0352254746835388,0.6724683544303725,True,True
PFE,2022-12-09,2022,0.1431111111111029,-0.0966183574879172,True,True
PFE,2022-12-14,2022,-0.093620624764778,2.5404591644712107,True,True
PFE,2022-12-15,2022,0.0872202700203404,-0.8137599408174547,True,True
PFE,2023-04-06,2023,0.0923324588599959,-1.0255187216789885,True,True
PFE,2023-06-20,2023,0.1017124150088014,-0.931755225384028,True,True
PFE,2024-05-03,2024,-0.1926417803302237,-0.1435750179468742,True,True
PFE,2024-05-06,2024,0.2164880314398101,0.6430868167202689,True,True
PFE,2024-05-07,2024,-0.0180629197596267,-1.820431247790741,True,True
PFE,2024-05-08,2024,-0.264007220216603,2.093862815884483,True,True
PFE,2024-06-05,2024,-0.2662719891745514,-0.0338294993234032,True,True
PFE,2024-07-12,2024,-0.2310034602076076,0.1038062283737063,True,True
PFE,2024-07-18,2024,0.1000000000000033,-0.7021063189568735,True,True
PFE,2024-07-19,2024,-0.1335003340013488,0.0334001336005277,True,True
PFE,2024-07-23,2024,-0.3000000000000012,-0.4726536124240397,True,True
PFE,2024-07-26,2024,-0.3000000000000019,2.0729684908789388,True,True
PFE,2024-07-30,2024,0.0536601096420473,1.2092873266688164,True,True
PFE,2024-07-31,2024,-0.1082692307692198,-2.1314102564102537,True,True
PFE,2024-10-10,2024,0.3337571094011251,-1.8400802944128496,True,True
PFE,2025-03-10,2025,-0.0702109609609682,0.03753753753753,True,True
PFE,2025-03-11,2025,-0.1123823861497904,-2.145276627775688,True,True
PFE,2025-06-16,2025,0.025551020408153,-0.4081632653061282,True,True
PFE,2025-07-02,2025,-0.0222841225626787,0.7958615200955007,True,True
PFE,2025-07-09,2025,-0.2999999999999964,-0.5449591280653973,True,True
PFE,2025-10-02,2025,0.5885258076494633,0.5941329372447091,True,True
PFE,2025-11-12,2025,0.0729671195117085,1.8704469383737008,True,True
PFE,2025-11-14,2025,0.0883911180366077,-2.2789248149590997,True,True
PFE,2026-01-16,2026,-0.3000000000000047,-0.8690614136732383,True,True
PFE,2026-01-20,2026,-0.1737577664176159,0.412898151789227,True,True
PFE,2026-01-28,2026,-0.0912240624405058,-1.503902531886539,True,True
PFE,2026-02-05,2026,0.1470852017937163,-1.0463378176382705,True,True
PFE,2026-02-06,2026,-0.1130858642669748,2.0434945631795958,True,True
PFE,2026-03-18,2026,0.0306190125276272,0.7000736919675671,True,True
PFE,2026-07-29,2026,-0.2999999999999945,-0.7495069033530621,True,True
PFE,2026-08-05,2026,0.364666666666668,1.1764705882352968,True,True
PFE,2026-08-07,2026,-0.2239511823035888,1.9832189168573595,True,True
PFE,2026-08-20,2026,0.0560714285714374,-0.6428571428571418,True,True
PG,2021-11-03,2021,0.1634635398598523,0.6105599111912825,True,True
PG,2021-11-24,2021,-0.2597902802984533,-0.0604960677555981,True,True
PG,2021-12-06,2021,0.1049337505825968,1.3183301151874225,True,True
PG,2021-12-07,2021,-0.300000000000005,-0.0954292671690294,True,True
PG,2021-12-17,2021,-0.1324474044566065,-1.96066226814391,True,True
PG,2021-12-20,2021,0.1074584929757407,0.8109833971903003,True,True
PG,2022-04-07,2022,-0.2368467726610471,0.6334325711028062,True,True
PG,2022-04-21,2022,-0.2999999999999935,-0.732511292882425,True,True
PG,2022-04-22,2022,-0.1961712815486457,-1.2068120558686588,True,True
PG,2022-04-25,2022,0.0699443413729321,0.5380333951762551,True,True
PG,2022-11-01,2022,0.3143355605048391,0.1039346696362396,True,True
PG,2022-11-15,2022,0.1701175311422244,-1.06974452811599,True,True
PG,2022-12-01,2022,-0.099973249515138,-0.1337524242626821,True,True
PG,2022-12-14,2022,-0.3000000000000014,0.0785391714117445,True,True
PG,2022-12-15,2022,-0.1160031637226388,-0.3229633535460118,True,True
PG,2023-01-09,2023,-0.0465915015641182,-0.8993743482794547,True,True
PG,2023-03-20,2023,0.193289198606285,1.101045296167256,True,True
PG,2023-03-21,2023,-0.0798357601269758,-0.5520668000827983,True,True
PG,2023-04-24,2023,0.0725421981703483,0.7408839067130562,True,True
PG,2023-04-25,2023,0.0121397993738454,-0.0894511532809318,True,True
PG,2023-04-26,2023,0.13654861558273,-0.4636188023180932,True,True
PG,2023-06-26,2023,-0.1990209318028314,0.3781228899392318,True,True
PG,2023-07-06,2023,-0.0494312169311924,0.522486772486786,True,True
PG,2023-07-07,2023,-0.161993276646245,-1.904950233999087,True,True
PG,2023-07-24,2023,-0.2999999999999954,0.39911018058099,True,True
PG,2023-07-31,2023,-0.0768861892583111,-0.0319693094629228,True,True
PG,2023-12-01,2023,-0.1959629557164221,-0.4434879019109155,True,True
PG,2024-01-10,2024,0.0938600602611416,0.3816538332775314,True,True
PG,2024-01-24,2024,-0.1056908984603561,-1.1466250893263268,True,True
PG,2024-01-25,2024,-0.1757020997375413,2.119422572178471,True,True
PG,2024-01-26,2024,-0.1400295231371475,0.2182144920095009,True,True
PG,2024-06-24,2024,-0.1818440388717577,-0.15999051908034,True,True
PG,2024-06-25,2024,-0.1359322184664601,-1.0140544387119776,True,True
PG,2024-07-18,2024,0.4619253554502373,-0.2132701421801028,True,True
PG,2024-09-03,2024,0.5161141320236233,2.075659241068825,True,True
PG,2024-09-04,2024,0.3144041928238144,1.3016183839198243,True,True
PG,2024-09-05,2024,-0.2206886754929344,-0.2841070515370191,True,True
PG,2024-11-25,2024,0.2392832995267044,-0.0478927203065018,True,True
PG,2024-11-26,2024,0.4089277652370293,1.1963882618510184,True,True
PG,2025-02-25,2025,0.1249241008874294,0.8056982718355883,True,True
PG,2025-03-03,2025,-0.0357875331259485,1.1867726696623884,True,True
PG,2025-03-05,2025,0.1542796170261742,0.7094243857423107,True,True
PG,2025-03-10,2025,0.1371446352295588,-0.2743911063336173,True,True
PG,2025-03-11,2025,-0.2064382198208389,-1.5782738518413066,True,True
PG,2025-05-28,2025,0.4076826722338221,-0.1729794214136546,True,True
PG,2025-06-02,2025,-0.2882025795763841,-0.7336409892320489,True,True
PG,2026-01-21,2026,-0.0898340813273572,-0.7003943968448261,True,True
PG,2026-01-22,2026,0.3194219340896709,1.24257158292813,True,True
PG,2026-01-23,2026,-0.0290042429064021,-0.4508088040307656,True,True
PG,2026-01-26,2026,0.0885321253705346,-0.4063551277354119,True,True
PG,2026-02-24,2026,0.0325348696179358,0.2425712553062496,True,True
PG,2026-03-02,2026,-0.1431726057232554,-1.0829451267469248,True,True
PG,2026-06-22,2026,0.0885580093934352,-1.6088737883481512,True,True
PLTR,2021-10-27,2021,-0.0666926677067191,-2.262090483619352,True,True
PLTR,2021-11-09,2021,0.0079536679536686,-6.447490347490342,True,True
PLTR,2022-06-27,2022,-0.2017733990147875,-5.282758620689664,True,True
PLTR,2022-07-06,2022,1.3434065934065946,-2.1478521478521464,True,True
PLTR,2022-07-07,2022,0.6183432377049143,4.252049180327878,True,True
PLTR,2022-07-22,2022,0.374299516908219,-5.014492753623189,True,True
PLTR,2022-08-08,2022,1.8429887410440229,0.5117707267144392,True,True
PLTR,2023-01-30,2023,0.7634666666666708,-1.7999999999999972,True,True
PLTR,2023-02-01,2023,0.6028460543337613,6.080206985769713,True,True
PLTR,2023-02-02,2023,0.285781433607535,5.757931844888369,True,True
PLTR,2023-02-03,2023,0.1669789227166295,-1.5222482435597076,True,True
PLTR,2023-02-06,2023,-0.0600481347773906,0.120336943441634,True,True
PLTR,2023-02-15,2023,0.5716939890710415,10.38251366120218,True,True
PLTR,2023-02-16,2023,0.5265284974093289,0.6217616580310932,True,True
PLTR,2023-02-17,2023,0.2208986415882868,-3.761755485893411,True,True
PLTR,2023-04-12,2023,-0.2430285714285674,-4.914285714285711,True,True
PLTR,2023-04-17,2023,0.1526674233825068,-0.1135073779795662,True,True
PLTR,2023-05-10,2023,-0.1975334018499556,2.055498458376149,True,True
PLTR,2023-05-11,2023,-0.2999999999999945,-2.564102564102562,True,True
PLTR,2023-05-12,2023,-0.2999999999999926,-3.549695740365108,True,True
PLTR,2023-05-15,2023,0.999022801302914,3.474484256243197,True,True
PLTR,2023-05-19,2023,-0.0501253132832099,-2.1720969089390123,True,True
PLTR,2023-05-22,2023,-0.2141996557659138,1.8072289156626584,True,True
PLTR,2023-05-24,2023,-0.2999999999999936,1.5767634854771742,True,True
PLTR,2023-05-26,2023,1.097663551401873,6.308411214953274,True,True
PLTR,2023-05-30,2023,0.1142659279778436,1.9044321329639915,True,True
PLTR,2023-05-31,2023,0.4728682170542757,3.5940803382663837,True,True
PLTR,2023-06-01,2023,-0.1048748271092687,0.5532503457814543,True,True
PLTR,2023-06-08,2023,1.8403739612188408,5.262465373961219,True,True
PLTR,2023-07-19,2023,0.6405660377358486,0.1664816870144347,True,True
PLTR,2023-07-20,2023,0.1547320410490469,-2.3660205245153887,True,True
PLTR,2023-07-31,2023,-0.3000000000000068,5.419766206163653,True,True
PLTR,2023-08-01,2023,-0.0316753980482619,2.619414483821272,True,True
PLTR,2023-08-02,2023,0.3211838006230311,-1.5576323987538978,True,True
PLTR,2023-08-03,2023,0.4492216854535733,0.3929146537842186,True,True
PLTR,2023-10-09,2023,0.4659803318991926,8.266748617086655,True,True
PLTR,2023-10-10,2023,-0.2447951273532649,-1.5016611295681084,True,True
PLTR,2023-10-11,2023,-0.0489367655288254,0.2518186905427988,True,True
PLTR,2023-11-06,2023,0.1725118483412305,-2.369668246445494,True,True
PLTR,2023-11-07,2023,-0.2503085896076354,-0.274655355249205,True,True
PLTR,2023-11-13,2023,-0.0455334354262369,0.6125574272588106,True,True
PLTR,2023-11-15,2023,0.4014070351758758,0.2763819095477373,True,True
PLTR,2023-11-21,2023,0.691804831833251,-6.205589767882514,True,True
PLTR,2024-02-07,2024,-0.0692129629629743,9.305555555555546,True,True
PLTR,2024-02-08,2024,0.36577629382304,2.2954924874791347,True,True
PLTR,2024-02-09,2024,-0.0212859424920156,-2.671725239616616,True,True
PLTR,2024-02-12,2024,0.3671685487243907,4.767879548306151,True,True
PLTR,2024-03-07,2024,-0.299999999999994,-1.999259533506119,True,True
PLTR,2024-03-08,2024,-0.2999999999999972,-4.26627436557558,True,True
PLTR,2024-05-06,2024,-0.1772671317193366,3.4878949528108243,True,True
PLTR,2024-05-07,2024,1.24151887221464,-2.660300136425636,True,True
PLTR,2024-06-07,2024,0.4722030981067219,0.3442340791738462,True,True
PLTR,2024-06-18,2024,0.1360636182902634,2.7435387673956315,True,True
PLTR,2024-06-20,2024,-0.2622919818457019,-3.252647503782159,True,True
PLTR,2024-06-21,2024,-0.300000000000001,-3.575880210441122,True,True
PLTR,2024-07-09,2024,0.0212674543501573,-1.8976011457214508,True,True
PLTR,2024-07-10,2024,0.3163272727272732,3.309090909090909,True,True
PLTR,2024-07-12,2024,0.5758418740849142,2.745241581259151,True,True
PLTR,2024-07-17,2024,-0.0507499999999946,0.7857142857142816,True,True
PLTR,2024-07-19,2024,1.1791239844578003,0.9184033910279108,True,True
PLTR,2024-08-12,2024,1.2835870284579811,-2.8457974851091974,True,True
PLTR,2024-08-13,2024,-0.1624421340978336,1.951411105553456,True,True
PLTR,2024-09-10,2024,0.8170066072967479,-0.2099971272622916,True,True
PLTR,2024-09-11,2024,0.1104087033225612,2.4110555718906213,True,True
PLTR,2024-09-12,2024,-0.0425989672977498,0.2008032128514064,True,True
PLTR,2024-09-17,2024,-0.1652702702702835,-1.4324324324324356,True,True
PLTR,2024-09-18,2024,0.8108635097493041,1.392757660167131,True,True
PLTR,2024-09-19,2024,-0.0305405405405365,-0.459459459459464,True,True
PLTR,2024-11-06,2024,-0.1880613772455028,3.864146706586836,True,True
PLTR,2024-11-07,2024,0.2322572554639932,0.0895736295234631,True,True
PLTR,2024-11-08,2024,0.3627529242396969,5.146661867914341,True,True
PLTR,2024-11-11,2024,-0.0554442273313143,0.2369766765060463,True,True
PLTR,2024-11-12,2024,0.1730723606168488,1.4573801050669368,True,True
PLTR,2024-11-14,2024,-0.0713677313677355,-3.046683046683046,True,True
PLTR,2024-11-18,2024,-0.3000000000000035,-5.645409735058532,True,True
PLTR,2024-12-09,2024,-0.3000000000000088,-10.039712087366595,True,True
PLTR,2024-12-10,2024,0.3924572857341216,-1.5002083622725355,True,True
PLTR,2024-12-17,2024,0.8710188473094784,1.5979240644632635,True,True
PLTR,2024-12-23,2024,-0.083596899224814,0.0682170542635743,True,True
PLTR,2025-02-04,2025,-0.106031128404664,1.00194552529183,True,True
PLTR,2025-02-05,2025,-0.2314709347996894,-0.4811468970934889,True,True
PLTR,2025-02-07,2025,-0.1125100743261432,-0.7701262648876148,True,True
PLTR,2025-02-10,2025,-0.1665089708113842,4.168526287601536,True,True
PLTR,2025-05-14,2025,0.2099744245524241,0.8602650546384446,True,True
PLTR,2025-08-05,2025,0.5178787526181051,0.8261577845008238,True,True
PLTR,2025-08-06,2025,0.6464729078428427,4.916021615305969,True,True
PLTR,2025-08-07,2025,-0.1898403403126845,0.6353240152477796,True,True
PLTR,2025-08-08,2025,0.2131808142052969,1.2343005630142925,True,True
PLTR,2025-09-22,2025,0.455582153131229,-0.7911042265987931,True,True
PLTR,2025-10-30,2025,-0.1819226407962767,-1.9579186090462488,True,True
PLTR,2025-11-04,2025,0.281401645319169,-0.687285223367694,True,True
PLTR,2025-12-11,2025,-0.2999999999999929,1.4664502164502051,True,True
PLTR,2025-12-22,2025,0.6712366694011475,-0.569114027891707,True,True
PLTR,2026-03-09,2026,1.461031537028704,0.4720919776478988,True,True
PLTR,2026-06-01,2026,0.2110263782972928,0.4063007875984533,True,True
PLTR,2026-06-02,2026,1.5133056796426518,-2.8908742820676463,True,True
PLTR,2026-08-05,2026,1.3381617147445937,-2.137253690777676,True,True
PLTR,2026-08-06,2026,0.6515858728427542,0.0705716302046482,True,True
PLTR,2026-08-10,2026,1.420473822755196,2.4978063761333784,True,True
PLTR,2026-08-11,2026,1.1939545297967509,0.4363302330921982,True,True
PYPL,2022-07-22,2022,-0.2396854204476667,-1.960072595281312,True,True
PYPL,2022-07-28,2022,-0.1018587795183728,0.3624035538929016,True,True
PYPL,2022-08-03,2022,0.5546700633161826,-3.146022952117128,True,True
PYPL,2022-08-04,2022,0.0258835546475995,-0.9499489274770244,True,True
PYPL,2022-08-05,2022,-0.0592293154136913,0.0944981100378028,True,True
PYPL,2023-02-01,2023,0.3005285802089859,1.9114935464044336,True,True
PYPL,2023-02-03,2023,0.178709450755349,0.1288207050005848,True,True
PYPL,2023-02-06,2023,-0.2999999999999962,-1.18804752190087,True,True
PYPL,2023-06-20,2023,-0.1069268583345594,2.621778638462692,True,True
PYPL,2023-06-21,2023,-0.1987817258883325,-1.1167512690355272,True,True
PYPL,2023-06-22,2023,0.0398192056905574,1.6152934202726572,True,True
PYPL,2023-06-26,2023,0.5647525048601805,-0.628084342754601,True,True
PYPL,2023-09-18,2023,-0.0481925808997725,-0.6314127861089165,True,True
PYPL,2023-11-29,2023,0.0029883504980592,-2.1441836906972758,True,True
PYPL,2023-12-04,2023,0.3542655224634052,0.7151270402153747,True,True
PYPL,2023-12-07,2023,-0.2156371636486727,-1.0492469114909535,True,True
PYPL,2023-12-14,2023,0.3653002859866538,-1.6841436288528682,True,True
PYPL,2023-12-15,2023,-0.2999999999999952,-1.8278018278018289,True,True
PYPL,2023-12-18,2023,-0.300000000000003,0.048844024747641,True,True
PYPL,2024-01-22,2024,-0.0508965314520973,-6.290417401528524,True,True
PYPL,2024-01-23,2024,-0.1059307245253809,0.4106935296396754,True,True
PYPL,2024-03-14,2024,0.5134218525036112,0.8318669012957978,True,True
PYPL,2024-03-15,2024,-0.3000000000000025,0.04774789113481,True,True
PYPL,2024-03-18,2024,0.2528358681875815,1.7268694550063313,True,True
PYPL,2024-04-30,2024,0.6425922857142804,-2.9571428571428475,True,True
PYPL,2024-05-01,2024,0.7118805970149333,-1.3283582089552248,True,True
PYPL,2024-06-07,2024,0.4346315789473636,1.1729323308270694,True,True
PYPL,2024-06-10,2024,-0.1064655816037149,0.2239808869643209,True,True
PYPL,2024-07-31,2024,-0.2999999999999895,1.1846153846153784,True,True
PYPL,2024-08-01,2024,-0.1484341745211502,-0.7297050775311705,True,True
PYPL,2024-08-02,2024,-0.2376874999999945,-3.156250000000005,True,True
PYPL,2024-08-21,2024,0.62660563184907,-0.9016507143848046,True,True
PYPL,2024-09-20,2024,0.151890701890698,-0.5957005957005876,True,True
PYPL,2024-09-23,2024,0.1886624532439071,0.1805752611892178,True,True
PYPL,2024-09-25,2024,0.4901572286846431,-1.1121053304359,True,True
PYPL,2024-10-29,2024,-0.1467921628889811,2.8044563964656133,True,True
PYPL,2024-11-12,2024,-0.0245856353591012,-0.5755064456721916,True,True
PYPL,2024-12-05,2024,0.4567362428842452,-0.6083268221899785,True,True
PYPL,2025-01-21,2025,-0.299999999999997,-2.67866825723891,True,True
PYPL,2025-01-22,2025,-0.1892222222222352,-0.2111111111111085,True,True
PYPL,2025-05-13,2025,0.0304515950835619,-0.1933434608479499,True,True
PYPL,2025-07-29,2025,0.5233971838840076,-0.4112644639620824,True,True
PYPL,2025-10-07,2025,0.157648170649389,0.7560415822870289,True,True
PYPL,2025-10-08,2025,-0.2403668505349949,1.149730843357473,True,True
PYPL,2025-10-29,2025,-0.3000000000000034,-4.24625532499655,True,True
PYPL,2026-04-20,2026,0.5080055346906461,1.7592409567107992,True,True
PYPL,2026-07-02,2026,0.6991329805202184,2.3645985812408448,True,True
PYPL,2026-07-14,2026,0.2550749464667992,1.4561027837259095,True,True
PYPL,2026-07-16,2026,0.7885850929435204,2.418336040425922,True,True
PYPL,2026-07-17,2026,-0.1941051513542255,0.1504691095769177,True,True
PYPL,2026-07-21,2026,0.8919878658101381,-0.3211991434689503,True,True
PYPL,2026-08-17,2026,-0.1692673332240532,-0.8687100475331931,True,True
QCOM,2021-11-04,2021,1.329512234127621,-0.0927554773708503,True,True
QCOM,2021-11-05,2021,-0.1064077669902843,3.7928378163297873,True,True
QCOM,2021-11-08,2021,-0.1656087249555717,1.6236750199129988,True,True
QCOM,2021-11-09,2021,-0.030605259997585,0.1200912693647274,True,True
QCOM,2021-11-17,2021,-0.112230654184896,1.700548385309917,True,True
QCOM,2021-11-18,2021,-0.1384989200863868,0.7019438444924468,True,True
QCOM,2021-12-14,2021,-0.0031592876440424,0.3528698241164395,True,True
QCOM,2022-01-06,2022,0.1212676056338038,0.7854821235103018,True,True
QCOM,2022-11-16,2022,0.2016555753936055,-2.0694692420061656,True,True
QCOM,2023-01-19,2023,-0.2917664547031169,-2.9317036914691528,True,True
QCOM,2023-01-24,2023,0.2277560414269178,0.2685078634445679,True,True
QCOM,2023-02-02,2023,-0.1199841109345729,-1.8272425249169444,True,True
QCOM,2023-02-03,2023,-0.3000000000000085,2.9340039628105425,True,True
QCOM,2023-06-12,2023,-0.0545389953734383,0.9418374091209522,True,True
QCOM,2023-06-20,2023,0.0106173649257927,-1.7627285398048749,True,True
QCOM,2023-07-14,2023,-0.1296974133723707,-0.3009598177973032,True,True
QCOM,2023-07-20,2023,0.2811528497409309,-2.2749352331606234,True,True
QCOM,2023-07-24,2023,0.203494989979951,-0.5090180360721483,True,True
QCOM,2023-07-31,2023,-0.0385623939534034,1.9435446552522064,True,True
QCOM,2023-08-01,2023,-0.1486527514231553,0.2504743833017173,True,True
QCOM,2023-08-03,2023,0.4671197743011048,1.48619304095067,True,True
QCOM,2023-10-20,2023,-0.2463497757847565,-2.565022421524663,True,True
QCOM,2023-11-03,2023,-0.2877435353963543,1.3141161509114003,True,True
QCOM,2023-11-06,2023,0.3325402788212652,0.1085232490191129,True,True
QCOM,2023-11-13,2023,-0.2678283317199045,-0.0887383026782828,True,True
QCOM,2023-11-17,2023,-0.292289249806667,0.1392111368909345,True,True
QCOM,2023-12-12,2023,-0.1604978275277993,0.6627881287281875,True,True
QCOM,2023-12-15,2023,-0.0192537838789247,0.7321365716297021,True,True
QCOM,2023-12-18,2023,-0.0061679882113369,-0.5964493719738926,True,True
QCOM,2024-01-22,2024,0.22065918166939,0.0720130932896979,True,True
QCOM,2024-01-23,2024,0.016311244848545,0.3990318571335025,True,True
QCOM,2024-03-05,2024,0.151309393607965,-1.9078867420099737,True,True
QCOM,2024-03-07,2024,0.3113679245282951,3.57900943396226,True,True
QCOM,2024-03-08,2024,0.0479631536788978,-2.357249113170846,True,True
QCOM,2024-05-03,2024,0.2747501921598895,-1.378060832326777,True,True
QCOM,2024-05-16,2024,-0.2488717948717924,-0.907692307692313,True,True
QCOM,2024-05-22,2024,-0.1722613709160794,0.0147834228551722,True,True
QCOM,2024-05-23,2024,-0.1498566917658503,-1.986883653145496,True,True
QCOM,2024-05-24,2024,0.0424939883201654,3.292928301516405,True,True
QCOM,2024-05-28,2024,-0.1668462742930704,-1.7546283503730191,True,True
QCOM,2024-05-29,2024,0.6556673855739328,-0.1294033069734053,True,True
QCOM,2024-05-30,2024,-0.1681534022601541,-1.514787208463562,True,True
QCOM,2024-06-20,2024,0.45597680642285,-3.929527207850135,True,True
QCOM,2024-10-15,2024,0.3348529246027171,-1.8483038431195769,True,True
QCOM,2024-10-16,2024,-0.2714522964150848,-1.8039170770816664,True,True
QCOM,2024-11-08,2024,0.0070544482538137,-0.7205531989075536,True,True
QCOM,2025-01-16,2025,-0.0045479286362259,-2.461445418808584,True,True
QCOM,2025-01-28,2025,0.5601752304891716,0.7457865993305598,True,True
QCOM,2025-05-13,2025,0.1230551626591225,-0.4703792638400075,True,True
QCOM,2025-06-10,2025,-0.1276522184518796,1.920737563224278,True,True
QCOM,2025-07-30,2025,-0.1348527607361935,-2.518404907975454,True,True
QCOM,2025-09-19,2025,-0.117410054941801,-1.4414840196136336,True,True
QCOM,2025-09-22,2025,0.2187603404867523,1.7024337609399376,True,True
QCOM,2025-10-28,2025,0.6241730596710514,-1.5631371482941414,True,True
QCOM,2025-10-29,2025,-0.2507275822305404,-1.9081873592883547,True,True
QCOM,2025-12-11,2025,-0.1515796438220261,-0.0385951370127326,True,True
QCOM,2026-01-07,2026,0.0279605263157827,-1.2033991228070138,True,True
QCOM,2026-01-08,2026,-0.2999999999999925,1.6490580803846036,True,True
QCOM,2026-04-22,2026,-0.0446209016393216,-0.4391100702576071,True,True
QCOM,2026-04-27,2026,1.5058819764464737,-3.8274449564772257,True,True
QCOM,2026-04-28,2026,0.4765439757375284,3.3981251723187054,True,True
QCOM,2026-04-29,2026,0.0713527589162157,2.91383743160394,True,True
QCOM,2026-04-30,2026,-0.300000000000006,4.405696018599235,True,True
QCOM,2026-05-01,2026,0.1562929061784956,-1.1888150918122429,True,True
QCOM,2026-05-04,2026,1.500248278975282,-4.988150321634129,True,True
QCOM,2026-05-05,2026,0.2816477889837032,11.290803843170028,True,True
QCOM,2026-05-06,2026,0.5734860129111542,-1.3116097960856656,True,True
QCOM,2026-05-07,2026,0.5418576598311268,6.272617611580222,True,True
QCOM,2026-05-08,2026,-0.2203636705351795,2.96480759291452,True,True
QCOM,2026-05-11,2026,2.6529596895882706,2.41862470359992,True,True
QCOM,2026-05-12,2026,-0.2305951966585455,-8.497215454229028,True,True
QCOM,2026-05-13,2026,1.018594345066366,-1.5903058280438511,True,True
QQQ,2021-11-10,2021,-0.2542742120416999,-0.7592937039773787,True,True
QQQ,2021-11-19,2021,0.0978806732270779,0.1338522172371961,True,True
QQQ,2021-11-23,2021,-0.2148526789078506,-0.1582477204792633,True,True
QQQ,2023-01-23,2023,-0.2085675990264968,1.936439631759024,True,True
QQQ,2023-02-02,2023,0.0533851456815858,1.3787721123829375,True,True
QQQ,2023-02-03,2023,0.2133108152423376,0.4066373712861576,True,True
QQQ,2023-02-06,2023,0.1434322801700006,0.0230619708101505,True,True
QQQ,2023-02-08,2023,-0.1448953134115582,-1.3482854735204592,True,True
QQQ,2023-03-17,2023,-0.0789645279081981,-0.4531820552947454,True,True
QQQ,2023-03-20,2023,-0.2213567343719154,0.5422993492407922,True,True
QQQ,2023-05-19,2023,-0.0887774452576423,-0.305194227977134,True,True
QQQ,2023-05-22,2023,0.4145571878903321,0.416344495331004,True,True
QQQ,2023-05-26,2023,1.4788942364127156,2.24204718863716,True,True
QQQ,2023-05-30,2023,-0.2038927163958936,-0.7796773553344107,True,True
QQQ,2023-05-31,2023,0.3382036340672285,-0.2038062979016504,True,True
QQQ,2023-06-01,2023,-0.2426566589020253,1.2423431973082544,True,True
QQQ,2023-06-15,2023,0.5558761416307764,1.5496009434738425,True,True
QQQ,2023-06-16,2023,-0.2652259068469714,-1.2985619231594847,True,True
QQQ,2023-06-20,2023,0.3374610634460816,0.2609432209410307,True,True
QQQ,2023-07-13,2023,-0.0224678633160616,0.8270176838186448,True,True
QQQ,2023-12-14,2023,0.0249641957627472,-0.3975504963208093,True,True
QQQ,2023-12-15,2023,0.2821219011331516,0.1880350338957867,True,True
QQQ,2023-12-18,2023,0.5383646556194914,0.5383646556194914,False,True
QQQ,2023-12-21,2023,-0.1677393995971075,0.1793347418071091,True,True
QQQ,2024-01-19,2024,-0.0622874620683105,1.449833823033568,True,True
QQQ,2024-01-22,2024,0.0102306275241493,-0.3991403131716298,True,True
QQQ,2024-05-24,2024,0.5649951678088244,0.5996309963099671,True,True
QQQ,2024-06-18,2024,-0.1602144329896906,0.0474226804123748,True,True
QQQ,2024-07-12,2024,0.3943432620657464,0.4730868408763241,True,True
QQQ,2024-09-20,2024,-0.0685768170607885,-0.01865246316138,True,True
QQQ,2024-10-28,2024,-0.2879990370340669,-0.6138907836135301,True,True
QQQ,2024-11-07,2024,1.02281667977971,1.02281667977971,False,True
QQQ,2024-12-12,2024,-0.2867741813220079,-0.2236203759854362,True,True
QQQ,2024-12-17,2024,-0.164305690208064,-0.0950853904094248,True,True
QQQ,2025-05-14,2025,0.1147976856241506,0.3734736923583148,True,True
QQQ,2025-05-20,2025,-0.1781243984137432,0.1501559311592755,True,True
QQQ,2025-06-06,2025,0.0047433962264084,-0.030188679245277,True,True
QQQ,2025-06-30,2025,-0.2909570801436693,0.0689329898777338,True,True
QQQ,2025-08-01,2025,-0.2696716471325085,-0.8946944618412812,True,True
QQQ,2025-09-18,2025,-0.1642534164831508,0.0790035467549759,True,True
QQQ,2025-09-19,2025,-0.1147274492734418,0.3565927810888628,True,True
QQQ,2025-09-24,2025,-0.2451256733992866,-0.5854195506780033,True,True
RBLX,2021-10-22,2021,0.1263286499694657,2.602321319486878,True,True
RBLX,2021-11-01,2021,-0.1337343656938596,-3.251935675997622,True,True
RBLX,2021-11-10,2021,0.0547701481053917,-8.395845354875942,True,True
RBLX,2021-11-11,2021,-0.0928526906295507,1.7972158736754518,True,True
RBLX,2021-11-12,2021,0.3863851212494863,10.419235511713936,True,True
RBLX,2021-11-15,2021,0.1780892659535165,-0.3504241977130168,True,True
RBLX,2021-11-16,2021,-0.2999999999999936,8.559947668442199,True,True
RBLX,2021-11-17,2021,-0.0445772843723184,6.310845431255338,True,True
RBLX,2021-11-18,2021,-0.2074566831683224,-2.4443069306930667,True,True
RBLX,2021-11-19,2021,-0.2692923692923864,3.7730037730037775,True,True
RBLX,2021-11-22,2021,0.3127156002415768,-14.534408640352442,True,True
RBLX,2021-11-23,2021,0.3071660966046445,-4.162843080003344,True,True
RBLX,2022-06-27,2022,-0.2169166666666555,-0.1669444444444402,True,True
RBLX,2022-07-06,2022,1.5377880184331738,-2.8929851510496736,True,True
RBLX,2022-07-11,2022,0.0992991239048657,-3.929912390488111,True,True
RBLX,2022-08-10,2022,-0.1223608017817416,6.948775055679297,True,True
RBLX,2022-08-12,2022,0.1187400000000025,2.280000000000001,True,True
RBLX,2022-10-19,2022,0.1263720598717052,-1.4730339748158814,True,True
RBLX,2023-01-18,2023,0.1289325087389087,-3.818230707179335,True,True
RBLX,2023-01-19,2023,0.1682878787878757,1.1969696969697063,True,True
RBLX,2023-02-03,2023,-0.0086012526096003,0.6524008350730689,True,True
RBLX,2023-02-16,2023,0.670590898800088,-1.4489472492642077,True,True
RBLX,2023-02-17,2023,-0.299999999999997,-4.308124560992749,True,True
RBLX,2023-02-21,2023,1.37392520987026,-4.492495548206577,True,True
RBLX,2023-04-05,2023,0.2913664323374316,-0.3075571177504406,True,True
RBLX,2023-05-18,2023,-0.2049797474386488,0.238265427686446,True,True
RBLX,2023-06-20,2023,0.3565609756097665,1.8539024390243932,True,True
RBLX,2023-07-12,2023,-0.3000000000000065,-1.3166855845629928,True,True
RBLX,2023-07-13,2023,-0.2999999999999952,0.6818181818181753,True,True
RBLX,2023-10-25,2023,0.380334987593045,-3.535980148883376,True,True
RBLX,2023-11-06,2023,-0.0480202190395934,-4.914349901713002,True,True
RBLX,2023-11-07,2023,-0.3000000000000051,3.0249632892804734,True,True
RBLX,2023-11-08,2023,1.4563473500870934,-2.3388902712117385,True,True
RBLX,2023-11-09,2023,0.2644364384971601,-2.086978898610396,True,True
RBLX,2023-11-10,2023,0.1716425755584669,0.9986859395532264,True,True
RBLX,2023-11-16,2023,-0.1226599847754365,-2.702359807155539,True,True
RBLX,2023-12-11,2023,0.1889651790093082,-0.7601765571358564,True,True
RBLX,2023-12-14,2023,-0.1861872146118559,1.6210045662100478,True,True
RBLX,2023-12-15,2023,0.0999554267884928,-2.094940940494758,True,True
RBLX,2023-12-18,2023,-0.3000000000000042,1.471259124087582,True,True
RBLX,2024-02-08,2024,0.2699648197009804,-1.341248900615654,True,True
RBLX,2024-02-09,2024,-0.0984048528420521,-0.224668613794656,True,True
RBLX,2024-02-12,2024,-0.0088070096607522,-1.7299483262188184,True,True
RBLX,2024-05-07,2024,0.7481447448914108,2.0837161997165325,True,True
RBLX,2024-05-09,2024,4.331784759358277,1.6701203208556052,True,True
RBLX,2024-06-27,2024,0.1486092173438662,1.499863648759196,True,True
RBLX,2024-07-01,2024,-0.2462678523308999,-0.1616814874696908,True,True
RBLX,2024-07-09,2024,-0.1001503382610792,-1.3029315960911954,True,True
RBLX,2024-07-15,2024,-0.1530221130221334,1.0319410319410185,True,True
RBLX,2024-08-01,2024,-0.2999999999999946,-3.117735096033933,True,True
RBLX,2024-08-22,2024,-0.2541081703107058,-0.2071346375143922,True,True
RBLX,2024-09-17,2024,-0.3000000000000004,-1.4864282636794588,True,True
RBLX,2024-09-20,2024,0.4153946510110914,0.0434877147205827,True,True
RBLX,2024-09-23,2024,0.0879377431906654,-1.578037181150015,True,True
RBLX,2024-09-25,2024,0.120231822971542,0.3688092729188559,True,True
RBLX,2024-09-26,2024,-0.0497594645471769,-6.1702572683539065,True,True
RBLX,2024-11-01,2024,-0.2122187438857276,0.6358833887693266,True,True
RBLX,2024-11-04,2024,0.3238339021615409,-5.157375805839967,True,True
RBLX,2024-11-05,2024,0.4389623397435894,2.5641025641025665,True,True
RBLX,2024-11-12,2024,0.5101200369344512,0.4247460757156121,True,True
RBLX,2024-12-06,2024,0.0217767963309069,0.7304229658569725,True,True
RBLX,2024-12-12,2024,0.299298714309561,-0.4675237936216415,True,True
RBLX,2025-01-07,2025,-0.188174971959625,-1.826630347700679,True,True
RBLX,2025-01-10,2025,-0.2837516297262041,0.7659713168187726,True,True
RBLX,2025-01-15,2025,0.0060930488860885,0.3285837991025747,True,True
RBLX,2025-01-17,2025,-0.0894085697042769,-1.1315630657815328,True,True
RBLX,2025-01-31,2025,-0.0768951048951055,-0.6153846153846122,True,True
RBLX,2025-02-03,2025,0.3586528795059798,1.507970702283515,True,True
RBLX,2025-02-05,2025,-0.0173349534224342,1.977858782233028,True,True
RBLX,2025-02-06,2025,3.612404389757232,11.739275024941806,True,True
RBLX,2025-05-01,2025,1.8188560832976728,-1.4405933533019617,True,True
RBLX,2025-05-02,2025,0.2028299243485531,3.796581675539378,True,True
RBLX,2025-05-05,2025,0.0739788830230499,-0.2361767157543785,True,True
RBLX,2025-05-06,2025,0.1415285714285679,0.9571428571428596,True,True
RBLX,2025-05-14,2025,0.4213436692506315,2.609819121447023,True,True
RBLX,2025-05-15,2025,0.1501128668171489,1.2916980185603226,True,True
RBLX,2025-05-16,2025,0.6544821583986016,1.0568195946785954,True,True
RBLX,2025-06-02,2025,1.152719137218911,3.143643873336403,True,True
RBLX,2025-06-06,2025,0.1205420225667017,1.0281556469471775,True,True
RBLX,2025-06-09,2025,0.2712860780984783,-0.907258064516118,True,True
RBLX,2025-06-10,2025,0.2682438971932541,0.7742768039574136,True,True
RBLX,2025-06-30,2025,0.058124586444836,-0.6333301824369049,True,True
RBLX,2025-07-17,2025,-0.1909832618386817,2.792497266380682,True,True
RBLX,2025-07-18,2025,0.0326578776041706,1.261393229166676,True,True
RBLX,2025-07-22,2025,-0.2233170060316553,-2.6595960004857684,True,True
RBLX,2025-07-23,2025,0.7525760135135073,0.1520270270270207,True,True
RBLX,2025-08-01,2025,0.2571935654406823,-5.52828336228381,True,True
RBLX,2025-09-30,2025,0.0181914893616912,-1.7304964539007075,True,True
RBLX,2025-10-16,2025,-0.1023679088877578,-3.063504649318821,True,True
RBLX,2026-06-18,2026,-0.2796405962834444,5.227690422707785,True,True
RBLX,2026-06-22,2026,2.38900414937759,-1.8257261410788437,True,True
RBLX,2026-06-30,2026,0.2832541133455272,-0.5484460694698432,True,True
RCL,2021-09-23,2021,0.240909615606595,1.7642848897610586,True,True
RCL,2021-09-24,2021,0.3672300362976451,2.869782214156081,True,True
RCL,2021-09-27,2021,0.0686167899086621,0.4675946063505946,True,True
RCL,2021-09-28,2021,0.4254452649869699,-0.1520417028670727,True,True
RCL,2021-10-04,2021,0.1550038031076858,-1.0866021949364335,True,True
RCL,2021-11-08,2021,-0.1361208136429087,-3.70865009245942,True,True
RCL,2021-11-09,2021,0.0569212410501188,-0.8895638967238093,True,True
RCL,2021-11-10,2021,-0.2335776149233781,-1.4434821230290886,True,True
RCL,2022-02-09,2022,0.513643678160908,1.2298850574712563,True,True
RCL,2022-02-10,2022,-0.299999999999997,0.5723443223443223,True,True
RCL,2022-04-01,2022,-0.3000000000000076,-0.8181171448897293,True,True
RCL,2022-04-22,2022,0.0603614457831331,-1.5421686746987966,True,True
RCL,2022-09-12,2022,0.4457303137336303,-0.0415541242468379,True,True
RCL,2022-09-13,2022,-0.3000000000000027,1.686377573368382,True,True
RCL,2022-09-14,2022,-0.3000000000000001,4.3506078055022375,True,True
RCL,2022-09-16,2022,-0.2799638263665489,1.346463022508042,True,True
RCL,2022-09-19,2022,1.7554643714971934,1.581265012009606,True,True
RCL,2023-01-13,2023,0.2744545823524671,3.027843169088403,True,True
RCL,2023-02-08,2023,0.2896236559139777,0.201612903225795,True,True
RCL,2023-02-09,2023,-0.0225785080164229,-2.5573075394196274,True,True
RCL,2023-05-02,2023,-0.1650676691729285,1.9699248120300783,True,True
RCL,2023-05-03,2023,0.0231290512669348,-1.1785503830288704,True,True
RCL,2023-05-04,2023,-0.2999999999999997,-1.8032786885246004,True,True
RCL,2023-05-05,2023,-0.0820467276950456,3.36111490640799,True,True
RCL,2023-05-08,2023,-0.3000000000000087,2.311308435622873,True,True
RCL,2023-05-09,2023,-0.2999999999999984,-1.2199820213175845,True,True
RCL,2023-06-02,2023,0.3513243853189137,2.4468464188145886,True,True
RCL,2023-06-05,2023,-0.2537301311056911,1.6707274625826636,True,True
RCL,2023-06-07,2023,-0.0806380638063998,0.1540154015401546,True,True
RCL,2023-06-08,2023,-0.1356593406593309,-0.8351648351648409,True,True
RCL,2023-06-12,2023,-0.0743614613643739,0.8406078241189642,True,True
RCL,2023-06-13,2023,-0.2893936170212775,1.9255319148936196,True,True
RCL,2023-06-14,2023,-0.274814822546966,-1.116910229645087,True,True
RCL,2023-06-28,2023,-0.2410233658680931,1.7154687962141326,True,True
RCL,2023-07-28,2023,-0.1293423423423395,-2.198198198198196,True,True
RCL,2023-12-05,2023,0.2288189533238969,1.0254596888260223,True,True
RCL,2023-12-07,2023,-0.1396970466277424,1.1170347804011111,True,True
RCL,2023-12-14,2023,0.2685371900826404,0.3223140495867773,True,True
RCL,2023-12-15,2023,0.2444931733554065,1.439801406702531,True,True
RCL,2023-12-18,2023,-0.2999999999999946,-1.296054776654714,True,True
RCL,2024-02-02,2024,-0.0568060981419637,-1.9850722566301413,True,True
RCL,2024-03-14,2024,-0.0360438729198002,-2.639939485627822,True,True
RCL,2024-05-21,2024,0.4739207408416164,2.6623995642108103,True,True
RCL,2024-06-05,2024,-0.2615996918731578,0.3594813198099899,True,True
RCL,2024-06-26,2024,-0.0133624999999959,0.8375000000000021,True,True
RCL,2024-06-27,2024,-0.2999999999999985,-0.8291053087489193,True,True
RCL,2024-07-01,2024,-0.1439749608763629,-2.071987480438186,True,True
RCL,2024-07-18,2024,-0.2999999999999934,-0.9112854556427225,True,True
RCL,2024-09-23,2024,0.5896660909614413,1.295336787564767,True,True
RCL,2024-09-27,2024,-0.2563532888256657,-2.856517456495567,True,True
RCL,2024-09-30,2024,0.3377756579316469,-0.4881880926996266,True,True
RCL,2024-10-10,2024,0.3207775219757185,1.2452909167015465,True,True
RCL,2024-10-14,2024,-0.2237961783439488,0.300636942675161,True,True
RCL,2024-10-16,2024,-0.3000000000000031,-0.3654501456862112,True,True
RCL,2024-10-31,2024,0.0339234449760739,-1.26794258373206,True,True
RCL,2024-11-01,2024,-0.0633205755535052,-2.039629862894244,True,True
RCL,2024-11-07,2024,-0.2910978168668354,-1.5447118174918557,True,True
RCL,2024-12-06,2024,-0.2999999999999999,1.626945046287187,True,True
RCL,2025-01-29,2025,0.3741547708489999,1.059353869271222,True,True
RCL,2025-04-30,2025,-0.2001954428448881,2.359614834588611,True,True
RCL,2025-05-13,2025,-0.2385705483672139,1.7457383446292871,True,True
RCL,2025-06-06,2025,0.0622916727272695,0.4909090909090991,True,True
RCL,2025-06-26,2025,0.1434486707996251,3.5935694021225144,True,True
RCL,2025-06-27,2025,0.0703816278284306,4.478216818642347,True,True
RCL,2025-06-30,2025,0.3033624595469235,1.2686084142394871,True,True
RCL,2025-12-16,2025,0.2581867845088594,-2.0320818400083427,True,True
RCL,2025-12-22,2025,0.0538843050847552,1.9457627118644096,True,True
RCL,2026-01-09,2026,0.4271184223436047,1.8543349576479105,True,True
RCL,2026-01-30,2026,0.8165076731646573,-3.715115245600528,True,True
RCL,2026-02-02,2026,0.5964401492446045,2.14386200990886,True,True
RCL,2026-06-01,2026,-0.2999999999999977,3.2465445194471143,True,True
RCL,2026-06-22,2026,0.0716025383564783,-0.547835167483345,True,True
RCL,2026-06-29,2026,0.5219780564263229,0.7836990595611284,True,True
RCL,2026-07-29,2026,0.8463027890963214,2.274234814744637,True,True
RIVN,2022-07-08,2022,-0.3000000000000027,1.7181037225580629,True,True
RIVN,2022-07-22,2022,0.5232630979498735,-7.545558086560361,True,True
RIVN,2022-08-12,2022,0.1781171125694184,-1.8425037859666755,True,True
RIVN,2022-08-15,2022,1.1992481203007426,0.0805585392051587,True,True
RIVN,2022-09-13,2022,1.503915743991355,4.644882527680256,True,True
RIVN,2022-09-14,2022,0.0904699738903558,4.647519582245434,True,True
RIVN,2022-09-15,2022,1.005565348778627,-0.0755477209770867,True,True
RIVN,2022-09-16,2022,0.1880958515846441,1.2110280855449596,True,True
RIVN,2022-09-19,2022,-0.1459438578418668,-2.3049188771568274,True,True
RIVN,2023-02-03,2023,-0.1503003003003002,-0.4004004004004097,True,True
RIVN,2023-05-11,2023,0.822589725545376,-2.744546094299793,True,True
RIVN,2023-05-30,2023,0.0834615384615443,-4.615384615384608,True,True
RIVN,2023-05-31,2023,0.8490847457627105,0.06779661016949,True,True
RIVN,2023-06-14,2023,0.0645158102766843,-2.635046113306985,True,True
RIVN,2023-06-16,2023,0.2864705882352929,-2.941176470588242,True,True
RIVN,2023-06-20,2023,-0.2999999999999955,3.0183727034120675,True,True
RIVN,2023-06-21,2023,-0.3000000000000025,-8.401253918495296,True,True
RIVN,2023-06-30,2023,0.3761405672009837,2.7743526510481065,True,True
RIVN,2023-07-05,2023,1.168654914271925,-1.207437816952427,True,True
RIVN,2023-07-06,2023,0.3961596009975168,7.729675810473803,True,True
RIVN,2023-07-07,2023,1.2687062937062903,7.845279720279728,True,True
RIVN,2023-07-10,2023,-0.2218652037617507,-0.137147335423198,True,True
RIVN,2023-07-11,2023,0.1416376461104326,0.1007658202337853,True,True
RIVN,2023-07-12,2023,0.2506114398421953,2.130177514792896,True,True
RIVN,2023-07-13,2023,-0.0293912369135355,-1.0856921287320571,True,True
RIVN,2023-07-14,2023,-0.143177349587102,-2.35941801022415,True,True
RIVN,2023-10-02,2023,-0.0496023440770304,-0.9627459187944764,True,True
RIVN,2023-12-07,2023,0.067758839050135,1.1609498680738914,True,True
RIVN,2023-12-14,2023,1.0496185084912597,10.411026335220273,True,True
RIVN,2023-12-15,2023,0.5764835164835082,0.4395604395604458,True,True
RIVN,2023-12-18,2023,0.3617256637168121,5.176991150442469,True,True
RIVN,2023-12-19,2023,0.1493989983305562,1.5859766277128504,True,True
RIVN,2024-05-08,2024,0.3290220820189302,8.09674027339642,True,True
RIVN,2024-05-14,2024,2.2185540069686263,-2.613240418118473,True,True
RIVN,2024-05-15,2024,0.4211573236889738,-7.775768535262216,True,True
RIVN,2024-06-27,2024,0.7712750716332293,3.545845272206298,True,True
RIVN,2024-06-28,2024,0.4568668046928934,-7.522429261559695,True,True
RIVN,2024-07-01,2024,0.477748885586918,3.343239227340262,True,True
RIVN,2024-07-02,2024,0.5384022424667209,4.274702172389637,True,True
RIVN,2024-07-03,2024,0.7104729729729614,-1.0135135135135158,True,True
RIVN,2024-07-15,2024,-0.2999999999999921,-1.5748031496063055,True,True
RIVN,2024-11-14,2024,-0.216777963272128,-13.981636060100172,True,True
RIVN,2024-11-26,2024,-0.0556372549019733,-5.800653594771249,True,True
RIVN,2024-11-27,2024,0.5064282673478131,3.863771817794816,True,True
RIVN,2024-12-10,2024,-0.0934392265193449,-2.8314917127071837,True,True
RIVN,2024-12-17,2024,-0.0076246334310857,-4.105571847507336,True,True
RIVN,2025-01-06,2025,0.7596720315821471,-4.524749468569689,True,True
RIVN,2025-01-07,2025,-0.3000000000000055,-6.089139987445065,True,True
RIVN,2025-02-19,2025,0.256594556873696,-2.7913468248429893,True,True
RIVN,2025-02-21,2025,1.0345669291338555,1.8897637795275608,True,True
RIVN,2025-03-28,2025,0.044480954213156,-4.501731435167365,True,True
RIVN,2025-03-31,2025,-0.3000000000000031,3.4053156146179417,True,True
RIVN,2025-04-02,2025,1.1787665886026526,-2.615144418423114,True,True
RIVN,2025-05-01,2025,0.4261471230881286,0.0728332119446452,True,True
RIVN,2025-05-12,2025,0.7763832658569481,-1.2145748987854232,True,True
RIVN,2025-05-15,2025,0.6534153005464395,4.576502732240437,True,True
RIVN,2025-05-16,2025,0.2182586094866811,2.664067576348279,True,True
RIVN,2025-05-20,2025,0.4335377069282761,3.678724708767636,True,True
RIVN,2025-05-21,2025,0.2354259259259266,-2.389486260453994,True,True
RIVN,2025-07-24,2025,-0.1915125136017328,0.3264417845484217,True,True
RIVN,2025-07-28,2025,0.0550569800569833,-1.7806267806267806,True,True
RIVN,2025-09-04,2025,-0.2305710306406729,-4.561281337047349,True,True
RIVN,2025-09-05,2025,1.514046579330428,3.3478893740902405,True,True
RIVN,2025-09-08,2025,0.2951193820224639,-1.720505617977535,True,True
RIVN,2025-09-23,2025,0.4518360655737762,1.6721311475409888,True,True
RIVN,2025-11-06,2025,0.1566861074705158,-0.0655307994757522,True,True
RIVN,2025-11-07,2025,-0.2337981407702594,1.2616201859229714,True,True
RIVN,2025-11-10,2025,0.469884169884179,5.566280566280579,True,True
RIVN,2025-11-11,2025,0.0037258852258957,9.829059829059826,True,True
RIVN,2025-11-12,2025,-0.2148105952720055,-0.0284819139846141,True,True
RIVN,2025-11-13,2025,0.3361368909512861,-5.04640371229697,True,True
RIVN,2025-12-15,2025,-0.2999999999999953,0.3490870032223293,True,True
RIVN,2025-12-16,2025,-0.1399876543209896,-3.904455179817496,True,True
RIVN,2025-12-19,2025,1.1712247909493307,10.28037383177572,True,True
RIVN,2025-12-22,2025,-0.0779510022271639,-3.184855233853006,True,True
RIVN,2026-03-11,2026,0.706340284073736,0.782713810818958,True,True
RIVN,2026-03-20,2026,0.1994364433312484,-6.637445209768318,True,True
RIVN,2026-04-20,2026,0.4019395184967617,-0.5871990604815115,True,True
RIVN,2026-06-01,2026,0.3794919454770826,5.018587360594787,True,True
RIVN,2026-06-02,2026,0.6975868157739858,1.7068864037669378,True,True
RIVN,2026-06-03,2026,0.5181711606096133,7.151230949589698,True,True
RIVN,2026-06-04,2026,0.366518105849581,0.9470752089136586,True,True
RIVN,2026-07-06,2026,0.7211859838274826,8.436657681940689,True,True
RIVN,2026-07-07,2026,1.5504753282028116,-6.716840199185158,True,True
ROKU,2021-10-19,2021,0.2159912280701645,0.6345029239766128,True,True
ROKU,2021-10-20,2021,0.1902714671881152,-2.5588083050555084,True,True
ROKU,2022-04-05,2022,0.028525424998136,-4.643151351756162,True,True
ROKU,2022-07-21,2022,0.1932007157141352,2.6628775918324394,True,True
ROKU,2023-01-30,2023,0.1180674567000906,-1.5562443026435735,True,True
ROKU,2023-02-01,2023,-0.2482794397371607,3.873422099256445,True,True
ROKU,2023-02-02,2023,1.2888446215139384,4.334661354581672,True,True
ROKU,2023-02-03,2023,0.3038358008075387,0.685765557905538,True,True
ROKU,2023-02-17,2023,-0.1634433639227571,-1.9486371729900092,True,True
ROKU,2023-02-21,2023,0.362362796071637,-5.199306759098779,True,True
ROKU,2023-04-05,2023,0.1441321044547023,-5.88341013824884,True,True
ROKU,2023-06-08,2023,-0.2274698093990981,0.5237887385421205,True,True
ROKU,2023-06-09,2023,1.0672981761628615,-1.7814223101937017,True,True
ROKU,2023-06-12,2023,-0.1288859146865237,2.6624677927283127,True,True
ROKU,2023-07-12,2023,0.159976931949254,-2.191464821222617,True,True
ROKU,2023-07-13,2023,-0.0678996378685914,-1.1639937920330985,True,True
ROKU,2023-07-31,2023,0.6676444929116649,4.983642311886579,True,True
ROKU,2023-08-01,2023,-0.143419537221242,2.09391686734373,True,True
ROKU,2023-08-02,2023,0.4856167262029826,-4.139525110317306,True,True
ROKU,2023-09-07,2023,0.1947890818858575,-1.1875221552640856,True,True
ROKU,2023-11-06,2023,0.1971978152457943,-1.0915459510804948,True,True
ROKU,2023-11-07,2023,-0.2881295392308492,-0.7500892963447976,True,True
ROKU,2023-11-28,2023,0.521596450165793,4.212990052662368,True,True
ROKU,2024-02-07,2024,-0.0867379679144301,1.080213903743321,True,True
ROKU,2024-02-13,2024,-0.1623220735075444,-4.5039303165498135,True,True
ROKU,2024-07-01,2024,0.2438181818181719,3.996003996003993,True,True
ROKU,2024-07-02,2024,0.1468539631705291,-1.7133706965572462,True,True
ROKU,2024-07-18,2024,0.1931066460587251,-2.952086553323035,True,True
ROKU,2024-08-26,2024,-0.3000000000000075,0.2736569206394897,True,True
ROKU,2024-09-13,2024,0.3407283438211328,0.0401660195474643,True,True
ROKU,2024-09-19,2024,-0.0741789354473333,-2.504089593557311,True,True
ROKU,2024-12-05,2024,0.3171503441613316,-0.9419152276295146,True,True
ROKU,2025-01-24,2025,0.4154646573376366,-2.77478770481999,True,True
ROKU,2025-02-10,2025,0.965520424648066,-2.4232633279482974,True,True
ROKU,2025-02-14,2025,2.568637761682697,-1.7958130766941187,True,True
ROKU,2025-02-18,2025,1.106654958470925,-4.132893025117592,True,True
ROKU,2025-02-19,2025,1.1247654736842163,-2.7684210526315742,True,True
ROKU,2025-05-02,2025,0.715308848080129,2.7963272120200404,True,True
ROKU,2025-06-09,2025,-0.0237879360282067,0.2014859589472316,True,True
ROKU,2025-06-17,2025,1.0129315458535917,-4.342152093961336,True,True
ROKU,2025-06-18,2025,0.3084541511771895,0.9541511771994992,True,True
ROKU,2025-07-22,2025,-0.2561758241758237,-1.5934065934065964,True,True
ROKU,2025-07-29,2025,-0.1140024518948975,-3.661851713661321,True,True
ROKU,2025-08-01,2025,-0.0192208401783762,-6.160525698192912,True,True
ROKU,2025-10-02,2025,-0.2713025162028271,-1.0484178421654675,True,True
ROKU,2025-11-03,2025,1.067877069422842,-0.5762370803987885,True,True
ROKU,2025-11-04,2025,0.3311915335916061,0.3118208447510142,True,True
ROKU,2025-12-12,2025,0.7769213090641653,-1.2042654899797778,True,True
ROKU,2025-12-16,2025,-0.0267043947298554,-1.7419754178088238,True,True
ROKU,2025-12-17,2025,0.2104554028563771,-3.3234527979879664,True,True
ROKU,2026-01-06,2026,-0.0614832535885241,-1.435406698564598,True,True
ROKU,2026-04-09,2026,0.1934026605777748,-0.7346371488136693,True,True
ROKU,2026-04-17,2026,0.0396858407079728,2.831858407079648,True,True
ROKU,2026-04-20,2026,0.1055300735612246,2.7780181739506777,True,True
ROKU,2026-05-04,2026,0.3432258064516152,1.6935483870967696,True,True
ROKU,2026-05-05,2026,-0.0036476377952752,-2.0314960629921246,True,True
ROKU,2026-06-15,2026,0.9735906692585504,-2.186892529852823,True,True
ROKU,2026-06-16,2026,1.2736026643498537,-0.137561540689254,True,True
ROKU,2026-06-17,2026,0.3631289762868805,-0.7446500867553507,True,True
ROKU,2026-06-18,2026,-0.1623728567276735,0.3705318221447394,True,True
ROKU,2026-06-22,2026,0.0836842869590496,-1.7826023816439245,True,True
ROKU,2026-07-31,2026,-0.0198086206896654,0.0,True,True
ROKU,2026-08-04,2026,-0.1561030927834971,1.278350515463927,True,True
ROKU,2026-08-05,2026,-0.2393265264723743,-0.6085604165257809,True,True
ROKU,2026-08-06,2026,-0.1386731391585767,1.193365695792887,True,True
ROKU,2026-08-07,2026,0.1264889766370608,0.76669957222772,True,True
RTX,2022-01-05,2022,0.5179379157427927,-0.6984478935698555,True,True
RTX,2022-01-06,2022,-0.1345685840707992,-0.3429203539823034,True,True
RTX,2022-02-09,2022,-0.1235030719566809,-0.041653649901079,True,True
RTX,2022-02-28,2022,0.2537770147444934,3.7164209250656506,True,True
RTX,2022-03-01,2022,0.0104407901138556,-0.0875741948039206,True,True
RTX,2022-03-02,2022,-0.0268493150684917,-1.4579256360078368,True,True
RTX,2022-03-03,2022,-0.0139026320997542,-1.2170987532159152,True,True
RTX,2022-06-09,2022,-0.1377707718905705,-0.9661344452354346,True,True
RTX,2022-08-17,2022,0.0390075443629939,0.9563277016257632,True,True
RTX,2022-10-25,2022,0.2746073002599268,-0.1469092552830777,True,True
RTX,2022-10-26,2022,0.7015011286681795,2.2686230248307058,True,True
RTX,2022-10-27,2022,0.2591268968550768,1.0666373433032756,True,True
RTX,2022-10-28,2022,0.0449081081081056,2.864864864864871,True,True
RTX,2022-10-31,2022,-0.194753509975732,0.1266758154755519,True,True
RTX,2022-12-01,2022,-0.1088882163034665,0.4035512510088695,True,True
RTX,2022-12-14,2022,0.1870179479509293,-0.3390168511317214,True,True
RTX,2023-01-05,2023,-0.0017053954323354,0.6183305076294052,True,True
RTX,2023-01-06,2023,0.2185574092247363,0.5495583905789873,True,True
RTX,2023-01-09,2023,-0.2514747396086868,-3.0468217657938377,True,True
RTX,2023-02-21,2023,0.1113844422700592,-1.497064579256361,True,True
RTX,2023-04-19,2023,-0.0331931568383791,-0.5256618560642236,True,True
RTX,2023-04-20,2023,-0.0969450101833091,-0.2521578896324363,True,True
RTX,2023-10-25,2023,-0.3000000000000015,-1.2728418399495791,True,True
RTX,2023-10-26,2023,0.1729358974358956,1.4743589743589816,True,True
RTX,2023-10-27,2023,-0.0714758690946265,0.7767732076913274,True,True
RTX,2023-10-30,2023,0.2043632224611153,-0.6323510813203491,True,True
RTX,2023-10-31,2023,-0.0471147748890258,3.1832593532022897,True,True
RTX,2023-11-01,2023,-0.0811463414634014,0.195121951219508,True,True
RTX,2023-11-02,2023,0.0147783849423336,0.4978749241044454,True,True
RTX,2023-11-06,2023,0.0013905683192207,-0.3385731559854911,True,True
RTX,2023-12-26,2023,0.2035959110041966,1.082381238725185,True,True
RTX,2024-01-03,2024,-0.0783926064576465,0.1637810014038378,True,True
RTX,2024-01-04,2024,-0.2884056285614495,-0.6512385161065102,True,True
RTX,2024-01-24,2024,-0.2999999999999989,-0.1004128082115242,True,True
RTX,2024-01-25,2024,-0.1895290858725851,0.7756232686980641,True,True
RTX,2024-01-26,2024,0.2826551990296554,-0.3087440732164529,True,True
RTX,2024-02-02,2024,-0.2350393538594845,-0.2818733738074489,True,True
RTX,2024-03-15,2024,0.8388028555738711,2.031850631521152,True,True
RTX,2024-03-18,2024,-0.0315273588970236,0.635501938819478,True,True
RTX,2024-04-05,2024,0.6523881347410845,2.2523881347410706,True,True
RTX,2024-06-03,2024,0.2671111525550187,0.1212234240954957,True,True
RTX,2024-06-05,2024,-0.1523099712989603,0.4073696879918505,True,True
RTX,2024-07-26,2024,-0.1425236925236901,0.0,True,True
RTX,2024-10-02,2024,-0.0531784060054344,-0.9343555342597044,True,True
RTX,2024-10-16,2024,-0.0922417247735794,1.1380940931313632,True,True
RTX,2024-10-24,2024,-0.0672772590599791,-0.957429973097004,True,True
RTX,2025-01-22,2025,-0.1413430935709825,-1.0423297262889897,True,True
RTX,2025-01-23,2025,-0.0542382315521689,0.4214376590330798,True,True
RTX,2025-01-24,2025,0.0256612492033192,-0.1832377310388701,True,True
RTX,2025-01-28,2025,-0.2087935963407931,-2.1688583952734883,True,True
RTX,2025-01-29,2025,0.2399764521193068,-1.758241758241765,True,True
RTX,2025-02-04,2025,0.4080747259533873,-0.9031959240388974,True,True
RTX,2025-03-03,2025,-0.1812565133244094,-0.3796337650736868,True,True
RTX,2025-03-04,2025,-0.0759886159377107,-3.5650089874176296,True,True
RTX,2025-03-20,2025,0.3169922457500549,0.2535043244855379,True,True
RTX,2025-06-10,2025,0.139957295373667,-1.3950177935943118,True,True
RTX,2025-06-12,2025,0.2259713409852208,0.5275540029942116,True,True
RTX,2025-06-16,2025,-0.3000000000000065,-0.0136518771331127,True,True
RTX,2025-06-17,2025,-0.0092111510547313,0.7122024011395122,True,True
RTX,2025-06-18,2025,0.1295099623047873,-1.790522347872911,True,True
RTX,2025-06-20,2025,0.178472507884258,0.5621829151240869,True,True
RTX,2025-06-23,2025,-0.3000000000000011,-0.6947282386595708,True,True
RTX,2025-07-22,2025,-0.0258729722298473,2.557052515809733,True,True
RTX,2025-07-24,2025,-0.1404800000000068,-0.6528000000000066,True,True
RTX,2025-08-27,2025,-0.1566543726948927,-0.1125210977058241,True,True
RTX,2025-09-30,2025,-0.13008095440988,1.8016921297705328,True,True
RTX,2025-10-08,2025,0.1572587757981987,-0.8819897689186805,True,True
RTX,2025-10-22,2025,0.317089804573314,2.0173075820963846,True,True
RTX,2025-10-23,2025,-0.1372577139639487,1.036036036036038,True,True
RTX,2025-12-15,2025,-0.2611716924446516,1.3185712696116636,True,True
RTX,2025-12-18,2025,-0.0151827553364378,-0.1176536500644338,True,True
RTX,2025-12-22,2025,-0.0382915891939185,1.5476320682489249,True,True
RTX,2026-01-06,2026,0.0117276099629063,0.9114997350291464,True,True
RTX,2026-01-14,2026,-0.269297885444465,2.058098952987062,True,True
RTX,2026-01-21,2026,-0.299999999999996,-0.0480781396290386,True,True
RTX,2026-01-29,2026,0.1713830687304009,-0.4927089035982725,True,True
RTX,2026-02-04,2026,0.1754549878345462,-4.296836982968376,True,True
RTX,2026-02-23,2026,0.0006103838799879,-0.9854390351522238,True,True
RTX,2026-03-03,2026,-0.0472513027557266,-3.0514999295807708,True,True
RTX,2026-03-04,2026,-0.0591787439613537,0.8599033816425126,True,True
RTX,2026-06-18,2026,-0.21263402061857,-4.314432989690724,True,True
RTX,2026-06-22,2026,-0.2135814507828157,-1.4952055907687258,True,True
RTX,2026-06-29,2026,0.1410267576355084,-0.1492457758115245,True,True
RTX,2026-07-24,2026,-0.2385239292320849,0.9533747569131484,True,True
RTX,2026-07-27,2026,-0.0721621117433078,1.884152597705448,True,True
RTX,2026-07-28,2026,-0.1420969274627808,-1.0860219919453395,True,True
RTX,2026-07-29,2026,-0.0416863636363664,-2.1227272727272672,True,True
RTX,2026-07-30,2026,-0.2999999999999948,-0.0512820512820576,True,True
SBUX,2021-11-08,2021,0.4873980599193028,-1.1503133316164385,True,True
SBUX,2021-12-08,2021,-0.2999999999999942,0.3886010362694325,True,True
SBUX,2022-08-02,2022,-0.205832349468714,-1.180637544273908,True,True
SBUX,2022-08-04,2022,0.3629901398761683,-0.4012841091492711,True,True
SBUX,2022-09-13,2022,0.2392910576591108,1.1048452065830288,True,True
SBUX,2022-09-15,2022,0.0684164764699342,0.2282360612976782,True,True
SBUX,2022-09-16,2022,-0.2564010057942411,-0.1803870121351175,True,True
SBUX,2022-09-19,2022,0.1552511415525053,1.40287176101666,True,True
SBUX,2022-11-07,2022,0.1135123335516254,-1.2551844575420277,True,True
SBUX,2022-12-01,2022,0.1290688575899907,1.124804381846641,True,True
SBUX,2022-12-06,2022,0.0745953757225498,-1.6666666666666703,True,True
SBUX,2023-01-05,2023,-0.0614604268351095,-0.0478514690400968,True,True
SBUX,2023-01-09,2023,-0.2438415321066406,-1.6522718738265032,True,True
SBUX,2023-01-10,2023,0.0372697652132311,1.629132726401536,True,True
SBUX,2023-02-03,2023,-0.242766934557973,-0.2200535782625237,True,True
SBUX,2023-04-25,2023,-0.0070877708409898,0.3672420124862206,True,True
SBUX,2023-04-26,2023,0.2763005780346855,2.2754381135884065,True,True
SBUX,2023-04-27,2023,0.4523852304375205,1.2847003863085011,True,True
SBUX,2023-04-28,2023,0.0996881959910963,1.8351893095768397,True,True
SBUX,2023-05-02,2023,-0.2390427111538115,-0.043671936413658,True,True
SBUX,2023-05-03,2023,0.266045196186287,-4.702970297029699,True,True
SBUX,2023-07-24,2023,0.0391486053066339,-0.1069102925454363,True,True
SBUX,2023-11-03,2023,0.334716005172583,2.118770516263797,True,True
SBUX,2023-11-06,2023,-0.3000000000000068,1.0280555285894548,True,True
SBUX,2024-08-14,2024,-0.268644512003352,-1.5515253171191992,True,True
SBUX,2024-08-15,2024,-0.0828348297295909,0.8234606598310639,True,True
SBUX,2024-09-12,2024,0.1557598537179976,0.8736286062576183,True,True
SBUX,2024-09-13,2024,0.0821850095833856,-0.5649147583980655,True,True
SBUX,2024-10-25,2024,-0.1359185352808134,0.1069738736885406,True,True
SBUX,2024-10-28,2024,-0.0651715309779893,0.3891449052739328,True,True
SBUX,2024-10-31,2024,1.4839163924311087,0.483340189222541,True,True
SBUX,2024-11-12,2024,-0.2502147208628649,-1.3282732447817822,True,True
SBUX,2025-01-28,2025,0.1635334546189748,1.3947847180109112,True,True
SBUX,2025-01-29,2025,2.612366114897764,5.735150925024343,True,True
SBUX,2025-01-30,2025,-0.1545527112579139,0.0183503073676577,True,True
SBUX,2025-01-31,2025,0.0751904543368487,-1.1656723267553888,True,True
SBUX,2025-02-03,2025,0.6336265607264367,2.3174423004161966,True,True
SBUX,2025-06-12,2025,-0.3000000000000047,-0.3274186734262804,True,True
SBUX,2025-07-23,2025,-0.0132997843278253,-1.4788949368388598,True,True
SBUX,2025-07-24,2025,-0.2269291173699104,-1.9264998429483855,True,True
SBUX,2025-12-19,2025,-0.0985406376290919,-0.7970363718006216,True,True
SBUX,2025-12-22,2025,-0.0059664246823873,-2.29128856624319,True,True
SBUX,2026-01-07,2026,-0.2776231623835821,-2.7045225002805484,True,True
SBUX,2026-01-21,2026,0.0028780045834782,2.8726749453712173,True,True
SBUX,2026-01-22,2026,0.5575233160621761,-0.6943005181347167,True,True
SBUX,2026-01-23,2026,-0.3000000000000021,0.540707554456981,True,True
SBUX,2026-01-26,2026,0.1821380800493866,-0.8745755736186793,True,True
SBUX,2026-01-27,2026,0.0953459250756524,-0.0730460189919578,True,True
SBUX,2026-03-10,2026,0.4717804363124537,1.316979993968033,True,True
SBUX,2026-03-13,2026,0.2247889562022123,-1.5145496077068146,True,True
SBUX,2026-04-30,2026,-0.1061782835467025,-0.1327643432906596,True,True
SBUX,2026-05-01,2026,0.6903030274361294,0.1892147587511853,True,True
SBUX,2026-06-29,2026,-0.157313233470099,-0.7346627230226085,True,True
SCHW,2021-09-28,2021,0.124529032258058,-1.703225806451604,True,True
SCHW,2021-09-29,2021,-0.2869656164204425,-1.464243691985868,True,True
SCHW,2021-10-18,2021,0.107442724458202,-0.2476780185758549,True,True
SCHW,2021-12-17,2021,-0.2582195881225899,-0.6704980842911905,True,True
SCHW,2021-12-20,2021,-0.3000000000000033,-1.1639304092134315,True,True
SCHW,2022-01-05,2022,0.4311333333333304,-0.7666666666666642,True,True
SCHW,2022-01-06,2022,0.3470465295347048,-0.1979980200197917,True,True
SCHW,2022-01-07,2022,0.0743567090005503,1.314191054665928,True,True
SCHW,2022-01-10,2022,0.4247936594698055,0.1803771522273913,True,True
SCHW,2022-01-12,2022,-0.2524483306836263,0.4981452040275558,True,True
SCHW,2022-01-13,2022,0.030910064239811,-0.0107066381156371,True,True
SCHW,2022-01-14,2022,-0.1391935483870875,2.7956989247311768,True,True
SCHW,2022-01-18,2022,-0.1955833947950653,-2.908018122431768,True,True
SCHW,2022-03-21,2022,0.0100055524708534,-1.1438089950027774,True,True
SCHW,2022-07-29,2022,0.3185228951255651,2.023633677991123,True,True
SCHW,2022-08-01,2022,0.0521931115690531,1.148071828083605,True,True
SCHW,2022-08-03,2022,0.0489063867016446,0.583260425780119,True,True
SCHW,2022-08-12,2022,0.3282465753424493,2.7808219178082205,True,True
SCHW,2022-08-15,2022,-0.0580749528174755,2.2782421137772952,True,True
SCHW,2022-08-16,2022,0.24242303609341,2.401804670912954,True,True
SCHW,2022-08-17,2022,0.1994858272907177,-0.5273566249175893,True,True
SCHW,2022-10-28,2022,0.0676627670396834,2.0091556459816866,True,True
SCHW,2022-10-31,2022,-0.0653824008010997,-0.2753786456377505,True,True
SCHW,2022-12-01,2022,-0.1913417292322478,-1.0050859772341951,True,True
SCHW,2023-06-30,2023,0.1677497827975752,-1.4943527367506508,True,True
SCHW,2023-07-03,2023,0.0872528248587531,1.9420903954802289,True,True
SCHW,2023-07-19,2023,0.0378665095034422,-2.711065271843234,True,True
SCHW,2023-07-20,2023,-0.2244353494012445,3.0043959375473688,True,True
SCHW,2023-11-30,2023,-0.0493295340261445,2.748910492792492,True,True
SCHW,2023-12-01,2023,-0.037933300476419,3.762115984885821,True,True
SCHW,2023-12-04,2023,-0.0688555199999996,0.2,True,True
SCHW,2023-12-14,2023,1.172456062619995,4.770344114606416,True,True
SCHW,2023-12-15,2023,0.3489599547191025,0.4386585538418032,True,True
SCHW,2023-12-18,2023,-0.0056516237874272,-2.572754112188948,True,True
SCHW,2024-03-01,2024,-0.0156559591714192,-0.2251576103272375,True,True
SCHW,2024-03-11,2024,-0.1516369047619055,-0.3571428571428706,True,True
SCHW,2024-03-22,2024,0.1186192180616658,-1.4730176211453847,True,True
SCHW,2024-04-18,2024,0.0024127947056407,0.5514959327175041,True,True
SCHW,2024-04-24,2024,0.1418020679468181,0.9668322814556182,True,True
SCHW,2024-05-15,2024,0.3181348488762658,1.6533195556703708,True,True
SCHW,2024-07-16,2024,-0.0869961543939464,-3.973792906993295,True,True
SCHW,2024-09-23,2024,0.0342578482170094,-1.0210301737275245,True,True
SCHW,2024-10-10,2024,0.105406626506009,0.3765060240963855,True,True
SCHW,2024-10-16,2024,-0.1216703357182202,-0.8392955421023852,True,True
SCHW,2024-10-17,2024,-0.1900165471594023,-0.8549365692222702,True,True
SCHW,2024-11-07,2024,-0.3000000000000091,-3.318350079323116,True,True
SCHW,2024-11-08,2024,-0.2185679281241544,0.5853525728287597,True,True
SCHW,2024-11-12,2024,-0.2999999999999928,0.3207595586348473,True,True
SCHW,2024-11-13,2024,1.0720771704180054,0.6559485530546689,True,True
SCHW,2024-11-15,2024,-0.2378041172801041,0.6238303181534622,True,True
SCHW,2025-01-22,2025,-0.3000000000000001,-0.6043413912185434,True,True
SCHW,2025-06-20,2025,-0.0287752609371504,-0.9549189429269368,True,True
SCHW,2025-06-23,2025,-0.0592598831985713,-0.7861635220125818,True,True
SCHW,2025-06-25,2025,-0.1106256983240142,0.3798882681564284,True,True
SCHW,2025-06-27,2025,-0.2331918695555179,0.4914004914004888,True,True
SCHW,2025-06-30,2025,0.0866481994459782,1.0526315789473717,True,True
SCHW,2025-07-01,2025,-0.1135833699955948,0.3079630444346691,True,True
SCHW,2025-07-21,2025,0.1049468860654,0.2395334305353093,True,True
SCHW,2025-07-22,2025,-0.0516296450072658,-1.022420593730537,True,True
SCHW,2025-11-13,2025,0.0972923265556326,-2.559517727597844,True,True
SCHW,2025-12-12,2025,0.1214558201876655,-0.3608619445303581,True,True
SCHW,2025-12-15,2025,-0.0320169544091911,-1.488679830455906,True,True
SCHW,2025-12-22,2025,-0.3000000000000045,1.838087585375651,True,True
SCHW,2026-01-20,2026,0.1580099696999293,-1.2608738148763623,True,True
SCHW,2026-01-23,2026,-0.0691907012636271,-1.4372528214526814,True,True
SCHW,2026-04-15,2026,-0.009124748490954,0.8953722334004031,True,True
SCHW,2026-06-22,2026,-0.0952108108108128,-0.4864864864864895,True,True
SCHW,2026-08-06,2026,0.1131215469613256,-0.865561694290974,True,True
SLB,2021-09-28,2021,0.3471924699772931,0.35702693930543,True,True
SLB,2021-09-29,2021,-0.2999999999999992,-2.019059925698595,True,True
SLB,2021-09-30,2021,-0.0365047902213324,-2.1803766105054514,True,True
SLB,2021-10-05,2021,0.2421944977607078,-2.1113243761996165,True,True
SLB,2021-10-12,2021,-0.3000000000000109,1.26270403449339,True,True
SLB,2021-10-13,2021,-0.3000000000000035,0.924214417744908,True,True
SLB,2022-01-04,2022,0.1032669570628646,3.515868077162422,True,True
SLB,2022-01-05,2022,0.2783578759482365,-0.9668302840993688,True,True
SLB,2022-01-06,2022,-0.1404567937154607,-0.9310445155659014,True,True
SLB,2022-01-10,2022,0.4697740920789393,0.4289390906491238,True,True
SLB,2022-01-11,2022,0.4062907339189586,3.315386795126104,True,True
SLB,2022-01-12,2022,0.3552026286965822,-0.1642935377875199,True,True
SLB,2022-01-18,2022,0.1970611388087091,-1.4300708475465802,True,True
SLB,2022-01-19,2022,0.1216759185831398,-1.850383293682252,True,True
SLB,2022-01-27,2022,0.3067941870575082,-3.465408023847977,True,True
SLB,2022-01-28,2022,0.2379496402877711,1.9527235354573436,True,True
SLB,2022-02-17,2022,0.355122900949128,0.0243368216110927,True,True
SLB,2022-03-08,2022,0.0,0.0,False,True
SLB,2022-03-09,2022,-0.2999999999999992,-1.889836367826689,True,True
SLB,2022-03-10,2022,0.3939675174013806,0.7192575406032371,True,True
SLB,2022-05-26,2022,0.0505934065933964,2.6483516483516447,True,True
SLB,2022-05-27,2022,0.0663856463467339,4.215304798962393,True,True
SLB,2022-06-01,2022,0.3146471088435359,-0.7865646258503347,True,True
SLB,2022-08-22,2022,-0.055570689185514,0.62653228003268,True,True
SLB,2022-08-24,2022,0.7443791517628876,1.954522227899848,True,True
SLB,2022-08-26,2022,-0.1251753507014074,-1.25250501002004,True,True
SLB,2022-10-06,2022,0.3987191880135233,2.7549540840986,True,True
SLB,2022-10-07,2022,0.1922877968492874,0.1881025158711457,True,True
SLB,2022-10-24,2022,-0.180503395924898,4.234918098282056,True,True
SLB,2022-10-25,2022,-0.1270765079976966,1.1755636924262851,True,True
SLB,2023-01-10,2023,0.058633093525171,0.6834532374100638,True,True
SLB,2023-01-13,2023,-0.1796516640800129,0.5000862217623714,True,True
SLB,2023-01-19,2023,0.744999111742769,1.954165926452303,True,True
SLB,2023-07-03,2023,-0.208995943204865,-0.2028397565922805,True,True
SLB,2023-07-10,2023,-0.2433951551854825,1.495079485238454,True,True
SLB,2023-07-11,2023,-0.0042639970337378,3.930292918057109,True,True
SLB,2023-07-12,2023,0.140916327613651,0.2830355563417594,True,True
SLB,2023-07-13,2023,0.119789473684213,0.7192982456140291,True,True
SLB,2023-07-14,2023,-0.1771951434101765,0.5630828787612182,True,True
SLB,2023-07-17,2023,-0.2471741434122199,-0.1942776404097482,True,True
SLB,2023-09-07,2023,0.3213875676562299,-0.2460226340823332,True,True
SLB,2023-09-13,2023,-0.1390117875020162,-2.099144195058933,True,True
SLB,2024-03-18,2024,-0.1032236842105284,0.4511278195488626,True,True
SLB,2024-07-22,2024,0.0839278475881618,0.2026753141467253,True,True
SLB,2025-01-17,2025,-0.2999999999999962,3.368920521945437,True,True
SLB,2025-01-21,2025,0.0856427758816749,-0.4550625711035331,True,True
SLB,2025-01-22,2025,-0.1391194098662971,-4.080221300138319,True,True
SLB,2025-01-23,2025,-0.2053406123902304,-0.2373605506764809,True,True
SLB,2025-01-24,2025,0.2197630331753534,0.1421800947867184,True,True
SLB,2025-03-28,2025,0.0902846975088966,-0.6524317912218235,True,True
SLB,2025-06-17,2025,-0.1623688569850746,-0.3865267807840987,True,True
SLB,2025-06-20,2025,-0.2999999999999908,-0.306065664997216,True,True
SLB,2025-08-25,2025,-0.2999999999999994,0.1264044943820272,True,True
SLB,2025-08-27,2025,-0.0738588035157499,2.0130422455344306,True,True
SLB,2025-08-29,2025,0.0140802629776667,0.9998630324612926,True,True
SLB,2025-09-03,2025,-0.0076444947636555,-0.9057458250778384,True,True
SLB,2025-12-09,2025,0.4850393700787286,0.551181102362207,True,True
SLB,2025-12-11,2025,-0.1248682559598472,1.2296110414052748,True,True
SLB,2025-12-12,2025,0.0933908754624048,-2.749691738594316,True,True
SLB,2026-01-06,2026,-0.3000000000000036,-1.501806684733512,True,True
SLB,2026-01-07,2026,-0.277284119389392,-3.4062428799270843,True,True
SLB,2026-01-09,2026,-0.0773559624832425,0.9379187137114822,True,True
SLB,2026-01-13,2026,-0.0209969392216944,0.3279405334499313,True,True
SLB,2026-01-14,2026,0.0649655469422873,1.173557278208445,True,True
SLB,2026-01-15,2026,-0.2999999999999992,-0.4273504273504183,True,True
SLB,2026-01-22,2026,0.1684576098059193,0.7558733401429978,True,True
SLB,2026-01-23,2026,0.1586199999999991,-1.7000000000000028,True,True
SLB,2026-01-26,2026,-0.1996981891348188,-0.0201207243460867,True,True
SLB,2026-01-27,2026,-0.0224497912109812,0.7755020878902378,True,True
SLB,2026-04-24,2026,0.9387942936033096,3.396226415094337,True,True
SLB,2026-04-27,2026,0.7393744987971183,-1.5414773233538304,True,True
SLB,2026-05-22,2026,-0.1778400140031466,0.2538071065989778,True,True
SLB,2026-07-28,2026,-0.2227580863838816,-3.1958163858222077,True,True
SMCI,2021-11-04,2021,1.103555237413519,11.906466237174904,True,True
SMCI,2021-11-05,2021,-0.1807934782608718,1.3913043478260885,True,True
SMCI,2021-11-08,2021,-0.2999999999999931,-3.5760171306209885,True,True
SMCI,2021-12-28,2021,-0.1000668449197895,-1.4483065953654315,True,True
SMCI,2022-01-04,2022,0.0858525048376655,1.408299290475169,True,True
SMCI,2022-01-05,2022,0.3733642887294288,-4.390037990713393,True,True
SMCI,2022-01-06,2022,1.1819973574102696,-0.726712177934372,True,True
SMCI,2022-03-21,2022,0.2214680300893387,1.081335213916316,True,True
SMCI,2022-03-23,2022,-0.3000000000000037,-1.0978743284279346,True,True
SMCI,2022-04-21,2022,1.2830668443260036,-5.196535642904738,True,True
SMCI,2022-04-22,2022,-0.3000000000000071,-1.6701461377870537,True,True
SMCI,2022-05-05,2022,2.674280670785528,-6.531332744924971,True,True
SMCI,2022-05-06,2022,-0.3000000000000057,-2.0049646744319216,True,True
SMCI,2022-05-09,2022,0.8871403056161898,-2.321889263742809,True,True
SMCI,2022-06-03,2022,0.8652300949598195,0.0730460189919633,True,True
SMCI,2022-06-06,2022,1.2973537353735405,-1.08010801080107,True,True
SMCI,2022-06-07,2022,-0.0973951598004817,3.8426011453907223,True,True
SMCI,2022-07-22,2022,0.483189316575021,-0.4124116260801274,True,True
SMCI,2022-08-09,2022,0.0130556932738497,-3.817550818046596,True,True
SMCI,2022-08-11,2022,0.0277935423781345,-0.5122632722756881,True,True
SMCI,2022-08-15,2022,-0.1319216137444425,2.79183923914712,True,True
SMCI,2022-08-19,2022,-0.299999999999992,-1.8427345618230444,True,True
SMCI,2022-10-24,2022,-0.1621658986175118,-3.179723502304137,True,True
SMCI,2022-10-26,2022,0.2548886883272915,-1.2635379061371892,True,True
SMCI,2022-11-02,2022,0.6305333333333276,7.959999999999999,True,True
SMCI,2022-11-03,2022,-0.3000000000000071,0.5423814328960552,True,True
SMCI,2022-11-04,2022,0.5943932220284008,-4.4480438574632535,True,True
SMCI,2022-11-07,2022,0.0096281335238385,0.2597739966229417,True,True
SMCI,2022-11-14,2022,0.9621774776947156,-1.2177477694718966,True,True
SMCI,2022-11-16,2022,-0.1853495860165449,-5.577276908923637,True,True
SMCI,2023-02-10,2023,1.2998372093023176,4.697674418604658,True,True
SMCI,2023-02-17,2023,-0.2055374249921026,-3.179282029687332,True,True
SMCI,2023-02-27,2023,0.5557507825911318,2.120569524386544,True,True
SMCI,2023-02-28,2023,0.8270004957858191,-2.8656420426375813,True,True
SMCI,2023-03-22,2023,0.1213321084060753,3.261368856224172,True,True
SMCI,2023-03-23,2023,0.3996491228070086,-0.2017543859649157,True,True
SMCI,2023-03-24,2023,-0.1763246500088588,-1.931596668438767,True,True
SMCI,2023-03-27,2023,-0.1575078159892873,-0.9379187137114756,True,True
SMCI,2023-05-04,2023,1.3439015208552831,2.6690257491341787,True,True
SMCI,2023-05-08,2023,-0.3000000000000016,-0.3790640034990598,True,True
SMCI,2023-05-18,2023,1.1815503377291825,5.853972338372482,True,True
SMCI,2023-05-19,2023,0.349142823009373,-1.929394898751562,True,True
SMCI,2023-05-22,2023,0.0283806038426461,0.4940530649588303,True,True
SMCI,2023-05-26,2023,-0.1812812574422419,4.37313646106217,True,True
SMCI,2023-05-30,2023,1.5584429824561363,2.662280701754383,True,True
SMCI,2023-05-31,2023,-0.3000000000000001,-1.2090191060318622,True,True
SMCI,2023-06-01,2023,0.2345077880245321,1.954727970701146,True,True
SMCI,2023-06-08,2023,0.8394048954826889,5.801437892199647,True,True
SMCI,2023-06-09,2023,0.2648188281814435,-0.51328846811907,True,True
SMCI,2023-07-17,2023,0.1499999999999954,0.9862922099632192,True,True
SMCI,2023-07-20,2023,0.7479279641159473,1.4125995849233348,True,True
SMCI,2023-08-09,2023,0.1975754510200491,-10.23773394031361,True,True
SMCI,2023-10-03,2023,0.5489251814628626,-5.721000837520931,True,True
SMCI,2023-10-11,2023,-0.0500289296046304,-0.7264545162327379,True,True
SMCI,2023-10-12,2023,-0.054394682110519,-6.207404089207429,True,True
SMCI,2023-10-13,2023,0.452003412969279,-2.7098976109215007,True,True
SMCI,2023-11-15,2023,-0.0262010510255885,-2.4343109001525707,True,True
SMCI,2023-12-19,2023,-0.2968349206349153,0.2952380952380974,True,True
SMCI,2023-12-20,2023,0.4583671399594465,-4.351546653144004,True,True
SMCI,2024-01-09,2024,0.4833123821495849,7.994971715901948,True,True
SMCI,2024-01-10,2024,1.547415360637271,-1.2122261667676986,True,True
SMCI,2024-01-11,2024,0.7187355724570302,-0.4528564793311664,True,True
SMCI,2024-01-12,2024,0.5494653818287132,-1.6012172148964017,True,True
SMCI,2024-01-22,2024,0.2855067382491377,-4.402322778569088,True,True
SMCI,2024-01-23,2024,-0.1855364974397772,4.943629308167443,True,True
SMCI,2024-01-24,2024,0.6304049948015056,-0.2524984616690355,True,True
SMCI,2024-01-25,2024,0.453701098254973,-0.1070956090800258,True,True
SMCI,2024-01-30,2024,0.9545575746507354,-6.364715551091209,True,True
SMCI,2024-01-31,2024,1.253539770242882,5.260961163890772,True,True
SMCI,2024-02-01,2024,0.1597277777777764,8.057407407407407,True,True
SMCI,2024-02-02,2024,0.1122476878417736,-2.244649969621271,True,True
SMCI,2024-02-05,2024,0.5653692276395261,12.616125313623105,True,True
SMCI,2024-02-06,2024,0.2925705794948069,1.2176820208023849,True,True
SMCI,2024-02-07,2024,0.3480256436830941,1.1933492249152455,True,True
SMCI,2024-02-13,2024,0.3646666666666684,5.532000000000002,True,True
SMCI,2024-02-15,2024,0.6315883597883638,6.266666666666669,True,True
SMCI,2024-02-16,2024,-0.1280540385168261,-23.053559451949795,True,True
SMCI,2024-02-20,2024,-0.3000000000000005,-0.2544303797468343,True,True
SMCI,2024-02-23,2024,0.2483627526221597,-8.343992495949516,True,True
SMCI,2024-03-05,2024,0.3405845410628205,5.516908212560378,True,True
SMCI,2024-06-20,2024,0.4748140364748547,-4.576523340373073,True,True
SMCI,2024-06-21,2024,0.3570439532379296,0.4696190867407567,True,True
SMCI,2024-12-03,2024,-0.052939851317861,-9.461590448299171,True,True
SMCI,2024-12-04,2024,0.1224576271186393,4.212362911266214,True,True
SMCI,2025-02-10,2025,0.2508287292817685,12.286240463036048,True,True
SMCI,2025-02-11,2025,0.019315102241918,-4.656319290465634,True,True
SMCI,2025-02-12,2025,0.6903973509933734,-6.125827814569544,True,True
SMCI,2025-02-13,2025,1.6423737503204472,8.331197128941298,True,True
SMCI,2025-02-14,2025,1.8128784350256328,11.71401956217979,True,True
SMCI,2025-02-18,2025,1.7713837710701654,9.506076048608376,True,True
SMCI,2025-02-19,2025,-0.215551414534983,2.100457394545144,True,True
SMCI,2025-02-20,2025,1.9659090909090864,3.618881118881119,True,True
SMCI,2025-02-21,2025,-0.2346229508196774,-8.11475409836066,True,True
SMCI,2025-05-14,2025,-0.2132100108814008,-2.0890097932535467,True,True
SMCI,2025-05-15,2025,0.3113786054962449,-0.1362707245060238,True,True
SMCI,2025-05-16,2025,-0.2763609220636547,1.3172338090011009,True,True
SMCI,2025-05-19,2025,0.7138983050847438,1.2542372881355923,True,True
SMCI,2025-06-23,2025,-0.0018403496664323,-5.923625488842871,True,True
SMCI,2025-06-26,2025,0.08134296642584,4.632384190395239,True,True
SMCI,2025-06-27,2025,-0.0843997574777565,-3.860145513338716,True,True
SMCI,2025-06-30,2025,-0.1532979860254826,0.6987258528565627,True,True
SMCI,2025-07-16,2025,-0.0650579696484067,0.3204826091054797,True,True
SMCI,2025-07-29,2025,-0.2332552301255222,-1.8744769874476943,True,True
SMCI,2025-07-30,2025,-0.2999999999999999,1.964405641370038,True,True
SMCI,2025-07-31,2025,-0.299999999999997,-5.055546610851716,True,True
SMCI,2025-08-01,2025,1.3410085799334623,-0.8229732095955153,True,True
SMCI,2025-09-23,2025,-0.1106562565942271,-0.8651614264612865,True,True
SMCI,2025-10-02,2025,0.060333968738084,0.0953107129241272,True,True
SMCI,2025-10-07,2025,0.2139175257731993,-2.106292214717375,True,True
SMCI,2025-10-08,2025,-0.1015740908268485,6.169712321331637,True,True
SMCI,2025-10-09,2025,-0.2140636489767527,0.5289628858827728,True,True
SMCI,2026-02-05,2026,1.0595454545454666,-6.530303030303034,True,True
SMCI,2026-02-09,2026,0.8708220415537519,0.9936766034326958,True,True
SMCI,2026-05-07,2026,1.7227286092325858,-1.087915319023809,True,True
SMCI,2026-05-08,2026,-0.0906090609060926,6.180618061806188,True,True
SMCI,2026-05-11,2026,1.2064451097804232,-4.419731964642136,True,True
SMCI,2026-05-29,2026,0.999012584269653,3.6179775280898863,True,True
SMCI,2026-06-01,2026,1.4605624591236173,2.2127752343579696,True,True
SMCI,2026-08-05,2026,-0.0483911671924238,-4.337539432176656,True,True
SMCI,2026-08-11,2026,0.7586508432229794,-1.0618363522798355,True,True
SMCI,2026-08-13,2026,1.7330980392156958,2.3790849673202525,True,True
SMCI,2026-08-14,2026,1.1512002042900844,1.7364657814096192,True,True
SNOW,2021-10-14,2021,0.2804410695899628,0.5450911513536292,True,True
SNOW,2021-10-19,2021,-0.0242452774671944,-0.0205967162949429,True,True
SNOW,2021-11-15,2021,0.0064708171206232,2.0337224383916928,True,True
SNOW,2021-11-16,2021,0.4269265822784757,1.724050632911393,True,True
SNOW,2021-11-17,2021,0.1153855749320245,-0.8108175535763292,True,True
SNOW,2021-11-18,2021,-0.0612447368421083,-0.3533834586466228,True,True
SNOW,2021-11-19,2021,-0.114179392405069,-0.6784810126582296,True,True
SNOW,2022-02-11,2022,1.3201249999999969,-5.8461538461538485,True,True
SNOW,2022-06-29,2022,-0.2577691493116791,0.9318743381574254,True,True
SNOW,2022-08-26,2022,0.544397959183666,0.9336734693877614,True,True
SNOW,2022-08-29,2022,0.383510309278352,-3.907216494845367,True,True
SNOW,2022-08-30,2022,0.7295768680823977,-2.24540592066939,True,True
SNOW,2023-01-30,2023,0.2723306544202119,-2.513075647404004,True,True
SNOW,2023-02-03,2023,1.1776964285714322,-2.8035714285714333,True,True
SNOW,2023-02-06,2023,0.2430011268311019,-1.045448854388391,True,True
SNOW,2023-04-05,2023,0.4791577859587809,-5.393011690240924,True,True
SNOW,2023-05-05,2023,-0.3000000000000045,-0.9630818619582664,True,True
SNOW,2023-05-11,2023,0.6682460270747597,0.0824014125956364,True,True
SNOW,2023-05-19,2023,0.0686885969753813,-2.406446627663105,True,True
SNOW,2023-05-22,2023,-0.023228145714122,1.1500764829188157,True,True
SNOW,2023-06-29,2023,0.0421467175156529,-4.238627077090711,True,True
SNOW,2023-09-11,2023,0.4374813856979607,2.3756540566548314,True,True
SNOW,2023-11-30,2023,-0.2416648936170206,-0.2180851063829769,True,True
SNOW,2023-12-01,2023,-0.0685775978407524,0.3562753036437229,True,True
SNOW,2023-12-04,2023,-0.0788160813808735,1.888425950976684,True,True
SNOW,2023-12-05,2023,-0.0541307028359993,-0.1822763094408424,True,True
SNOW,2023-12-12,2023,0.0500261999580682,1.3885977782435577,True,True
SNOW,2023-12-15,2023,0.183393939393944,0.4898989898989893,True,True
SNOW,2024-01-24,2024,0.0431685629601228,-2.548044746151646,True,True
SNOW,2024-01-25,2024,0.238892676275807,0.3116478379431175,True,True
SNOW,2024-02-05,2024,0.5174013173045836,-0.7185297775321277,True,True
SNOW,2024-02-12,2024,0.0369264763225144,0.6108920757332856,True,True
SNOW,2024-08-22,2024,1.4845964364890325,-5.406847852861489,True,True
SNOW,2024-11-13,2024,0.7255578414306199,3.402437094476983,True,True
SNOW,2024-11-14,2024,-0.1527828259881831,-2.17325458125095,True,True
SNOW,2024-11-18,2024,0.1138564933781423,0.739276536864995,True,True
SNOW,2024-11-21,2024,1.0910765223862045,6.269378643184928,True,True
SNOW,2024-11-22,2024,0.4125500285877688,-4.265294453973704,True,True
SNOW,2024-11-25,2024,0.0647005029720952,-1.8804298125285897,True,True
SNOW,2024-11-26,2024,0.4902435509439372,-1.3114281596771904,True,True
SNOW,2024-12-05,2024,-0.267897391864335,-1.8031555221637936,True,True
SNOW,2025-01-28,2025,0.9919845835893396,5.021504775735916,True,True
SNOW,2025-01-29,2025,-0.0298102981029847,-0.8617886178861808,True,True
SNOW,2025-02-05,2025,0.1063316847825993,2.521739130434775,True,True
SNOW,2025-02-19,2025,0.8540327695560193,-1.2843551797040056,True,True
SNOW,2025-05-13,2025,-0.0048173768677164,0.1715550636413958,True,True
SNOW,2025-05-14,2025,0.6325411576978082,-0.1980851766259566,True,True
SNOW,2025-05-15,2025,-0.2445803224013328,1.7342968315730989,True,True
SNOW,2025-05-23,2025,1.0083725850734333,0.7229037051963438,True,True
SNOW,2025-05-27,2025,-0.2065004935834206,1.831194471865749,True,True
SNOW,2025-05-28,2025,1.0485990338164286,-1.2560386473429923,True,True
SNOW,2025-06-02,2025,0.4852580833373903,2.139349443282932,True,True
SNOW,2025-06-25,2025,-0.1168511134011458,-0.7616828710963702,True,True
SNOW,2025-08-01,2025,-0.1018625502611192,-5.268752599713456,True,True
SNOW,2025-08-29,2025,1.6230532224707666,0.7386147807369265,True,True
SNOW,2025-09-02,2025,-0.1210512820512874,-0.1709401709401733,True,True
SNOW,2025-10-03,2025,-0.2999999999999967,-3.0474226804123656,True,True
SNOW,2025-10-09,2025,0.1088272358130141,0.2860400456063862,True,True
SNOW,2025-10-10,2025,0.3935652173912954,-4.280632411067199,True,True
SNOW,2025-11-03,2025,0.3210384186079966,-0.212436539084734,True,True
SNOW,2026-05-19,2026,0.1711146542977245,-1.701695897956227,True,True
SNOW,2026-05-20,2026,0.2092848557692351,0.3425480769230728,True,True
SNOW,2026-05-27,2026,0.6032815433936235,0.3320357224639249,True,True
SNOW,2026-05-28,2026,-0.287379746835448,0.9071729957805932,True,True
SNOW,2026-05-29,2026,1.1539324442228591,6.099131663135156,True,True
SNOW,2026-06-01,2026,2.7795514867100044,7.689348771012021,True,True
SNOW,2026-06-02,2026,1.3338105104539617,-1.6274251271425857,True,True
SNOW,2026-06-03,2026,0.3968832359344394,-7.883579695198814,True,True
SNOW,2026-07-30,2026,1.3231859649122748,4.53684210526316,True,True
SNOW,2026-07-31,2026,0.0828213689482397,-2.1602671118530976,True,True
SNOW,2026-08-03,2026,1.502698691134809,3.703953582512488,True,True
SNOW,2026-08-04,2026,0.5237508196721331,3.799999999999992,True,True
SNOW,2026-08-10,2026,0.7047404475567126,1.8906987364895835,True,True
SOFI,2021-09-23,2021,0.0425917297611901,-0.2329644729178957,True,True
SOFI,2021-09-24,2021,0.2126921708185168,4.448398576512456,True,True
SOFI,2021-09-28,2021,0.1010919540229999,-2.0689655172413763,True,True
SOFI,2021-10-12,2021,-0.1902586681342994,4.457897633461743,True,True
SOFI,2021-10-13,2021,-0.1688157894736974,-0.5263157894736916,True,True
SOFI,2021-10-19,2021,-0.2506951973371402,-3.732762719923919,True,True
SOFI,2021-11-02,2021,-0.2560211733568675,0.0,True,True
SOFI,2021-11-03,2021,-0.2560211733568675,1.2130569033965528,True,True
SOFI,2021-11-12,2021,0.7068968493741765,-1.7263703064307383,True,True
SOFI,2022-08-04,2022,1.042350061199512,0.795593635250912,True,True
SOFI,2022-08-05,2022,-0.0513715710723235,-0.623441396508726,True,True
SOFI,2022-08-08,2022,-0.1775184275184284,-1.904176904176907,True,True
SOFI,2022-08-09,2022,-0.1705194805194845,-3.9610389610389687,True,True
SOFI,2022-11-01,2022,-0.1456656346749213,-11.45510835913313,True,True
SOFI,2022-11-02,2022,0.139207048458154,-9.78149779735682,True,True
SOFI,2022-11-14,2022,0.7156196943972896,-0.5093378607809739,True,True
SOFI,2023-01-10,2023,0.5308333333333323,6.7708333333333375,True,True
SOFI,2023-01-11,2023,0.4743689320388296,-0.0970873786407918,True,True
SOFI,2023-01-13,2023,0.2729885057471368,4.11877394636015,True,True
SOFI,2023-01-31,2023,0.149099099099109,4.354354354354355,True,True
SOFI,2023-02-01,2023,0.131601731601735,6.493506493506496,True,True
SOFI,2023-02-02,2023,0.0899608865710548,0.521512385919166,True,True
SOFI,2023-02-03,2023,-0.2326351351351378,0.8783783783783716,True,True
SOFI,2023-05-01,2023,-0.1473200612557421,-16.309341500765704,True,True
SOFI,2023-05-31,2023,0.3432258064516123,11.687096774193543,True,True
SOFI,2023-06-01,2023,2.820268256333828,1.4903129657227965,True,True
SOFI,2023-06-02,2023,-0.1597749648382533,-1.2658227848101369,True,True
SOFI,2023-06-05,2023,0.1206751054852231,1.898734177215187,True,True
SOFI,2023-06-06,2023,-0.2305710306406729,6.406685236768802,True,True
SOFI,2023-06-12,2023,-0.3000000000000097,8.382526564344735,True,True
SOFI,2023-06-13,2023,0.431551362683449,0.0,True,True
SOFI,2023-06-14,2023,-0.3000000000000077,-0.6632653061224619,True,True
SOFI,2023-06-15,2023,-0.1915125136017392,4.026115342763885,True,True
SOFI,2023-06-16,2023,0.595173961840625,-3.647586980920306,True,True
SOFI,2023-08-01,2023,-0.1197106690777549,-6.5099457504520855,True,True
SOFI,2023-08-02,2023,0.0936821322803509,-0.4935834155972429,True,True
SOFI,2023-09-18,2023,0.029759955752225,-4.03761061946901,True,True
SOFI,2023-12-14,2023,1.2321624588364577,4.116355653128431,True,True
SOFI,2023-12-15,2023,0.1184679958027354,-1.941238195173124,True,True
SOFI,2023-12-18,2023,0.1256010752688171,3.817204301075254,True,True
SOFI,2023-12-21,2023,-0.1953830010493211,1.2591815320042077,True,True
SOFI,2024-02-28,2024,0.2514380530973565,-2.1017699115044195,True,True
SOFI,2024-04-11,2024,0.0951122853368455,0.8586525759577213,True,True
SOFI,2024-04-29,2024,0.7822252374491148,-4.409769335142472,True,True
SOFI,2024-07-16,2024,-0.3000000000000042,4.09395973154362,True,True
SOFI,2024-07-17,2024,0.3567852437417624,3.293807641633729,True,True
SOFI,2024-07-18,2024,0.2073791348600534,-4.1997455470738005,True,True
SOFI,2024-07-19,2024,-0.1668891855807767,-0.2670226969292451,True,True
SOFI,2024-08-30,2024,-0.177216748768458,-1.5270935960590986,True,True
SOFI,2024-09-19,2024,-0.181872037914689,-2.962085308056872,True,True
SOFI,2024-09-20,2024,-0.1787432432432418,-1.228501228501246,True,True
SOFI,2024-10-07,2024,-0.0018540669856394,-1.0765550239234434,True,True
SOFI,2024-10-15,2024,-0.3000000000000071,0.1013779527558965,True,True
SOFI,2024-10-16,2024,0.236021505376334,-1.95503421309874,True,True
SOFI,2024-10-25,2024,0.1446922390722461,-2.0517395182872478,True,True
SOFI,2024-10-28,2024,-0.2110615521855448,-0.1784121320249897,True,True
SOFI,2024-10-29,2024,-0.2999999999999948,-2.697674418604643,True,True
SOFI,2024-11-11,2024,1.3116091109478405,3.747244673034532,True,True
SOFI,2024-11-12,2024,0.0695329873980607,2.3721275018532264,True,True
SOFI,2025-01-22,2025,-0.2999999999999932,-2.713178294573635,True,True
SOFI,2025-01-23,2025,-0.0708045977011436,3.649425287356331,True,True
SOFI,2025-01-27,2025,0.954877281309003,1.1957205789804766,True,True
SOFI,2025-04-29,2025,1.322859164897373,-6.0509554140127415,True,True
SOFI,2025-04-30,2025,-0.0270629644114232,-2.1900664841611213,True,True
SOFI,2025-06-12,2025,0.035238735709486,0.2689979825151374,True,True
SOFI,2025-06-13,2025,0.5988210818307993,-2.2191400832177552,True,True
SOFI,2025-06-20,2025,0.0201669877970351,-2.4405908798972438,True,True
SOFI,2025-06-23,2025,0.097739361702136,2.260638297872352,True,True
SOFI,2025-06-30,2025,-0.3000000000000041,2.650874224478279,True,True
SOFI,2025-07-01,2025,0.0323333333333329,-1.999999999999997,True,True
SOFI,2025-07-02,2025,0.3820980615735428,3.306727480045621,True,True
SOFI,2025-07-09,2025,-0.2505701536936122,0.2726822012890417,True,True
SOFI,2025-08-01,2025,-0.2081105990783373,-2.188940092165889,True,True
SOFI,2025-08-25,2025,1.1650119142176338,3.852263701350273,True,True
SOFI,2025-08-27,2025,0.4589888737068149,-2.5824712082764014,True,True
SOFI,2025-10-29,2025,1.5345812182741196,-1.9670050761421352,True,True
SOFI,2025-11-13,2025,-0.2371572644185329,-10.526315789473683,True,True
SOFI,2026-01-06,2026,-0.06123845364352,-7.663359562093746,True,True
SOFI,2026-04-16,2026,-0.2999999999999961,-2.956167176350672,True,True
SOFI,2026-04-17,2026,0.0052040816326373,-0.790816326530618,True,True
SOFI,2026-04-20,2026,0.8906022845275028,1.246105919003107,True,True
SOFI,2026-06-01,2026,-0.1901377410468175,2.2314049586776923,True,True
SOFI,2026-06-02,2026,0.8059345535218995,-1.6638935108153114,True,True
SOFI,2026-06-17,2026,0.4277372262773767,-2.301516002245932,True,True
SOFI,2026-06-18,2026,0.0355019629837461,0.4486819966348954,True,True
SPY,2022-08-01,2022,-0.1830355615299915,0.3812782598069173,True,True
SPY,2022-11-11,2022,-0.2231312722768474,0.735610101367584,True,True
SPY,2022-12-14,2022,0.5515002116481147,-0.547795124623388,True,True
SPY,2023-02-02,2023,-0.2471291520030982,0.4628067299811886,True,True
SPY,2023-02-03,2023,0.3879370247090624,0.1870793751063045,True,True
SPY,2023-05-19,2023,-0.1694933003308144,-0.3712782921198568,True,True
SPY,2023-05-22,2023,0.1167661952990653,0.0334416204853779,True,True
SPY,2023-06-16,2023,-0.263992596271045,-0.8103471626563078,True,True
SPY,2023-06-20,2023,-0.1381863484661335,-0.0525762355415263,True,True
SPY,2023-07-03,2023,0.2415786146482419,0.2415786146482419,False,True
SPY,2023-12-11,2023,0.4959864256346732,0.4959864256346732,False,True
SPY,2023-12-14,2023,-0.0425789930371837,-0.1079342236143131,True,True
SPY,2023-12-15,2023,-0.0770240047711381,-0.0255596498327982,True,True
SPY,2023-12-18,2023,0.2186882948682504,0.2186882948682504,False,True
SPY,2023-12-21,2023,-0.0926971060001655,0.2864296019689431,True,True
SPY,2024-01-22,2024,-0.0507551496869871,-0.101237577735999,True,True
SPY,2024-02-05,2024,-0.3000000000000015,-0.228879301614307,True,True
SPY,2024-03-01,2024,-0.0590651892019357,0.7583795041062544,True,True
SPY,2024-03-11,2024,-0.2101590659771265,0.1527973671838216,True,True
SPY,2024-04-01,2024,-0.1953190920718577,-0.3073516217093358,True,True
SPY,2024-06-13,2024,-0.2908218875428047,-0.1362447987627516,True,True
SPY,2024-06-18,2024,0.2430733240734046,0.2430733240734046,False,True
SPY,2024-06-21,2024,-0.2285855970025973,-0.0624460484507928,True,True
SPY,2024-09-20,2024,-0.1848561918850448,0.0457875457875441,True,True
SPY,2024-09-23,2024,-0.126198317349916,0.045666912565425,True,True
SPY,2024-11-07,2024,0.4164699534632619,0.4164699534632619,False,True
SPY,2025-05-13,2025,0.4586946834401619,0.5741610393171612,True,True
SPY,2025-07-01,2025,-0.0242058212732758,0.1946914141086267,True,True
SPY,2025-09-08,2025,-0.1124726342080076,0.0277512256791264,True,True
SPY,2025-09-18,2025,-0.2171539077490045,0.0589221774010766,True,True
SPY,2025-09-19,2025,-0.2443041988132844,0.1977866018449934,True,True
SPY,2025-09-22,2025,0.6886137118695176,0.6886137118695176,False,True
SPY,2026-08-04,2026,1.3764783992006424,1.3975441087533849,True,True
SPY,2026-08-05,2026,-0.1702090637244825,-0.783666735409368,True,True
T,2022-01-06,2022,-0.0013852489704238,-2.208910520404342,True,True
T,2022-04-12,2022,0.1038481012658128,-0.9367088607594872,True,True
T,2022-04-13,2022,0.3257322175732096,1.5428870292886931,True,True
T,2022-04-22,2022,-0.2751309553504671,-2.5692192566724894,True,True
T,2022-06-01,2022,-0.16049440298508,-1.0727611940298527,True,True
T,2022-10-24,2022,0.2720022948938774,0.6024096385542194,True,True
T,2022-10-25,2022,0.3256132344552147,0.9412435824301147,True,True
T,2022-12-08,2022,0.0078744209984504,-1.724137931034487,True,True
T,2022-12-09,2022,-0.0908757210277985,0.0524383848977347,True,True
T,2023-01-26,2023,-0.3000000000000001,-1.3813517513566904,True,True
T,2023-04-06,2023,0.0551653944020444,0.0,True,True
T,2023-09-01,2023,-0.165361242403782,-1.0803511141120874,True,True
T,2023-09-15,2023,-0.1670666666666657,1.466666666666671,True,True
T,2023-09-18,2023,-0.0371127224785645,-0.5603164139749445,True,True
T,2023-09-21,2023,-0.0412070084360881,-0.7138221933809178,True,True
T,2023-10-23,2023,-0.2351333767078584,-2.79765777488614,True,True
T,2023-10-25,2023,0.0859354838709691,-2.000000000000003,True,True
T,2023-12-01,2023,-0.2699698795180712,1.0240963855421574,True,True
T,2023-12-04,2023,0.0003012048192657,0.3915662650602272,True,True
T,2023-12-05,2023,1.1091872791519235,1.4723203769140163,True,True
T,2023-12-06,2023,-0.2419336051252256,-1.3395457192778124,True,True
T,2023-12-07,2023,-0.0071092831962419,0.4112808460634564,True,True
T,2023-12-11,2023,-0.1231224127735097,-1.700177409816685,True,True
T,2024-01-31,2024,0.0985722444317345,0.9708737864077563,True,True
T,2024-02-01,2024,0.0582365948037636,-0.1658374792703214,True,True
T,2024-02-02,2024,-0.3000000000000031,-0.5854474491218312,True,True
T,2024-05-31,2024,-0.1862521391899617,4.021677124928684,True,True
T,2024-06-03,2024,-0.1900165471594023,-0.6618863761720764,True,True
T,2024-06-04,2024,-0.2999999999999908,2.11519198664442,True,True
T,2024-06-24,2024,0.0247557003257214,1.2214983713354932,True,True
T,2024-06-25,2024,-0.1930257510729727,0.3755364806866968,True,True
T,2024-07-01,2024,-0.0927234927234723,-1.4033264033264012,True,True
T,2024-07-26,2024,0.4284968684759942,-0.835073068893529,True,True
T,2024-09-04,2024,0.1379209370424573,0.4392386530014635,True,True
T,2024-09-05,2024,-0.299999999999999,-0.241429261226464,True,True
T,2024-09-06,2024,0.4242130750605419,1.622276029055694,True,True
T,2024-09-09,2024,0.199451335877863,2.528625954198461,True,True
T,2024-09-10,2024,-0.1140792540792581,1.2121212121212197,True,True
T,2024-09-11,2024,-0.3000000000000084,-0.8558871154290943,True,True
T,2024-09-17,2024,-0.209651110104213,-1.268690530131405,True,True
T,2024-10-25,2024,-0.076457399103144,-2.107623318385661,True,True
T,2024-11-01,2024,0.36378162450066,-1.819795827785176,True,True
T,2024-11-26,2024,0.3953792502179676,0.6538796861377445,True,True
T,2024-12-04,2024,-0.2578791719476214,-0.5280946345585128,True,True
T,2024-12-05,2024,0.1012497352255775,0.9108239779707684,True,True
T,2025-01-28,2025,-0.2792809642560188,1.41313383208645,True,True
T,2025-01-29,2025,-0.0175637393767669,-1.902063941724008,True,True
T,2025-02-04,2025,-0.3000000000000007,0.1858736059479477,True,True
T,2025-02-19,2025,-0.2619755911517931,0.1144164759725443,True,True
T,2025-02-24,2025,0.0558707495773133,0.507232763479247,True,True
T,2025-02-25,2025,0.7463490882024589,-0.8373650911797595,True,True
T,2025-02-26,2025,-0.2249246987951862,0.0753012048192755,True,True
T,2025-03-03,2025,0.540887422075544,1.68683535020169,True,True
T,2025-06-11,2025,-0.0724543539325794,-0.4915730337078671,True,True
T,2025-07-01,2025,0.2502587098999643,-0.4139358399447997,True,True
T,2026-02-02,2026,-0.0724610117915422,0.1141118295930054,True,True
T,2026-02-03,2026,0.310953657602449,2.7384144006127915,True,True
T,2026-02-12,2026,0.0850772471910088,1.1587078651685334,True,True
T,2026-02-13,2026,0.1171548117154806,0.0348675034867558,True,True
T,2026-07-23,2026,-0.1284731182795806,-1.333333333333328,True,True
TFC,2021-09-29,2021,-0.2329071332436117,-0.0336473755047039,True,True
TFC,2021-10-19,2021,-0.1312892828364131,0.854149879129736,True,True
TFC,2022-01-05,2022,0.4021126760563425,-1.280409731113952,True,True
TFC,2022-01-07,2022,0.0989877589453937,2.008788449466417,True,True
TFC,2022-01-10,2022,-0.1031738800303614,-0.850417615793452,True,True
TFC,2022-01-13,2022,-0.0230139660609765,0.3153626670671178,True,True
TFC,2022-01-14,2022,0.0950320024382566,2.7735446510210195,True,True
TFC,2022-01-18,2022,0.2040594795539069,-0.059479553903355,True,True
TFC,2022-01-19,2022,-0.0937952430196507,-4.579701580735699,True,True
TFC,2023-01-12,2023,-0.0867835757057282,0.8982035928143749,True,True
TFC,2023-01-18,2023,-0.2359803082191794,-2.054794520547947,True,True
TFC,2023-01-23,2023,-0.2999999999999936,1.32780082987552,True,True
TFC,2023-10-18,2023,-0.0631828978622277,-2.4770953512046163,True,True
TFC,2023-11-16,2023,0.2334907145105505,-1.0072395341517164,True,True
TFC,2023-12-04,2023,0.2438181818181884,0.8181818181818277,True,True
TFC,2023-12-05,2023,-0.2397946859903349,0.1509661835748921,True,True
TFC,2023-12-08,2023,-0.1827058823529417,0.941176470588236,True,True
TFC,2023-12-11,2023,-0.1251899473991765,0.6282875511396944,True,True
TFC,2023-12-14,2023,0.8409809264305093,2.561307901907351,True,True
TFC,2023-12-15,2023,0.2592147435897515,-2.029914529914525,True,True
TFC,2023-12-18,2023,0.4604467447561954,-1.0078997548351878,True,True
TFC,2024-01-29,2024,0.0705335810990165,1.1149455800371693,True,True
TFC,2024-03-07,2024,-0.194469436358824,-2.3286583752315493,True,True
TFC,2024-03-22,2024,0.0647243271491942,-1.5416775542200245,True,True
TFC,2024-07-01,2024,0.2907006697578428,1.1334363730036006,True,True
TFC,2024-07-02,2024,0.0574391805377719,1.331626120358523,True,True
TFC,2024-07-16,2024,-0.1559595473151836,2.2152660727185207,True,True
TFC,2024-07-18,2024,0.2129560336763302,-0.7015902712815649,True,True
TFC,2024-07-19,2024,-0.1596433599249092,-0.4458000938526461,True,True
TFC,2024-07-22,2024,-0.3000000000000001,1.861330851558875,True,True
TFC,2024-07-23,2024,-0.1404799999999925,0.9828571428571422,True,True
TFC,2024-08-27,2024,0.2872677843226004,-0.4304485727231484,True,True
TFC,2024-10-14,2024,-0.1848729792147641,0.7390300230946889,True,True
TFC,2024-10-15,2024,0.2450569476081974,0.0227790432801777,True,True
TFC,2024-10-16,2024,-0.1425671103090501,0.4060455673358893,True,True
TFC,2024-10-17,2024,-0.0965767399682616,-2.607118567218315,True,True
TFC,2024-11-07,2024,0.0659110535405847,-0.2806563039723717,True,True
TFC,2024-11-08,2024,-0.0380910683012304,-1.0070052539404573,True,True
TFC,2025-01-21,2025,0.2192708333333293,-0.2291666666666655,True,True
TFC,2025-01-22,2025,-0.2791116698093324,-1.529436413157337,True,True
TFC,2025-01-23,2025,-0.0986928799149741,-0.6376195536663064,True,True
TFC,2025-06-25,2025,-0.2441564461612922,0.0482858522452825,True,True
TFC,2025-07-09,2025,0.2157274928461381,-0.6163328197226527,True,True
TFC,2025-07-10,2025,-0.0183877460738825,0.6303915063039075,True,True
TFC,2025-08-26,2025,-0.2999999999999967,1.6670322439131344,True,True
TFC,2025-08-27,2025,1.0161004111664187,1.2118589049989228,True,True
TFC,2025-08-28,2025,-0.2999999999999962,-0.4042553191489313,True,True
TFC,2025-08-29,2025,0.1689758392131621,0.1710498182595644,True,True
TFC,2025-09-02,2025,-0.0635912912265547,0.0431127398146066,True,True
TFC,2025-11-14,2025,0.1010279329608878,0.2458100558659205,True,True
TFC,2025-11-25,2025,0.026885245901631,1.2568306010929025,True,True
TFC,2025-12-11,2025,0.5019038892282628,1.2217470983506444,True,True
TFC,2025-12-15,2025,-0.2999999999999995,-0.9554140127388614,True,True
TFC,2026-01-30,2026,0.2269968676585848,0.6949882537196633,True,True
TFC,2026-02-04,2026,0.6145110988809364,1.1190607228031544,True,True
TFC,2026-04-08,2026,0.7768493988180146,0.489097208070108,True,True
TFC,2026-04-09,2026,0.585453246222947,3.0522662311147504,True,True
TFC,2026-06-12,2026,0.2872766542312973,1.403887688984888,True,True
TFC,2026-07-17,2026,0.3596408317580319,-0.7372400756143679,True,True
TFC,2026-07-20,2026,-0.1100952380952386,-2.904761904761902,True,True
TGT,2021-10-19,2021,0.2248811534986103,-0.8918398617058932,True,True
TGT,2021-11-16,2021,0.1018326996197828,1.2965779467680705,True,True
TGT,2021-11-17,2021,0.3869364935627352,-0.074806094728138,True,True
TGT,2022-04-08,2022,-0.1160042918454886,0.1845493562231789,True,True
TGT,2022-04-11,2022,0.2513718597273472,-1.6205093029237765,True,True
TGT,2022-04-20,2022,0.000760196283486,0.2775319765103361,True,True
TGT,2022-08-01,2022,-0.3000000000000019,-1.832305502846285,True,True
TGT,2022-08-02,2022,-0.1939490639436114,-0.6139071237539626,True,True
TGT,2022-08-11,2022,0.3177705033027422,-0.8476062430583905,True,True
TGT,2022-08-12,2022,-0.1024299994154478,0.830069562167543,True,True
TGT,2022-08-17,2022,-0.2370291685806035,0.7636655948553127,True,True
TGT,2022-08-18,2022,-0.0363949879296496,-0.4540751810552891,True,True
TGT,2022-10-26,2022,-0.0861534795043049,-0.5719733079123022,True,True
TGT,2022-11-14,2022,-0.0054738183503167,0.388090824837822,True,True
TGT,2022-11-15,2022,0.3984632768361673,1.0621468926553643,True,True
TGT,2022-11-16,2022,0.2522255588922266,3.75041708375042,True,True
TGT,2023-01-09,2023,-0.0374674756067174,-2.214160620465344,True,True
TGT,2023-01-17,2023,0.1606480637120822,-1.4529758647942217,True,True
TGT,2023-02-02,2023,-0.1765741939114352,1.8682122559225665,True,True
TGT,2023-02-03,2023,0.3524059344502697,-0.2933378462232809,True,True
TGT,2023-07-28,2023,0.030253956569767,-0.6404122193595911,True,True
TGT,2023-08-01,2023,-0.1500806865693647,-2.427932223281744,True,True
TGT,2023-11-16,2023,0.068214678610718,2.1137828068521007,True,True
TGT,2023-11-17,2023,-0.1700030679551945,-0.3834944009817456,True,True
TGT,2023-12-18,2023,-0.3000000000000011,-0.9208633093525188,True,True
TGT,2024-02-20,2024,0.1871719601328899,-0.4053156146179492,True,True
TGT,2024-03-01,2024,-0.2024079874706524,1.338880187940474,True,True
TGT,2024-03-04,2024,0.728304719629219,-1.8016841830406625,True,True
TGT,2024-03-06,2024,0.001033561723375,0.7374288700499421,True,True
TGT,2024-03-07,2024,-0.146177142857141,-2.028571428571435,True,True
TGT,2024-08-22,2024,-0.2376485303314543,-1.8574108818011248,True,True
TGT,2024-08-23,2024,-0.1355626983119745,0.558446503363368,True,True
TGT,2024-11-13,2024,-0.20382636655948,-0.2700964630225,True,True
TGT,2024-11-19,2024,0.2297759282970606,-0.1280409731113883,True,True
TGT,2024-11-20,2024,0.4863881296368529,-4.943381491604852,True,True
TGT,2025-01-13,2025,-0.2503380061196877,-1.2381697858108651,True,True
TGT,2025-05-13,2025,-0.2999999999999967,-1.794210943695482,True,True
TGT,2025-05-14,2025,-0.0945388974755182,-1.8547140649149891,True,True
TGT,2025-07-02,2025,0.2066736983411545,1.1218717039025672,True,True
TGT,2025-07-23,2025,0.5161488372092937,0.0093023255814001,True,True
TGT,2025-10-28,2025,-0.0341878589007336,-0.4511894995898254,True,True
TGT,2025-12-19,2025,0.0528311425682515,-0.9201213346815073,True,True
TGT,2025-12-29,2025,-0.1095415242308395,-1.347275286547345,True,True
TGT,2026-02-04,2026,-0.0785035101750664,1.4218430640717978,True,True
TGT,2026-02-05,2026,0.2590817488828471,-2.812582143170064,True,True
TGT,2026-03-04,2026,0.4479912875121105,-3.146176185866402,True,True
TGT,2026-03-05,2026,-0.2667028471236511,0.4759121649828901,True,True
TGT,2026-06-16,2026,0.0144401892318252,0.187729969212285,True,True
TGT,2026-06-25,2026,0.0535460992907838,-0.9858156028368698,True,True
TGT,2026-06-29,2026,-0.2856701401365513,-3.758533956162428,True,True
TGT,2026-08-04,2026,0.6158881355932184,0.4000000000000023,True,True
TGT,2026-08-11,2026,-0.240591896186447,0.8606991525423805,True,True
TGT,2026-08-13,2026,-0.1288376129032221,0.3290322580645102,True,True
TGT,2026-08-20,2026,-0.2809490445859889,0.7961783439490446,True,True
TGT,2026-08-21,2026,0.0033217434496593,2.7070656898050323,True,True
TGT,2026-08-24,2026,0.2583584246657904,2.3124171986029167,True,True
TLT,2021-09-23,2021,-0.2734858054650613,-1.3662655408550008,True,True
TLT,2021-11-08,2021,-0.2933073773243077,0.0528965563536289,True,True
TLT,2021-11-10,2021,-0.2338990916926333,-1.7171650202214437,True,True
TLT,2021-11-29,2021,0.590718764749506,0.6607780999258241,True,True
TLT,2021-12-01,2021,-0.1906870888431186,1.2027377234367749,True,True
TLT,2021-12-02,2021,-0.2543617577818284,-0.2419565786031756,True,True
TLT,2021-12-06,2021,-0.1058422590068333,-1.181434599156132,True,True
TLT,2021-12-07,2021,0.2289909042974,-0.4811494858950631,True,True
TLT,2022-07-26,2022,0.0187447417129353,-1.1357900050479508,True,True
TLT,2022-12-02,2022,-0.195849952516624,1.6714150047483431,True,True
TLT,2022-12-08,2022,-0.2082796688132588,0.4139834406623761,True,True
TLT,2023-01-19,2023,-0.0509805735430017,-0.1110083256244129,True,True
TLT,2023-03-14,2023,-0.1862088643713136,-1.0462240821761406,True,True
TLT,2023-03-15,2023,-0.2439782730848469,-0.6087282262596045,True,True
TLT,2023-03-16,2023,-0.1235891227416679,-1.9556714471968657,True,True
TLT,2023-03-17,2023,0.2141584622597219,0.3375527426160332,True,True
TLT,2023-03-20,2023,-0.2720153443113738,-0.8982035928143655,True,True
TLT,2023-11-30,2023,-0.2457916485428386,-0.3806002609830299,True,True
TLT,2023-12-01,2023,-0.1798926733106984,1.7851275873398262,True,True
TLT,2023-12-04,2023,0.0665044869715627,0.1351497459184777,True,True
TLT,2023-12-06,2023,0.4812000420698401,0.85191417753471,True,True
TLT,2023-12-07,2023,0.0142466904811916,0.136583315822647,True,True
TLT,2023-12-14,2023,-0.2081200081916824,1.331148883882856,True,True
TLT,2023-12-15,2023,0.1344006484952976,0.4661059884486857,True,True
TLT,2023-12-18,2023,-0.2594962421287811,-0.0914076782449616,True,True
TLT,2023-12-22,2023,-0.2899667907819389,-0.8956425480527327,True,True
TLT,2024-02-02,2024,0.0624701360756249,-0.1973615872026568,True,True
TLT,2024-05-16,2024,-0.2892087888299473,-0.3842407186925035,True,True
TLT,2024-06-05,2024,-0.0641251747499715,0.376384557479308,True,True
TLT,2024-06-06,2024,0.0004304778303907,0.3336203185535969,True,True
TLT,2024-08-01,2024,0.3182783266764852,0.231238175320579,True,True
TLT,2024-08-02,2024,-0.0841323847819306,1.3300340241262052,True,True
TLT,2024-08-05,2024,-0.0349202367813843,-0.902979833450392,True,True
TLT,2024-08-06,2024,-0.0358940397351123,-1.5282730514518592,True,True
TLT,2024-08-07,2024,0.2195414278269943,-0.072954663887449,True,True
TLT,2024-09-05,2024,-0.1996376082142234,0.1962955506341787,True,True
TLT,2024-09-06,2024,-0.2549321948769397,0.0401808136614829,True,True
TLT,2024-09-09,2024,0.5835010060362156,0.5835010060362156,False,True
TLT,2024-09-13,2024,-0.2900756520007954,-0.0647023691021279,True,True
TLT,2025-02-04,2025,0.98229583095374,0.98229583095374,False,True
TLT,2025-02-06,2025,0.0217560649899949,-0.0055642109948758,True,True
TLT,2025-02-24,2025,0.5034922766957718,0.5820461159614909,True,True
TLT,2025-02-26,2025,-0.1255086414351319,0.5688033253117436,True,True
TLT,2025-02-28,2025,-0.1371979098628348,0.6205094709340381,True,True
TLT,2025-03-03,2025,0.2540706706049704,1.2799474893337728,True,True
TLT,2025-03-05,2025,-0.0386631716907054,-0.9501965923984322,True,True
TLT,2025-04-03,2025,-0.0737029831387668,-0.7025507998270553,True,True
TLT,2025-04-04,2025,-0.2893539775760904,-0.8328884143085971,True,True
TLT,2025-04-07,2025,0.0363844144536304,-2.002612102742696,True,True
TLT,2025-06-30,2025,-0.1524644280022715,0.5236198064883415,True,True
TLT,2025-07-01,2025,-0.0963690003404061,-0.0022693747872408,True,True
TLT,2025-08-01,2025,0.0188213796254013,0.2912288716308764,True,True
TLT,2025-08-04,2025,-0.2433200682205783,0.1023308698123972,True,True
TLT,2025-09-08,2025,0.068969384322076,0.6167993719860908,True,True
TLT,2025-09-09,2025,-0.1438877083100249,-0.1957275472542189,True,True
TLT,2025-10-13,2025,-0.250304607886581,0.3212228622064599,True,True
TLT,2025-10-17,2025,-0.2562958904109546,-0.0767123287671158,True,True
TLT,2025-10-20,2025,0.0984036737371566,0.0984036737371566,False,True
TLT,2026-02-17,2026,-0.0893583898587778,-0.0611586789725417,True,True
TLT,2026-03-02,2026,-0.2833787163100863,-0.3945540427896524,True,True
TLT,2026-06-18,2026,-0.1797691512576111,-0.3904904100149181,True,True
TLT,2026-06-22,2026,-0.2653418308227068,-0.2433371958284979,True,True
TLT,2026-06-25,2026,-0.0609385704498593,-0.2854532998401461,True,True
TMO,2021-09-23,2021,0.0924938230933862,0.1795420853236751,True,True
TMO,2021-10-28,2021,0.0501658536585252,0.8715447154471567,True,True
TMO,2021-11-01,2021,0.0500181861310952,0.3811180517118634,True,True
TMO,2021-11-02,2021,-0.1546373812435454,-0.2853290690747264,True,True
TMO,2021-11-03,2021,-0.0493794186959941,0.9426551453260016,True,True
TMO,2021-11-05,2021,-0.2999999999999976,0.4249568530398277,True,True
TMO,2021-11-30,2021,0.6046114991269552,-1.2924045896732472,True,True
TMO,2021-12-20,2021,-0.0700822507494895,-0.1721884848950733,True,True
TMO,2022-03-21,2022,0.2055172650865491,1.3440814011447124,True,True
TMO,2022-04-08,2022,-0.1692459016393528,-0.1344262295082049,True,True
TMO,2022-04-11,2022,0.0698021787074773,-2.109369778787676,True,True
TMO,2022-06-01,2022,0.3196786937055615,-2.345711526643824,True,True
TMO,2022-07-22,2022,0.2563228011438761,-2.0488944688568043,True,True
TMO,2022-07-29,2022,0.5829593512114903,-0.7579149874786556,True,True
TMO,2022-08-01,2022,0.3242682331554775,-0.8432781808082663,True,True
TMO,2022-11-14,2022,-0.2815565051704934,-1.1617366853506643,True,True
TMO,2022-12-14,2022,-0.1940125810476035,-0.3303403559944466,True,True
TMO,2022-12-15,2022,-0.2556012754056955,-1.3466574039437729,True,True
TMO,2023-01-12,2023,-0.0721514854717765,-0.0704503668574122,True,True
TMO,2023-01-17,2023,-0.211377777777787,0.5094017094017125,True,True
TMO,2023-01-18,2023,-0.0318305618053432,-1.8490010657554088,True,True
TMO,2023-01-23,2023,-0.2260497968678917,1.9015188550428976,True,True
TMO,2023-01-24,2023,-0.3000000000000066,-4.838894810199228,True,True
TMO,2023-04-03,2023,0.0037339116082195,0.0948183526189116,True,True
TMO,2023-06-20,2023,0.3367558593750042,2.986328124999993,True,True
TMO,2023-07-20,2023,-0.2999999999999984,0.1786611579476155,True,True
TMO,2023-07-24,2023,-0.1184035714285666,2.1232142857142837,True,True
TMO,2023-07-25,2023,0.3990980692200431,2.79310500022503,True,True
TMO,2023-07-26,2023,0.9144514919994224,3.5966556148190723,True,True
TMO,2023-07-27,2023,0.0465415363225522,-2.6485922836287816,True,True
TMO,2023-07-28,2023,-0.2999999999999999,-0.1297985455450682,True,True
TMO,2023-11-22,2023,0.1512425938117198,0.2345292955892123,True,True
TMO,2023-11-28,2023,-0.3000000000000001,-0.5507554973178816,True,True
TMO,2023-12-14,2023,-0.2887034029534941,-1.4559806624617448,True,True
TMO,2023-12-15,2023,-0.2559671256024675,-0.4570155730936874,True,True
TMO,2023-12-18,2023,0.2222900236025518,-0.4682133057010613,True,True
TMO,2023-12-20,2023,-0.0205378787878737,-1.583333333333336,True,True
TMO,2024-01-03,2024,-0.1420404929901683,-2.5957517363349827,True,True
TMO,2024-01-10,2024,0.4134728822648447,0.5454982525564536,True,True
TMO,2024-01-22,2024,-0.263934307625508,0.0614961655332136,True,True
TMO,2024-01-29,2024,0.3525818181818232,1.4090909090909092,True,True
TMO,2024-01-30,2024,1.0667542448614789,1.3154602323503153,True,True
TMO,2024-03-01,2024,-0.0041988451183133,2.0830381181805486,True,True
TMO,2024-03-04,2024,-0.1371254779283866,1.1070559610705604,True,True
TMO,2024-03-05,2024,-0.0958408617693121,0.622924302651731,True,True
TMO,2024-03-06,2024,0.1219478201750697,0.5931843290558356,True,True
TMO,2024-03-07,2024,-0.1324369747899178,0.4470588235294064,True,True
TMO,2024-03-08,2024,-0.067867671691792,0.0854271356783904,True,True
TMO,2024-03-11,2024,-0.0130717964253276,0.8852536268471011,True,True
TMO,2024-07-25,2024,-0.1650223903912346,3.204082341097656,True,True
TMO,2024-07-26,2024,-0.1539801947241479,1.0601647665806782,True,True
TMO,2024-07-29,2024,-0.1680016549441559,-0.0215142738932553,True,True
TMO,2024-09-10,2024,0.0180786954980551,0.580065096194132,True,True
TMO,2024-09-11,2024,-0.1525527263374596,-0.6317515432098867,True,True
TMO,2024-09-20,2024,-0.3000000000000015,-0.843241147583341,True,True
TMO,2025-01-13,2025,-0.2322117681649425,2.047116762835845,True,True
TMO,2025-01-14,2025,0.1470852017937309,-0.0538116591928169,True,True
TMO,2025-01-15,2025,0.0788700078870105,-1.1740876174087538,True,True
TMO,2025-01-16,2025,-0.1588946146029996,1.872550442734804,True,True
TMO,2025-01-22,2025,0.3254398261722829,0.6851475432817135,True,True
TMO,2025-01-31,2025,0.4728424491973136,-0.3200693483588042,True,True
TMO,2025-07-24,2025,0.3780975850172424,1.827844086827945,True,True
TMO,2025-07-25,2025,-0.2958456602358464,-0.3333472228009547,True,True
TMO,2025-07-28,2025,0.4989588591620411,2.0507319535588087,True,True
TMO,2025-10-02,2025,0.9365068193490736,-0.1217401228814339,True,True
TMO,2025-10-03,2025,0.3718021927820947,3.4281254758641677,True,True
TMO,2025-10-22,2025,0.2554842484248439,2.093609360936093,True,True
TMO,2025-10-23,2025,-0.1367300581088162,0.7113928508540373,True,True
TMO,2025-11-14,2025,-0.1560158080891074,0.1271219419390011,True,True
TMO,2025-11-28,2025,0.1069629491335598,0.2783482408051708,True,True
TMO,2026-01-05,2026,-0.1707091971638951,2.9607423749936914,True,True
TMO,2026-01-06,2026,1.331068706068714,2.435402435402453,True,True
TMO,2026-01-07,2026,-0.1162954582188441,-0.2941651850654679,True,True
TMO,2026-01-08,2026,0.0481349737297195,-1.08997160852398,True,True
TMO,2026-01-09,2026,0.7336783818865931,1.6940240876751853,True,True
TMO,2026-01-12,2026,-0.1330252182034822,-0.8969693065799301,True,True
TMO,2026-01-13,2026,0.4103779429987612,-1.0646970586317233,True,True
TMO,2026-01-16,2026,0.244740390007844,-0.8412248233427869,True,True
TMO,2026-01-22,2026,-0.1967633630900989,0.3184863270525068,True,True
TMO,2026-01-23,2026,-0.2218259942290785,-1.8520260945928908,True,True
TMO,2026-04-15,2026,0.1635499546210959,0.5256390863711944,True,True
TMO,2026-04-22,2026,0.1051460255972045,-2.3983137746382583,True,True
TMO,2026-06-01,2026,0.1620358083416814,0.847232713390367,True,True
TMO,2026-06-26,2026,0.2359268632413212,0.6807525552743663,True,True
TMO,2026-06-29,2026,-0.3,-1.0729571794320574,True,True
TMO,2026-07-24,2026,0.3996491228070211,-0.301754385964917,True,True
TMO,2026-07-27,2026,-0.0167814159292105,-0.9646017699115124,True,True
TMO,2026-07-29,2026,-0.251761676832968,-0.3870677887024604,True,True
TMO,2026-08-21,2026,-0.2172455625079795,0.4293832205337665,True,True
TSLA,2021-09-27,2021,0.2879594811308502,2.351206642352752,True,True
TSLA,2021-09-28,2021,-0.0732968331194977,-1.2258482488789637,True,True
TSLA,2021-09-29,2021,0.0332654551043102,0.0627553438096347,True,True
TSLA,2021-10-05,2021,-0.1246686716280953,-0.5250280354776231,True,True
TSLA,2021-10-19,2021,-0.2318174046845648,-1.5033908930301538,True,True
TSLA,2021-10-22,2021,-0.3000000000000026,1.5633724176437744,True,True
TSLA,2021-10-26,2021,0.5231289755926096,-0.6470249538885037,True,True
TSLA,2021-10-27,2021,0.4038724486851352,-0.1596675836331187,True,True
TSLA,2021-10-28,2021,0.6092235236837856,0.8482907783489178,True,True
TSLA,2021-11-02,2021,0.2310258721444238,1.077754441046952,True,True
TSLA,2021-11-03,2021,0.5103488105450017,3.0940268211273563,True,True
TSLA,2022-01-04,2022,0.0881138754130339,-3.3412647031621603,True,True
TSLA,2022-01-05,2022,-0.2460850755771722,-5.13644887528237,True,True
TSLA,2022-03-23,2022,-0.0699880564714526,1.951797143761293,True,True
TSLA,2022-03-24,2022,0.148462811227477,0.436932161575738,True,True
TSLA,2022-03-29,2022,-0.1200344768454591,-0.7368297547811792,True,True
TSLA,2022-07-22,2022,-0.2506834606150587,-1.4212120115337716,True,True
TSLA,2022-08-02,2022,-0.1383698442212214,2.227840638534271,True,True
TSLA,2023-01-27,2023,-0.0237887089823401,9.502554946746292,True,True
TSLA,2023-01-30,2023,0.2263577646728453,-6.374613872507736,True,True
TSLA,2023-04-03,2023,0.1189285178330275,-2.581161522685207,True,True
TSLA,2023-05-24,2023,-0.1413378697250638,0.3457169511057586,True,True
TSLA,2023-05-30,2023,-0.2053323338330919,0.5447276361819108,True,True
TSLA,2023-06-01,2023,0.3642074615080976,2.398341887090414,True,True
TSLA,2023-06-05,2023,0.3774839302112014,-0.0964187327823728,True,True
TSLA,2023-06-08,2023,-0.0776737133172779,4.731959682454738,True,True
TSLA,2023-06-12,2023,0.0860133091349039,0.7783827384553365,True,True
TSLA,2023-06-22,2023,-0.1690783985325268,5.51102603979741,True,True
TSLA,2023-09-12,2023,0.219194120254111,-1.244644703796722,True,True
TSLA,2023-12-15,2023,0.1484733887982103,0.8478961824768104,True,True
TSLA,2024-04-30,2024,0.7504278532463423,-1.9253396085142769,True,True
TSLA,2024-06-14,2024,-0.2087929828337756,-4.23236291233924,True,True
TSLA,2024-06-18,2024,0.0420240137221204,-0.8999785591766735,True,True
TSLA,2024-06-27,2024,-0.0241481785110321,1.1835835425526475,True,True
TSLA,2024-07-01,2024,0.3745199482638535,4.397622127151516,True,True
TSLA,2024-07-02,2024,0.7843889955214299,5.675897998354819,True,True
TSLA,2024-07-03,2024,0.1420532060027306,5.282230559345151,True,True
TSLA,2024-07-05,2024,0.6894593621193352,0.612269398535356,True,True
TSLA,2024-07-08,2024,-0.0102446112860307,2.086865261968187,True,True
TSLA,2024-07-09,2024,0.0495736712088671,4.554107897043591,True,True
TSLA,2024-07-10,2024,0.0186757990867377,0.1750000000000017,True,True
TSLA,2024-09-06,2024,0.1157202424450896,-9.422688389287703,True,True
TSLA,2024-09-20,2024,-0.1142159095614767,-1.3375295043273088,True,True
TSLA,2024-09-23,2024,-0.160277812126466,3.046040971105884,True,True
TSLA,2024-10-28,2024,0.050861270605661,-2.700500092609729,True,True
TSLA,2024-10-29,2024,-0.1303973084338076,-1.9392885495028904,True,True
TSLA,2024-11-07,2024,0.0762003669470529,2.727870668466783,True,True
TSLA,2024-11-08,2024,-0.0533663167747434,7.394530988834661,True,True
TSLA,2024-11-11,2024,-0.2740949246492128,1.2250129915122123,True,True
TSLA,2024-11-12,2024,0.6017622687751464,-4.230612125809651,True,True
TSLA,2024-11-13,2024,0.1007295816584827,-1.6852761649546002,True,True
TSLA,2024-12-12,2024,0.0355954146364483,-1.68302615163712,True,True
TSLA,2024-12-17,2024,-0.2266757722210457,0.8300063038453552,True,True
TSLA,2024-12-18,2024,0.2578070739549865,-5.652733118971062,True,True
TSLA,2024-12-19,2024,-0.2721339514915389,-3.481012658227852,True,True
TSLA,2025-05-14,2025,-0.0815959342232079,1.478721850629438,True,True
TSLA,2025-09-08,2025,0.7569301905943426,-2.3344987030562847,True,True
TSLA,2025-09-12,2025,0.371977784967116,6.761565836298927,True,True
TSLA,2025-09-15,2025,-0.1798482950920387,-3.08372125995416,True,True
TSLA,2025-09-16,2025,0.1378293601003722,1.7191873371296205,True,True
TSLA,2025-12-15,2025,0.8149749707104036,1.1971455959101085,True,True
TSLA,2025-12-16,2025,-0.0276302414231263,3.72723422278696,True,True
TSLA,2025-12-17,2025,0.6148662488222477,-4.3054360739011175,True,True
TSLA,2025-12-18,2025,0.1378451355194879,1.0948218169650237,True,True
TSLA,2025-12-22,2025,0.1885259289505835,-0.2102899142507206,True,True
TSLA,2026-04-20,2026,0.7450941427790858,-2.513786079785385,True,True
TSLA,2026-05-12,2026,0.4860353420933483,-1.8010874490258244,True,True
TSLA,2026-08-24,2026,0.204831078276745,-3.450374920450465,True,True
TXN,2021-10-26,2021,-0.1105889411058945,-1.564843515648447,True,True
TXN,2021-12-08,2021,-0.2095098830173357,-0.9883017345703812,True,True
TXN,2022-03-21,2022,0.2616431479725729,0.7250822689497526,True,True
TXN,2022-06-01,2022,-0.3000000000000055,-1.8899763752953165,True,True
TXN,2022-07-28,2022,-0.131822940902729,2.2510469986040045,True,True
TXN,2022-11-11,2022,-0.1633388543035,2.473013878576723,True,True
TXN,2022-12-14,2022,0.2245587236931418,-0.6053405747906728,True,True
TXN,2023-02-02,2023,0.0307608636536631,0.4894762604013736,True,True
TXN,2023-02-03,2023,0.1554515933733327,0.3082172931917014,True,True
TXN,2023-03-20,2023,0.1138105526495418,1.8643393222651787,True,True
TXN,2023-05-30,2023,-0.2719991012750659,-0.8257035331123961,True,True
TXN,2023-06-01,2023,-0.1979587195087302,-0.0227440723261454,True,True
TXN,2023-06-20,2023,0.3781925231507922,-0.3315422430547525,True,True
TXN,2023-07-03,2023,0.2699672531498048,-0.6438363767552848,True,True
TXN,2023-07-24,2023,0.0943059919817967,-0.3684039440892874,True,True
TXN,2023-07-26,2023,-0.1617628749292539,-0.3735144312393869,True,True
TXN,2023-12-05,2023,0.0377284929055394,0.5496612552729038,True,True
TXN,2023-12-08,2023,0.016930510521973,-0.1716574480259277,True,True
TXN,2023-12-12,2023,-0.1751408891671829,-1.12085159674389,True,True
TXN,2023-12-15,2023,-0.2180676215074113,-1.044846208030055,True,True
TXN,2023-12-18,2023,-0.1285926013753929,-0.7469765235949842,True,True
TXN,2024-01-22,2024,0.2727909916120843,0.4366310467654779,True,True
TXN,2024-01-23,2024,0.3614733470601721,-0.2630976893159505,True,True
TXN,2024-01-24,2024,0.5789012785334844,-0.7064043435109928,True,True
TXN,2024-03-01,2024,0.3605013428827163,2.1545807221724766,True,True
TXN,2024-03-06,2024,0.077455060401134,-0.6473614241951359,True,True
TXN,2024-03-07,2024,0.2958974061393802,1.7002263099866406,True,True
TXN,2024-03-08,2024,-0.2318135187507038,-1.7724837569816558,True,True
TXN,2024-04-26,2024,0.3834228264594864,1.38238318290871,True,True
TXN,2024-05-23,2024,-0.1277640671273422,-2.6110562685093743,True,True
TXN,2024-05-24,2024,-0.1745154307003009,0.2819312289180901,True,True
TXN,2024-05-29,2024,-0.1098876233092641,-0.9000305095088021,True,True
TXN,2024-07-12,2024,-0.1914524633953281,-0.1434507320933874,True,True
TXN,2024-07-18,2024,-0.0566274471513014,0.5272665136942752,True,True
TXN,2024-08-22,2024,0.0827255278310853,-2.216890595009599,True,True
TXN,2024-11-07,2024,-0.0874791473586693,0.7924003707136142,True,True
TXN,2025-01-16,2025,-0.1233164556961994,-3.96146158970942,True,True
TXN,2025-01-22,2025,0.1178157101241968,0.6848264935861417,True,True
TXN,2025-01-23,2025,0.1221974129966153,2.956575300277189,True,True
TXN,2025-01-24,2025,0.445126315789462,-2.347368421052636,True,True
TXN,2025-02-21,2025,-0.1882178024763448,-1.5379740664911636,True,True
TXN,2025-02-25,2025,-0.1119521516851135,-0.7246736486821899,True,True
TXN,2025-02-26,2025,-0.2750725072507166,-0.8600860086008596,True,True
TXN,2025-05-13,2025,0.5071792397190539,0.8364162779475643,True,True
TXN,2025-06-30,2025,-0.0903234384064972,0.3239218719783347,True,True
TXN,2025-08-21,2025,0.0771595350235539,0.546146908507854,True,True
TXN,2025-12-03,2025,-0.1646759416355599,3.291482863929416,True,True
TXN,2025-12-04,2025,0.0645437677362996,-1.6868587644619122,True,True
TXN,2026-01-07,2026,0.8474356934500084,-1.5062317687616034,True,True
TXN,2026-01-08,2026,0.1962369414209899,3.0793633429962237,True,True
TXN,2026-01-15,2026,0.53880367311342,-2.980557123069821,True,True
TXN,2026-01-28,2026,3.212147973702285,6.088705720733979,True,True
TXN,2026-01-29,2026,1.137449168207029,1.210720887245843,True,True
TXN,2026-01-30,2026,-0.203096362121628,-0.1897621031195022,True,True
TXN,2026-02-03,2026,0.1239058813053688,0.3116513067094023,True,True
TXN,2026-02-04,2026,0.5833723126742786,0.254115318880992,True,True
TXN,2026-02-05,2026,-0.2999999999999989,0.783254557731254,True,True
TXN,2026-04-09,2026,-0.0068060979626411,1.1245471227591337,True,True
TXN,2026-04-22,2026,0.0901038472113521,-0.0021150144878473,True,True
TXN,2026-04-23,2026,1.0941377588260055,8.489877453805088,True,True
TXN,2026-04-24,2026,-0.3000000000000045,-3.707049299933975,True,True
TXN,2026-04-27,2026,-0.0655136230415755,-2.49303469985888,True,True
TXN,2026-04-28,2026,0.0614614090823982,-0.9714072136049298,True,True
TXN,2026-05-01,2026,0.2006456241032935,0.8142037302725903,True,True
TXN,2026-06-22,2026,0.3079268292682899,1.314024390243903,True,True
UAL,2021-09-28,2021,0.188127294981635,-0.6731946144430954,True,True
UAL,2021-10-04,2021,-0.1654261473197125,-1.0412649440802142,True,True
UAL,2021-11-08,2021,-0.2629780913479304,-1.3739324173783922,True,True
UAL,2021-11-09,2021,-0.036193536193529,-0.1852201852201833,True,True
UAL,2022-01-14,2022,0.1854149026248914,-1.037256562235398,True,True
UAL,2022-02-10,2022,-0.0105950653120504,2.0941322828115387,True,True
UAL,2022-02-11,2022,-0.0775456389452305,-4.732251521298172,True,True
UAL,2022-02-14,2022,-0.0900610654874653,-1.2002526847757429,True,True
UAL,2022-02-16,2022,-0.1207908927501606,0.2796085480327552,True,True
UAL,2022-04-21,2022,0.4904446867565488,0.8128469468675728,True,True
UAL,2022-04-22,2022,0.31342049605845,-1.0574889444337572,True,True
UAL,2022-04-25,2022,-0.1437727005295213,0.6373798784075225,True,True
UAL,2022-10-19,2022,-0.2619610835558905,-0.5468650642248412,True,True
UAL,2022-10-20,2022,0.43532553407934,-0.7121057985757913,True,True
UAL,2022-12-06,2022,0.0087370050873771,1.6146870161468632,True,True
UAL,2022-12-07,2022,-0.300000000000003,-3.5456336178594823,True,True
UAL,2023-01-10,2023,0.7424024163568781,6.29646840148699,True,True
UAL,2023-01-11,2023,0.1607614436619763,5.01760563380282,True,True
UAL,2023-01-12,2023,0.4793869574161682,5.554412672289658,True,True
UAL,2023-01-13,2023,2.1277923123364824,4.045079492855716,True,True
UAL,2023-01-17,2023,-0.0853816046966737,0.2152641878669264,True,True
UAL,2023-01-18,2023,0.0004143126177001,-7.966101694915261,True,True
UAL,2023-01-19,2023,-0.2587334437086077,0.1241721854304682,True,True
UAL,2023-03-08,2023,-0.2448256779192013,0.1106806862202587,True,True
UAL,2023-05-18,2023,-0.0727349675256665,0.8380473496752687,True,True
UAL,2023-06-05,2023,-0.0839318885449002,-0.4127966976264248,True,True
UAL,2023-06-14,2023,0.0554831017649341,0.187758167480288,True,True
UAL,2023-06-28,2023,0.1433475631447898,0.160085378868736,True,True
UAL,2023-07-21,2023,-0.3000000000000009,0.6289308176100619,True,True
UAL,2023-07-24,2023,0.0493954792360297,-1.7522340984755562,True,True
UAL,2023-12-07,2023,0.4104227053140173,-0.3381642512077308,True,True
UAL,2023-12-08,2023,-0.2283029055690011,-0.7990314769975746,True,True
UAL,2023-12-14,2023,0.6915699739521745,3.291498934406821,True,True
UAL,2023-12-15,2023,0.2507019562715621,0.322209436133488,True,True
UAL,2024-01-10,2024,-0.299999999999997,1.3507326007326086,True,True
UAL,2024-02-21,2024,-0.184365576432391,2.203665042913484,True,True
UAL,2024-03-28,2024,0.2703482407799976,1.4200932598558746,True,True
UAL,2024-04-19,2024,0.0310998241844134,0.4102363742918556,True,True
UAL,2024-09-06,2024,0.2745273454868838,2.3121387283237134,True,True
UAL,2024-09-09,2024,0.2981572744803959,4.478251553460459,True,True
UAL,2024-09-10,2024,-0.218612244897963,-1.1428571428571477,True,True
UAL,2024-09-13,2024,0.6536867277799823,0.0896771622160257,True,True
UAL,2024-09-16,2024,0.314087025630847,2.0067554142658555,True,True
UAL,2024-09-18,2024,-0.0179514599924169,0.4171406901782307,True,True
UAL,2024-09-27,2024,0.0716997119132359,-1.7624131503135048,True,True
UAL,2024-09-30,2024,0.5632034632034578,-1.194805194805191,True,True
UAL,2024-10-07,2024,0.3083389830508442,0.2711864406779603,True,True
UAL,2024-10-16,2024,1.346422018348628,10.10703363914373,True,True
UAL,2024-10-17,2024,0.7940825114599368,1.875260452840684,True,True
UAL,2024-10-18,2024,-0.2190198998240101,0.3655069717070475,True,True
UAL,2024-11-07,2024,0.4144475265834529,-1.2713823393434978,True,True
UAL,2024-11-27,2024,0.061568749352387,-0.1916899803129232,True,True
UAL,2024-12-06,2024,-0.1463790446841304,-3.428351309707244,True,True
UAL,2025-01-13,2025,0.1962098009188345,0.2201378254211234,True,True
UAL,2025-01-22,2025,-0.1709106603366364,-6.776003452740609,True,True
UAL,2025-01-23,2025,0.0757077205882329,-5.330882352941174,True,True
UAL,2025-05-13,2025,-0.2295495268138751,4.222082018927449,True,True
UAL,2025-07-11,2025,-0.1573519700638403,-3.521901826986576,True,True
UAL,2025-07-14,2025,0.2238435964812071,1.6108762709927986,True,True
UAL,2025-07-17,2025,1.0728613249484902,-1.0950883660414237,True,True
UAL,2025-07-18,2025,0.36386857329985,0.7422770439908382,True,True
UAL,2025-08-13,2025,-0.2898956116347418,1.1249619945272114,True,True
UAL,2025-09-04,2025,0.1228557964184798,-0.0188501413760565,True,True
UAL,2025-09-12,2025,0.0484410926147263,-1.9957693368895444,True,True
UAL,2025-12-03,2025,0.4691875416706314,3.352700257167359,True,True
UAL,2025-12-05,2025,0.0344034499281382,0.5654048873981825,True,True
UAL,2025-12-11,2025,0.023551228558187,0.5006954102920781,True,True
UAL,2025-12-22,2025,0.1099650043744458,1.4960629921259911,True,True
UAL,2026-01-07,2026,-0.2747146842505863,-1.420238397159529,True,True
UAL,2026-04-15,2026,0.0681087879101561,-2.432460407825271,True,True
UAL,2026-04-20,2026,1.280561112222443,-1.0652130426085191,True,True
UAL,2026-05-28,2026,1.2840526267868513,4.7892197031776425,True,True
UAL,2026-06-16,2026,0.4671134276495397,-1.9607843137254937,True,True
UAL,2026-06-25,2026,0.2654064272211713,1.784499054820426,True,True
UAL,2026-06-26,2026,0.048031788472991,1.0398098633392794,True,True
UBER,2021-09-23,2021,0.2276295479603163,0.2646085997794872,True,True
UBER,2022-08-02,2022,-0.3000000000000029,2.6711126711126814,True,True
UBER,2022-08-03,2022,-0.1993606998654061,1.547779273216692,True,True
UBER,2022-08-04,2022,0.8749158249158254,7.34006734006734,True,True
UBER,2022-08-05,2022,1.0740705128205137,2.5961538461538423,True,True
UBER,2022-08-08,2022,0.8410145375812009,-1.4846891432106306,True,True
UBER,2022-09-12,2022,0.2616901408450821,1.7527386541471008,True,True
UBER,2022-09-13,2022,0.154806125773853,2.1505376344086025,True,True
UBER,2022-09-15,2022,-0.0782091047041193,0.5766312594840598,True,True
UBER,2022-09-16,2022,1.2135335917312595,3.1007751937984525,True,True
UBER,2022-11-02,2022,1.0149475820087916,-2.603990530943522,True,True
UBER,2022-11-03,2022,1.1227613271494756,2.4973242953977857,True,True
UBER,2022-11-14,2022,0.961369150779896,0.9705372616984318,True,True
UBER,2022-11-16,2022,0.0865589660743194,-3.004846526655896,True,True
UBER,2023-01-19,2023,0.3653670530382929,1.966982788900605,True,True
UBER,2023-01-23,2023,-0.0070519098922622,-0.2938295788442698,True,True
UBER,2023-02-03,2023,0.5367733913583855,2.9219769972023557,True,True
UBER,2023-02-06,2023,0.3838950193856074,1.1034894124664405,True,True
UBER,2023-02-07,2023,0.188725490196095,3.8918597742127226,True,True
UBER,2023-02-08,2023,0.0995458188618656,-1.656425327277578,True,True
UBER,2023-02-09,2023,-0.0565653825284748,-2.6044492674986457,True,True
UBER,2023-02-10,2023,-0.1840697674418735,-0.2906976744186088,True,True
UBER,2023-05-03,2023,0.3782312925170147,2.9115646258503407,True,True
UBER,2023-05-04,2023,0.1522145144076943,0.040021344717184,True,True
UBER,2023-05-05,2023,-0.2999999999999985,0.773745997865545,True,True
UBER,2023-06-16,2023,-0.2305065055762066,1.1152416356877417,True,True
UBER,2023-06-20,2023,0.4692541501052084,-1.449614215571673,True,True
UBER,2023-06-27,2023,0.0123293801745379,-1.946744238084577,True,True
UBER,2023-06-28,2023,0.0437931034482758,1.7241379310344829,True,True
UBER,2023-07-19,2023,0.1233545647558302,0.0212314225053036,True,True
UBER,2023-08-01,2023,0.4374563386069464,-4.140127388535033,True,True
UBER,2023-11-06,2023,0.115589829095464,0.3438932888703757,True,True
UBER,2023-11-07,2023,0.7394255319148916,6.170212765957444,True,True
UBER,2023-11-08,2023,-0.3000000000000023,-1.0791366906474804,True,True
UBER,2023-11-09,2023,-0.0370993914807309,1.5010141987829655,True,True
UBER,2023-11-10,2023,-0.1205758848230314,3.159368126374736,True,True
UBER,2023-11-15,2023,-0.1520771513353129,-0.2781899109792258,True,True
UBER,2023-12-05,2023,-0.214066540251673,-0.0172384071711739,True,True
UBER,2023-12-06,2023,0.1440979955456614,2.407058420421452,True,True
UBER,2023-12-14,2023,-0.2839219480728795,0.7901951298177745,True,True
UBER,2023-12-15,2023,-0.2679214929214892,-0.2734877734877648,True,True
UBER,2024-02-06,2024,-0.0690124529394839,2.041702867072106,True,True
UBER,2024-02-07,2024,1.5510762630371897,4.549153043864195,True,True
UBER,2024-02-08,2024,0.1434037258445652,-0.4101209509245122,True,True
UBER,2024-02-15,2024,0.1921898734177264,3.050632911392401,True,True
UBER,2024-02-16,2024,0.1084543761638781,-2.669149596523888,True,True
UBER,2024-06-13,2024,-0.3000000000000059,-3.1848004373974828,True,True
UBER,2024-07-12,2024,1.1932186936624516,0.4715018721397911,True,True
UBER,2024-07-17,2024,-0.2592395748160257,-6.486781139274996,True,True
UBER,2024-09-20,2024,-0.113445602780003,-1.2162523389468012,True,True
UBER,2024-09-23,2024,-0.0876181600319518,-0.5591798695246994,True,True
UBER,2024-10-10,2024,0.277784932388904,0.2962009014809913,True,True
UBER,2024-10-14,2024,0.1540284913591836,-0.8056982718355883,True,True
UBER,2025-02-05,2025,0.0748120300751925,-3.022556390977451,True,True
UBER,2025-02-10,2025,0.4500129701686251,1.9649805447470827,True,True
UBER,2025-02-11,2025,0.0664047649220704,-2.547205677353936,True,True
UBER,2025-05-06,2025,0.7387904191616741,2.814371257485023,True,True
UBER,2025-05-07,2025,0.3455973776013576,0.6134969325153437,True,True
UBER,2025-05-13,2025,0.1220226518705012,4.896464935362088,True,True
UBER,2025-05-14,2025,0.8667255464782598,-0.2152793111061969,True,True
UBER,2025-05-15,2025,0.4005465090341373,0.579968770912347,True,True
UBER,2025-06-25,2025,-0.0223447823950198,-0.759023644405606,True,True
UBER,2025-07-08,2025,0.163050882444018,0.6089379708948327,True,True
UBER,2025-09-16,2025,-0.0192114262723743,-1.5640716153691478,True,True
UBER,2025-09-22,2025,1.009191919191918,0.3838383838383792,True,True
UBER,2025-09-23,2025,0.0194872821950824,-2.0729020628880366,True,True
UBER,2025-10-07,2025,0.1381104564066691,-2.316987915709571,True,True
UBER,2025-11-04,2025,0.6973252147439343,3.0009785799717354,True,True
UBER,2026-03-18,2026,-0.1197339532481091,-0.994446596926269,True,True
UBER,2026-04-16,2026,0.1596792160907503,-1.431150077359463,True,True
UBER,2026-05-07,2026,0.3806952709050993,-3.8647040400877017,True,True
UBER,2026-06-29,2026,0.5658157894736828,-0.723684210526312,True,True
UBER,2026-08-11,2026,0.0834615384615398,0.6923076923077003,True,True
UNH,2021-10-15,2021,-0.0826702997275179,1.421632507996683,True,True
UNH,2021-10-26,2021,-0.0764722857333086,0.9101200914559626,True,True
UNH,2021-12-16,2021,-0.2293839598388753,-0.2833950729742267,True,True
UNH,2021-12-20,2021,0.0826659751037396,0.387966804979254,True,True
UNH,2022-03-07,2022,-0.3,-2.625999999999999,True,True
UNH,2022-03-21,2022,-0.0097899051503826,0.601968277855888,True,True
UNH,2022-04-07,2022,0.0743452830188761,1.3264150943396174,True,True
UNH,2022-04-11,2022,0.2094963235293998,-1.2040441176470504,True,True
UNH,2022-04-18,2022,0.274586354340951,-0.7101691764268333,True,True
UNH,2022-06-29,2022,-0.1559899774000261,1.310798860174896,True,True
UNH,2022-07-18,2022,-0.1159962335216616,-2.203389830508484,True,True
UNH,2023-04-04,2023,0.0559053201630803,0.0770744173782634,True,True
UNH,2023-04-06,2023,0.0375362035225112,0.3463796477495072,True,True
UNH,2023-04-14,2023,-0.1968620689655306,-2.0957854406130263,True,True
UNH,2023-07-19,2023,0.6832347140039445,-0.6706114398422046,True,True
UNH,2023-09-22,2023,-0.1441563126252595,1.4428857715430838,True,True
UNH,2023-09-25,2023,0.0177783024436264,0.4466218077361944,True,True
UNH,2023-10-16,2023,-0.2045546595971595,-0.9297102249714562,True,True
UNH,2023-12-01,2023,0.4172922495548923,-0.6449620289960312,True,True
UNH,2023-12-04,2023,0.1982635975631979,0.032831138510937,True,True
UNH,2024-07-17,2024,0.7977797833935081,3.451263537906138,True,True
UNH,2024-07-18,2024,0.2881328609388933,0.0177147918511997,True,True
UNH,2024-07-19,2024,-0.1611175765270113,-0.2574411059387848,True,True
UNH,2024-09-04,2024,-0.0424416666666805,0.6416666666666704,True,True
UNH,2024-09-09,2024,-0.1067054419040078,-0.7069795427196179,True,True
UNH,2024-11-08,2024,1.170124794745493,1.1674876847290665,True,True
UNH,2025-03-24,2025,-0.2187038906577771,0.1727886930185575,True,True
UNH,2025-04-04,2025,0.2569214264575243,-2.7763391535957367,True,True
UNH,2025-04-07,2025,0.3991040124659092,2.1289442929489804,True,True
UNH,2025-04-09,2025,-0.102429749705434,3.190273860106404,True,True
UNH,2025-04-10,2025,1.3349332597998964,2.3740381052504547,True,True
UNH,2025-04-11,2025,0.1858707464511397,1.7336819941588053,True,True
UNH,2025-08-19,2025,0.2164130786662332,-1.5344771770799457,True,True
UNH,2025-09-10,2025,-0.023023498090061,0.4311841648338954,True,True
UNH,2025-10-29,2025,-0.1880664859388122,-2.6616281935430792,True,True
UNH,2026-01-06,2026,0.0175460025835958,0.1894646189177459,True,True
UNH,2026-01-07,2026,0.0228293885036453,-2.0660209754140744,True,True
UNH,2026-01-22,2026,0.4380292643585356,2.1256984849357665,True,True
UNH,2026-01-23,2026,0.1516787806082944,0.591348528685351,True,True
UNH,2026-01-26,2026,-0.0633903093657197,-0.6413335216838486,True,True
UNH,2026-01-27,2026,1.5755009014525156,-3.799945572677487,True,True
UNH,2026-04-08,2026,-0.1434198717948749,-1.9439102564102555,True,True
UNH,2026-04-22,2026,0.2396866096866067,0.6894586894586939,True,True
UNH,2026-04-23,2026,-0.069499266944859,-0.0422916431713189,True,True
UNH,2026-06-05,2026,0.4136757270861381,0.0475546878910741,True,True
UNH,2026-06-08,2026,0.6715685040163246,2.40979024500793,True,True
UNH,2026-06-29,2026,-0.2614317867441833,-1.645839683023464,True,True
UPS,2021-10-25,2021,0.0,0.0,False,True
UPS,2021-10-26,2021,0.0587168823886783,1.8877622541002852,True,True
UPS,2021-10-27,2021,-0.1346904937361954,-2.3028739867354457,True,True
UPS,2022-01-05,2022,-0.2954012915129194,-1.028597785977868,True,True
UPS,2022-01-10,2022,-0.2196152960147563,-2.414190278737622,True,True
UPS,2022-02-02,2022,-0.2740646000433511,0.632993713418603,True,True
UPS,2022-02-03,2022,0.346332231117297,-0.5090497737556631,True,True
UPS,2022-03-21,2022,0.3717035611164512,0.187909620055913,True,True
UPS,2022-08-01,2022,0.2421845866998027,1.1601408742490058,True,True
UPS,2022-11-30,2022,0.2234587280108192,2.598105548037895,True,True
UPS,2022-12-01,2022,0.3363382213313498,0.3850617153708143,True,True
UPS,2022-12-02,2022,0.0992471568156321,1.1372737465961853,True,True
UPS,2022-12-05,2022,-0.2787928742355763,-3.66923690507844,True,True
UPS,2023-02-01,2023,-0.1326456573532569,0.1678579163959293,True,True
UPS,2023-02-02,2023,0.1662635058861514,2.870504757297212,True,True
UPS,2023-02-03,2023,-0.067967840897071,1.3699354702210955,True,True
UPS,2023-03-17,2023,0.0411687286127979,-1.6004211634640653,True,True
UPS,2023-03-20,2023,-0.2357672071298233,-1.503274991946732,True,True
UPS,2023-04-21,2023,-0.1874429106583925,0.1796069174321313,True,True
UPS,2023-04-24,2023,0.5369574119574008,0.3276003276003206,True,True
UPS,2023-04-25,2023,-0.1198883232057776,-3.4871626430174505,True,True
UPS,2023-06-16,2023,-0.144902494583028,-0.8167120395577525,True,True
UPS,2023-06-20,2023,0.6379009407231124,0.4873625750878301,True,True
UPS,2023-07-03,2023,0.1222680354538254,3.0909906877594637,True,True
UPS,2023-07-24,2023,0.1076832024104036,1.3074357042935425,True,True
UPS,2023-12-15,2023,-0.2135031294540622,0.8861622358554916,True,True
UPS,2023-12-18,2023,-0.2816929856775589,-1.0894846370424784,True,True
UPS,2024-03-14,2024,-0.1591939158576081,-0.3300970873786348,True,True
UPS,2024-05-14,2024,-0.1156264447526617,-2.304999669770827,True,True
UPS,2024-10-25,2024,-0.2999999999999988,-0.6361139222206126,True,True
UPS,2024-10-28,2024,0.03395470763853,-1.419937377120816,True,True
UPS,2024-11-26,2024,-0.0275261451007504,-1.6725576649783302,True,True
UPS,2025-06-11,2025,-0.2271269856739042,-1.3643894357275177,True,True
UPS,2025-07-02,2025,0.168613908872891,1.247002398081532,True,True
UPS,2025-10-28,2025,1.846917216861341,-2.1025901472828923,True,True
UPS,2025-10-29,2025,0.1321362229102006,0.5366357069143406,True,True
UPS,2025-10-30,2025,0.3110893638939001,-2.0860159670358027,True,True
UPS,2025-10-31,2025,-0.1844605983986486,1.5908133164770386,True,True
UPS,2025-12-19,2025,-0.3000000000000025,0.7912174859064357,True,True
UPS,2025-12-22,2025,0.0629735314375747,-0.8855652858407868,True,True
UPS,2026-01-07,2026,0.2385614101592201,-0.1184609552691432,True,True
UPS,2026-02-03,2026,0.7539302493675367,1.0571015540296236,True,True
UPS,2026-02-05,2026,-0.2398362068965529,0.4224137931034439,True,True
UPS,2026-02-13,2026,-0.2071930269950041,0.8970127782008989,True,True
UPS,2026-04-28,2026,0.4516528126812317,0.4349507055867029,True,True
UPS,2026-06-01,2026,0.2194676013641474,3.2777567260325826,True,True
UPS,2026-07-10,2026,0.1102880658436161,0.6530685274646663,True,True
UPS,2026-07-20,2026,-0.1480399491094182,-4.0458015267175655,True,True
V,2021-10-27,2021,-0.3000000000000003,-3.991101223581757,True,True
V,2022-01-05,2022,0.1075053898670635,-1.1678045274883193,True,True
V,2022-01-06,2022,0.24931129476583,0.8907254361799806,True,True
V,2022-10-26,2022,1.054150981788583,3.469325465459351,True,True
V,2022-10-27,2022,-0.0989523903206752,0.5090497737556545,True,True
V,2022-12-01,2022,-0.1851382488479229,0.078341013824879,True,True
V,2022-12-02,2022,-0.2676493765354763,0.8992722384462049,True,True
V,2022-12-14,2022,0.2480338266384916,0.2114164904862659,True,True
V,2023-01-11,2023,-0.1287947941615074,0.3479596909033441,True,True
V,2023-01-30,2023,-0.2999999999999953,-0.4735013032145851,True,True
V,2023-02-01,2023,-0.0261586083620361,0.736800802197322,True,True
V,2023-04-03,2023,-0.1937619322470342,1.6605247968743102,True,True
V,2023-04-17,2023,-0.2872190411075924,-0.2264763695410653,True,True
V,2023-09-01,2023,-0.1589930092536487,0.2747807815088725,True,True
V,2023-11-15,2023,-0.2232486528098602,0.5550828572586218,True,True
V,2023-11-16,2023,-0.1756707832173465,-0.0160907518403765,True,True
V,2023-12-15,2023,0.6910848296727176,1.1905229656988054,True,True
V,2023-12-20,2023,-0.2004913627639245,-1.2783109404990345,True,True
V,2024-01-10,2024,-0.1494923953655211,-0.2151186926822093,True,True
V,2024-01-19,2024,-0.2033410396002699,1.0179730032068082,True,True
V,2024-01-22,2024,-0.2597156920364314,-0.356303261827809,True,True
V,2024-01-23,2024,-0.1861830233842787,-0.103111765789,True,True
V,2024-01-26,2024,0.8171918477852227,0.7445288410919825,True,True
V,2024-03-01,2024,0.3020021186440744,0.0,True,True
V,2024-03-20,2024,0.0639445139758142,0.5666805729383937,True,True
V,2024-05-10,2024,-0.0646145591128627,0.4006438919692379,True,True
V,2024-05-13,2024,-0.0555851630782372,-0.724792155190778,True,True
V,2024-05-14,2024,-0.1037682507872826,-0.6656169481820833,True,True
V,2024-05-16,2024,-0.0805991339532905,-0.677930006388878,True,True
V,2024-05-17,2024,-0.2483788609176911,0.0392787002321062,True,True
V,2024-06-25,2024,0.0886085244717354,-1.0908434170128367,True,True
V,2024-09-10,2024,-0.237236386528177,-0.2273283670828643,True,True
V,2024-10-17,2024,0.0670903073777583,0.6272308278753863,True,True
V,2024-10-31,2024,-0.0405868054366704,-0.7634633161011886,True,True
V,2024-11-01,2024,-0.1237477902180414,0.7729903982807093,True,True
V,2024-11-07,2024,-0.257850406504065,-0.5658536585365883,True,True
V,2024-12-18,2024,0.0098995290423962,-2.7598116169544804,True,True
V,2024-12-23,2024,0.1953888167273854,0.4562014889909703,True,True
V,2025-01-28,2025,-0.2016912182149614,-0.0268921624286705,True,True
V,2025-01-31,2025,1.0035500909169552,-1.3103587612203136,True,True
V,2025-02-03,2025,0.2569668636617522,1.661227250007344,True,True
V,2025-02-04,2025,-0.0367179338363491,0.1334881021474113,True,True
V,2025-02-28,2025,0.0476331651208011,2.275097967353611,True,True
V,2025-03-03,2025,-0.0871418732782386,-0.2920110192837472,True,True
V,2025-03-04,2025,-0.2557024242592589,-2.282635861264621,True,True
V,2025-05-13,2025,0.112238411341145,0.1772052205220509,True,True
V,2025-06-02,2025,-0.1653334068418032,0.7249772583179412,True,True
V,2025-06-06,2025,-0.0973632150890253,0.300804856236962,True,True
V,2025-12-22,2025,0.1272857142857089,0.6000000000000065,True,True
V,2026-04-30,2026,-0.2999999999999944,-0.6292906178489799,True,True
V,2026-05-01,2026,0.5895367700072238,-1.4599855803893336,True,True
V,2026-06-29,2026,0.3071540485411118,1.0110266946522055,True,True
V,2026-06-30,2026,0.0004769428839051,0.2677317415730397,True,True
V,2026-07-02,2026,0.6927292842756201,2.5729766531445897,True,True
V,2026-07-07,2026,0.2179741094750216,1.0562874939005158,True,True
V,2026-07-29,2026,1.654901960784318,3.361344537815126,True,True
V,2026-07-30,2026,-0.1456698630137022,0.3356164383561706,True,True
VLO,2021-09-28,2021,-0.1060041695621874,-1.070187630298813,True,True
VLO,2021-09-29,2021,-0.2789603263927948,-1.0832864378165392,True,True
VLO,2021-10-04,2021,-0.1388252728007682,1.0642597332614738,True,True
VLO,2021-10-06,2021,-0.2040950941321845,3.572900920709096,True,True
VLO,2021-10-22,2021,-0.0598689024390249,-1.231707317073177,True,True
VLO,2022-01-05,2022,0.2912807570977925,-1.337539432176659,True,True
VLO,2022-01-06,2022,0.2611632270168812,0.2626641651031816,True,True
VLO,2022-01-07,2022,-0.08966244725738,0.5088111193844583,True,True
VLO,2022-01-12,2022,-0.1470136921624165,-0.4131255901794078,True,True
VLO,2022-02-02,2022,0.6584290738569886,1.5357561547479512,True,True
VLO,2022-02-08,2022,-0.1665179069507921,-1.2718955706794608,True,True
VLO,2022-02-11,2022,-0.2227901316517317,1.781170483460559,True,True
VLO,2022-02-14,2022,-0.3000000000000036,-1.945355191256832,True,True
VLO,2022-03-14,2022,0.2482842058952945,-0.4069511658601017,True,True
VLO,2022-03-21,2022,-0.0832373084030914,2.478530275029896,True,True
VLO,2022-04-19,2022,-0.2817866276945646,-1.5893313847278123,True,True
VLO,2022-04-20,2022,0.6421345191773146,0.1204372799703497,True,True
VLO,2022-04-28,2022,0.11688937369329,4.999545495864012,True,True
VLO,2022-04-29,2022,0.3567222125283499,-2.7394870005234693,True,True
VLO,2022-05-02,2022,-0.1837474212933864,4.601309534487407,True,True
VLO,2022-05-03,2022,0.6528758395040501,4.5290167039779625,True,True
VLO,2022-05-04,2022,0.3082235236700804,4.343582235236704,True,True
VLO,2022-05-05,2022,0.378602722578638,-1.3925833202941535,True,True
VLO,2022-11-16,2022,0.6278464446706415,-1.5268285589646606,True,True
VLO,2023-01-09,2023,-0.230795927811199,-0.8560851457658378,True,True
VLO,2023-01-27,2023,-0.3000000000000052,-4.578473842052651,True,True
VLO,2023-07-21,2023,-0.3000000000000022,1.0932105868814717,True,True
VLO,2023-07-25,2023,-0.0931205107741326,-0.5985634477254589,True,True
VLO,2023-07-28,2023,-0.1348035347956346,1.8541896796591515,True,True
VLO,2023-08-01,2023,-0.1060764023963198,0.1945071189605539,True,True
VLO,2023-09-11,2023,0.1252937062937057,0.5244755244755245,True,True
VLO,2023-09-12,2023,-0.2930749461693452,1.5975550461901866,True,True
VLO,2023-09-18,2023,0.1197170462387718,0.966183574879231,True,True
VLO,2023-12-18,2023,0.5631703953417109,1.0879558688323532,True,True
VLO,2023-12-21,2023,-0.0370144741801728,-0.5503203920090601,True,True
VLO,2024-01-26,2024,0.3673360107095067,2.5658188308790635,True,True
VLO,2024-01-29,2024,0.3610543478260872,0.2753623188405764,True,True
VLO,2024-01-31,2024,-0.0177236693091661,-1.6845979614949005,True,True
VLO,2024-02-01,2024,-0.0928571428571527,-0.9385298753403082,True,True
VLO,2024-02-02,2024,-0.3000000000000067,-0.5769924269744041,True,True
VLO,2024-03-05,2024,-0.2034649699149419,-0.1729026903658621,True,True
VLO,2024-03-14,2024,0.0064613261401423,0.0125462643497962,True,True
VLO,2024-03-18,2024,-0.299999999999998,0.5745388569700739,True,True
VLO,2024-03-19,2024,0.0091426335119357,0.7646456740321574,True,True
VLO,2025-01-16,2025,0.2462415077799591,1.826283877565929,True,True
VLO,2025-01-24,2025,-0.1015073947667873,-0.689704209328782,True,True
VLO,2025-05-13,2025,0.0606330067822278,1.7483044461190822,True,True
VLO,2025-06-17,2025,-0.2928474065571373,1.7074395580744848,True,True
VLO,2025-06-18,2025,0.3951792729975685,-1.2848193112235853,True,True
VLO,2025-06-23,2025,-0.3000000000000055,-3.649019194262813,True,True
VLO,2025-07-09,2025,0.3967343099045982,0.1343905389060725,True,True
VLO,2025-09-03,2025,0.1926458319963996,-0.2631072322402778,True,True
VLO,2025-09-04,2025,-0.2166870219193883,-0.1028475927235306,True,True
VLO,2025-09-10,2025,-0.2999999999999974,-1.7924703839235792,True,True
VLO,2025-09-22,2025,-0.2999999999999957,2.379634753735476,True,True
VLO,2025-09-24,2025,0.0265220188315184,-0.0994210187730369,True,True
VLO,2025-09-26,2025,0.0849420849420922,0.4604604604604644,True,True
VLO,2025-10-24,2025,0.8302557185087348,-1.8167207186522356,True,True
VLO,2025-11-07,2025,-0.1477087576374721,-0.6505996831862284,True,True
VLO,2025-11-17,2025,-0.299999999999995,-1.7938700269630723,True,True
VLO,2025-11-18,2025,0.4461651004445426,4.349783354904051,True,True
VLO,2025-11-19,2025,-0.2999999999999991,0.468357959297465,True,True
VLO,2026-01-07,2026,0.5868952050336264,-0.260360164894781,True,True
VLO,2026-01-08,2026,0.2902612568573008,3.910705556460805,True,True
VLO,2026-01-09,2026,-0.1151678938848046,-3.2482113948509057,True,True
VLO,2026-01-12,2026,-0.176289382822621,-3.102071644367717,True,True
VLO,2026-02-04,2026,0.587230960264896,2.121274834437083,True,True
VLO,2026-03-03,2026,0.4648568427781949,-0.5753687382985613,True,True
VLO,2026-03-04,2026,0.0671346375143955,3.8365937859608783,True,True
VLO,2026-03-05,2026,1.0423660130719006,-0.6623093681917256,True,True
VLO,2026-03-06,2026,0.8201260078424533,-1.0485967308454842,True,True
VLO,2026-03-09,2026,-0.3000000000000037,-4.603083447453291,True,True
VLO,2026-03-13,2026,-0.003810384913457,-0.6544389907861801,True,True
VLO,2026-03-23,2026,2.1769386437029152,2.243272335844998,True,True
VLO,2026-05-20,2026,0.2148020654044745,-2.9259896729776163,True,True
VLO,2026-07-16,2026,-0.2359102750617376,1.6256724295429197,True,True
VRTX,2021-11-04,2021,-0.2947304439746242,2.647991543340391,True,True
VRTX,2021-11-05,2021,-0.0478684971098241,-0.4644921552435886,True,True
VRTX,2021-11-08,2021,-0.1708482304782677,-0.3782579408259589,True,True
VRTX,2021-12-02,2021,0.3064836795252355,1.1770524233432365,True,True
VRTX,2021-12-03,2021,-0.3000000000000062,-0.9767713091651234,True,True
VRTX,2021-12-06,2021,0.5466156187110518,0.6577332744318477,True,True
VRTX,2021-12-20,2021,-0.1568722793368549,-0.2037603037880882,True,True
VRTX,2022-01-18,2022,0.1912816079533196,-0.1167062891722419,True,True
VRTX,2022-01-19,2022,-0.0115510838587188,-0.2979531911218698,True,True
VRTX,2022-01-21,2022,-0.1732608600359477,-0.0219173278393823,True,True
VRTX,2022-01-31,2022,0.0489985293813039,0.6814557053791428,True,True
VRTX,2022-02-01,2022,0.1030941870539304,1.34906555550972,True,True
VRTX,2022-02-02,2022,0.068379998357819,4.105427374989736,True,True
VRTX,2022-02-03,2022,-0.2083419937644906,-2.5701494923654997,True,True
VRTX,2022-03-21,2022,0.1413567604180061,0.9143981421752037,True,True
VRTX,2022-04-01,2022,0.1736523504846655,1.969273207923063,True,True
VRTX,2022-04-04,2022,-0.0421938240143949,0.6783090990855953,True,True
VRTX,2022-04-06,2022,0.3866596795927378,1.893996107201677,True,True
VRTX,2022-04-07,2022,0.2197474209772734,1.2628951136238475,True,True
VRTX,2022-04-18,2022,-0.299999999999991,-1.5816734452671504,True,True
VRTX,2022-06-24,2022,0.1617522192203738,2.7367460790849485,True,True
VRTX,2022-06-27,2022,-0.3000000000000019,-1.0095093715545778,True,True
VRTX,2022-08-16,2022,-0.3000000000000067,-0.6557377049180327,True,True
VRTX,2022-10-03,2022,-0.2999999999999948,1.2665554458479549,True,True
VRTX,2022-10-04,2022,-0.2501250625312656,0.2868100717025035,True,True
VRTX,2022-10-25,2022,-0.08909615384614,-0.8942307692307758,True,True
VRTX,2022-10-26,2022,0.3411883278940295,-0.4383438919818277,True,True
VRTX,2022-10-31,2022,0.1336877718704651,0.5348799742226416,True,True
VRTX,2022-12-01,2022,-0.2999999999999973,0.6843509653115701,True,True
VRTX,2023-01-18,2023,-0.2840121872995402,-0.5355997434252777,True,True
VRTX,2023-01-19,2023,0.1662935844918396,-0.6450988614005098,True,True
VRTX,2023-01-20,2023,0.3486938041523478,1.275134870034323,True,True
VRTX,2023-01-24,2023,0.1939274855676671,0.5869146889031379,True,True
VRTX,2023-01-31,2023,0.0178136133508217,0.9750609413088333,True,True
VRTX,2023-03-20,2023,-0.0647950930169968,0.7448099218118022,True,True
VRTX,2023-03-24,2023,-0.2999999999999949,2.999541554784212,True,True
VRTX,2023-03-27,2023,-0.2999999999999913,-1.973433329096218,True,True
VRTX,2023-04-28,2023,0.4392821270310148,0.667651403249628,True,True
VRTX,2023-05-01,2023,-0.0186761507260143,1.422608900123442,True,True
VRTX,2023-05-02,2023,0.2346231884058048,0.3043478260869598,True,True
VRTX,2023-05-03,2023,0.1876287473387366,-0.3509983313193999,True,True
VRTX,2023-06-20,2023,-0.2943088734766194,-2.1776978622598957,True,True
VRTX,2023-07-24,2023,-0.0134265656956383,-1.276878005638164,True,True
VRTX,2023-10-09,2023,0.0091301699795006,-1.6693427827916587,True,True
VRTX,2023-10-10,2023,-0.2999999999999986,1.723748800993064,True,True
VRTX,2023-10-12,2023,0.0020634877309856,0.4449054234789954,True,True
VRTX,2023-10-13,2023,0.3302764739398123,0.6593048810266725,True,True
VRTX,2023-10-16,2023,-0.1499623777276162,0.5079006772008993,True,True
VRTX,2023-10-17,2023,0.3755249062667448,0.0267809319764388,True,True
VRTX,2023-10-18,2023,-0.1369167649898198,-1.4319425077764754,True,True
VRTX,2023-10-19,2023,-0.0504448374370807,-0.7454768058767539,True,True
VRTX,2023-11-07,2023,0.3921776458741899,0.2331867083576224,True,True
VRTX,2023-11-08,2023,-0.2999999999999974,-1.0320920216397789,True,True
VRTX,2023-12-14,2023,-0.0853473236160234,0.6458957163008274,True,True
VRTX,2023-12-15,2023,-0.0948157585260683,0.7129557036456213,True,True
VRTX,2023-12-18,2023,0.0051003060183647,-1.7219604604847796,True,True
VRTX,2024-01-17,2024,-0.0239724854435421,-0.9567302203447878,True,True
VRTX,2024-01-18,2024,-0.3000000000000065,0.3521861025510412,True,True
VRTX,2024-01-19,2024,-0.2402360861345575,0.3043297828191988,True,True
VRTX,2024-01-22,2024,0.056584089402836,0.5896199465228384,True,True
VRTX,2024-01-31,2024,0.1363074484226804,-1.795864755304936,True,True
VRTX,2024-05-08,2024,0.4646408438777742,1.279849031040578,True,True
VRTX,2024-05-09,2024,0.218725536992847,0.0739856801909313,True,True
VRTX,2024-05-20,2024,-0.2955162799064657,0.292318762367322,True,True
VRTX,2024-05-24,2024,-0.1121869597978835,1.2854040157794322,True,True
VRTX,2024-06-04,2024,0.1904976991750932,0.7506838857433722,True,True
VRTX,2024-08-01,2024,0.4479762024805795,1.8251487344963104,True,True
VRTX,2024-08-02,2024,0.7669827060020359,0.6185147507629747,True,True
VRTX,2024-09-03,2024,-0.300000000000005,-3.585326307255776,True,True
VRTX,2024-10-16,2024,-0.2338544150270558,1.024195053179358,True,True
VRTX,2024-10-21,2024,0.0630405097860771,-1.0737782927132036,True,True
VRTX,2024-11-06,2024,-0.0435242900959809,-2.3231423765706958,True,True
VRTX,2024-11-07,2024,-0.1687360745391852,1.7784079400445674,True,True
VRTX,2025-02-03,2025,-0.16229281767956,1.504229972375684,True,True
VRTX,2025-02-04,2025,-0.0529014614135616,3.068113836424228,True,True
VRTX,2025-02-05,2025,0.3155718917133072,0.9106490181097372,True,True
VRTX,2025-03-11,2025,-0.3000000000000045,-1.7610594533671458,True,True
VRTX,2025-03-14,2025,0.3401758372024051,-0.3259903190753684,True,True
VRTX,2025-07-08,2025,0.3011666266139453,1.861359316627702,True,True
VRTX,2025-10-24,2025,0.4890013031631313,-0.1682265134462827,True,True
VRTX,2025-12-04,2025,-0.0734090909090947,-0.9870129870129876,True,True
VRTX,2026-01-07,2026,-0.1777990940580943,3.2134292565947216,True,True
VRTX,2026-01-08,2026,-0.1975057372197634,-2.4558415800458957,True,True
VRTX,2026-01-09,2026,0.1817351891048262,-0.7739507835717196,True,True
VRTX,2026-01-27,2026,0.4308127097315487,-0.5515939597315427,True,True
VRTX,2026-02-17,2026,0.0136885547337897,-2.4639398520818867,True,True
VRTX,2026-03-11,2026,-0.0346673361787574,-1.1036906854130062,True,True
VRTX,2026-03-12,2026,-0.3000000000000055,-2.4430067146968235,True,True
VRTX,2026-06-22,2026,0.3629891363985604,2.4448589926478754,True,True
VRTX,2026-06-23,2026,-0.0686183916366884,-0.2661443140928737,True,True
VRTX,2026-06-29,2026,-0.064760038722936,0.7704253473972921,True,True
VRTX,2026-08-11,2026,0.5684780197793431,0.9661007260046972,True,True
VZ,2021-12-20,2021,0.0592452114545873,0.7016878437322295,True,True
VZ,2022-01-06,2022,-0.2085321100917427,-1.3577981651376183,True,True
VZ,2022-02-28,2022,-0.3000000000000008,-0.2973977695167223,True,True
VZ,2022-03-04,2022,-0.1351460591585401,1.2125665993018624,True,True
VZ,2022-03-07,2022,0.0459908675799066,-0.1278538812785393,True,True
VZ,2022-04-22,2022,-0.1134356287425152,-2.900449101796402,True,True
VZ,2023-01-03,2023,-0.1245159668091554,0.8674880563238593,True,True
VZ,2023-08-30,2023,-0.1285468615649089,-0.7165376898824879,True,True
VZ,2023-09-01,2023,-0.0720491569019756,-0.3715347242069236,True,True
VZ,2023-10-26,2023,0.262774806892459,2.436125965537732,True,True
VZ,2023-10-27,2023,0.1059918557300724,-2.7341477603257847,True,True
VZ,2023-12-01,2023,-0.2480729166666566,0.4427083333333378,True,True
VZ,2023-12-05,2023,-0.117970787689107,0.234741784037549,True,True
VZ,2023-12-06,2023,0.1431111111111175,0.6535947712418301,True,True
VZ,2024-01-04,2024,-0.2748739919354906,-0.7308467741935463,True,True
VZ,2024-01-08,2024,-0.2006724782067287,-0.0996264009962618,True,True
VZ,2024-01-09,2024,-0.3000000000000023,-0.5350318471337602,True,True
VZ,2024-01-24,2024,-0.0403031020601353,-2.214065829978677,True,True
VZ,2024-06-03,2024,-0.2757892180670297,-0.4613890237979546,True,True
VZ,2024-06-04,2024,0.0414383561643791,1.6389432485322764,True,True
VZ,2024-09-03,2024,1.4582936129647248,2.3117254528121998,True,True
VZ,2024-09-04,2024,0.0477906976744187,-3.558139534883724,True,True
VZ,2024-09-10,2024,-0.2534003271792439,1.9397055386772573,True,True
VZ,2024-09-11,2024,-0.3000000000000006,0.5515973339462238,True,True
VZ,2024-09-12,2024,0.2729885057471232,0.8620689655172413,True,True
VZ,2024-09-17,2024,-0.3000000000000034,-1.4636871508379914,True,True
VZ,2024-11-26,2024,-0.1413142337426161,0.886766712141884,True,True
VZ,2025-02-25,2025,-0.0483478659935789,0.3212482790270779,True,True
VZ,2025-03-10,2025,0.7173469387755114,1.0204081632653037,True,True
VZ,2025-03-11,2025,-0.1385985198889948,0.4394079555966644,True,True
VZ,2025-08-21,2025,-0.1448421520675916,0.1111605157848027,True,True
VZ,2026-02-02,2026,0.6058553000560711,0.2131239484015678,True,True
VZ,2026-02-03,2026,0.7608758960573487,3.52822580645162,True,True
VZ,2026-02-04,2026,0.3927311598075932,0.4917156600748348,True,True
VZ,2026-02-05,2026,-0.2788815928828715,-0.2965473416649027,True,True
VZ,2026-02-12,2026,0.3320449897750568,1.1451942740286345,True,True
VZ,2026-02-13,2026,-0.0971928397070706,-0.3559804719283913,True,True
VZ,2026-07-30,2026,0.2371767241379334,-0.6142241379310271,True,True
WFC,2021-10-19,2021,-0.2598307816277309,1.4101531023368308,True,True
WFC,2022-01-05,2022,0.0391156462584995,-1.1904761904761954,True,True
WFC,2022-01-06,2022,0.3940545625588106,0.9031044214487376,True,True
WFC,2022-01-10,2022,-0.0305405405405429,-0.2702702702702677,True,True
WFC,2022-01-11,2022,-0.1026097912166994,0.8819294456443392,True,True
WFC,2022-01-13,2022,-0.2119257950530086,-0.9540636042402812,True,True
WFC,2022-01-18,2022,-0.2049900372520159,-1.758641600970286,True,True
WFC,2022-01-19,2022,-0.2128870374942587,-2.696720895253208,True,True
WFC,2022-06-01,2022,-0.0505059297138479,-1.7081927973017008,True,True
WFC,2022-07-20,2022,0.0749882463563711,0.4466384579219504,True,True
WFC,2022-10-18,2022,-0.2447461760141877,-0.8873863888273141,True,True
WFC,2022-10-19,2022,0.1513354459031359,-1.1770031688546925,True,True
WFC,2022-11-02,2022,0.1678754266211556,0.0426621160409471,True,True
WFC,2022-11-03,2022,-0.2999999999999929,-1.4502164502164538,True,True
WFC,2023-01-17,2023,-0.1749201642335713,0.6614963503649615,True,True
WFC,2023-01-18,2023,0.1762738853503125,-1.3193812556869844,True,True
WFC,2023-01-23,2023,0.006350290201428,2.446796403778299,True,True
WFC,2023-04-18,2023,-0.0096821159912684,1.5530211113807342,True,True
WFC,2023-07-17,2023,0.5926308539944916,2.685950413223128,True,True
WFC,2023-07-18,2023,-0.1663837391110216,1.8762564217109583,True,True
WFC,2023-07-19,2023,-0.3000000000000055,0.718484650555189,True,True
WFC,2023-11-15,2023,0.1265747563584465,1.830282861896846,True,True
WFC,2023-12-01,2023,-0.165603235228035,1.1660301055942608,True,True
WFC,2023-12-07,2023,-0.2220919848180357,1.384237553025223,True,True
WFC,2023-12-08,2023,-0.1461419753086467,1.6313932980599692,True,True
WFC,2023-12-11,2023,-0.0502069716775516,0.1960784313725564,True,True
WFC,2023-12-12,2023,-0.2348933391379992,1.175446234218544,True,True
WFC,2023-12-13,2023,-0.2678352511022691,2.699214969351549,True,True
WFC,2023-12-14,2023,0.2557184145334511,4.273327828241124,True,True
WFC,2023-12-15,2023,0.277105788423151,0.3692614770458985,True,True
WFC,2023-12-18,2023,-0.1615552469748078,-1.4977187066058233,True,True
WFC,2024-02-16,2024,-0.204023873700422,-0.0385059684250982,True,True
WFC,2024-02-20,2024,-0.14512621359223,0.5533980582524206,True,True
WFC,2024-03-01,2024,0.077924187725638,-0.61371841155234,True,True
WFC,2024-03-07,2024,0.2417528483786173,-0.1051709027169065,True,True
WFC,2024-04-19,2024,0.0295169491525419,2.305084745762711,True,True
WFC,2024-04-22,2024,-0.0028807947019835,1.1920529801324484,True,True
WFC,2024-04-23,2024,-0.2837011606996938,-0.3269576589831663,True,True
WFC,2024-04-24,2024,-0.3000000000000043,0.0,True,True
WFC,2024-04-26,2024,-0.1999330879892964,0.1923720307795282,True,True
WFC,2024-09-03,2024,-0.3000000000000002,-0.4605936540429819,True,True
WFC,2024-10-14,2024,-0.1538599348534105,1.2377850162866415,True,True
WFC,2024-10-15,2024,-0.0700572610147876,0.2703992365198055,True,True
WFC,2024-10-16,2024,0.0232149916976333,0.98837669012414,True,True
WFC,2024-10-23,2024,0.0232515053265484,-0.3396634244248863,True,True
WFC,2024-11-07,2024,-0.2582495812395386,-2.56839754327192,True,True
WFC,2024-11-26,2024,-0.3000000000000022,-0.2064516129032214,True,True
WFC,2025-01-16,2025,-0.1948450889914124,0.1845748187211609,True,True
WFC,2025-01-17,2025,-0.0834890760726672,1.4609107659910494,True,True
WFC,2025-01-21,2025,-0.1845025099755373,0.2445617196550363,True,True
WFC,2025-01-22,2025,0.0084697692406995,-0.0386747453912426,True,True
WFC,2025-06-05,2025,-0.1088017458008288,-0.9125777013622508,True,True
WFC,2025-06-30,2025,0.046868787276351,-0.515656063618298,True,True
WFC,2025-07-01,2025,0.0113678950655885,1.7863835103060672,True,True
WFC,2025-09-22,2025,-0.0028493085360103,1.5379113018598072,True,True
WFC,2025-10-16,2025,-0.3000000000000004,-3.4371766869755085,True,True
WFC,2025-12-10,2025,-0.131852934562616,1.9619968518102144,True,True
WFC,2025-12-11,2025,0.1294565937707091,2.3304616743980557,True,True
WFC,2026-06-18,2026,0.0639114564935728,-3.1908630636995263,True,True
WFC,2026-07-20,2026,0.0516954938552527,-1.74670004551661,True,True
WMT,2022-03-07,2022,0.3561995753715291,0.2618542108987799,True,True
WMT,2022-03-08,2022,0.0,0.0,False,True
WMT,2022-04-07,2022,-0.0171631205673812,0.9460348162475788,True,True
WMT,2022-04-08,2022,0.1511312217194639,0.3186540054808489,True,True
WMT,2022-04-14,2022,0.1378651899942713,-0.0254598688816882,True,True
WMT,2022-08-17,2022,0.0093815400158802,0.7119867215126001,True,True
WMT,2022-08-18,2022,0.171597505912706,-0.3081774528775222,True,True
WMT,2022-10-27,2022,-0.0596057017232753,-0.177292390610595,True,True
WMT,2022-11-01,2022,-0.0768482898510182,-0.9302650905784516,True,True
WMT,2022-11-16,2022,0.0033878820665587,0.405734379226396,True,True
WMT,2022-11-17,2022,0.167947758655881,0.6802258349772125,True,True
WMT,2023-02-21,2023,0.0558022816349542,3.10750279955207,True,True
WMT,2023-02-22,2023,0.1619200109013924,-1.7374122777134369,True,True
WMT,2023-04-24,2023,0.2125964010282779,0.6954057082591644,True,True
WMT,2023-06-20,2023,0.0222365869424725,-0.3232062055591467,True,True
WMT,2023-11-15,2023,0.0019776695569408,0.8255137189690075,True,True
WMT,2023-11-16,2023,0.1396220472440835,-1.6944881889763763,True,True
WMT,2024-02-01,2024,-0.1194930597465172,1.5630657815328928,True,True
WMT,2024-02-21,2024,0.0304342857142988,-0.7371428571428527,True,True
WMT,2024-02-22,2024,-0.179589371980667,0.862663906142167,True,True
WMT,2024-02-23,2024,-0.1811005735703248,-0.3009824521551485,True,True
WMT,2024-02-26,2024,-0.063903924221918,0.7780784844384318,True,True
WMT,2024-02-27,2024,-0.0325285043594978,-0.1173708920187798,True,True
WMT,2024-05-14,2024,-0.2505783212161329,-1.1070720423000688,True,True
WMT,2024-05-17,2024,-0.2844800747197986,0.6693648816936595,True,True
WMT,2024-05-20,2024,0.0250077615647277,-0.3259857187209065,True,True
WMT,2024-06-24,2024,-0.2120940484937494,1.2490815576781904,True,True
WMT,2024-07-08,2024,-0.057525035765402,-0.336194563662374,True,True
WMT,2024-08-16,2024,-0.13543328748281,1.031636863823934,True,True
WMT,2024-11-07,2024,-0.2642737697085496,0.143334925943627,True,True
WMT,2024-11-11,2024,-0.1474278987639848,-0.8475573866980564,True,True
WMT,2024-11-15,2024,-0.2882067660279185,-0.319375443577017,True,True
WMT,2024-11-20,2024,-0.1963856812932973,0.6812933025404198,True,True
WMT,2024-11-21,2024,-0.2429959977129853,1.0520297312750162,True,True
WMT,2024-11-22,2024,-0.2776982440442714,1.1408119897103348,True,True
WMT,2024-11-25,2024,-0.1017016574585604,-1.1602209944751352,True,True
WMT,2024-11-26,2024,0.0771053509845383,1.5685838246745984,True,True
WMT,2024-12-06,2024,0.0548042704626262,0.1360686623403762,True,True
WMT,2025-01-22,2025,-0.055454836301581,-0.6078703209981798,True,True
WMT,2025-01-28,2025,-0.166697521341153,0.0308546744831853,True,True
WMT,2025-02-04,2025,0.0390817245173647,0.7802340702210675,True,True
WMT,2025-08-04,2025,0.2888594704684293,1.4256619144602765,True,True
WMT,2025-08-05,2025,0.2001504966389056,-0.3862747065315592,True,True
WMT,2025-08-06,2025,0.1811582545747105,3.9312286346269967,True,True
WMT,2025-08-07,2025,0.1240092789483956,-0.2996327082930486,True,True
WMT,2025-08-13,2025,-0.0852765540871224,-1.1257953989231575,True,True
WMT,2025-09-18,2025,-0.0887508427236865,-0.2118848117114503,True,True
WMT,2025-10-15,2025,0.3037554043980627,1.6120014908684346,True,True
WMT,2025-10-16,2025,0.0423763736263684,-2.5091575091575176,True,True
WMT,2025-11-24,2025,0.0879745634016613,-1.2196279422930871,True,True
WMT,2025-11-25,2025,-0.176101711117494,2.236879839403502,True,True
WMT,2026-01-13,2026,0.1905081007718992,2.11213843413351,True,True
WMT,2026-01-14,2026,0.0235127714452142,-0.0998419169648095,True,True
WMT,2026-01-15,2026,-0.1337640683618151,-0.5919132972071763,True,True
WMT,2026-01-16,2026,-0.0137476777571311,1.334234082080728,True,True
WMT,2026-01-20,2026,-0.2010258107213724,-1.7620780939774947,True,True
WMT,2026-05-18,2026,-0.057420924574218,1.4142335766423244,True,True
XLE,2021-09-28,2021,0.280849464386404,-0.6201841759067812,True,True
XLE,2021-09-29,2021,-0.2056585919757827,0.0946252838758462,True,True
XLE,2021-10-01,2021,0.1937523809523814,2.552380952380959,True,True
XLE,2021-10-04,2021,-0.2450486863861887,0.5327944148447531,True,True
XLE,2021-10-05,2021,-0.2461081081081049,-0.8288288288288305,True,True
XLE,2021-10-06,2021,0.3446517642711859,0.60964345095141,True,True
XLE,2021-10-07,2021,0.119981684981678,0.5128205128205149,True,True
XLE,2022-01-05,2022,0.1169454667112749,-1.003680160588828,True,True
XLE,2022-01-06,2022,-0.0366787718719003,-0.1320567844172966,True,True
XLE,2022-01-07,2022,-0.2179288771814317,0.9878169245966436,True,True
XLE,2022-01-10,2022,-0.267566688353931,-0.5530253741053942,True,True
XLE,2022-01-12,2022,-0.1745320119553288,-0.3303445021236446,True,True
XLE,2022-01-19,2022,-0.1930749195648796,-1.4861345181553531,True,True
XLE,2022-01-27,2022,0.0005275056518423,-0.617935192162768,True,True
XLE,2022-01-28,2022,-0.1629448602413276,0.2443867420192402,True,True
XLE,2022-03-01,2022,-0.2579974722651227,0.0983008004493854,True,True
XLE,2022-03-02,2022,-0.0658331030671517,0.7046145344017756,True,True
XLE,2022-03-07,2022,0.1066175503223093,0.4341534008683045,True,True
XLE,2022-03-08,2022,-0.2999999999999997,-0.6787909836065589,True,True
XLE,2022-03-09,2022,-0.2733101325123772,0.5889439164770606,True,True
XLE,2022-03-10,2022,0.2505390481199118,1.8143570865106435,True,True
XLE,2022-03-11,2022,0.2754689754689631,0.8002098911189812,True,True
XLE,2022-05-05,2022,-0.2031215838697966,-2.077007166282028,True,True
XLE,2022-05-09,2022,-0.2139881685974893,-6.2854325856544175,True,True
XLE,2022-08-12,2022,-0.0938218947912695,1.4217396923872228,True,True
XLE,2023-07-14,2023,-0.2040423484119377,-2.0211742059672844,True,True
XLE,2023-07-25,2023,-0.3000000000000037,0.630693763139444,True,True
XLE,2023-08-10,2023,-0.0526612539467763,-0.1353179972936452,True,True
XLE,2023-08-14,2023,-0.0330953708867931,-0.0780814277746875,True,True
XLE,2023-09-06,2023,0.0394881370825851,0.252636203866421,True,True
XLE,2023-09-12,2023,0.340633848834677,1.2197778261816647,True,True
XLE,2023-09-13,2023,-0.0964650263242617,-0.8918018695605441,True,True
XLE,2024-02-16,2024,-0.2768058625101829,-0.4420146562754397,True,True
XLE,2024-03-14,2024,0.05167548500882,0.6613756613756551,True,True
XLE,2024-03-18,2024,-0.0594692400482552,-0.0438644588222305,True,True
XLE,2024-04-02,2024,0.0340033500837591,0.984087102177552,True,True
XLE,2024-04-03,2024,-0.1352066115702528,0.3305785123967018,True,True
XLE,2024-07-19,2024,-0.0754504504504403,-0.9223509223509218,True,True
XLE,2024-08-01,2024,-0.0105483870967759,-2.3978494623655955,True,True
XLE,2024-10-03,2024,-0.2342926186291938,1.3840070298769669,True,True
XLE,2024-10-04,2024,-0.2464554242749578,0.1074113856068835,True,True
XLE,2024-11-07,2024,-0.3000000000000037,-0.3422459893048055,True,True
XLE,2024-11-22,2024,-0.0430147437880173,0.2783792143520056,True,True
XLE,2025-01-22,2025,-0.1823156991093447,-1.5237686447043692,True,True
XLE,2025-06-12,2025,-0.3000000000000052,0.821981604377696,True,True
XLE,2025-06-16,2025,-0.3000000000000052,-0.0455269747325361,True,True
XLE,2025-06-17,2025,-0.0973806029129418,0.1129050468556041,True,True
XLE,2025-06-18,2025,-0.1039166104742686,-1.0002247696111493,True,True
XLE,2025-06-20,2025,-0.2887255456293245,0.5993441139884507,True,True
XLE,2025-06-23,2025,-0.2330647868412117,-3.7596508895602554,True,True
XLE,2025-09-29,2025,-0.1581171319102231,-1.12753147235906,True,True
XLE,2025-11-10,2025,0.172907366071435,0.8426339285714395,True,True
XLE,2025-11-12,2025,0.1167418325816823,-0.7259927400725955,True,True
XLE,2025-11-18,2025,-0.2168704836020041,1.2117843246247952,True,True
XLE,2026-01-06,2026,-0.1621023513139561,-2.9152037450792587,True,True
XLE,2026-01-07,2026,-0.299999999999994,-1.4840680925360097,True,True
XLE,2026-01-09,2026,-0.0227593582887595,-0.1925133689839645,True,True
XLE,2026-01-14,2026,-0.1100952380952356,1.7354497354497362,True,True
XLE,2026-01-15,2026,-0.1534747008188045,-0.0209951711106552,True,True
XLE,2026-01-16,2026,-0.1428766547594102,0.2206345870981232,True,True
XLE,2026-01-21,2026,0.0096914475046603,0.9732863946986932,True,True
XLE,2026-01-22,2026,0.1921431509666841,0.6170300287947436,True,True
XLE,2026-01-23,2026,-0.0181340872374963,-0.6865912762520262,True,True
XLE,2026-01-30,2026,0.0365567911040566,1.350277998411437,True,True
XLE,2026-02-02,2026,-0.1606986027944047,-0.0998003992016053,True,True
XLE,2026-02-04,2026,0.4695870320339566,1.92975685063682,True,True
XLE,2026-02-05,2026,0.1387868350554926,-0.0574052812858804,True,True
XLE,2026-02-13,2026,0.3099555061179181,0.7601038190582197,True,True
XLE,2026-03-03,2026,-0.0480787662281022,-1.4899363945281814,True,True
XLE,2026-03-04,2026,-0.0154477345701143,0.2140563681769487,True,True
XLE,2026-03-06,2026,-0.2127734033245734,-1.0323709536307897,True,True
XLE,2026-05-21,2026,-0.1021498263601714,-2.199437737721181,True,True
XLE,2026-07-24,2026,0.1196127946127939,0.353535353535355,True,True
XLF,2022-01-05,2022,0.0307815188006971,-1.47456377488325,True,True
XLF,2022-01-06,2022,0.0690769990128221,0.4442250740375116,True,True
XLF,2022-01-11,2022,-0.2031568722680957,0.5099562894609054,True,True
XLF,2022-08-11,2022,0.0283361970217442,0.2290950744558943,True,True
XLF,2022-08-12,2022,-0.2433200682205783,1.0517339397384804,True,True
XLF,2022-08-17,2022,0.2351129943503035,0.6214689265536691,True,True
XLF,2022-11-03,2022,-0.0899157134256547,0.2107164358819996,True,True
XLF,2022-11-11,2022,-0.0490771812080535,0.3914988814317689,True,True
XLF,2022-11-16,2022,-0.0466685488424704,-0.3811405985319173,True,True
XLF,2023-01-13,2023,-0.2154846001695331,2.00621644532354,True,True
XLF,2023-01-17,2023,-0.2446572300860559,-0.4579517069109052,True,True
XLF,2023-01-18,2023,-0.1463144618834101,-1.345291479820619,True,True
XLF,2023-06-06,2023,1.0150613496932603,1.380368098159496,True,True
XLF,2023-06-15,2023,0.0765105740181337,1.6616314199395683,True,True
XLF,2023-07-17,2023,1.0697456883952094,1.0961707103186202,True,True
XLF,2023-07-19,2023,0.042121818701765,0.4289390906491238,True,True
XLF,2023-09-13,2023,-0.185566714490673,-0.4304160688665669,True,True
XLF,2023-09-15,2023,0.4453133985048837,0.1006325474410482,True,True
XLF,2023-09-18,2023,-0.2136298007508112,0.4042737510828777,True,True
XLF,2023-12-04,2023,0.5594827586207006,0.4866518353726283,True,True
XLF,2023-12-14,2023,-0.1537733333333335,0.1866666666666674,True,True
XLF,2023-12-15,2023,-0.0457997852925451,0.2415458937198159,True,True
XLF,2023-12-18,2023,-0.2199196787148472,-0.187416331994646,True,True
XLF,2024-01-23,2024,-0.0644263586243155,0.1312680493567791,True,True
XLF,2024-01-26,2024,0.3482444733419948,0.4941482444733361,True,True
XLF,2024-02-01,2024,-0.016541742052208,0.3101576634789468,True,True
XLF,2024-02-05,2024,0.0086687306501749,-0.0386996904024782,True,True
XLF,2024-03-15,2024,0.0929064039408696,0.5418719211822632,True,True
XLF,2024-06-25,2024,0.0122380149361588,-0.6504456757407757,True,True
XLF,2024-07-12,2024,0.0190210950462277,0.4266413842142681,True,True
XLF,2024-07-16,2024,0.7310597257727117,1.0574018126888178,True,True
XLF,2024-07-17,2024,-0.1278263872898912,0.9670734515312036,True,True
XLF,2024-07-18,2024,0.6931188458896194,-0.8701625830089365,True,True
XLF,2024-07-19,2024,-0.0926276866189119,-0.9244280101687212,True,True
XLF,2024-09-04,2024,0.3357299912049403,-0.1099384344766868,True,True
XLF,2024-09-20,2024,-0.2999999999999967,-0.0438692695766684,True,True
XLF,2024-10-14,2024,-0.128804464477352,0.4292766688130408,True,True
XLF,2024-10-16,2024,0.3988317757009355,0.8283772302463903,True,True
XLF,2024-10-17,2024,-0.1327181208053668,-0.1258389261745014,True,True
XLF,2024-10-18,2024,-0.1324721697122522,0.0420079815164947,True,True
XLF,2024-11-07,2024,-0.2999999999999964,-1.3349514563106728,True,True
XLF,2024-11-08,2024,-0.2390835030549904,0.1832993890020291,True,True
XLF,2024-11-11,2024,0.613113929146536,0.4428341384863101,True,True
XLF,2024-11-12,2024,-0.1600561459795428,-0.2707038299578865,True,True
XLF,2024-11-13,2024,-0.1599719101123695,-0.1605136436597219,True,True
XLF,2025-01-28,2025,-0.1058422590068149,-0.0973709834469411,True,True
XLF,2025-01-31,2025,-0.2134381632259287,-0.6945784294809945,True,True
XLF,2025-05-19,2025,0.3993764614185499,0.5650818394388136,True,True
XLF,2025-08-25,2025,-0.1014204226669125,-0.4114456704694199,True,True
XLF,2025-09-18,2025,0.4093790426908087,0.0184808722971687,True,True
XLF,2025-09-22,2025,0.5214152700186109,0.5214152700186109,False,True
XLF,2025-12-15,2025,-0.0741482421167058,-0.3080826386371904,True,True
XLF,2026-01-06,2026,0.6513786026590559,0.6513786026590559,False,True
XLF,2026-06-05,2026,-0.1096420047732736,-0.1622911694510756,True,True
XLF,2026-06-15,2026,0.052362351190483,-0.3534226190476148,True,True
XLF,2026-06-18,2026,-0.0437488525793954,-1.6706443914081084,True,True
XLF,2026-07-02,2026,-0.1015740908268485,0.6151619323321807,True,True
XLF,2026-07-06,2026,-0.2642908309455675,0.5730659025787843,True,True
XLF,2026-07-15,2026,-0.01666074600354,0.4351687388987647,True,True
XLF,2026-07-16,2026,-0.203391472868219,-0.0088090204369194,True,True
XLF,2026-07-30,2026,-0.1947201689545873,0.3343892995424106,True,True
XLI,2021-11-08,2021,-0.0211968680089474,-0.4194630872483247,True,True
XLI,2022-01-05,2022,-0.0677722910649362,-1.1925836206093368,True,True
XLI,2022-01-06,2022,0.0092199248120316,0.1127819548872089,True,True
XLI,2022-08-03,2022,-0.226644944292626,0.5255413075467732,True,True
XLI,2022-11-03,2022,0.629996727034694,2.094697796203362,True,True
XLI,2022-11-11,2022,-0.3000000000000058,-0.2754682961033672,True,True
XLI,2022-12-02,2022,0.2150407311742619,1.6689847009735814,True,True
XLI,2022-12-14,2022,0.0839537869062902,-0.3258615582107221,True,True
XLI,2023-01-09,2023,-0.2556494661921628,-0.6820877817319076,True,True
XLI,2023-01-10,2023,0.1082392889244093,0.8888445021472093,True,True
XLI,2023-01-17,2023,-0.1636914062499994,-0.8007812500000072,True,True
XLI,2023-02-02,2023,-0.2661114887831462,0.4175973584539252,True,True
XLI,2023-03-06,2023,0.1228648544438147,-0.2650857914015727,True,True
XLI,2023-06-14,2023,-0.2142324603326482,-0.5543873064423612,True,True
XLI,2023-06-15,2023,0.3997500240361348,1.5479280838380918,True,True
XLI,2023-07-13,2023,-0.2175957388189824,0.0275507392781716,True,True
XLI,2023-12-04,2023,0.6425711372694395,0.9732134581518186,True,True
XLI,2023-12-05,2023,-0.1437304075235104,-0.3964595242485641,True,True
XLI,2023-12-14,2023,0.2583200000000008,0.6311111111111055,True,True
XLI,2023-12-15,2023,-0.2823383525243556,0.0132860938883973,True,True
XLI,2023-12-18,2023,-0.2336395101171621,-0.2218672346467873,True,True
XLI,2024-02-02,2024,-0.2042768613074916,0.864100549882176,True,True
XLI,2024-02-05,2024,-0.0921473245309292,-0.165045170257121,True,True
XLI,2024-03-05,2024,-0.0296326731859694,-0.6081025556742501,True,True
XLI,2024-07-15,2024,-0.1719229225210737,0.4175030108390173,True,True
XLI,2024-07-17,2024,-0.1039277599310519,-0.8540311838909264,True,True
XLI,2024-07-18,2024,0.7006243085190389,-0.754702070491554,True,True
XLI,2024-09-19,2024,-0.173429915614958,0.1493540437607475,True,True
XLI,2024-09-20,2024,-0.2400661256387339,0.0826570483919335,True,True
XLI,2024-09-23,2024,-0.2999999999999945,0.2814047726249437,True,True
XLI,2024-10-14,2024,-0.2999999999999922,0.6105932509574589,True,True
XLI,2024-11-07,2024,-0.2578227455404518,-0.8531340337023251,True,True
XLI,2025-01-22,2025,-0.1939512125939695,-0.5318394553963977,True,True
XLI,2025-05-14,2025,-0.1375876478504243,-0.4391245838940467,True,True
XLI,2025-06-09,2025,-0.2794164200674504,-0.3647374578487379,True,True
XLI,2025-07-18,2025,-0.165774610888564,-0.5385171077691085,True,True
XLI,2025-07-24,2025,-0.3000000000000039,-0.0781402617698799,True,True
XLI,2026-01-06,2026,-0.0029760411440127,1.608755644756647,True,True
XLI,2026-01-07,2026,-0.2325066157917457,-2.1724413810080625,True,True
XLI,2026-01-08,2026,-0.1068553930758587,0.0812398450193697,True,True
XLI,2026-01-09,2026,0.4199900392205737,0.8217643030567099,True,True
XLI,2026-01-15,2026,-0.119121915820044,0.2721335268505011,True,True
XLI,2026-01-20,2026,0.0207149793639261,-0.7161932507890134,True,True
XLI,2026-01-22,2026,-0.0306376080691796,-0.6424111431316001,True,True
XLI,2026-02-04,2026,0.0460583598070418,-0.3353335686551319,True,True
XLI,2026-02-05,2026,-0.2407429420505301,0.0534918276374463,True,True
XLI,2026-02-06,2026,0.0462416857966979,1.913002531049503,True,True
XLI,2026-02-13,2026,0.3854015020219445,0.6296938186019662,True,True
XLI,2026-03-03,2026,-0.2235342574707535,-0.3351891830473829,True,True
XLI,2026-05-07,2026,-0.1426735798016277,-1.9274120829576125,True,True
XLI,2026-05-08,2026,-0.2032315158435685,-1.113331430202693,True,True
XLI,2026-06-18,2026,0.1654528478057928,-0.6535947712418289,True,True
XLI,2026-08-05,2026,-0.091601457819713,-0.1339907814342373,True,True
XLK,2021-11-03,2021,-0.2694153015522614,0.4417448923246818,True,True
XLK,2021-11-04,2021,0.7013696128560972,1.2052593133674152,True,True
XLK,2021-11-05,2021,0.0453535594839959,-0.2568084089823261,True,True
XLK,2021-11-08,2021,-0.0918207851091732,0.2207373821739676,True,True
XLK,2021-11-23,2021,-0.2291022222222165,0.160000000000006,True,True
XLK,2022-07-28,2022,0.2124866138359378,1.3850217748268707,True,True
XLK,2022-08-03,2022,0.3457343826171786,2.1519604429277828,True,True
XLK,2022-08-11,2022,-0.1997519774768726,-1.025606649684945,True,True
XLK,2022-11-11,2022,-0.0255543661110312,1.842789417342099,True,True
XLK,2022-12-14,2022,0.3340925898535773,-0.7543262830942244,True,True
XLK,2023-01-24,2023,-0.0760724713633254,0.5465299094108095,True,True
XLK,2023-02-02,2023,-0.0745937544156951,1.0315105270594942,True,True
XLK,2023-02-03,2023,0.1683416370106651,0.9039145907473384,True,True
XLK,2023-03-17,2023,0.2679727664304516,-0.3543142976240037,True,True
XLK,2023-03-20,2023,-0.1534747008188145,0.4408985933235523,True,True
XLK,2023-05-19,2023,-0.1291833238149553,-0.0761469636398277,True,True
XLK,2023-05-26,2023,1.9156934760956363,2.5771912350597703,True,True
XLK,2023-05-30,2023,-0.2403708133971193,-0.9210526315789426,True,True
XLK,2023-05-31,2023,0.6382247586667308,-0.261064901948884,True,True
XLK,2023-06-01,2023,-0.2330300439667775,1.331216414264782,True,True
XLK,2023-06-02,2023,0.1419696878931238,0.002995267477383,True,True
XLK,2023-06-14,2023,0.875693751833392,1.1440305074802095,True,True
XLK,2023-06-16,2023,-0.2943445459186419,-1.7471212207158568,True,True
XLK,2023-06-20,2023,0.3150023277467451,-0.1222067039106191,True,True
XLK,2023-07-13,2023,-0.0040360792373116,0.605126448592797,True,True
XLK,2023-07-19,2023,-0.1124176857949165,-0.5035692546068268,True,True
XLK,2023-07-20,2023,0.1213226239785101,-1.3825142729206308,True,True
XLK,2023-09-07,2023,-0.2070883569223564,0.3960626710932534,True,True
XLK,2023-12-12,2023,0.425429104477623,1.0607675906183416,True,True
XLK,2023-12-14,2023,0.033444816053508,-0.3501254180602089,True,True
XLK,2023-12-18,2023,-0.0653994980129796,0.3555741476678406,True,True
XLK,2024-01-19,2024,-0.0114400324972161,1.6604041840154415,True,True
XLK,2024-01-22,2024,0.2600845140442406,-0.0596569724086525,True,True
XLK,2024-01-25,2024,-0.1201589313572484,-0.4875195007800312,True,True
XLK,2024-03-05,2024,-0.2522235000958427,-1.499904159478625,True,True
XLK,2024-05-16,2024,-0.1058900799887503,-0.4104994018437287,True,True
XLK,2024-06-12,2024,1.410577679836302,1.2165231274313657,True,True
XLK,2024-06-13,2024,-0.0893012812045865,-0.1320829480913939,True,True
XLK,2024-06-14,2024,0.1753907284768287,0.5033112582781397,True,True
XLK,2024-06-18,2024,0.0533779987032651,0.0518694618543352,True,True
XLK,2024-06-21,2024,-0.2999999999999966,-0.3670366162719581,True,True
XLK,2024-10-15,2024,-0.0592713675213729,-2.2008547008547032,True,True
XLK,2024-10-16,2024,-0.2999999999999977,-0.0348735832606854,True,True
XLK,2024-11-08,2024,0.0447790148448021,0.0253036437246973,True,True
XLK,2024-12-05,2024,-0.1964693665628299,-0.3489096573208737,True,True
XLK,2025-05-13,2025,1.5629397864519383,1.7678977769998212,True,True
XLK,2025-05-14,2025,0.2695070814256843,0.196825125155098,True,True
XLK,2025-05-20,2025,-0.1502938779012444,0.2488309236775426,True,True
XLK,2025-06-06,2025,0.0596409546579419,-0.0167778197223237,True,True
XLK,2025-07-02,2025,1.3381800750978647,1.3381800750978647,False,True
XLK,2025-07-09,2025,0.3202177293934677,0.2410575427682754,True,True
XLK,2025-08-01,2025,-0.2654725257811069,-1.085116207480373,True,True
XLK,2025-08-15,2025,-0.3000000000000102,-0.6246026106145103,True,True
XLK,2025-09-11,2025,-0.1606363803568139,-0.3421004230274073,True,True
XLK,2025-09-12,2025,-0.2045581737849854,-0.2687776141384456,True,True
XLK,2026-01-29,2026,-0.2393060064935089,-0.6764069264069263,True,True
XLK,2026-05-13,2026,-0.2493822981892053,-0.2087211598127176,True,True
XLK,2026-05-18,2026,-0.1708985474608722,-1.82693390383966,True,True
XLK,2026-06-01,2026,-0.1600301580698713,1.7782861896838686,True,True
XLK,2026-06-02,2026,-0.1578180706936876,0.9473362534379064,True,True
XLV,2021-11-01,2021,0.1093997312229451,-0.2314469165297911,True,True
XLV,2021-11-02,2021,-0.136533015352511,0.2161275898047339,True,True
XLV,2021-11-03,2021,0.1677613941018727,0.7447125409591897,True,True
XLV,2021-11-04,2021,-0.1448881315750508,-0.4445102978218954,True,True
XLV,2021-12-17,2021,-0.1413453887884337,-0.2314647377938467,True,True
XLV,2021-12-20,2021,-0.0527678506309011,-0.4157246006855966,True,True
XLV,2022-04-08,2022,-0.0823297415310845,0.5845482076202436,True,True
XLV,2022-04-11,2022,-0.0269835697233372,-1.683752281982865,True,True
XLV,2022-04-12,2022,-0.0822364651962184,-0.7447722715554227,True,True
XLV,2022-07-29,2022,-0.0058106983430381,0.1740183097526051,True,True
XLV,2022-11-11,2022,-0.2851868360448763,-1.099472550330598,True,True
XLV,2022-12-01,2022,-0.0575597196395325,-0.2717780002860789,True,True
XLV,2022-12-02,2022,0.032285176061433,1.275177510505717,True,True
XLV,2022-12-14,2022,-0.1787798598197614,0.2002574738950087,True,True
XLV,2022-12-15,2022,-0.0486856319769526,-0.9434641699675924,True,True
XLV,2023-07-20,2023,0.1926405630006661,0.9994759302238588,True,True
XLV,2023-07-21,2023,0.918465298866762,0.911043626398058,True,True
XLV,2023-07-24,2023,0.1427370816206545,-0.2055196711685269,True,True
XLV,2023-07-25,2023,-0.1227949344590041,0.6146782196549008,True,True
XLV,2023-12-14,2023,-0.2780766693542458,-0.7769552151286391,True,True
XLV,2023-12-15,2023,-0.1075289575289649,-0.4232254232254182,True,True
XLV,2024-01-03,2024,-0.0923513358230412,-0.5027291008331061,True,True
XLV,2024-01-04,2024,-0.1636998129227192,0.1870772773061011,True,True
XLV,2024-01-05,2024,-0.1923481140224631,0.1655629139072978,True,True
XLV,2024-01-08,2024,-0.0349166427134163,0.8263868927852871,True,True
XLV,2024-01-11,2024,-0.1654520917678908,0.0284111087435332,True,True
XLV,2024-02-01,2024,-0.2361579509071683,1.1668445393098443,True,True
XLV,2024-02-05,2024,-0.1810596491228161,-0.0666666666666658,True,True
XLV,2024-02-07,2024,-0.1687612581405097,0.0069280864625127,True,True
XLV,2024-07-12,2024,0.3979337166046696,0.2975989178221155,True,True
XLV,2024-07-17,2024,0.0282469932137242,1.1624000537525967,True,True
XLV,2024-07-18,2024,-0.1533627490306179,-1.657975665195894,True,True
XLV,2024-07-26,2024,0.3285580147551974,0.5566733735747904,True,True
XLV,2024-08-02,2024,-0.0958451681088481,-0.35669462976418,True,True
XLV,2024-09-04,2024,-0.2109196502648526,-0.0446741974599484,True,True
XLV,2024-09-05,2024,-0.2426498785632098,-1.2527163492266444,True,True
XLV,2025-01-28,2025,-0.164850210112498,-0.6981157652162133,True,True
XLV,2025-02-04,2025,0.5067891921547143,0.8092168426827643,True,True
XLV,2025-02-26,2025,-0.2731103769132337,-0.3034185152720576,True,True
XLV,2025-03-05,2025,-0.1596279148590092,1.4438720173535762,True,True
XLV,2025-07-02,2025,-0.1424149972431426,-0.4815291306745092,True,True
XLV,2025-09-12,2025,-0.2283918695683261,-0.7972419737125513,True,True
XLV,2025-10-02,2025,0.2961660218079439,0.7105170594442426,True,True
XLV,2025-10-06,2025,-0.2724775707384471,-0.5521048999309947,True,True
XLV,2025-11-13,2025,1.3963371289409392,0.5495952083196074,True,True
XLV,2025-11-14,2025,-0.0019774660841687,-0.2299379167624703,True,True
XLV,2025-11-17,2025,0.3653693669882261,0.2643055372010081,True,True
XLV,2025-11-18,2025,-0.3000000000000043,0.5403624382207534,True,True
XLV,2025-11-19,2025,-0.0057646904511911,-0.1049317943336808,True,True
XLV,2025-11-20,2025,0.0988261525345741,-0.7213587776247772,True,True
XLV,2025-11-24,2025,0.0598813974474761,0.0580121180868914,True,True
XLV,2026-01-07,2026,0.0584521256465413,0.7001387662419665,True,True
XLV,2026-01-08,2026,0.514388941250387,-0.6346214263273763,True,True
XLV,2026-01-09,2026,0.0085517589843855,-0.6631718562496124,True,True
XLV,2026-03-03,2026,-0.0199795735988866,0.0765990042129481,True,True
XLV,2026-05-20,2026,-0.1040328046631263,-0.2711129185305718,True,True
XLV,2026-06-01,2026,-0.0583355776999844,-0.4645838944249917,True,True
XLV,2026-06-05,2026,0.2395162341896091,-0.247750684574257,True,True
XLV,2026-06-08,2026,-0.0951770690667244,-0.4500097828213827,True,True
XLV,2026-06-29,2026,-0.1138767890479108,0.024891101431251,True,True
XLV,2026-07-06,2026,-0.1469678308823444,-0.6893382352941178,True,True
XLV,2026-07-07,2026,0.032837632776938,-0.1547799696509836,True,True
XLV,2026-07-29,2026,-0.055447203110979,-0.5264732276398417,True,True
XLV,2026-08-20,2026,0.0720362822205696,-1.0103909524082846,True,True
XOM,2021-09-28,2021,-0.2002501250625272,-0.10005002501251,True,True
XOM,2021-09-29,2021,-0.26667780748664,0.0668449197860948,True,True
XOM,2021-10-01,2021,0.002070358525512,2.5921562026594955,True,True
XOM,2021-10-05,2021,-0.0926571748520168,-1.423772196448569,True,True
XOM,2022-01-04,2022,0.0420240137221259,2.7756120380477176,True,True
XOM,2022-01-05,2022,0.2097443609022647,0.36090225563909,True,True
XOM,2022-01-06,2022,0.1398529411764738,0.4558823529411798,True,True
XOM,2022-01-07,2022,-0.0846526561587811,0.5253940455341498,True,True
XOM,2022-01-12,2022,0.442774810233335,0.0140567894293015,True,True
XOM,2022-01-19,2022,-0.1512949152542421,-0.8406779661017012,True,True
XOM,2022-01-27,2022,0.2482377103484929,-0.4637604346097712,True,True
XOM,2022-02-02,2022,-0.1007494379215698,0.6994753934549116,True,True
XOM,2022-03-07,2022,-0.0651907677814333,2.567121997173802,True,True
XOM,2022-03-08,2022,0.0,0.0,False,True
XOM,2022-03-09,2022,0.1389979769130046,-1.4756634535284956,True,True
XOM,2022-03-10,2022,0.1628377574098247,1.6188548982264006,True,True
XOM,2022-04-22,2022,-0.1389337641357069,-1.7424417262866272,True,True
XOM,2022-05-05,2022,-0.2891677531508151,-1.8470230334637143,True,True
XOM,2022-05-06,2022,-0.1465816663002815,0.8023741481644204,True,True
XOM,2022-06-01,2022,0.0391156462584982,0.8658008658008692,True,True
XOM,2022-06-08,2022,-0.290366218958353,1.0725673978162136,True,True
XOM,2022-08-01,2022,-0.1948201287055714,-0.305939445089151,True,True
XOM,2022-08-24,2022,-0.2186205489235782,0.5713702683399531,True,True
XOM,2022-08-30,2022,-0.0364579097193976,-2.09434729564864,True,True
XOM,2022-10-06,2022,0.0342918106075977,3.6476325950010193,True,True
XOM,2022-10-07,2022,-0.0170662491437454,-1.0764262648008556,True,True
XOM,2022-10-31,2022,0.0004657534246496,1.2054794520547882,True,True
XOM,2022-11-01,2022,-0.1225505028032505,-0.3292693779478549,True,True
XOM,2023-01-27,2023,-0.1380247969217672,-1.1628901239846083,True,True
XOM,2023-02-13,2023,-0.2745922528032633,0.0934420659191296,True,True
XOM,2023-04-04,2023,-0.222846087704211,-1.0920034393809082,True,True
XOM,2023-05-01,2023,-0.2398310199155029,-1.1466505733252852,True,True
XOM,2023-09-01,2023,0.1887254901960739,1.176470588235288,True,True
XOM,2023-09-06,2023,0.1261059217483306,0.907648924920692,True,True
XOM,2023-09-13,2023,0.167038582744224,-0.8176475598330584,True,True
XOM,2023-09-18,2023,-0.0327873734365659,0.1021015910831315,True,True
XOM,2023-09-28,2023,0.0323887314552304,-0.4417402900483423,True,True
XOM,2024-03-15,2024,0.8512494361750174,0.3969327920613549,True,True
XOM,2024-03-18,2024,-0.0056892387512307,0.4293765095267821,True,True
XOM,2024-04-08,2024,-0.2176577469441624,-0.4418566237198518,True,True
XOM,2024-07-01,2024,-0.1707433016421838,-0.648228176318064,True,True
XOM,2024-10-02,2024,-0.2591158861641906,-0.3608627901254916,True,True
XOM,2025-01-21,2025,-0.2822043730477448,-0.4908522980812112,True,True
XOM,2025-01-22,2025,-0.2641366906474888,-1.501798561151081,True,True
XOM,2025-03-24,2025,-0.0672977178423219,0.0778008298755093,True,True
XOM,2025-06-12,2025,-0.2588092177745056,0.752846125596762,True,True
XOM,2025-06-16,2025,-0.2465033088892825,0.5902343051332595,True,True
XOM,2025-06-17,2025,-0.2650021939447226,0.0570425625274223,True,True
XOM,2025-06-23,2025,-0.2658269065981279,-4.284490145672665,True,True
XOM,2025-06-24,2025,0.0194050343249365,-0.7917620137299723,True,True
XOM,2025-11-10,2025,-0.2410832765667515,0.6726839237057274,True,True
XOM,2025-11-12,2025,-0.2665548473666468,-0.9141227775914031,True,True
XOM,2025-11-14,2025,-0.2368720979316158,0.7049387927395473,True,True
XOM,2025-11-17,2025,-0.1994368328149913,-1.075901487770027,True,True
XOM,2025-12-11,2025,0.4365964234740923,0.3694064310301383,True,True
XOM,2026-01-06,2026,-0.1727403270841577,-3.3745512564818427,True,True
XOM,2026-01-07,2026,-0.0336894824707784,-1.09348914858097,True,True
XOM,2026-01-14,2026,0.3263054574008718,2.277188849627017,True,True
XOM,2026-01-15,2026,-0.2305118872454175,0.0077441338186253,True,True
XOM,2026-01-30,2026,0.7276128009225682,2.0830330113881983,True,True
XOM,2026-02-02,2026,-0.043316884788681,-1.0512765500965449,True,True
XOM,2026-02-03,2026,0.3615983843046892,3.6569532602423696,True,True
XOM,2026-02-04,2026,0.1150851750338225,2.390452069527803,True,True
XOM,2026-02-05,2026,-0.2659912675672044,-0.4161550006822305,True,True
XOM,2026-02-13,2026,-0.0086150780471575,-1.414812354699451,True,True
XOM,2026-03-03,2026,-0.2266185421089883,-2.322588946792777,True,True
XOM,2026-03-13,2026,-0.2418470511989733,1.1860012961762696,True,True
XOM,2026-03-20,2026,0.5884468151866982,0.2510197678067183,True,True
XOM,2026-03-23,2026,-0.2999999999999996,3.205969958043746,True,True
XOM,2026-03-30,2026,0.153694095823309,-0.5709979420886265,True,True
XOM,2026-03-31,2026,-0.2480338217408935,-1.7490009845369678,True,True
XOM,2026-04-01,2026,0.8847682330940503,-3.004162393677998,True,True
XOM,2026-05-18,2026,0.0517369608746775,2.005530305438134,True,True
XOM,2026-05-20,2026,0.2675638883732293,-3.291875502753556,True,True
XOM,2026-08-11,2026,0.2526572922864918,0.0908208324199118,True,True
XOM,2026-08-19,2026,-0.0688585794718945,-0.7497064402493027,True,True
XYZ,2022-03-18,2022,0.0462625305864721,10.971663114689404,True,True
XYZ,2022-03-21,2022,-0.2640202093107233,-2.684951281125946,True,True
XYZ,2022-08-04,2022,0.4781133355955116,1.674018776156548,True,True
XYZ,2022-08-05,2022,0.7130902570233016,4.841601912731616,True,True
XYZ,2022-08-08,2022,0.7417262918796207,-2.884724588302092,True,True
XYZ,2022-08-09,2022,-0.1578759800427731,-3.658826324542661,True,True
XYZ,2022-11-08,2022,0.0155562589017263,-1.0128184839373329,True,True
XYZ,2022-11-09,2022,-0.1596820928884978,-5.174269393161685,True,True
XYZ,2022-11-11,2022,0.0216623137194639,10.109079735750496,True,True
XYZ,2022-11-14,2022,-0.0161565836298833,0.0996441281138692,True,True
XYZ,2022-12-14,2022,0.2190516392289345,0.2392007879555392,True,True
XYZ,2023-01-18,2023,0.5474963474565038,-4.2369504582282,True,True
XYZ,2023-01-24,2023,0.0233782435129842,0.7110778443113865,True,True
XYZ,2023-01-26,2023,0.072238949777184,-2.22811032157051,True,True
XYZ,2023-01-30,2023,1.062919565482717,-2.611985841572074,True,True
XYZ,2023-06-20,2023,-0.22434360297467,1.4114433146152567,True,True
XYZ,2023-07-06,2023,-0.3,-4.125853368952213,True,True
XYZ,2023-07-14,2023,-0.2869357269213134,-1.1072528336500018,True,True
XYZ,2023-11-07,2023,0.2716628105824372,2.705965194648424,True,True
XYZ,2023-11-08,2023,-0.2804356357927797,2.619701726844585,True,True
XYZ,2023-12-07,2023,0.2662566966982948,2.165769297904033,True,True
XYZ,2023-12-14,2023,1.1856410863509783,4.192200557103072,True,True
XYZ,2023-12-15,2023,-0.2067352666042912,-0.9087264466123114,True,True
XYZ,2024-02-26,2024,0.0343911248710097,-3.7603199174406505,True,True
XYZ,2024-02-27,2024,0.0019223173140338,2.3041474654377883,True,True
XYZ,2024-07-12,2024,0.8468220026544758,1.3419849579707956,True,True
XYZ,2024-07-15,2024,-0.3000000000000079,3.727154986328973,True,True
XYZ,2024-07-16,2024,0.3077583818232142,-0.1662510390690004,True,True
XYZ,2024-09-20,2024,0.2304737609329535,-1.661807580174928,True,True
XYZ,2024-09-23,2024,-0.1082124889020511,0.3403373779224681,True,True
XYZ,2024-10-11,2024,-0.2999999999999976,-0.3716409376786606,True,True
XYZ,2024-11-07,2024,-0.1977435897435916,-3.5641025641025657,True,True
XYZ,2024-11-08,2024,0.2131311726248498,3.783558213937959,True,True
XYZ,2024-11-12,2024,-0.1673239777401453,5.552746189208808,True,True
XYZ,2024-11-13,2024,0.878377752027803,-0.5677867902665062,True,True
XYZ,2024-11-14,2024,0.377357385498411,-2.213892468080122,True,True
XYZ,2024-11-19,2024,0.165318368707633,2.711412379153253,True,True
XYZ,2024-11-20,2024,-0.0074021739130451,-2.499999999999997,True,True
XYZ,2024-11-22,2024,-0.1277507828528324,-0.367130979375881,True,True
XYZ,2025-05-02,2025,0.0189520132377233,2.680639823496958,True,True
XYZ,2025-06-30,2025,-0.0624069109323775,1.1915400655346993,True,True
XYZ,2025-07-21,2025,0.0551202137132647,-0.6106093372344537,True,True
XYZ,2025-07-22,2025,0.3734769309202163,0.7264848330359513,True,True
XYZ,2025-07-23,2025,0.3870692895627121,-0.1378273399323386,True,True
XYZ,2026-01-06,2026,0.2379757911623322,2.08546011375238,True,True
XYZ,2026-03-03,2026,0.0152569169960483,-0.5375494071146298,True,True
XYZ,2026-05-11,2026,-0.299999999999993,-2.556931681981624,True,True
XYZ,2026-06-02,2026,-0.1693487092124319,-2.817455117284767,True,True
XYZ,2026-06-29,2026,0.2461969677665982,-0.6497643011848527,True,True
XYZ,2026-07-16,2026,0.1978321763487875,-0.7124588966021115,True,True
XYZ,2026-08-06,2026,-0.2999999999999944,-5.869047619047628,True,True
ZS,2021-11-08,2021,-0.1682572309499444,2.840992512112762,True,True
ZS,2021-11-09,2021,0.227558007923035,-0.2178834182229716,True,True
ZS,2021-11-10,2021,-0.2233076923076901,-3.2015390358055464,True,True
ZS,2021-11-11,2021,-0.1838096902951438,0.1107129330186742,True,True
ZS,2022-08-11,2022,-0.1998941655359524,-3.012211668928093,True,True
ZS,2022-08-12,2022,-0.0025089471950875,0.2305412229662902,True,True
ZS,2022-09-13,2022,0.089115164597939,-2.201834862385328,True,True
ZS,2022-09-14,2022,0.3230225291892655,0.3179301649947838,True,True
ZS,2023-02-03,2023,0.0634131075110295,-0.5964653902798249,True,True
ZS,2023-05-11,2023,-0.07098009188362,-1.8206567976858945,True,True
ZS,2023-06-05,2023,-0.2999999999999994,3.974719101123593,True,True
ZS,2023-07-20,2023,-0.2558905321704062,-6.5225635191505456,True,True
ZS,2023-09-01,2023,-0.2999999999999941,0.1864433559804177,True,True
ZS,2023-09-05,2023,-0.0791689830828257,2.402364631155287,True,True
ZS,2023-09-06,2023,-0.1433965820557906,-0.4335260115606922,True,True
ZS,2023-09-07,2023,-0.2426535438103199,2.850386655588936,True,True
ZS,2023-09-08,2023,0.0726870599962791,0.1619836770294806,True,True
ZS,2023-10-10,2023,0.130020679468236,1.5539143279172791,True,True
ZS,2023-11-15,2023,0.1245488901900129,-1.7245967956565758,True,True
ZS,2023-11-30,2023,-0.1161341773413767,-1.5152270348402492,True,True
ZS,2023-12-01,2023,0.2541967759866713,0.0606397493557049,True,True
ZS,2024-01-23,2024,-0.0763204271812666,-0.0329869701467971,True,True
ZS,2024-01-24,2024,-0.300000000000006,-1.614744739846684,True,True
ZS,2024-02-12,2024,0.0650040551181138,-0.055118110236215,True,True
ZS,2024-07-02,2024,0.0430971659919037,-0.4706477732793557,True,True
ZS,2024-07-16,2024,1.4477369515697636,0.544716252352181,True,True
ZS,2024-08-19,2024,-0.0445574534161475,1.2370600414078754,True,True
ZS,2024-10-10,2024,-0.0904672091394065,5.340302850676293,True,True
ZS,2024-10-11,2024,0.087917882557721,1.4897865151282428,True,True
ZS,2024-10-14,2024,-0.2499749121926729,-1.2945308580030168,True,True
ZS,2024-11-08,2024,-0.2999999999999936,-0.4678362573099496,True,True
ZS,2024-11-12,2024,0.4726750000000095,4.512500000000003,True,True
ZS,2024-11-13,2024,-0.0528059886520745,0.1120488246793561,True,True
ZS,2024-11-14,2024,-0.2999999999999975,-0.6147248034310184,True,True
ZS,2024-11-25,2024,-0.1463718714979432,-1.7043332088158412,True,True
ZS,2025-01-28,2025,0.7017317721915167,6.7487222280171055,True,True
ZS,2025-01-29,2025,-0.2364251729043014,-1.137980085348503,True,True
ZS,2025-02-14,2025,0.0863799785217361,-0.6910398281738758,True,True
ZS,2025-02-18,2025,-0.1387109631435827,1.6974585013598449,True,True
ZS,2025-02-19,2025,0.2199236392419662,-0.0139684313451604,True,True
ZS,2025-05-14,2025,0.2102980918843639,0.0655146998607798,True,True
ZS,2025-05-16,2025,-0.0296681505463343,1.7806556050182136,True,True
ZS,2025-05-19,2025,-0.219752092723751,1.6178364455891865,True,True
ZS,2025-06-02,2025,1.141688959583545,5.986551948521438,True,True
ZS,2025-06-03,2025,-0.2659610788665061,0.744281324684195,True,True
ZS,2025-06-04,2025,0.0914038175172432,0.4331934479490905,True,True
ZS,2025-10-02,2025,-0.1370915032679829,0.5816993464052198,True,True
ZS,2025-10-09,2025,-0.1548577004911412,0.855876753747464,True,True
ZS,2025-11-03,2025,0.634696892050747,1.3715973834142086,True,True
ZS,2026-05-08,2026,0.8082228471943174,1.881612428016608,True,True
ZS,2026-05-11,2026,0.0174948583560102,-1.23399455980892,True,True
ZS,2026-05-14,2026,0.02475570032574,0.1758957654723193,True,True
ZS,2026-05-15,2026,0.4979063960560879,3.111594852423339,True,True
ZS,2026-05-18,2026,-0.1474228697355462,6.923359451518103,True,True
ZS,2026-05-19,2026,0.2523094583216289,-1.6110019646365448,True,True
ZS,2026-05-20,2026,1.1711288888888904,3.374814814814811,True,True
ZS,2026-05-26,2026,0.7026059688581201,-0.2000432525951581,True,True
ZS,2026-05-27,2026,0.7116285860281614,-7.6939922622089245,True,True
ZS,2026-08-11,2026,0.0410490307867746,1.7445838084378575,True,True
