rank,indicators,n_indicators,n_trades,win_rate_pct,avg_return_pct,median_return_pct,std_return_pct
1,MACD_bull & BB_pctB_0.8-1.0 & ADX_gt25 & Stoch_bull & VolRatio_gt1.2 & EMA9_gt_EMA21,6,21,42.857142857142854,0.44890682437695145,-0.43389665837844665,3.299840031765056
2,RSI_50_70 & MACD_bull & BB_pctB_0.8-1.0 & ADX_gt25 & Stoch_bull & VolRatio_gt1.2 & EMA9_gt_EMA21,7,21,42.857142857142854,0.44890682437695145,-0.43389665837844665,3.299840031765056
3,MACD_bull & BB_pctB_0.8-1.0 & ADX_gt25 & Stoch_bull & VolRatio_gt1.2 & WilliamsR_gt-50 & EMA9_gt_EMA21,7,21,42.857142857142854,0.44890682437695145,-0.43389665837844665,3.299840031765056
4,MACD_bull & BB_pctB_0.8-1.0 & ADX_gt25 & Stoch_bull & VolRatio_gt1.2 & EMA9_gt_EMA21 & ROC10_pos,7,21,42.857142857142854,0.44890682437695145,-0.43389665837844665,3.299840031765056
5,RSI_50_70 & MACD_bull & BB_pctB_0.8-1.0 & ADX_gt25 & Stoch_bull & VolRatio_gt1.2 & WilliamsR_gt-50 & EMA9_gt_EMA21,8,21,42.857142857142854,0.44890682437695145,-0.43389665837844665,3.299840031765056
6,RSI_50_70 & MACD_bull & BB_pctB_0.8-1.0 & ADX_gt25 & Stoch_bull & VolRatio_gt1.2 & EMA9_gt_EMA21 & ROC10_pos,8,21,42.857142857142854,0.44890682437695145,-0.43389665837844665,3.299840031765056
7,MACD_bull & BB_pctB_0.8-1.0 & ADX_gt25 & Stoch_bull & VolRatio_gt1.2 & WilliamsR_gt-50 & EMA9_gt_EMA21 & ROC10_pos,8,21,42.857142857142854,0.44890682437695145,-0.43389665837844665,3.299840031765056
8,RSI_50_70 & MACD_bull & BB_pctB_0.8-1.0 & ADX_gt25 & Stoch_bull & VolRatio_gt1.2 & WilliamsR_gt-50 & EMA9_gt_EMA21 & ROC10_pos,9,21,42.857142857142854,0.44890682437695145,-0.43389665837844665,3.299840031765056
9,RSI_50_70 & ADX_gt25 & Stoch_bull & VolRatio_gt1.2 & EMA9_gt_EMA21,5,107,46.728971962616825,0.2780694414756765,-0.060609718040724576,2.4503913372411485
10,RSI_50_70 & ADX_gt25 & Stoch_bull & VolRatio_gt1.2 & WilliamsR_gt-50 & EMA9_gt_EMA21,6,85,44.70588235294118,0.27163698778909134,-0.29632263501430656,2.6661292393710196
11,ADX_gt25 & Stoch_bull & VolRatio_gt1.2 & EMA9_gt_EMA21,4,120,45.83333333333333,0.24493167220770343,-0.12808887363388793,2.405926278486871
12,ADX_gt25 & Stoch_bull & VolRatio_gt1.2 & WilliamsR_gt-50 & EMA9_gt_EMA21,5,88,44.31818181818182,0.2409895542786379,-0.3061741039759909,2.646159084082527
13,RSI_50_70 & ADX_gt25 & Stoch_bull & VolRatio_gt1.2 & WilliamsR_gt-50,5,99,44.44444444444444,0.20917661155388942,-0.31602557293767525,2.6434562614862505
14,RSI_50_70 & ADX_gt25 & Stoch_bull & VolRatio_gt1.2,4,127,45.66929133858268,0.17422474962137602,-0.12271248191559907,2.423602628079224
15,RSI_50_70 & ADX_gt25 & VolRatio_gt1.2 & WilliamsR_gt-50 & EMA9_gt_EMA21,5,486,51.23456790123457,0.169143589927255,0.06406299525009197,2.598749045717754
16,RSI_50_70 & ADX_gt25 & VolRatio_gt1.2 & WilliamsR_gt-50 & EMA9_gt_EMA21 & ROC10_pos,6,456,51.75438596491229,0.15788495130975538,0.09260744092494347,2.591251656858697
17,ADX_gt25 & VolRatio_gt1.2 & WilliamsR_gt-50 & EMA9_gt_EMA21,4,968,50.92975206611571,0.15238790411505226,0.05635312205045456,2.559921601227593
18,BB_pctB_0.8-1.0 & ADX_gt25 & VolRatio_gt1.2 & EMA9_gt_EMA21 & ROC10_pos,5,456,52.19298245614035,0.14931960668368954,0.08254825832962512,2.3335721087105026
19,BB_pctB_0.8-1.0 & ADX_gt25 & VolRatio_gt1.2 & WilliamsR_gt-50 & EMA9_gt_EMA21 & ROC10_pos,6,456,52.19298245614035,0.14931960668368954,0.08254825832962512,2.3335721087105026
20,MACD_bull & BB_pctB_0.8-1.0 & ADX_gt25 & VolRatio_gt1.2 & EMA9_gt_EMA21 & ROC10_pos,6,404,52.475247524752476,0.1479683883648115,0.09307909269027463,2.348953771472809
21,MACD_bull & BB_pctB_0.8-1.0 & ADX_gt25 & VolRatio_gt1.2 & WilliamsR_gt-50 & EMA9_gt_EMA21 & ROC10_pos,7,404,52.475247524752476,0.1479683883648115,0.09307909269027463,2.348953771472809
22,ADX_gt25 & VolRatio_gt1.2 & WilliamsR_gt-50 & EMA9_gt_EMA21 & ROC10_pos,5,938,51.1727078891258,0.1463787252409095,0.062359341418250114,2.5549381906148323
23,BB_pctB_0.8-1.0 & ADX_gt25 & VolRatio_gt1.2 & EMA9_gt_EMA21,4,457,52.078774617067836,0.14513163433264623,0.07734634372797772,2.3327324617822685
24,BB_pctB_0.8-1.0 & ADX_gt25 & VolRatio_gt1.2 & WilliamsR_gt-50 & EMA9_gt_EMA21,5,457,52.078774617067836,0.14513163433264623,0.07734634372797772,2.3327324617822685
25,VolRatio_gt1.2 & CCI_gt100 & WilliamsR_gt-50 & EMA9_gt_EMA21,4,1661,51.414810355207706,0.14394150924623886,0.05843280594279264,2.4614216531972817
26,MACD_bull & BB_pctB_0.8-1.0 & ADX_gt25 & VolRatio_gt1.2 & EMA9_gt_EMA21,5,405,52.345679012345684,0.1432460373867673,0.08775017293127252,2.3479713794382047
27,MACD_bull & BB_pctB_0.8-1.0 & ADX_gt25 & VolRatio_gt1.2 & WilliamsR_gt-50 & EMA9_gt_EMA21,6,405,52.345679012345684,0.1432460373867673,0.08775017293127252,2.3479713794382047
28,VolRatio_gt1.2 & CCI_gt100 & WilliamsR_gt-50 & EMA9_gt_EMA21 & ROC10_pos,5,1654,51.39056831922611,0.14270284472727213,0.057619630855217874,2.4645142456825475
29,MACD_bull & BB_pctB_0.8-1.0 & ADX_gt25 & Stoch_bull & VolRatio_gt1.2 & CCI_gt100 & EMA9_gt_EMA21,7,19,36.84210526315789,0.14211987349422361,-1.017411817624981,3.213327168019767
30,RSI_50_70 & MACD_bull & BB_pctB_0.8-1.0 & ADX_gt25 & Stoch_bull & VolRatio_gt1.2 & CCI_gt100 & EMA9_gt_EMA21,8,19,36.84210526315789,0.14211987349422361,-1.017411817624981,3.213327168019767
31,MACD_bull & BB_pctB_0.8-1.0 & ADX_gt25 & Stoch_bull & VolRatio_gt1.2 & CCI_gt100 & WilliamsR_gt-50 & EMA9_gt_EMA21,8,19,36.84210526315789,0.14211987349422361,-1.017411817624981,3.213327168019767
32,MACD_bull & BB_pctB_0.8-1.0 & ADX_gt25 & Stoch_bull & VolRatio_gt1.2 & CCI_gt100 & EMA9_gt_EMA21 & ROC10_pos,8,19,36.84210526315789,0.14211987349422361,-1.017411817624981,3.213327168019767
33,RSI_50_70 & MACD_bull & BB_pctB_0.8-1.0 & ADX_gt25 & Stoch_bull & VolRatio_gt1.2 & CCI_gt100 & WilliamsR_gt-50 & EMA9_gt_EMA21,9,19,36.84210526315789,0.14211987349422361,-1.017411817624981,3.213327168019767
34,RSI_50_70 & MACD_bull & BB_pctB_0.8-1.0 & ADX_gt25 & Stoch_bull & VolRatio_gt1.2 & CCI_gt100 & EMA9_gt_EMA21 & ROC10_pos,9,19,36.84210526315789,0.14211987349422361,-1.017411817624981,3.213327168019767
35,MACD_bull & BB_pctB_0.8-1.0 & ADX_gt25 & Stoch_bull & VolRatio_gt1.2 & CCI_gt100 & WilliamsR_gt-50 & EMA9_gt_EMA21 & ROC10_pos,9,19,36.84210526315789,0.14211987349422361,-1.017411817624981,3.213327168019767
36,RSI_50_70 & MACD_bull & BB_pctB_0.8-1.0 & ADX_gt25 & Stoch_bull & VolRatio_gt1.2 & CCI_gt100 & WilliamsR_gt-50 & EMA9_gt_EMA21 & ROC10_pos,10,19,36.84210526315789,0.14211987349422361,-1.017411817624981,3.213327168019767
37,VolRatio_gt1.2 & CCI_gt100 & EMA9_gt_EMA21,3,1673,51.34488942020323,0.14161476231044834,0.0568064557676431,2.4574223110534743
38,VolRatio_gt1.2 & CCI_gt100 & EMA9_gt_EMA21 & ROC10_pos,4,1664,51.32211538461539,0.14030346174420044,0.05635312205045456,2.4619274866392367
39,RSI_50_70 & ADX_gt25 & VolRatio_gt1.2 & CCI_gt100 & WilliamsR_gt-50 & EMA9_gt_EMA21,6,300,51.66666666666667,0.1398794987307114,0.05635312205045456,2.4406468217805335
40,RSI_50_70 & ADX_gt25 & VolRatio_gt1.2 & CCI_gt100 & WilliamsR_gt-50 & EMA9_gt_EMA21 & ROC10_pos,7,300,51.66666666666667,0.1398794987307114,0.05635312205045456,2.4406468217805335
41,RSI_50_70 & MACD_bull & ADX_gt25 & Stoch_bull & VolRatio_gt1.2 & WilliamsR_gt-50,6,45,44.44444444444444,0.138044248727233,-0.31602557293767525,2.7625839355644857
42,VolRatio_gt1.2 & WilliamsR_gt-50 & EMA9_gt_EMA21,3,2346,51.449275362318836,0.13651028751243396,0.06010894363380237,2.435161227178708
43,RSI_50_70 & MACD_bull & ADX_gt25 & Stoch_bull & VolRatio_gt1.2 & WilliamsR_gt-50 & EMA9_gt_EMA21,7,35,42.857142857142854,0.13634840795375855,-0.31602557293767525,2.7589508669479352
44,RSI_50_70 & ADX_gt25 & VolRatio_gt1.2 & WilliamsR_gt-50,4,547,50.09140767824497,0.13491225561738926,0.006892763335129311,2.612988463854734
45,ADX_gt25 & VolRatio_gt1.2 & CCI_gt100 & WilliamsR_gt-50 & EMA9_gt_EMA21,5,755,50.86092715231788,0.13327720819081246,0.05016527112814201,2.5175895770994945
46,ADX_gt25 & VolRatio_gt1.2 & CCI_gt100 & WilliamsR_gt-50 & EMA9_gt_EMA21 & ROC10_pos,6,755,50.86092715231788,0.13327720819081246,0.05016527112814201,2.5175895770994945
47,ADX_gt25 & VolRatio_gt1.2 & WilliamsR_gt-50 & ROC10_pos,4,1029,50.534499514091344,0.13308257659115524,0.04754521527548822,2.556512982205046
48,MACD_bull & VolRatio_gt1.2 & CCI_gt100 & WilliamsR_gt-50 & EMA9_gt_EMA21,5,1557,51.18818240205524,0.13090774662329224,0.05843280594279264,2.485233499238784
49,RSI_50_70 & ADX_gt25 & VolRatio_gt1.2 & CCI_gt100 & WilliamsR_gt-50,5,329,51.671732522796354,0.13023089339318272,0.0568064557676431,2.4756697148053286
50,RSI_50_70 & ADX_gt25 & VolRatio_gt1.2 & CCI_gt100 & WilliamsR_gt-50 & ROC10_pos,6,329,51.671732522796354,0.13023089339318272,0.0568064557676431,2.4756697148053286
51,MACD_bull & VolRatio_gt1.2 & CCI_gt100 & WilliamsR_gt-50 & EMA9_gt_EMA21 & ROC10_pos,6,1552,51.15979381443299,0.13007838103285113,0.057619630855217874,2.4872864030856694
52,MACD_bull & BB_pctB_0.8-1.0 & ADX_gt25 & VolRatio_gt1.2 & CCI_gt100 & EMA9_gt_EMA21,6,379,51.97889182058047,0.1297680758706422,0.07328201187763043,2.36875458452807
53,MACD_bull & BB_pctB_0.8-1.0 & ADX_gt25 & VolRatio_gt1.2 & CCI_gt100 & WilliamsR_gt-50 & EMA9_gt_EMA21,7,379,51.97889182058047,0.1297680758706422,0.07328201187763043,2.36875458452807
54,MACD_bull & BB_pctB_0.8-1.0 & ADX_gt25 & VolRatio_gt1.2 & CCI_gt100 & EMA9_gt_EMA21 & ROC10_pos,7,379,51.97889182058047,0.1297680758706422,0.07328201187763043,2.36875458452807
55,MACD_bull & BB_pctB_0.8-1.0 & ADX_gt25 & VolRatio_gt1.2 & CCI_gt100 & WilliamsR_gt-50 & EMA9_gt_EMA21 & ROC10_pos,8,379,51.97889182058047,0.1297680758706422,0.07328201187763043,2.36875458452807
56,MACD_bull & VolRatio_gt1.2 & CCI_gt100 & EMA9_gt_EMA21,4,1566,51.213282247765,0.12971189864427346,0.06010894363380237,2.4830083789982225
57,ADX_gt25 & VolRatio_gt1.2 & CCI_gt100 & EMA9_gt_EMA21 & ROC10_pos,5,759,50.72463768115942,0.12865930408898893,0.04754521527548822,2.5142069857991007
58,MACD_bull & VolRatio_gt1.2 & CCI_gt100 & EMA9_gt_EMA21 & ROC10_pos,5,1560,51.153846153846146,0.12861492620794604,0.057619630855217874,2.4858174718784127
59,ADX_gt25 & VolRatio_gt1.2 & WilliamsR_gt-50,3,1102,50.0,0.12859830739754258,0.0034463816675646556,2.5595260456501063
60,ADX_gt25 & VolRatio_gt1.2 & CCI_gt100 & WilliamsR_gt-50,4,787,50.82592121982211,0.12850932151130215,0.05016527112814201,2.5253546883010936
61,ADX_gt25 & VolRatio_gt1.2 & CCI_gt100 & WilliamsR_gt-50 & ROC10_pos,5,787,50.82592121982211,0.12850932151130215,0.05016527112814201,2.5253546883010936
62,ADX_gt25 & VolRatio_gt1.2 & CCI_gt100 & EMA9_gt_EMA21,4,760,50.6578947368421,0.1282957537689779,0.04278805302576222,2.5125723207079305
63,RSI_50_70 & ADX_gt25 & VolRatio_gt1.2 & CCI_gt100 & EMA9_gt_EMA21 & ROC10_pos,6,304,51.31578947368421,0.12826305670622568,0.05566191411125337,2.432971943554241
64,VolRatio_gt1.2 & WilliamsR_gt-50 & EMA9_gt_EMA21 & ROC10_pos,4,2219,51.64488508337088,0.12810365633933762,0.06729201001507738,2.4404531159848077
65,VolRatio_gt1.2 & EMA9_gt_EMA21,2,3079,52.12731406300747,0.1277710926498666,0.08390851411309941,2.41179969738938
66,RSI_50_70 & ADX_gt25 & VolRatio_gt1.2 & CCI_gt100 & EMA9_gt_EMA21,5,305,51.147540983606554,0.1273584599986007,0.05542403988924072,2.42903139683721
67,VolRatio_gt1.2 & WilliamsR_gt-50,2,2830,50.70671378091873,0.12433681412979826,0.03856476160347335,2.441053533650785
68,ADX_gt25 & VolRatio_gt1.2 & CCI_gt100 & ROC10_pos,4,791,50.695322376738304,0.12410234595306445,0.04754521527548822,2.5220716160374144
69,ADX_gt25 & VolRatio_gt1.2 & CCI_gt100,3,793,50.56746532156369,0.12278664082494445,0.03803089077603621,2.519056359438536
70,RSI_50_70 & ADX_gt25 & VolRatio_gt1.2 & WilliamsR_gt-50 & ROC10_pos,5,512,50.5859375,0.12261467913905884,0.05279465550869136,2.6086762977005113
71,RSI_50_70 & ADX_gt25 & Stoch_bull & WilliamsR_gt-50 & EMA9_gt_EMA21,5,584,50.85616438356164,0.12076613237286822,0.04140179603165338,1.947057916281368
72,RSI_50_70 & ADX_gt25 & VolRatio_gt1.2 & CCI_gt100 & ROC10_pos,5,333,51.35135135135135,0.11974199263013909,0.05589978833326602,2.4683060842531503
73,BB_pctB_0.8-1.0 & ADX_gt25 & VolRatio_gt1.2 & CCI_gt100 & EMA9_gt_EMA21,5,424,51.65094339622641,0.11846137934010163,0.06487617033766674,2.345644857993691
74,BB_pctB_0.8-1.0 & ADX_gt25 & VolRatio_gt1.2 & CCI_gt100 & WilliamsR_gt-50 & EMA9_gt_EMA21,6,424,51.65094339622641,0.11846137934010163,0.06487617033766674,2.345644857993691
75,BB_pctB_0.8-1.0 & ADX_gt25 & VolRatio_gt1.2 & CCI_gt100 & EMA9_gt_EMA21 & ROC10_pos,6,424,51.65094339622641,0.11846137934010163,0.06487617033766674,2.345644857993691
76,BB_pctB_0.8-1.0 & ADX_gt25 & VolRatio_gt1.2 & CCI_gt100 & WilliamsR_gt-50 & EMA9_gt_EMA21 & ROC10_pos,7,424,51.65094339622641,0.11846137934010163,0.06487617033766674,2.345644857993691
77,ADX_gt25 & VolRatio_gt1.2 & EMA9_gt_EMA21 & ROC10_pos,4,1005,50.84577114427861,0.11809224240845953,0.05589978833326602,2.60428232374125
78,RSI_50_70 & ADX_gt25 & VolRatio_gt1.2 & CCI_gt100,4,335,51.04477611940299,0.1166535345407262,0.05542403988924072,2.461325394557564
79,VolRatio_gt1.2 & WilliamsR_gt-50 & ROC10_pos,3,2561,50.9957048028114,0.1164826230591291,0.04678671567877109,2.4567667465116254
80,BB_pctB_0.8-1.0 & ADX_gt25 & VolRatio_gt1.2 & WilliamsR_gt-50 & ROC10_pos,5,472,51.483050847457626,0.11604518496435932,0.06487617033766674,2.3516162324417698
81,ADX_gt25 & VolRatio_gt1.2 & EMA9_gt_EMA21,3,1212,50.9075907590759,0.11560471661748867,0.05845307886941039,2.566420455044124
82,MACD_bull & VolRatio_gt1.2 & WilliamsR_gt-50 & EMA9_gt_EMA21 & ROC10_pos,5,1944,51.18312757201646,0.11487194995743256,0.057619630855217874,2.4858502227497707
83,VolRatio_gt1.2 & EMA9_gt_EMA21 & ROC10_pos,3,2426,51.44270403957131,0.11434756941324982,0.05579405016528281,2.4545212499675872
84,MACD_bull & VolRatio_gt1.2 & WilliamsR_gt-50 & EMA9_gt_EMA21,4,1991,51.18031140130588,0.11430960363735612,0.0568064557676431,2.477369872488453
85,VolRatio_gt1.2 & CCI_gt100 & WilliamsR_gt-50,3,1757,50.76835515082527,0.11238563070668073,0.041676546120896114,2.4852142863712325
86,BB_pctB_0.8-1.0 & ADX_gt25 & VolRatio_gt1.2 & WilliamsR_gt-50,4,473,51.37420718816068,0.11206922525461845,0.05843280594279264,2.350716669509213
87,VolRatio_gt1.2 & CCI_gt100 & WilliamsR_gt-50 & ROC10_pos,4,1749,50.77186963979416,0.11165363676093018,0.041676546120896114,2.4887872940431754
88,BB_pctB_0.8-1.0 & ADX_gt25 & VolRatio_gt1.2 & ROC10_pos,4,473,51.37420718816068,0.11126637530356268,0.05843280594279264,2.3514222160080713
89,MACD_bull & BB_pctB_0.8-1.0 & ADX_gt25 & VolRatio_gt1.2 & WilliamsR_gt-50 & ROC10_pos,6,420,51.66666666666667,0.11062575132095012,0.07230077330508564,2.368458530109192
90,ADX_gt25 & Stoch_bull & WilliamsR_gt-50 & EMA9_gt_EMA21,4,601,50.582362728785355,0.11056279042484717,0.02698637463956061,1.942245736063218
91,RSI_50_70 & VolRatio_gt1.2 & WilliamsR_gt-50 & EMA9_gt_EMA21,4,1637,50.88576664630422,0.11025140629856545,0.041676546120896114,2.384660521446659
92,VolRatio_gt1.2 & CCI_gt100,2,1771,50.70581592320723,0.11021759470742555,0.03953122982235013,2.4799667510423267
93,RSI_50_70 & ADX_gt25 & Stoch_bull & WilliamsR_gt-50,4,631,51.188589540412046,0.11006302451009156,0.04941342215560887,1.930513286569
94,ADX_gt25 & Stoch_bull & WilliamsR_gt-50,3,1084,50.0,0.11003823192483932,0.0018992061202612058,1.9301743200470753
95,MACD_bull & VolRatio_gt1.2 & EMA9_gt_EMA21,3,2153,51.18439386901997,0.11003149715646565,0.05589978833326602,2.461554815936042
96,VolRatio_gt1.2 & CCI_gt100 & ROC10_pos,3,1760,50.73863636363637,0.10980871192143024,0.04060388797162312,2.4855151290847903
97,MACD_bull & ADX_gt25 & VolRatio_gt1.2 & WilliamsR_gt-50 & EMA9_gt_EMA21 & ROC10_pos,6,812,50.73891625615764,0.10934527038445771,0.05279465550869136,2.5954031733167535
98,BB_pctB_0.8-1.0 & VolRatio_gt1.2 & EMA9_gt_EMA21 & ROC10_pos,4,846,52.4822695035461,0.10881121882707495,0.08771806104827504,2.2966775027580013
99,BB_pctB_0.8-1.0 & VolRatio_gt1.2 & WilliamsR_gt-50 & EMA9_gt_EMA21 & ROC10_pos,5,846,52.4822695035461,0.10881121882707495,0.08771806104827504,2.2966775027580013
100,MACD_bull & ADX_gt25 & VolRatio_gt1.2 & CCI_gt100 & WilliamsR_gt-50 & EMA9_gt_EMA21,6,690,50.43478260869565,0.10787928777936659,0.03644959597279204,2.5431604850064358
101,MACD_bull & ADX_gt25 & VolRatio_gt1.2 & CCI_gt100 & WilliamsR_gt-50 & EMA9_gt_EMA21 & ROC10_pos,7,690,50.43478260869565,0.10787928777936659,0.03644959597279204,2.5431604850064358
102,BB_pctB_0.8-1.0 & ADX_gt25 & VolRatio_gt1.2,3,474,51.26582278481012,0.10730888557139678,0.057619630855217874,2.350516854557937
103,BB_pctB_0.8-1.0 & VolRatio_gt1.2 & EMA9_gt_EMA21,3,854,52.341920374707264,0.1070083702163982,0.08251614644662764,2.2881045599276613
104,BB_pctB_0.8-1.0 & VolRatio_gt1.2 & WilliamsR_gt-50 & EMA9_gt_EMA21,4,854,52.341920374707264,0.1070083702163982,0.08251614644662764,2.2881045599276613
105,RSI_50_70 & ADX_gt25 & VolRatio_gt1.2 & EMA9_gt_EMA21 & ROC10_pos,5,517,50.870406189555126,0.10620556431870168,0.05589978833326602,2.6757045234493204
106,MACD_bull & BB_pctB_0.8-1.0 & ADX_gt25 & VolRatio_gt1.2 & WilliamsR_gt-50,5,421,51.543942992874115,0.10617157196450346,0.07131953473254085,2.367404492902423
107,MACD_bull & BB_pctB_0.8-1.0 & VolRatio_gt1.2 & CCI_gt100 & EMA9_gt_EMA21,5,698,52.00573065902579,0.10561269644261963,0.07531417780280408,2.3454633523264365
108,MACD_bull & BB_pctB_0.8-1.0 & VolRatio_gt1.2 & CCI_gt100 & WilliamsR_gt-50 & EMA9_gt_EMA21,6,698,52.00573065902579,0.10561269644261963,0.07531417780280408,2.3454633523264365
109,MACD_bull & ADX_gt25 & VolRatio_gt1.2 & WilliamsR_gt-50 & EMA9_gt_EMA21,5,816,50.73529411764706,0.10555736274140536,0.05279465550869136,2.5924009946940485
110,MACD_bull & BB_pctB_0.8-1.0 & ADX_gt25 & VolRatio_gt1.2 & ROC10_pos,5,421,51.543942992874115,0.10526955764894676,0.07131953473254085,2.3681893196528603
111,MACD_bull & ADX_gt25 & VolRatio_gt1.2 & CCI_gt100 & EMA9_gt_EMA21,5,692,50.433526011560694,0.10518498633701101,0.03644959597279204,2.542609460301908
112,MACD_bull & ADX_gt25 & VolRatio_gt1.2 & CCI_gt100 & EMA9_gt_EMA21 & ROC10_pos,6,692,50.433526011560694,0.10518498633701101,0.03644959597279204,2.542609460301908
113,RSI_50_70 & VolRatio_gt1.2 & CCI_gt100 & WilliamsR_gt-50 & EMA9_gt_EMA21,5,1002,50.399201596806385,0.1051136613957128,0.03222989521222465,2.373509025825002
114,ADX_gt25 & VolRatio_gt1.2 & ROC10_pos,3,1119,50.22341376228776,0.1046643604885138,0.028679521734693857,2.627903259864171
115,MACD_bull & ADX_gt25 & VolRatio_gt1.2 & CCI_gt100 & WilliamsR_gt-50,5,722,50.41551246537396,0.10380782882700043,0.03644959597279204,2.5503699611116533
116,MACD_bull & ADX_gt25 & VolRatio_gt1.2 & CCI_gt100 & WilliamsR_gt-50 & ROC10_pos,6,722,50.41551246537396,0.10380782882700043,0.03644959597279204,2.5503699611116533
117,RSI_50_70 & VolRatio_gt1.2 & CCI_gt100 & WilliamsR_gt-50 & EMA9_gt_EMA21 & ROC10_pos,6,995,50.35175879396985,0.10278145431096437,0.0320799726209132,2.378172596935908
118,MACD_bull & BB_pctB_0.8-1.0 & VolRatio_gt1.2 & CCI_gt100 & EMA9_gt_EMA21 & ROC10_pos,6,697,51.93687230989957,0.10275162737264516,0.07328201187763043,2.345927830885605
119,MACD_bull & BB_pctB_0.8-1.0 & VolRatio_gt1.2 & CCI_gt100 & WilliamsR_gt-50 & EMA9_gt_EMA21 & ROC10_pos,7,697,51.93687230989957,0.10275162737264516,0.07328201187763043,2.345927830885605
120,MACD_bull & VolRatio_gt1.2 & EMA9_gt_EMA21 & ROC10_pos,4,2053,50.94982951777885,0.10191367543855126,0.04847895730294743,2.4793054093785836
121,RSI_50_70 & VolRatio_gt1.2 & CCI_gt100 & EMA9_gt_EMA21,4,1013,50.24679170779862,0.1017270518887425,0.026627710209248295,2.3688328945399544
122,MACD_bull & ADX_gt25 & VolRatio_gt1.2 & CCI_gt100 & ROC10_pos,5,724,50.41436464088398,0.10124385965544613,0.03644959597279204,2.5498208594607523
123,MACD_bull & BB_pctB_0.8-1.0 & ADX_gt25 & VolRatio_gt1.2,4,422,51.421800947867304,0.10083862562195142,0.06487617033766674,2.3671282927064183
124,MACD_bull & VolRatio_gt1.2 & CCI_gt100 & WilliamsR_gt-50,4,1652,50.544794188861985,0.10072005125567353,0.042662846582190675,2.507274807425298
125,BB_pctB_0.8-1.0 & VolRatio_gt1.2 & CCI_gt100 & EMA9_gt_EMA21,4,763,51.900393184796854,0.10064777529626777,0.06892373606046165,2.3165983283837503
126,BB_pctB_0.8-1.0 & VolRatio_gt1.2 & CCI_gt100 & WilliamsR_gt-50 & EMA9_gt_EMA21,5,763,51.900393184796854,0.10064777529626777,0.06892373606046165,2.3165983283837503
127,MACD_bull & VolRatio_gt1.2 & CCI_gt100 & WilliamsR_gt-50 & ROC10_pos,5,1646,50.546780072904006,0.10044034615262157,0.042662846582190675,2.5098954976017054
128,VolRatio_gt1.2,1,5729,51.80659801012393,0.10041213659164461,0.06502478900364603,2.38874457440453
129,MACD_bull & ADX_gt25 & VolRatio_gt1.2 & CCI_gt100,4,725,50.3448275862069,0.10021109497237152,0.034868301169547866,2.548213281974941
130,VolRatio_gt1.2 & ROC10_pos,2,2878,50.799166087560806,0.10005672558477009,0.0373297810154974,2.474702343746442
131,MACD_bull & VolRatio_gt1.2 & CCI_gt100,3,1663,50.57125676488275,0.09957555805572711,0.043649147043485235,2.5036481733338594
132,MACD_bull & VolRatio_gt1.2 & CCI_gt100 & ROC10_pos,4,1655,50.57401812688822,0.09947378514322351,0.043649147043485235,2.5076644393149787
133,RSI_50_70 & VolRatio_gt1.2 & CCI_gt100 & EMA9_gt_EMA21 & ROC10_pos,5,1004,50.199203187250994,0.09919618183293381,0.017499374700965104,2.3757266159504282
134,BB_pctB_0.8-1.0 & VolRatio_gt1.2 & CCI_gt100 & EMA9_gt_EMA21 & ROC10_pos,5,761,51.9053876478318,0.09868924447692363,0.06892373606046165,2.3184340458016184
135,BB_pctB_0.8-1.0 & VolRatio_gt1.2 & CCI_gt100 & WilliamsR_gt-50 & EMA9_gt_EMA21 & ROC10_pos,6,761,51.9053876478318,0.09868924447692363,0.06892373606046165,2.3184340458016184
136,MACD_bull & BB_pctB_0.8-1.0 & VolRatio_gt1.2 & EMA9_gt_EMA21 & ROC10_pos,5,764,52.09424083769634,0.0986707837228875,0.07531417780280408,2.3290786377029735
137,MACD_bull & BB_pctB_0.8-1.0 & VolRatio_gt1.2 & WilliamsR_gt-50 & EMA9_gt_EMA21 & ROC10_pos,6,764,52.09424083769634,0.0986707837228875,0.07531417780280408,2.3290786377029735
138,MACD_bull & BB_pctB_0.8-1.0 & ADX_gt25 & Stoch_bull & VolRatio_gt1.2 & WilliamsR_gt-50,6,24,37.5,0.09844940553274574,-1.0894708647345142,3.246253519294778
139,RSI_50_70 & MACD_bull & BB_pctB_0.8-1.0 & ADX_gt25 & Stoch_bull & VolRatio_gt1.2 & WilliamsR_gt-50,7,24,37.5,0.09844940553274574,-1.0894708647345142,3.246253519294778
140,MACD_bull & BB_pctB_0.8-1.0 & ADX_gt25 & Stoch_bull & VolRatio_gt1.2 & WilliamsR_gt-50 & ROC10_pos,7,24,37.5,0.09844940553274574,-1.0894708647345142,3.246253519294778
141,RSI_50_70 & MACD_bull & BB_pctB_0.8-1.0 & ADX_gt25 & Stoch_bull & VolRatio_gt1.2 & WilliamsR_gt-50 & ROC10_pos,8,24,37.5,0.09844940553274574,-1.0894708647345142,3.246253519294778
142,MACD_bull & BB_pctB_0.8-1.0 & ADX_gt25 & VolRatio_gt1.2 & CCI_gt100,5,389,51.41388174807198,0.09836632461161049,0.05843280594279264,2.3895339314783124
143,MACD_bull & BB_pctB_0.8-1.0 & ADX_gt25 & VolRatio_gt1.2 & CCI_gt100 & WilliamsR_gt-50,6,389,51.41388174807198,0.09836632461161049,0.05843280594279264,2.3895339314783124
144,MACD_bull & BB_pctB_0.8-1.0 & ADX_gt25 & VolRatio_gt1.2 & CCI_gt100 & ROC10_pos,6,389,51.41388174807198,0.09836632461161049,0.05843280594279264,2.3895339314783124
145,MACD_bull & BB_pctB_0.8-1.0 & ADX_gt25 & VolRatio_gt1.2 & CCI_gt100 & WilliamsR_gt-50 & ROC10_pos,7,389,51.41388174807198,0.09836632461161049,0.05843280594279264,2.3895339314783124
146,MACD_bull & ADX_gt25 & VolRatio_gt1.2 & WilliamsR_gt-50 & ROC10_pos,5,901,50.055493895671475,0.09830650633469727,0.013611126280728077,2.595707883344152
147,RSI_50_70 & ADX_gt25 & Stoch_bull & WilliamsR_gt-50 & EMA9_gt_EMA21 & ROC10_pos,6,473,49.89429175475687,0.0979595650455631,0.0,1.9479523274887627
148,MACD_bull & BB_pctB_0.8-1.0 & VolRatio_gt1.2 & EMA9_gt_EMA21,4,769,52.015604681404426,0.0976973556629366,0.07328201187763043,2.3237699785428942
149,MACD_bull & BB_pctB_0.8-1.0 & VolRatio_gt1.2 & WilliamsR_gt-50 & EMA9_gt_EMA21,5,769,52.015604681404426,0.0976973556629366,0.07328201187763043,2.3237699785428942
150,MACD_bull & VolRatio_gt1.2 & WilliamsR_gt-50,3,2350,50.212765957446805,0.09741296404858216,0.02599936717896264,2.487159828772006
151,ADX_gt25 & Stoch_bull & EMA9_gt_EMA21,3,898,49.665924276169264,0.09616064600300699,0.0,1.9790933802553439
152,ADX_gt25 & Stoch_bull & VolRatio_gt1.2 & WilliamsR_gt-50,4,156,43.58974358974359,0.09585288678264312,-0.289921898805046,2.622042678485872
153,RSI_50_70 & MACD_bull & ADX_gt25 & Stoch_bull & VolRatio_gt1.2 & WilliamsR_gt-50 & EMA9_gt_EMA21 & ROC10_pos,8,34,41.17647058823529,0.09510446680950825,-0.3295460786962555,2.7885748069136835
154,MACD_bull & ADX_gt25 & VolRatio_gt1.2 & WilliamsR_gt-50,4,930,49.89247311827957,0.09376722041974128,-0.003432233274664468,2.6029731235998175
155,MACD_bull & VolRatio_gt1.2 & WilliamsR_gt-50 & ROC10_pos,4,2234,50.268576544315124,0.09271554899803751,0.026323054536401373,2.489748472906231
156,MACD_bull & VolRatio_gt1.2,2,2775,50.45045045045045,0.09236396526216865,0.02830073518573113,2.46119017256898
157,RSI_50_70 & VolRatio_gt1.2 & WilliamsR_gt-50 & EMA9_gt_EMA21 & ROC10_pos,5,1517,51.02175346077785,0.09192797967869848,0.043649147043485235,2.3887075166894065
158,ADX_gt25 & Stoch_bull & WilliamsR_gt-50 & EMA9_gt_EMA21 & ROC10_pos,5,489,49.693251533742334,0.09071977681854264,-0.014874663254151328,1.9413242535553743
159,RSI_50_70 & ADX_gt25 & Stoch_bull & EMA9_gt_EMA21,4,832,49.63942307692308,0.09061436779823889,0.0,1.9626933191295868
160,BB_pctB_0.8-1.0 & ADX_gt25 & VolRatio_gt1.2 & CCI_gt100,4,434,51.1520737327189,0.09057609299342438,0.05635312205045456,2.3648794996114937
161,BB_pctB_0.8-1.0 & ADX_gt25 & VolRatio_gt1.2 & CCI_gt100 & WilliamsR_gt-50,5,434,51.1520737327189,0.09057609299342438,0.05635312205045456,2.3648794996114937
162,BB_pctB_0.8-1.0 & ADX_gt25 & VolRatio_gt1.2 & CCI_gt100 & ROC10_pos,5,434,51.1520737327189,0.09057609299342438,0.05635312205045456,2.3648794996114937
163,BB_pctB_0.8-1.0 & ADX_gt25 & VolRatio_gt1.2 & CCI_gt100 & WilliamsR_gt-50 & ROC10_pos,6,434,51.1520737327189,0.09057609299342438,0.05635312205045456,2.3648794996114937
164,MACD_bull & ADX_gt25 & VolRatio_gt1.2 & EMA9_gt_EMA21 & ROC10_pos,5,839,50.297973778307515,0.09055408626270882,0.034868301169547866,2.5937723480558263
165,RSI_50_70 & VolRatio_gt1.2 & WilliamsR_gt-50,3,1928,50.10373443983403,0.0902047984710489,0.007631901263905611,2.410325372752351
166,RSI_50_70 & Stoch_bull & VolRatio_gt1.2 & WilliamsR_gt-50 & EMA9_gt_EMA21,5,305,47.540983606557376,0.09002654400013295,-0.12271248191559907,2.395640971347711
167,MACD_bull & BB_pctB_0.8-1.0 & ADX_gt25 & Stoch_bull & CCI_gt100 & WilliamsR_gt-50 & EMA9_gt_EMA21 & ROC10_pos,8,62,46.774193548387096,0.08972026818035223,-0.12673333828891833,2.3289492278395603
168,RSI_50_70 & VolRatio_gt1.2 & EMA9_gt_EMA21 & ROC10_pos,4,1652,50.847457627118644,0.08802411921989403,0.0373297810154974,2.44096367446005
169,MACD_bull & ADX_gt25 & VolRatio_gt1.2 & ROC10_pos,4,945,49.84126984126984,0.0877532224971196,-0.006864466549328936,2.6288502177678006
170,ADX_gt25 & Stoch_bull,2,2974,50.201748486886345,0.08656746604732525,0.01467227649449494,2.012534440153764
171,MACD_bull & VolRatio_gt1.2 & ROC10_pos,3,2409,50.26982150269822,0.08356666455700539,0.026018398863554452,2.4863813609015897
172,RSI_50_70 & VolRatio_gt1.2 & EMA9_gt_EMA21,3,1948,50.513347022587276,0.08348212849935314,0.03276099678625001,2.4046382366096064
173,MACD_bull & ADX_gt25 & VolRatio_gt1.2 & EMA9_gt_EMA21,4,846,50.11820330969267,0.08342271979978054,0.021145324007710967,2.587679556987855
174,MACD_bull & BB_pctB_0.8-1.0 & ADX_gt25 & Stoch_bull & CCI_gt100 & WilliamsR_gt-50 & EMA9_gt_EMA21,7,63,46.03174603174603,0.08307690116952897,-0.19285695853711207,2.310983670302033
175,ADX_gt25 & Stoch_bull & VolRatio_gt1.2,3,550,47.81818181818182,0.08242937108167744,-0.0873401299453691,2.4762126376656153
176,MACD_bull & ADX_gt25 & Stoch_bull & VolRatio_gt1.2 & ROC10_pos,5,70,41.42857142857143,0.08239309094330453,-0.3963915663376294,3.0265396659974337
177,RSI_50_70 & ADX_gt25 & Stoch_bull & WilliamsR_gt-50 & ROC10_pos,5,505,49.9009900990099,0.08100708332695594,0.0,1.936687759270704
178,Stoch_bull & VolRatio_gt1.2 & WilliamsR_gt-50 & EMA9_gt_EMA21,4,309,47.249190938511326,0.07968946125222845,-0.12402970303525494,2.388394283118831
179,ADX_gt25 & VolRatio_gt1.2,2,2077,50.3129513721714,0.0766726519275082,0.028679521734693857,2.532874084310154
180,RSI_50_70 & ADX_gt25 & Stoch_bull & EMA9_gt_EMA21 & ROC10_pos,5,539,48.79406307977737,0.07634981410159443,-0.04918662496881613,1.9160996939517065
181,MACD_bull & ADX_gt25 & VolRatio_gt1.2,3,1064,49.24812030075188,0.07610373600587023,-0.018034604945899486,2.6416418906744474
182,ADX_gt25 & Stoch_bull & EMA9_gt_EMA21 & ROC10_pos,4,556,48.74100719424461,0.07437591749607109,-0.04983587684851732,1.9113853999701111
183,ADX_gt25,1,10116,51.04784499802293,0.07437019122206737,0.05023251786108676,2.070935891017631
184,RSI_50_70 & MACD_bull & VolRatio_gt1.2 & EMA9_gt_EMA21,4,1369,50.10956902848795,0.07426117964233471,0.026018398863554452,2.438363184583157
185,RSI_50_70 & MACD_bull & VolRatio_gt1.2 & CCI_gt100 & WilliamsR_gt-50 & EMA9_gt_EMA21,6,906,49.77924944812362,0.07337365598049285,-0.007408003063633389,2.397795210543018
186,RSI_50_70 & ADX_gt25 & Stoch_bull,3,900,49.666666666666664,0.07330289682175438,0.0,1.947149440680168
187,RSI_50_70 & VolRatio_gt1.2,2,2289,49.97815640017475,0.07261357801177191,0.0,2.416135248633601
188,MACD_bull & ADX_gt25 & Stoch_bull & VolRatio_gt1.2,4,124,39.516129032258064,0.07206710173664922,-0.3694320360585316,3.0442714889857427
189,RSI_50_70 & MACD_bull & VolRatio_gt1.2 & CCI_gt100 & EMA9_gt_EMA21,5,914,49.78118161925602,0.07185226308556594,-0.007408003063633389,2.3959906363378
190,RSI_50_70 & MACD_bull & VolRatio_gt1.2 & CCI_gt100 & WilliamsR_gt-50 & EMA9_gt_EMA21 & ROC10_pos,7,901,49.722530521642625,0.07162576935498936,-0.014816006127266778,2.400927243755865
191,RSI_50_70 & ADX_gt25 & VolRatio_gt1.2 & ROC10_pos,4,576,49.82638888888889,0.07115123761997437,-0.015511020846964131,2.679661482554561
192,RSI_50_70 & MACD_bull & VolRatio_gt1.2 & CCI_gt100 & EMA9_gt_EMA21 & ROC10_pos,6,908,49.669603524229075,0.06958526439170806,-0.017126906133575672,2.4003547459029644
193,MACD_bull & ADX_gt25 & Stoch_bull & WilliamsR_gt-50,4,607,47.28171334431631,0.06918745068901515,-0.0816682251201657,2.009925094424478
194,MACD_bull & ADX_gt25 & Stoch_bull & VolRatio_gt1.2 & WilliamsR_gt-50 & ROC10_pos,6,63,42.857142857142854,0.06775441708181887,-0.3430665844548358,2.7243682765312047
195,RSI_50_70 & VolRatio_gt1.2 & WilliamsR_gt-50 & ROC10_pos,4,1759,50.14212620807277,0.06738045119065683,0.00837103919268191,2.42093847497601
196,RSI_50_70 & MACD_bull & VolRatio_gt1.2 & WilliamsR_gt-50 & EMA9_gt_EMA21,5,1295,50.19305019305019,0.06719432018305294,0.026627710209248295,2.428734848652621
197,RSI_50_70 & ADX_gt25 & VolRatio_gt1.2 & EMA9_gt_EMA21,4,622,49.67845659163987,0.06683681582293372,-0.011941446389159931,2.654791109216463
198,RSI_50_70 & VolRatio_gt1.2 & ROC10_pos,3,1904,49.94747899159664,0.06573334724052543,0.0,2.4636289744918143
199,BB_pctB_0.8-1.0 & VolRatio_gt1.2 & WilliamsR_gt-50 & ROC10_pos,4,921,51.248642779587406,0.06438709417280511,0.0556883119972996,2.3407351338802473
200,MACD_bull & BB_pctB_0.8-1.0 & VolRatio_gt1.2 & CCI_gt100,4,744,50.94086021505376,0.06341565477348096,0.05635312205045456,2.4001598312599204
201,MACD_bull & BB_pctB_0.8-1.0 & VolRatio_gt1.2 & CCI_gt100 & WilliamsR_gt-50,5,744,50.94086021505376,0.06341565477348096,0.05635312205045456,2.4001598312599204
202,RSI_50_70 & VolRatio_gt1.2 & CCI_gt100 & WilliamsR_gt-50,4,1094,49.54296160877514,0.0625702439202251,-0.02028110973948332,2.419536831725931
203,BB_pctB_0.8-1.0 & VolRatio_gt1.2 & WilliamsR_gt-50,3,931,51.127819548872175,0.062330434120944314,0.04754521527548822,2.3303066845315534
204,BB_pctB_0.8-1.0 & VolRatio_gt1.2 & ROC10_pos,3,922,51.19305856832972,0.06199152055158466,0.051616763636393906,2.340594756934517
205,MACD_bull & BB_pctB_0.8-1.0 & VolRatio_gt1.2 & CCI_gt100 & ROC10_pos,5,742,50.943396226415096,0.061938636840402295,0.05635312205045456,2.4019808869724395
206,MACD_bull & BB_pctB_0.8-1.0 & VolRatio_gt1.2 & CCI_gt100 & WilliamsR_gt-50 & ROC10_pos,6,742,50.943396226415096,0.061938636840402295,0.05635312205045456,2.4019808869724395
207,RSI_50_70 & VolRatio_gt1.2 & CCI_gt100 & WilliamsR_gt-50 & ROC10_pos,5,1086,49.53959484346225,0.061024405517454076,-0.02028110973948332,2.424926851667324
208,RSI_50_70 & MACD_bull & ADX_gt25 & VolRatio_gt1.2 & WilliamsR_gt-50 & EMA9_gt_EMA21 & ROC10_pos,7,340,50.588235294117645,0.059987823044599216,0.05279465550869136,2.6686469206946866
209,BB_pctB_0.8-1.0 & VolRatio_gt1.2,2,932,51.072961373390555,0.05996277079614452,0.04461088069819216,2.330176331916689
210,ADX_gt25 & Stoch_bull & WilliamsR_gt-50 & ROC10_pos,4,745,48.99328859060403,0.059913901282597035,-0.04918662496881613,1.9076728558525708
211,RSI_50_70 & Stoch_bull & VolRatio_gt1.2 & EMA9_gt_EMA21,4,380,47.368421052631575,0.059316015513714786,-0.055686149615662234,2.2912083341336613
212,RSI_50_70 & VolRatio_gt1.2 & CCI_gt100,3,1106,49.36708860759494,0.059249503759443524,-0.022429238243613762,2.41382881466677
213,RSI_50_70 & MACD_bull & VolRatio_gt1.2 & WilliamsR_gt-50 & EMA9_gt_EMA21 & ROC10_pos,6,1254,50.0,0.0592123330199172,0.012990167747185411,2.4397746909885814
214,MACD_bull & ADX_gt25 & Stoch_bull,3,926,47.19222462203024,0.058951171356231555,-0.08742304025550308,2.140568770399773
215,RSI_50_70 & MACD_bull & ADX_gt25 & Stoch_bull & VolRatio_gt1.2 & EMA9_gt_EMA21,6,37,40.54054054054054,0.05844162166997553,-0.31602557293767525,2.7194577703017857
216,ADX_gt25 & ROC10_pos,2,5863,50.247313661947814,0.05833527150743918,0.013217663153450111,2.0778611492768104
217,RSI_50_70 & VolRatio_gt1.2 & CCI_gt100 & ROC10_pos,4,1095,49.406392694063925,0.0580802958107864,-0.021973058281819138,2.4222934998237426
218,ADX_gt25 & EMA9_gt_EMA21,2,6232,50.8183568677792,0.05779847168612653,0.03662299932572617,2.0760221714103126
219,RSI_50_70 & MACD_bull & VolRatio_gt1.2 & EMA9_gt_EMA21 & ROC10_pos,5,1315,49.73384030418251,0.05688941924935493,0.0,2.454773200747374
220,BB_pctB_0.8-1.0 & VolRatio_gt1.2 & CCI_gt100,3,810,50.864197530864196,0.056872074934941105,0.04461088069819216,2.3723706670899403
221,BB_pctB_0.8-1.0 & VolRatio_gt1.2 & CCI_gt100 & WilliamsR_gt-50,4,810,50.864197530864196,0.056872074934941105,0.04461088069819216,2.3723706670899403
222,ADX_gt25 & Stoch_bull & CCI_gt100 & WilliamsR_gt-50 & EMA9_gt_EMA21 & ROC10_pos,6,109,49.54128440366973,0.056871094844485534,-0.05048512872821851,2.1120899378461577
223,ADX_gt25 & WilliamsR_gt-50,2,5852,50.30758714969241,0.056660813268930535,0.01502673916855223,2.0338727782357693
224,BB_pctB_0.8-1.0 & VolRatio_gt1.2 & CCI_gt100 & ROC10_pos,4,807,50.92936802973978,0.056073906338924874,0.04754521527548822,2.3754040298747405
225,BB_pctB_0.8-1.0 & VolRatio_gt1.2 & CCI_gt100 & WilliamsR_gt-50 & ROC10_pos,5,807,50.92936802973978,0.056073906338924874,0.04754521527548822,2.3754040298747405
226,MACD_bull & BB_pctB_0.8-1.0 & VolRatio_gt1.2 & WilliamsR_gt-50 & ROC10_pos,5,838,50.83532219570406,0.055873697205257096,0.04461088069819216,2.370571528960171
227,MACD_bull & BB_pctB_0.8-1.0 & VolRatio_gt1.2 & WilliamsR_gt-50,4,844,50.71090047393365,0.05413500802866607,0.0403875892759033,2.3643718563231686
228,Stoch_bull & VolRatio_gt1.2 & WilliamsR_gt-50,3,578,47.92387543252595,0.05403713599646313,-0.07386336192083556,2.437383213077961
229,ADX_gt25 & Stoch_bull & CCI_gt100 & WilliamsR_gt-50 & EMA9_gt_EMA21,5,110,49.09090909090909,0.053364886223158166,-0.05554742338447154,2.10278625714642
230,MACD_bull & BB_pctB_0.8-1.0 & VolRatio_gt1.2 & ROC10_pos,4,839,50.77473182359953,0.05325128304340045,0.041676546120896114,2.3703743084002484
231,Stoch_bull & VolRatio_gt1.2 & EMA9_gt_EMA21,3,409,47.67726161369193,0.053049774109686136,-0.050762581190599884,2.2602974557891558
232,RSI_50_70 & MACD_bull & ADX_gt25 & VolRatio_gt1.2 & WilliamsR_gt-50 & EMA9_gt_EMA21,6,344,50.58139534883721,0.05157647755805481,0.05279465550869136,2.660705377504719
233,MACD_bull & BB_pctB_0.8-1.0 & VolRatio_gt1.2,3,845,50.650887573964496,0.05153327217941029,0.03909863243091049,2.3641809681745785
234,RSI_50_70 & MACD_bull & ADX_gt25 & VolRatio_gt1.2 & CCI_gt100 & WilliamsR_gt-50 & EMA9_gt_EMA21,7,243,50.20576131687243,0.050174464890008076,0.04754521527548822,2.4650720280296055
235,RSI_50_70 & MACD_bull & ADX_gt25 & VolRatio_gt1.2 & CCI_gt100 & WilliamsR_gt-50 & EMA9_gt_EMA21 & ROC10_pos,8,243,50.20576131687243,0.050174464890008076,0.04754521527548822,2.4650720280296055
236,RSI_50_70 & MACD_bull & ADX_gt25 & VolRatio_gt1.2 & CCI_gt100 & WilliamsR_gt-50,6,272,50.36764705882353,0.04806804880667526,0.04885524320181511,2.504185170239447
237,RSI_50_70 & MACD_bull & ADX_gt25 & VolRatio_gt1.2 & CCI_gt100 & WilliamsR_gt-50 & ROC10_pos,7,272,50.36764705882353,0.04806804880667526,0.04885524320181511,2.504185170239447
238,RSI_50_70 & BB_pctB_0.8-1.0 & ADX_gt25 & VolRatio_gt1.2 & EMA9_gt_EMA21 & ROC10_pos,6,221,50.678733031674206,0.04678720977808351,0.04754521527548822,2.3099158010026977
239,RSI_50_70 & BB_pctB_0.8-1.0 & ADX_gt25 & VolRatio_gt1.2 & WilliamsR_gt-50 & EMA9_gt_EMA21 & ROC10_pos,7,221,50.678733031674206,0.04678720977808351,0.04754521527548822,2.3099158010026977
240,RSI_50_70 & Stoch_bull & VolRatio_gt1.2 & WilliamsR_gt-50,4,437,48.2837528604119,0.045499370918317364,-0.060609718040724576,2.4261410383918087
241,RSI_50_70 & ADX_gt25 & Stoch_bull & ROC10_pos,4,578,48.615916955017305,0.045250393990227275,-0.05106397931302596,1.9091406877863488
242,ADX_gt25 & WilliamsR_gt-50 & ROC10_pos,3,5299,49.97169277222117,0.04464777595353494,0.0,2.0506527305662807
243,RSI_50_70 & ADX_gt25 & ROC10_pos,3,3470,50.40345821325648,0.04424166465459762,0.019329742119664303,2.0360101279196243
244,RSI_50_70 & ADX_gt25,2,4419,50.53179452364789,0.04393772432131044,0.028127946535442976,2.024485978260267
245,RSI_50_70 & Stoch_bull & VolRatio_gt1.2,3,561,48.484848484848484,0.04362481205489112,-0.033982341624402584,2.3218079513673273
246,RSI_50_70 & MACD_bull & ADX_gt25 & VolRatio_gt1.2 & CCI_gt100 & EMA9_gt_EMA21,6,245,50.204081632653065,0.04303549773763528,0.04754521527548822,2.4639350191238707
247,RSI_50_70 & MACD_bull & ADX_gt25 & VolRatio_gt1.2 & CCI_gt100 & EMA9_gt_EMA21 & ROC10_pos,7,245,50.204081632653065,0.04303549773763528,0.04754521527548822,2.4639350191238707
248,ADX_gt25 & Stoch_bull & ROC10_pos,3,922,47.83080260303688,0.04301863889207612,-0.06486407881233577,1.911047416260137
249,RSI_50_70 & MACD_bull & ADX_gt25 & Stoch_bull & WilliamsR_gt-50 & EMA9_gt_EMA21 & ROC10_pos,7,193,46.1139896373057,0.041867380192142846,-0.10367644669281824,2.0575730162541683
250,RSI_50_70 & MACD_bull & ADX_gt25 & VolRatio_gt1.2 & CCI_gt100 & ROC10_pos,6,274,50.36496350364964,0.041700041068848004,0.04885524320181511,2.5028966518748246
251,ADX_gt25 & EMA9_gt_EMA21 & ROC10_pos,3,4998,50.280112044817926,0.04130064517003176,0.014153882759824243,2.097192228392399
252,RSI_50_70 & MACD_bull & BB_pctB_0.8-1.0 & ADX_gt25 & Stoch_bull & CCI_gt100 & WilliamsR_gt-50 & EMA9_gt_EMA21 & ROC10_pos,9,58,44.827586206896555,0.0409444697497561,-0.19935207334257143,2.3250039457432394
253,RSI_50_70 & ADX_gt25 & VolRatio_gt1.2,3,689,48.76632801161103,0.040521757535828554,-0.021124413339082077,2.6524601742244944
254,RSI_50_70 & ADX_gt25 & EMA9_gt_EMA21 & ROC10_pos,4,3246,50.30807147258164,0.04043986726107428,0.0155792607809974,2.0460066265325687
255,RSI_50_70 & ADX_gt25 & WilliamsR_gt-50,3,3440,50.58139534883721,0.03980174846457787,0.027910628579723866,1.9651443299737013
256,RSI_50_70 & BB_pctB_0.8-1.0 & VolRatio_gt1.2 & EMA9_gt_EMA21 & ROC10_pos,5,592,51.689189189189186,0.03965453707621129,0.05635312205045456,2.2957467535107763
257,RSI_50_70 & BB_pctB_0.8-1.0 & VolRatio_gt1.2 & WilliamsR_gt-50 & EMA9_gt_EMA21 & ROC10_pos,6,592,51.689189189189186,0.03965453707621129,0.05635312205045456,2.2957467535107763
258,RSI_50_70 & ADX_gt25 & EMA9_gt_EMA21,3,4164,50.43227665706051,0.03947771976592301,0.020992753924865666,2.03421401652703
259,RSI_50_70 & MACD_bull & ADX_gt25 & Stoch_bull & WilliamsR_gt-50 & EMA9_gt_EMA21,6,203,46.30541871921182,0.03935607751614501,-0.10367644669281824,2.028626613955747
260,MACD_bull & ADX_gt25,2,5385,49.58217270194986,0.039253059579566124,-0.006604272400463749,2.0959458111696643
261,RSI_50_70 & MACD_bull & ADX_gt25 & VolRatio_gt1.2 & CCI_gt100,5,275,50.18181818181818,0.03919382079014802,0.04754521527548822,2.498686197327179
262,RSI_50_70 & BB_pctB_0.8-1.0 & ADX_gt25 & VolRatio_gt1.2 & EMA9_gt_EMA21,5,222,50.45045045045045,0.03862788109555578,0.027218989305308763,2.3078971532324313
263,RSI_50_70 & BB_pctB_0.8-1.0 & ADX_gt25 & VolRatio_gt1.2 & WilliamsR_gt-50 & EMA9_gt_EMA21,6,222,50.45045045045045,0.03862788109555578,0.027218989305308763,2.3078971532324313
264,RSI_50_70 & BB_pctB_0.8-1.0 & VolRatio_gt1.2 & EMA9_gt_EMA21,4,600,51.5,0.03801057164369288,0.05579405016528281,2.2834790776457803
265,RSI_50_70 & BB_pctB_0.8-1.0 & VolRatio_gt1.2 & WilliamsR_gt-50 & EMA9_gt_EMA21,5,600,51.5,0.03801057164369288,0.05579405016528281,2.2834790776457803
266,RSI_50_70 & MACD_bull & VolRatio_gt1.2,3,1593,48.901443816698055,0.03784965489635972,-0.04199130236228507,2.4509381748982855
267,RSI_50_70 & ADX_gt25 & Stoch_bull & CCI_gt100 & WilliamsR_gt-50 & EMA9_gt_EMA21 & ROC10_pos,7,100,49.0,0.0368910849586354,-0.05554742338447154,2.118314510142146
268,ADX_gt25 & WilliamsR_gt-50 & EMA9_gt_EMA21,3,4939,50.25308766956874,0.03475405555957108,0.013217663153450111,2.052368815721114
269,RSI_50_70 & MACD_bull & BB_pctB_0.8-1.0 & ADX_gt25 & Stoch_bull & CCI_gt100 & WilliamsR_gt-50 & EMA9_gt_EMA21,8,59,44.06779661016949,0.034677413423463414,-0.20584718814803082,2.305710363801416
270,RSI_50_70 & MACD_bull & ADX_gt25 & VolRatio_gt1.2 & WilliamsR_gt-50,5,400,49.5,0.034300401912125425,-0.018945965883295557,2.6812325655777323
271,RSI_50_70 & MACD_bull & VolRatio_gt1.2 & CCI_gt100 & WilliamsR_gt-50,5,997,48.946840521564695,0.033897640257592704,-0.04712103966285698,2.4425164992959476
272,MACD_bull & BB_pctB_0.8-1.0 & ADX_gt25 & CCI_gt100 & WilliamsR_gt-50 & ROC10_pos,6,1877,50.45285029302078,0.03356995820357143,0.018758695213270338,2.0571432242463623
273,MACD_bull & ADX_gt25 & ROC10_pos,3,4604,49.413553431798434,0.033429259741084974,-0.009927043638141564,2.073690207694551
274,MACD_bull & BB_pctB_0.8-1.0 & ADX_gt25 & CCI_gt100 & WilliamsR_gt-50,5,1878,50.42598509052183,0.033376996642493106,0.01705558929728758,2.0566124473491056
275,RSI_50_70 & ADX_gt25 & Stoch_bull & CCI_gt100 & WilliamsR_gt-50 & EMA9_gt_EMA21,6,101,48.51485148514851,0.033270263785762665,-0.060609718040724576,2.108112690926381
276,RSI_50_70 & MACD_bull & VolRatio_gt1.2 & CCI_gt100 & WilliamsR_gt-50 & ROC10_pos,6,991,48.940464177598386,0.03302848882912443,-0.04712103966285698,2.446568063834112
277,EMA9_gt_EMA21,1,15851,50.438458141442176,0.03301966655907332,0.01932883158134916,1.9745145747841688
278,RSI_50_70 & MACD_bull & ADX_gt25 & VolRatio_gt1.2 & EMA9_gt_EMA21 & ROC10_pos,6,363,49.586776859504134,0.0329147118887737,-0.018454125626706543,2.6490068978664447
279,RSI_50_70 & MACD_bull & VolRatio_gt1.2 & WilliamsR_gt-50,4,1513,48.97554527428949,0.03279575696791185,-0.039921810968782105,2.44704436592901
280,ADX_gt25 & Stoch_bull & VolRatio_gt1.2 & WilliamsR_gt-50 & ROC10_pos,5,101,44.554455445544555,0.032564857490992985,-0.3430665844548358,2.4998959518376376
281,MACD_bull & BB_pctB_0.8-1.0 & ADX_gt25 & CCI_gt100 & ROC10_pos,5,1881,50.398724082934606,0.03229151456575835,0.015352483381304825,2.0568507573892583
282,RSI_50_70 & MACD_bull & VolRatio_gt1.2 & CCI_gt100,4,1006,48.9065606361829,0.032151961176070644,-0.0475990924779906,2.439413740182166
283,MACD_bull & BB_pctB_0.8-1.0 & ADX_gt25 & CCI_gt100,4,1882,50.371944739638685,0.0320996424254463,0.01502673916855223,2.0563210694538876
284,Stoch_bull & WilliamsR_gt-50,2,3625,49.51724137931034,0.031971142958523456,-0.014874663254151328,1.913699612955607
285,MACD_bull & ADX_gt25 & Stoch_bull & VolRatio_gt1.2 & WilliamsR_gt-50 & EMA9_gt_EMA21,6,37,40.54054054054054,0.03164186270958239,-0.3430665844548358,2.7257460499505854
286,RSI_50_70 & MACD_bull & VolRatio_gt1.2 & CCI_gt100 & ROC10_pos,5,998,48.897795591182366,0.03144271974798378,-0.0475990924779906,2.445712789884419
287,RSI_50_70 & ADX_gt25 & WilliamsR_gt-50 & ROC10_pos,4,3133,50.11171401212895,0.03140348668314007,0.006892763335129311,1.9856221990110585
288,RSI_50_70 & ADX_gt25 & WilliamsR_gt-50 & EMA9_gt_EMA21,4,3207,50.35859058309947,0.030677514164315918,0.016716623271784557,1.9721193900996319
289,WilliamsR_gt-50,1,15251,49.944265949773786,0.030589364234091334,0.0,1.9545416410850005
290,RSI_50_70 & MACD_bull & ADX_gt25 & CCI_gt100 & WilliamsR_gt-50 & ROC10_pos,6,1218,50.57471264367817,0.030572641134713884,0.031124756405215965,1.9731613974596265
291,RSI_50_70 & MACD_bull & ADX_gt25 & CCI_gt100 & WilliamsR_gt-50,5,1219,50.5332239540607,0.030277822025086127,0.022365535022607394,1.9723787327605904
292,ADX_gt25 & WilliamsR_gt-50 & EMA9_gt_EMA21 & ROC10_pos,4,4646,49.978476108480415,0.029886657470654828,0.0,2.0696990578036516
293,RSI_50_70 & MACD_bull & ADX_gt25 & VolRatio_gt1.2 & WilliamsR_gt-50 & ROC10_pos,6,395,49.36708860759494,0.029729657699607785,-0.019437806139884568,2.6817074321638636
294,RSI_50_70 & ADX_gt25 & Stoch_bull & VolRatio_gt1.2 & EMA9_gt_EMA21 & ROC10_pos,6,76,42.10526315789473,0.029642973270171357,-0.3884816214166412,2.436067853567078
295,ROC10_pos,1,15370,50.02602472348732,0.028637715795042196,0.0026928670974246172,1.9839309389845896
296,Stoch_bull,1,8793,49.8805868304333,0.02817023216885951,0.0,1.9736291438702858
297,RSI_50_70 & MACD_bull & ADX_gt25 & CCI_gt100 & ROC10_pos,5,1226,50.48939641109299,0.027684316300586525,0.020562115117938866,1.9724309140085707
298,RSI_50_70 & BB_pctB_0.8-1.0 & VolRatio_gt1.2 & CCI_gt100 & EMA9_gt_EMA21,5,524,50.95419847328244,0.027392920414783126,0.04461088069819216,2.3081986771093064
299,RSI_50_70 & BB_pctB_0.8-1.0 & VolRatio_gt1.2 & CCI_gt100 & WilliamsR_gt-50 & EMA9_gt_EMA21,6,524,50.95419847328244,0.027392920414783126,0.04461088069819216,2.3081986771093064
300,MACD_bull & BB_pctB_0.8-1.0 & ADX_gt25 & Stoch_bull & CCI_gt100 & EMA9_gt_EMA21 & ROC10_pos,7,64,45.3125,0.027021372922640646,-0.19935207334257143,2.3219783810271717
301,RSI_50_70 & MACD_bull & ADX_gt25 & CCI_gt100,4,1228,50.4071661237785,0.026844177032120452,0.016729845084534987,1.9709443040024177
302,RSI_50_70 & ADX_gt25 & CCI_gt100 & WilliamsR_gt-50,4,1425,50.94736842105263,0.025677952889320083,0.04754521527548822,1.9688269315639217
303,MACD_bull & BB_pctB_0.8-1.0 & ADX_gt25 & CCI_gt100 & WilliamsR_gt-50 & EMA9_gt_EMA21 & ROC10_pos,7,1792,50.27901785714286,0.025456201066226713,0.013414394717089094,2.0635400877275267
304,MACD_bull & BB_pctB_0.8-1.0 & ADX_gt25 & CCI_gt100 & WilliamsR_gt-50 & EMA9_gt_EMA21,6,1793,50.25097601784718,0.025258617098258097,0.013217663153450111,2.062981519838493
305,MACD_bull & ADX_gt25 & WilliamsR_gt-50,3,4561,49.26551194913396,0.025179547341746038,-0.01685940355100544,2.058172866285063
306,ADX_gt25 & CCI_gt100 & WilliamsR_gt-50,3,2916,50.2400548696845,0.025160642384950232,0.01201734862599388,2.100548740450619
307,RSI_50_70 & ADX_gt25 & CCI_gt100 & WilliamsR_gt-50 & ROC10_pos,5,1423,50.948699929725926,0.02486768836045782,0.04754521527548822,1.96978210730953
308,ADX_gt25 & CCI_gt100 & WilliamsR_gt-50 & ROC10_pos,4,2914,50.240219629375424,0.024764609081731368,0.01201734862599388,2.101073487243291
309,RSI_50_70 & BB_pctB_0.8-1.0 & VolRatio_gt1.2 & CCI_gt100 & EMA9_gt_EMA21 & ROC10_pos,6,522,50.95785440613027,0.024256997688185712,0.04461088069819216,2.3107560417812945
310,RSI_50_70 & BB_pctB_0.8-1.0 & VolRatio_gt1.2 & CCI_gt100 & WilliamsR_gt-50 & EMA9_gt_EMA21 & ROC10_pos,7,522,50.95785440613027,0.024256997688185712,0.04461088069819216,2.3107560417812945
311,RSI_50_70 & MACD_bull & ADX_gt25 & VolRatio_gt1.2 & EMA9_gt_EMA21,5,369,49.32249322493225,0.024191847185517222,-0.019437806139884568,2.63454905238514
312,WilliamsR_gt-50 & ROC10_pos,2,13454,49.83647985729151,0.024189223779326204,0.0,1.9626064719384106
313,MACD_bull & BB_pctB_0.8-1.0 & ADX_gt25 & CCI_gt100 & EMA9_gt_EMA21 & ROC10_pos,6,1796,50.222717149220486,0.02413532275098339,0.013130163430386102,2.063215262876721
314,MACD_bull & BB_pctB_0.8-1.0 & ADX_gt25 & CCI_gt100 & EMA9_gt_EMA21,5,1797,50.19476905954369,0.023938913637876823,0.013042663707322094,2.062657905625605
315,EMA9_gt_EMA21 & ROC10_pos,2,12299,50.1016342792097,0.02387023806739707,0.005380622791890982,1.986934471685259
316,ADX_gt25 & CCI_gt100,2,2930,50.13651877133106,0.023449901603582384,0.008170609975140675,2.0982672350364955
317,ADX_gt25 & CCI_gt100 & ROC10_pos,3,2926,50.17088174982912,0.023342104867682754,0.01016076296500757,2.0994663370474007
318,BB_pctB_0.8-1.0 & ADX_gt25 & Stoch_bull & CCI_gt100 & WilliamsR_gt-50 & EMA9_gt_EMA21 & ROC10_pos,7,91,49.45054945054945,0.023129760656666894,-0.05048512872821851,2.1173412770550954
319,MACD_bull & BB_pctB_0.8-1.0 & ADX_gt25 & WilliamsR_gt-50 & ROC10_pos,5,2134,50.234301780693535,0.02297962097470033,0.013414394717089094,2.04000543410593
320,RSI_50_70 & ADX_gt25 & WilliamsR_gt-50 & EMA9_gt_EMA21 & ROC10_pos,5,2916,49.93141289437586,0.022827445702435417,0.0,1.9931460144405484
321,MACD_bull & ADX_gt25 & CCI_gt100 & WilliamsR_gt-50 & ROC10_pos,5,2648,49.848942598187314,0.022679093830138948,0.0,2.120943164372255
322,MACD_bull & ADX_gt25 & CCI_gt100 & WilliamsR_gt-50,4,2649,49.830124575311444,0.022546405665800844,0.0,2.120553790256156
323,RSI_50_70 & ADX_gt25 & CCI_gt100,3,1439,50.72967338429465,0.02218961874305949,0.03461484628974799,1.9651937437189906
324,MACD_bull & BB_pctB_0.8-1.0 & ADX_gt25 & WilliamsR_gt-50,4,2136,50.187265917603,0.02197805035054583,0.013130163430386102,2.0394309065507037
325,RSI_50_70 & ADX_gt25 & CCI_gt100 & ROC10_pos,4,1435,50.801393728223,0.021966305585788135,0.03541157564761545,1.967420145955299
326,MACD_bull & BB_pctB_0.8-1.0 & ADX_gt25 & Stoch_bull & CCI_gt100 & EMA9_gt_EMA21,6,65,44.61538461538462,0.021547015593038243,-0.20584718814803082,2.3044639618727967
327,MACD_bull & ADX_gt25 & CCI_gt100 & ROC10_pos,4,2656,49.81174698795181,0.02136962927132737,0.0,2.1201953641812894
328,MACD_bull & ADX_gt25 & CCI_gt100,3,2658,49.77426636568848,0.020986235122486967,-0.0007451956238477867,2.1194481070701636
329,RSI_50_70 & MACD_bull & VolRatio_gt1.2 & WilliamsR_gt-50 & ROC10_pos,5,1460,48.83561643835617,0.02095845379333463,-0.043767543170004836,2.454185814606417
330,MACD_bull & BB_pctB_0.8-1.0 & ADX_gt25 & ROC10_pos,4,2141,50.11676786548341,0.01943479852571469,0.010992033544665667,2.0395582471414575
331,BB_pctB_0.8-1.0 & ADX_gt25 & Stoch_bull & CCI_gt100 & WilliamsR_gt-50 & EMA9_gt_EMA21,6,92,48.91304347826087,0.019304308328860553,-0.05554742338447154,2.106118721013557
332,RSI_50_70 & MACD_bull & BB_pctB_0.8-1.0 & VolRatio_gt1.2 & CCI_gt100 & EMA9_gt_EMA21,6,464,50.86206896551724,0.01857496931172832,0.05579405016528281,2.3433830060135676
333,RSI_50_70 & MACD_bull & BB_pctB_0.8-1.0 & VolRatio_gt1.2 & CCI_gt100 & WilliamsR_gt-50 & EMA9_gt_EMA21,7,464,50.86206896551724,0.01857496931172832,0.05579405016528281,2.3433830060135676
334,RSI_50_70 & MACD_bull & ADX_gt25 & Stoch_bull & VolRatio_gt1.2 & EMA9_gt_EMA21 & ROC10_pos,7,35,40.0,0.018467768005901275,-0.3430665844548358,2.7845398179222562
335,BB_pctB_0.8-1.0 & ADX_gt25 & CCI_gt100 & WilliamsR_gt-50 & ROC10_pos,5,2077,50.409244102070296,0.018458788842753968,0.014700994955799636,2.0421034237422337
336,MACD_bull & BB_pctB_0.8-1.0 & ADX_gt25,3,2143,50.06999533364442,0.018439807761227514,0.010873069314863105,2.0389841581592782
337,MACD_bull & ADX_gt25 & Stoch_bull & WilliamsR_gt-50 & EMA9_gt_EMA21 & ROC10_pos,6,205,45.85365853658537,0.018333115291002986,-0.120187421463236,2.045722383799221
338,BB_pctB_0.8-1.0 & ADX_gt25 & CCI_gt100 & WilliamsR_gt-50,4,2078,50.38498556304138,0.01829167111304066,0.014156060618263857,2.0416262080672394
339,RSI_50_70 & MACD_bull & ADX_gt25 & Stoch_bull & WilliamsR_gt-50,5,236,46.61016949152542,0.018107188925593275,-0.11193193407802712,2.0113220385807096
340,RSI_50_70 & MACD_bull & VolRatio_gt1.2 & ROC10_pos,4,1524,48.55643044619423,0.017768068792234925,-0.04973240398341432,2.4650023383170536
341,WilliamsR_gt-50 & EMA9_gt_EMA21,2,12193,49.96309357828262,0.017362487011697108,0.0,1.9601830927902053
342,BB_pctB_0.8-1.0 & ADX_gt25 & CCI_gt100 & ROC10_pos,4,2081,50.36040365209035,0.017332259383223386,0.013611126280728077,2.041857745050132
343,BB_pctB_0.8-1.0 & ADX_gt25 & CCI_gt100,3,2082,50.33621517771374,0.01716600380546895,0.013414394717089094,2.041381415197078
344,MACD_bull & ADX_gt25 & Stoch_bull & WilliamsR_gt-50 & EMA9_gt_EMA21,5,215,46.04651162790698,0.017056595317904585,-0.120187421463236,2.018782107047549
345,RSI_50_70,1,13601,49.871332990221305,0.017044266064148876,0.0,1.9362727443184453
346,WilliamsR_gt-50 & EMA9_gt_EMA21 & ROC10_pos,3,11233,49.90652541618446,0.016627780259063245,0.0,1.970234179054364
347,RSI_50_70 & MACD_bull & ADX_gt25 & Stoch_bull & VolRatio_gt1.2,5,49,40.816326530612244,0.016536624407488456,-0.3430665844548358,2.6953842757097872
348,RSI_50_70 & EMA9_gt_EMA21,2,11984,49.841455273698266,0.016438154462439614,0.0,1.933641511521928
349,CCI_gt100 & EMA9_gt_EMA21,2,6575,49.49049429657795,0.015960328322246642,-0.009533104907525972,1.9932080219182908
350,CCI_gt100 & WilliamsR_gt-50 & EMA9_gt_EMA21,3,6548,49.52657299938913,0.015818743888200197,-0.0085338076332351,1.99399613049594
351,MACD_bull & ADX_gt25 & WilliamsR_gt-50 & ROC10_pos,4,4329,49.133749133749134,0.015757709512345598,-0.019437806139884568,2.059442049768964
352,RSI_50_70 & EMA9_gt_EMA21 & ROC10_pos,3,9738,49.90757855822551,0.01558603292070063,0.0,1.943257307513475
353,ADX_gt25 & Stoch_bull & VolRatio_gt1.2 & ROC10_pos,4,117,42.73504273504273,0.015053364357727497,-0.43389665837844665,2.6903466766917448
354,CCI_gt100 & EMA9_gt_EMA21 & ROC10_pos,3,6532,49.433557868952846,0.0146927846640601,-0.010784627357100472,1.9974361349965217
355,CCI_gt100 & WilliamsR_gt-50 & EMA9_gt_EMA21 & ROC10_pos,4,6507,49.46980175195943,0.014602034887158395,-0.00959653829531311,1.9979500383438322
356,CCI_gt100 & WilliamsR_gt-50,2,6919,49.64590258707906,0.014508440336301507,-0.0061726070162663885,1.996537321357647
357,BB_pctB_0.8-1.0 & ADX_gt25 & WilliamsR_gt-50,3,2392,50.292642140468224,0.014412197735523328,0.013414394717089094,2.0209036329183934
358,CCI_gt100,1,6950,49.61151079136691,0.014296381535958183,-0.00690930909954895,1.9954386298161795
359,CCI_gt100 & ROC10_pos,2,6902,49.57983193277311,0.014244112105044464,-0.008057304264714345,1.9990792077123836
360,MACD_bull & BB_pctB_0.8-1.0 & ADX_gt25 & WilliamsR_gt-50 & EMA9_gt_EMA21 & ROC10_pos,6,2029,50.02464268112371,0.014210853444463463,0.0047021908691780865,2.0495674654507283
361,MACD_bull & ADX_gt25 & Stoch_bull & VolRatio_gt1.2 & WilliamsR_gt-50,5,86,41.86046511627907,0.014155870607515827,-0.3295460786962555,2.7964921945471843
362,BB_pctB_0.8-1.0 & ADX_gt25 & WilliamsR_gt-50 & ROC10_pos,4,2387,50.272308336824466,0.01410306643219268,0.013217663153450111,2.0222644715671776
363,RSI_50_70 & MACD_bull & BB_pctB_0.8-1.0 & VolRatio_gt1.2 & CCI_gt100 & EMA9_gt_EMA21 & ROC10_pos,7,463,50.75593952483801,0.014079930717985144,0.0556883119972996,2.3439132215784575
364,RSI_50_70 & MACD_bull & BB_pctB_0.8-1.0 & VolRatio_gt1.2 & CCI_gt100 & WilliamsR_gt-50 & EMA9_gt_EMA21 & ROC10_pos,8,463,50.75593952483801,0.014079930717985144,0.0556883119972996,2.3439132215784575
365,CCI_gt100 & WilliamsR_gt-50 & ROC10_pos,3,6875,49.6,0.014068841369093957,-0.006954151649768963,1.999851343699467
366,MACD_bull & BB_pctB_0.8-1.0 & ADX_gt25 & WilliamsR_gt-50 & EMA9_gt_EMA21,5,2031,49.9753815854259,0.013166137876697081,0.0,2.0489521557437818
367,RSI_50_70 & ROC10_pos,2,10930,49.7163769441903,0.012739788480571246,0.0,1.9446570815844348
368,MACD_bull,1,14591,49.36604756356658,0.012729742250000387,-0.015387901893028846,1.9855737919188636
369,MACD_bull & BB_pctB_0.8-1.0 & ADX_gt25 & EMA9_gt_EMA21 & ROC10_pos,5,2034,49.95083579154376,0.012708622585477176,0.0,2.0488594293219653
370,RSI_50_70 & WilliamsR_gt-50,2,11281,49.85373637088911,0.012328072592357976,0.0,1.9157090921822224
371,MACD_bull & BB_pctB_0.8-1.0 & ADX_gt25 & EMA9_gt_EMA21,4,2036,49.90176817288802,0.011667948294506863,0.0,2.0482453521914827
372,BB_pctB_0.8-1.0 & ADX_gt25,2,2401,50.14577259475219,0.010575958859414364,0.010873069314863105,2.019846584405728
373,BB_pctB_0.8-1.0 & ADX_gt25 & CCI_gt100 & WilliamsR_gt-50 & EMA9_gt_EMA21 & ROC10_pos,6,1992,50.25100401606426,0.010514862042657981,0.01201734862599388,2.047201592734826
374,BB_pctB_0.8-1.0 & ADX_gt25 & CCI_gt100 & WilliamsR_gt-50 & EMA9_gt_EMA21,5,1993,50.22579026593076,0.010344602777457695,0.010992033544665667,2.046702037076725
375,BB_pctB_0.8-1.0 & ADX_gt25 & ROC10_pos,3,2396,50.12520868113523,0.01025998322693073,0.01016076296500757,2.0212002238922855
376,MACD_bull & WilliamsR_gt-50,2,12228,49.157670919201834,0.010096624498196847,-0.021208477353333526,1.9697842822335447
377,BB_pctB_0.8-1.0 & ADX_gt25 & CCI_gt100 & EMA9_gt_EMA21 & ROC10_pos,5,1996,50.20040080160321,0.009356278827185661,0.010932551429764386,2.046931351802971
378,BB_pctB_0.8-1.0 & ADX_gt25 & CCI_gt100 & EMA9_gt_EMA21,4,1997,50.17526289434151,0.009186940753911405,0.010873069314863105,2.0464327704354983
379,MACD_bull & BB_pctB_0.8-1.0 & ADX_gt25 & Stoch_bull & VolRatio_gt1.2,5,25,36.0,0.00873815792773744,-1.1615299118440476,3.2108861745313733
380,RSI_50_70 & MACD_bull & BB_pctB_0.8-1.0 & ADX_gt25 & Stoch_bull & VolRatio_gt1.2,6,25,36.0,0.00873815792773744,-1.1615299118440476,3.2108861745313733
381,MACD_bull & BB_pctB_0.8-1.0 & ADX_gt25 & Stoch_bull & VolRatio_gt1.2 & ROC10_pos,6,25,36.0,0.00873815792773744,-1.1615299118440476,3.2108861745313733
382,RSI_50_70 & MACD_bull & BB_pctB_0.8-1.0 & ADX_gt25 & Stoch_bull & VolRatio_gt1.2 & ROC10_pos,7,25,36.0,0.00873815792773744,-1.1615299118440476,3.2108861745313733
383,MACD_bull & ROC10_pos,2,12424,49.22730199613651,0.00842688859395113,-0.018390053905649455,1.9827747622788958
384,RSI_50_70 & MACD_bull & BB_pctB_0.8-1.0 & VolRatio_gt1.2 & EMA9_gt_EMA21 & ROC10_pos,6,516,50.775193798449614,0.007547167426562443,0.04461088069819216,2.3341746852557286
385,RSI_50_70 & MACD_bull & BB_pctB_0.8-1.0 & VolRatio_gt1.2 & WilliamsR_gt-50 & EMA9_gt_EMA21 & ROC10_pos,7,516,50.775193798449614,0.007547167426562443,0.04461088069819216,2.3341746852557286
386,RSI_50_70 & WilliamsR_gt-50 & EMA9_gt_EMA21,3,9895,49.873673572511365,0.007526221825570862,0.0,1.9072442364179933
387,ADX_gt25 & CCI_gt100 & WilliamsR_gt-50 & EMA9_gt_EMA21,4,2778,49.78401727861771,0.007513371953542538,-0.0007451956238477867,2.108139158960153
388,ADX_gt25 & CCI_gt100 & WilliamsR_gt-50 & EMA9_gt_EMA21 & ROC10_pos,5,2776,49.783861671469744,0.007084936944017113,-0.0007451956238477867,2.1086899262350407
389,RSI_50_70 & MACD_bull & BB_pctB_0.8-1.0 & VolRatio_gt1.2 & EMA9_gt_EMA21,5,521,50.67178502879079,0.006984887010783933,0.041676546120896114,2.3262640342439203
390,RSI_50_70 & MACD_bull & BB_pctB_0.8-1.0 & VolRatio_gt1.2 & WilliamsR_gt-50 & EMA9_gt_EMA21,6,521,50.67178502879079,0.006984887010783933,0.041676546120896114,2.3262640342439203
391,ADX_gt25 & Stoch_bull & CCI_gt100 & WilliamsR_gt-50 & ROC10_pos,5,118,49.152542372881356,0.006444283944699557,-0.05554742338447154,2.1112956560974214
392,BB_pctB_0.8-1.0 & ADX_gt25 & WilliamsR_gt-50 & EMA9_gt_EMA21,4,2287,50.10931351114998,0.006239303656396,0.009448456615152038,2.028558112203308
393,ADX_gt25 & CCI_gt100 & EMA9_gt_EMA21,3,2791,49.69544965962021,0.006040643613936316,-0.0061726070162663885,2.1060416558414516
394,BB_pctB_0.8-1.0 & ADX_gt25 & WilliamsR_gt-50 & EMA9_gt_EMA21 & ROC10_pos,5,2282,50.08764241893077,0.005898041214921023,0.008170609975140675,2.0299915627883407
395,MACD_bull & CCI_gt100 & ROC10_pos,3,6506,49.23147863510606,0.0057171212786197665,-0.0202610855253275,2.0075809088331504
396,MACD_bull & CCI_gt100 & EMA9_gt_EMA21,3,6171,49.08442715929347,0.005677693089441504,-0.023046470435866724,2.003567099831356
397,MACD_bull & CCI_gt100 & WilliamsR_gt-50 & ROC10_pos,4,6484,49.2442936458976,0.0056720146235253776,-0.019777366449770115,2.0079880660649847
398,ADX_gt25 & CCI_gt100 & EMA9_gt_EMA21 & ROC10_pos,4,2788,49.71305595408895,0.005668117982520069,-0.003953160051620956,2.10696436105749
399,MACD_bull & CCI_gt100 & WilliamsR_gt-50 & EMA9_gt_EMA21,4,6150,49.105691056910565,0.005642717153450668,-0.022429238243613762,2.0038201964247233
400,RSI_50_70 & WilliamsR_gt-50 & ROC10_pos,3,10114,49.61439588688946,0.0055193297239421015,-0.005407800091563634,1.917462864437711
401,MACD_bull & CCI_gt100 & WilliamsR_gt-50,3,6520,49.263803680981596,0.005474989430817219,-0.018932247930326537,2.005421475708113
402,MACD_bull & CCI_gt100,2,6545,49.2436974789916,0.005141206096157769,-0.020116926759655665,2.0048069155685604
403,MACD_bull & CCI_gt100 & WilliamsR_gt-50 & EMA9_gt_EMA21 & ROC10_pos,5,6117,49.07634461337257,0.005047906249613524,-0.023046470435866724,2.007017227660407
404,MACD_bull & CCI_gt100 & EMA9_gt_EMA21 & ROC10_pos,4,6137,49.04676552061268,0.0049966664212241305,-0.02430809868706597,2.006903784452224
405,RSI_50_70 & MACD_bull & ADX_gt25 & VolRatio_gt1.2,4,427,48.24355971896955,0.0049480135273280695,-0.04809809172778266,2.6533781150751548
406,RSI_50_70 & WilliamsR_gt-50 & EMA9_gt_EMA21 & ROC10_pos,4,8973,49.74924774322969,0.0049323765147904495,0.0,1.9139278156081723
407,ADX_gt25 & Stoch_bull & VolRatio_gt1.2 & EMA9_gt_EMA21 & ROC10_pos,5,79,41.77215189873418,0.004693706113675809,-0.43389665837844665,2.418047494115867
408,MACD_bull & ADX_gt25 & Stoch_bull & ROC10_pos,4,534,45.88014981273408,0.004630302269261276,-0.13787907097429,1.9887770747630795
409,BB_pctB_0.8-1.0 & ADX_gt25 & EMA9_gt_EMA21,3,2294,50.0,0.004198915395274324,0.0023510954345890432,2.0272284546116635
410,MACD_bull & ADX_gt25 & EMA9_gt_EMA21 & ROC10_pos,4,3795,49.24901185770751,0.004010136806786279,-0.017361805458254987,2.090521920034563
411,BB_pctB_0.8-1.0 & ADX_gt25 & EMA9_gt_EMA21 & ROC10_pos,4,2289,49.97815640017475,0.0038542396273619182,0.0,2.028655211313069
412,ADX_gt25 & Stoch_bull & CCI_gt100 & WilliamsR_gt-50,4,119,48.739495798319325,0.003627005478764949,-0.060609718040724576,2.1026286772393927
413,MACD_bull & WilliamsR_gt-50 & ROC10_pos,3,11428,49.13370668533427,0.00358770930505798,-0.02149245331046344,1.970604224267802
414,MACD_bull & Stoch_bull,2,2636,47.344461305007584,0.003241767827683134,-0.0716160310572811,2.0237094316152464
415,RSI_50_70 & CCI_gt100 & EMA9_gt_EMA21,3,4682,49.12430585219991,0.0031082297411592122,-0.021418147710639452,1.8893440789194322
416,MACD_bull & ADX_gt25 & CCI_gt100 & WilliamsR_gt-50 & EMA9_gt_EMA21 & ROC10_pos,6,2510,49.32270916334661,0.003011137272762655,-0.016005356038128637,2.1303404945974105
417,MACD_bull & ADX_gt25 & CCI_gt100 & WilliamsR_gt-50 & EMA9_gt_EMA21,5,2511,49.30306650736758,0.0028789895265363377,-0.01685940355100544,2.1299265403707683
418,RSI_50_70 & CCI_gt100 & WilliamsR_gt-50 & EMA9_gt_EMA21,4,4656,49.18384879725085,0.002857333237082487,-0.018932247930326537,1.8896908391298801
419,RSI_50_70 & MACD_bull & ADX_gt25 & VolRatio_gt1.2 & ROC10_pos,5,419,48.44868735083532,0.0027471684659038835,-0.04809809172778266,2.6626853428702764
420,RSI_50_70 & MACD_bull & BB_pctB_0.8-1.0 & ADX_gt25 & CCI_gt100 & WilliamsR_gt-50 & ROC10_pos,7,915,49.72677595628415,0.0021075805810590047,0.0,1.9396386312351142
421,RSI_50_70 & MACD_bull & BB_pctB_0.8-1.0 & ADX_gt25 & CCI_gt100 & WilliamsR_gt-50,6,916,49.672489082969435,0.0017463148233269432,-0.0007451956238477867,1.938610387893457
422,MACD_bull & ADX_gt25 & CCI_gt100 & EMA9_gt_EMA21 & ROC10_pos,5,2518,49.28514694201747,0.0016923945341826123,-0.017110604504630214,2.1295129302949625
423,RSI_50_70 & ADX_gt25 & Stoch_bull & VolRatio_gt1.2 & WilliamsR_gt-50 & EMA9_gt_EMA21 & ROC10_pos,7,70,42.857142857142854,0.0016798659172843654,-0.3884816214166412,2.4639805633909337
424,MACD_bull & ADX_gt25 & CCI_gt100 & EMA9_gt_EMA21,4,2519,49.265581579992066,0.0015611899895078593,-0.017361805458254987,2.12910037774096
425,MACD_bull & ADX_gt25 & EMA9_gt_EMA21,3,3865,49.23673997412678,0.0013040225851698474,-0.017615084265092434,2.081624898730089
426,RSI_50_70 & CCI_gt100 & EMA9_gt_EMA21 & ROC10_pos,4,4639,49.04074153912481,0.0012043204041768312,-0.023046470435866724,1.8946219873019567
427,RSI_50_70 & CCI_gt100 & WilliamsR_gt-50 & EMA9_gt_EMA21 & ROC10_pos,5,4615,49.100758396533045,0.0010266629648235767,-0.021711882082196828,1.89460814561639
428,RSI_50_70 & MACD_bull & ADX_gt25 & Stoch_bull & VolRatio_gt1.2 & WilliamsR_gt-50 & ROC10_pos,7,43,41.86046511627907,0.0009965408644005505,-0.3430665844548358,2.7300341133466386
429,RSI_50_70 & MACD_bull & ADX_gt25 & CCI_gt100 & WilliamsR_gt-50 & EMA9_gt_EMA21 & ROC10_pos,7,1107,49.59349593495935,0.00013176423399462983,-0.001733713086975523,1.972502681166009
430,MACD_bull & EMA9_gt_EMA21,2,10478,49.303302156900166,1.318806386028998e-06,-0.015821175093358376,1.9845203073695143
431,RSI_50_70 & MACD_bull & ADX_gt25 & CCI_gt100 & WilliamsR_gt-50 & EMA9_gt_EMA21,6,1108,49.54873646209386,-0.00016511628742730844,-0.005163905854851167,1.9716371049497359
432,RSI_50_70 & MACD_bull & BB_pctB_0.8-1.0 & ADX_gt25 & CCI_gt100 & ROC10_pos,6,919,49.61915125136017,-0.0003721832625061254,-0.0014903912476955735,1.9394886678985246
433,RSI_50_70 & ADX_gt25 & CCI_gt100 & WilliamsR_gt-50 & EMA9_gt_EMA21,5,1314,50.15220700152207,-0.0003809216345268998,0.008170609975140675,1.967865597678992
434,RSI_50_70 & CCI_gt100,2,5017,49.2724735897947,-0.00044421707823348686,-0.017521980958479857,1.9012020238815248
435,ADX_gt25 & Stoch_bull & CCI_gt100 & EMA9_gt_EMA21 & ROC10_pos,5,114,47.368421052631575,-0.000502572986088413,-0.12330743913336156,2.088163707082568
436,MACD_bull & BB_pctB_0.8-1.0 & ADX_gt25 & Stoch_bull & WilliamsR_gt-50 & EMA9_gt_EMA21 & ROC10_pos,7,91,46.15384615384615,-0.000551017855176341,-0.19285695853711207,2.444280059501633
437,RSI_50_70 & CCI_gt100 & WilliamsR_gt-50,3,4989,49.328522750050105,-0.0005843248026380437,-0.015387901893028846,1.9019432875575566
438,RSI_50_70 & MACD_bull & ADX_gt25 & Stoch_bull & EMA9_gt_EMA21 & ROC10_pos,6,200,45.0,-0.000726552150573383,-0.1915626095787773,2.0436873090205707
439,RSI_50_70 & MACD_bull & BB_pctB_0.8-1.0 & ADX_gt25 & CCI_gt100,5,920,49.56521739130435,-0.0007291829040702556,-0.005042244935211192,1.9384645224869979
440,MACD_bull & EMA9_gt_EMA21 & ROC10_pos,3,9942,49.28585797626232,-0.000845135729685757,-0.015507061907690268,1.9903472569797678
441,RSI_50_70 & CCI_gt100 & ROC10_pos,3,4970,49.21529175050302,-0.0011351984193579258,-0.01992152521544195,1.9056789723450425
442,RSI_50_70 & MACD_bull & ADX_gt25 & Stoch_bull & EMA9_gt_EMA21,5,211,45.023696682464454,-0.0012279874724953944,-0.13527289852452587,2.011381190116512
443,RSI_50_70 & ADX_gt25 & CCI_gt100 & WilliamsR_gt-50 & EMA9_gt_EMA21 & ROC10_pos,6,1312,50.15243902439024,-0.001299461401004578,0.008170609975140675,1.9688886766376408
444,RSI_50_70 & CCI_gt100 & WilliamsR_gt-50 & ROC10_pos,4,4945,49.2618806875632,-0.0013297898310840198,-0.017521980958479857,1.9059117036402042
445,BB_pctB_0.8-1.0 & CCI_gt100 & WilliamsR_gt-50 & EMA9_gt_EMA21,4,4306,49.23362749651649,-0.0014284008672249273,-0.017568532611786147,1.9228594851281002
446,RSI_50_70 & MACD_bull & ADX_gt25 & Stoch_bull & WilliamsR_gt-50 & ROC10_pos,6,221,46.15384615384615,-0.0016048043120763169,-0.120187421463236,2.028473534019484
447,BB_pctB_0.8-1.0 & CCI_gt100 & WilliamsR_gt-50 & EMA9_gt_EMA21 & ROC10_pos,5,4285,49.194865810968494,-0.0018398794521457395,-0.01842668972076851,1.926187921199927
448,BB_pctB_0.8-1.0 & CCI_gt100 & EMA9_gt_EMA21,3,4311,49.199721642310365,-0.002088669838011936,-0.01842668972076851,1.9226395107403618
449,BB_pctB_0.8-1.0 & CCI_gt100 & EMA9_gt_EMA21 & ROC10_pos,4,4290,49.16083916083916,-0.002502900930033419,-0.0202610855253275,1.9259632334824677
450,RSI_50_70 & MACD_bull & ADX_gt25 & CCI_gt100 & EMA9_gt_EMA21 & ROC10_pos,6,1115,49.506726457399104,-0.0028256879915070743,-0.00859409862272681,1.9716566845630448
451,RSI_50_70 & Stoch_bull & EMA9_gt_EMA21,3,2589,48.8605639242951,-0.003011328516791206,-0.025454617764387025,1.880006480635381
452,RSI_50_70 & MACD_bull & ADX_gt25 & CCI_gt100 & EMA9_gt_EMA21,5,1116,49.46236559139785,-0.0031177902903511655,-0.011705052374996795,1.9707972644283802
453,ADX_gt25 & Stoch_bull & CCI_gt100 & EMA9_gt_EMA21,4,115,46.95652173913044,-0.0033574362949182345,-0.18181738915381493,2.0792883477585393
454,RSI_50_70 & ADX_gt25 & CCI_gt100 & EMA9_gt_EMA21,4,1327,49.962321024868125,-0.0034010866527605303,0.0,1.9645488787427443
455,MACD_bull & BB_pctB_0.8-1.0 & ADX_gt25 & Stoch_bull & WilliamsR_gt-50 & EMA9_gt_EMA21,6,92,45.65217391304348,-0.004119070416549532,-0.19935207334257143,2.4311979060441953
456,RSI_50_70 & ADX_gt25 & CCI_gt100 & EMA9_gt_EMA21 & ROC10_pos,5,1324,50.0,-0.0042069224920268196,0.001860620467006661,1.966295414508562
457,MACD_bull & WilliamsR_gt-50 & EMA9_gt_EMA21,3,9797,49.198734306420334,-0.00475828762287192,-0.018454125626706543,1.9777318492154903
458,MACD_bull & WilliamsR_gt-50 & EMA9_gt_EMA21 & ROC10_pos,4,9469,49.23434364769247,-0.0048476598168071105,-0.017361805458254987,1.9819311688120314
459,RSI_50_70 & MACD_bull & BB_pctB_0.8-1.0 & ADX_gt25 & VolRatio_gt1.2 & EMA9_gt_EMA21 & ROC10_pos,7,175,50.28571428571429,-0.005039277605791851,0.04754521527548822,2.3117421249887347
460,RSI_50_70 & MACD_bull & BB_pctB_0.8-1.0 & ADX_gt25 & VolRatio_gt1.2 & WilliamsR_gt-50 & EMA9_gt_EMA21 & ROC10_pos,8,175,50.28571428571429,-0.005039277605791851,0.04754521527548822,2.3117421249887347
461,MACD_bull & Stoch_bull & WilliamsR_gt-50,3,2011,47.339632023868724,-0.005129153108262729,-0.07102824402356578,1.9857658254960338
462,MACD_bull & BB_pctB_0.8-1.0 & CCI_gt100 & WilliamsR_gt-50 & EMA9_gt_EMA21,5,4013,49.01569897832046,-0.005609335745043832,-0.023046470435866724,1.9281307812891755
463,Stoch_bull & VolRatio_gt1.2,2,1542,48.249027237354085,-0.005742311027987601,-0.06177295179241976,2.377990662797305
464,RSI_50_70 & MACD_bull & ADX_gt25 & ROC10_pos,4,2366,49.070160608622146,-0.005867910030008527,-0.020933486459515184,1.9852397361701302
465,MACD_bull & BB_pctB_0.8-1.0 & CCI_gt100 & WilliamsR_gt-50 & EMA9_gt_EMA21 & ROC10_pos,6,3994,48.97346019028543,-0.005924736249177268,-0.02415260121719088,1.9313110104887778
466,RSI_50_70 & Stoch_bull & WilliamsR_gt-50,3,2590,49.536679536679536,-0.006050606153867362,-0.014451452105589556,1.9222834573770946
467,MACD_bull & ADX_gt25 & Stoch_bull & WilliamsR_gt-50 & ROC10_pos,5,448,46.205357142857146,-0.006237787596026937,-0.11164490665047244,1.9516145392139181
468,MACD_bull & ADX_gt25 & WilliamsR_gt-50 & EMA9_gt_EMA21 & ROC10_pos,5,3690,49.05149051490515,-0.00630284651909589,-0.020429743169801978,2.0818375923494883
469,MACD_bull & BB_pctB_0.8-1.0 & CCI_gt100 & EMA9_gt_EMA21,4,4018,48.97959183673469,-0.006312549995584819,-0.02415260121719088,1.927887321236368
470,RSI_50_70 & MACD_bull & BB_pctB_0.8-1.0 & ADX_gt25 & CCI_gt100 & WilliamsR_gt-50 & EMA9_gt_EMA21 & ROC10_pos,8,846,49.40898345153664,-0.0065534059054786695,-0.011705052374996795,1.9412675301539302
471,MACD_bull & BB_pctB_0.8-1.0 & CCI_gt100 & EMA9_gt_EMA21 & ROC10_pos,5,3999,48.937234308577146,-0.006630897253466587,-0.025333050845491777,1.931062707142246
472,RSI_50_70 & BB_pctB_0.8-1.0 & ADX_gt25 & VolRatio_gt1.2 & CCI_gt100 & EMA9_gt_EMA21,6,204,50.0,-0.0067828407927474086,-0.003961621396068734,2.2861742596544787
473,RSI_50_70 & BB_pctB_0.8-1.0 & ADX_gt25 & VolRatio_gt1.2 & CCI_gt100 & WilliamsR_gt-50 & EMA9_gt_EMA21,7,204,50.0,-0.0067828407927474086,-0.003961621396068734,2.2861742596544787
474,RSI_50_70 & BB_pctB_0.8-1.0 & ADX_gt25 & VolRatio_gt1.2 & CCI_gt100 & EMA9_gt_EMA21 & ROC10_pos,7,204,50.0,-0.0067828407927474086,-0.003961621396068734,2.2861742596544787
475,RSI_50_70 & BB_pctB_0.8-1.0 & ADX_gt25 & VolRatio_gt1.2 & CCI_gt100 & WilliamsR_gt-50 & EMA9_gt_EMA21 & ROC10_pos,8,204,50.0,-0.0067828407927474086,-0.003961621396068734,2.2861742596544787
476,RSI_50_70 & MACD_bull & BB_pctB_0.8-1.0 & ADX_gt25 & CCI_gt100 & WilliamsR_gt-50 & EMA9_gt_EMA21,7,847,49.35064935064935,-0.006933876327669973,-0.014816006127266778,1.9401527859748104
477,BB_pctB_0.8-1.0 & CCI_gt100 & WilliamsR_gt-50 & ROC10_pos,4,4516,49.158547387068204,-0.00712424217942704,-0.021473234177540053,1.9327935271091727
478,BB_pctB_0.8-1.0 & CCI_gt100 & ROC10_pos,3,4521,49.12629949126299,-0.0077475424064789595,-0.021973058281819138,1.9325720504517394
479,BB_pctB_0.8-1.0 & CCI_gt100 & WilliamsR_gt-50,3,4540,49.18502202643172,-0.007785235255278533,-0.020764828815040704,1.9303367187176488
480,RSI_50_70 & MACD_bull & ADX_gt25,3,2440,49.05737704918033,-0.007842294452205155,-0.021442031651383493,1.973707873427981
481,MACD_bull & ADX_gt25 & WilliamsR_gt-50 & EMA9_gt_EMA21,4,3740,49.06417112299465,-0.008327665417988723,-0.020429743169801978,2.0751759285729476
482,BB_pctB_0.8-1.0 & CCI_gt100,2,4545,49.152915291529155,-0.008404516962896237,-0.02182205501599803,1.930118624559406
483,RSI_50_70 & MACD_bull & CCI_gt100 & EMA9_gt_EMA21,4,4340,48.64055299539171,-0.008699084488148424,-0.03897489523477815,1.8927764359326307
484,RSI_50_70 & MACD_bull & CCI_gt100 & WilliamsR_gt-50 & EMA9_gt_EMA21,5,4320,48.68055555555556,-0.00879151032342608,-0.03853440533593795,1.8923846239071787
485,RSI_50_70 & MACD_bull & BB_pctB_0.8-1.0 & ADX_gt25 & CCI_gt100 & EMA9_gt_EMA21 & ROC10_pos,7,850,49.29411764705882,-0.00919371064229066,-0.01583770483913611,1.9410859111339847
486,RSI_50_70 & MACD_bull & BB_pctB_0.8-1.0 & ADX_gt25 & CCI_gt100 & EMA9_gt_EMA21,6,851,49.23619271445359,-0.009569290128611727,-0.01685940355100544,1.939976005326569
487,RSI_50_70 & MACD_bull & CCI_gt100 & WilliamsR_gt-50 & EMA9_gt_EMA21 & ROC10_pos,6,4287,48.635409377186846,-0.009751339529283039,-0.03893206469292048,1.8963246943814809
488,RSI_50_70 & MACD_bull & CCI_gt100 & EMA9_gt_EMA21 & ROC10_pos,5,4306,48.58337203901533,-0.009783216188215323,-0.0390921643850642,1.896901659847937
489,MACD_bull & ADX_gt25 & Stoch_bull & VolRatio_gt1.2 & WilliamsR_gt-50 & EMA9_gt_EMA21 & ROC10_pos,7,36,38.88888888888889,-0.010219263516770093,-0.3884816214166412,2.7515876789910814
490,RSI_50_70 & Stoch_bull,2,3452,49.27578215527231,-0.010300337064315055,-0.01905002700298398,1.9055286066023225
491,MACD_bull & BB_pctB_0.8-1.0 & CCI_gt100 & WilliamsR_gt-50 & ROC10_pos,5,4224,48.95833333333333,-0.01036011693200539,-0.026760007355796762,1.9372235541008513
492,RSI_50_70 & MACD_bull & CCI_gt100 & WilliamsR_gt-50 & ROC10_pos,5,4616,48.85181975736568,-0.010599305886294702,-0.03213863706702609,1.9074992264414863
493,RSI_50_70 & MACD_bull & CCI_gt100 & ROC10_pos,4,4636,48.81363244176014,-0.010604799507629225,-0.0336260402228587,1.907781158662466
494,RSI_50_70 & MACD_bull & CCI_gt100 & WilliamsR_gt-50,4,4652,48.88220120378332,-0.01074952874057321,-0.030571343734609208,1.9045089169577905
495,RSI_50_70 & MACD_bull & CCI_gt100,3,4674,48.84467265725289,-0.010771060872892107,-0.03328625385702155,1.9044346519583364
496,RSI_50_70 & MACD_bull,2,9066,48.908007941760424,-0.010963419075397196,-0.029439147711955417,1.9268812770477914
497,RSI_50_70 & Stoch_bull & WilliamsR_gt-50 & EMA9_gt_EMA21,4,1942,49.330587023686924,-0.010974303023501598,-0.018615565922564754,1.8912806496470305
498,MACD_bull & BB_pctB_0.8-1.0 & CCI_gt100 & ROC10_pos,4,4229,48.92409553085836,-0.011022628389262143,-0.02816279971746103,1.9369809773103719
499,MACD_bull & BB_pctB_0.8-1.0 & CCI_gt100 & WilliamsR_gt-50,4,4246,48.98728214790391,-0.011190080400679136,-0.025605241598899403,1.934962785742254
500,MACD_bull & BB_pctB_0.8-1.0 & CCI_gt100,3,4251,48.953187485297576,-0.011848186995691004,-0.027642582359286492,1.934723561812528
501,Stoch_bull & WilliamsR_gt-50 & ROC10_pos,3,2498,48.95916733386709,-0.011885257880057487,-0.030666596790679096,1.9041182903032028
502,Stoch_bull & EMA9_gt_EMA21,2,2770,48.73646209386281,-0.012117050362129426,-0.03032005445462295,1.8771675504261507
503,RSI_50_70 & BB_pctB_0.8-1.0 & ADX_gt25 & VolRatio_gt1.2 & WilliamsR_gt-50 & ROC10_pos,6,237,49.36708860759494,-0.012558818496322142,-0.017521980958479857,2.3446315865703715
504,BB_pctB_0.8-1.0 & WilliamsR_gt-50 & EMA9_gt_EMA21,3,4937,49.28093984200932,-0.012636355778664355,-0.017361805458254987,1.9202772576284803
505,BB_pctB_0.8-1.0 & EMA9_gt_EMA21,2,4945,49.22143579373104,-0.01367153749487787,-0.017659470993353774,1.9195973598507254
506,RSI_50_70 & BB_pctB_0.8-1.0 & VolRatio_gt1.2 & WilliamsR_gt-50 & ROC10_pos,5,667,50.07496251874063,-0.013910481927188663,0.006892763335129311,2.3547740854104955
507,RSI_50_70 & MACD_bull & EMA9_gt_EMA21,3,7969,48.96473836114946,-0.014162927800233732,-0.025333050845491777,1.9262892349590386
508,RSI_50_70 & Stoch_bull & VolRatio_gt1.2 & EMA9_gt_EMA21 & ROC10_pos,5,266,48.1203007518797,-0.014742240099281602,-0.04045496360329566,2.285064733138786
509,RSI_50_70 & MACD_bull & BB_pctB_0.8-1.0 & ADX_gt25 & VolRatio_gt1.2 & EMA9_gt_EMA21,6,176,50.0,-0.015036689424753719,0.01636460457411072,2.3089560621546696
510,RSI_50_70 & MACD_bull & BB_pctB_0.8-1.0 & ADX_gt25 & VolRatio_gt1.2 & WilliamsR_gt-50 & EMA9_gt_EMA21,7,176,50.0,-0.015036689424753719,0.01636460457411072,2.3089560621546696
511,RSI_50_70 & Stoch_bull & EMA9_gt_EMA21 & ROC10_pos,4,1689,49.02309058614564,-0.015452423407117059,-0.021326515789023337,1.8680200324648726
512,Stoch_bull & WilliamsR_gt-50 & EMA9_gt_EMA21,3,1970,49.13705583756345,-0.015567272735336528,-0.020215792119648086,1.8861888794811035
513,RSI_50_70 & BB_pctB_0.8-1.0 & VolRatio_gt1.2 & WilliamsR_gt-50,4,677,49.926144756277694,-0.015582231923174554,-0.014816006127266778,2.3402244234869736
514,RSI_50_70 & MACD_bull & WilliamsR_gt-50,3,8675,48.876080691642656,-0.015624677468489266,-0.031185847565366763,1.9156703603993444
515,BB_pctB_0.8-1.0 & WilliamsR_gt-50 & EMA9_gt_EMA21 & ROC10_pos,4,4898,49.18334013883218,-0.01569434619079013,-0.018765879085520673,1.924556068420902
516,RSI_50_70 & MACD_bull & EMA9_gt_EMA21 & ROC10_pos,4,7610,48.922470433639944,-0.015738304037435168,-0.0253938343049394,1.9304613833802526
517,BB_pctB_0.8-1.0 & WilliamsR_gt-50,2,5269,49.23135319795027,-0.016180665700963767,-0.01910506845027284,1.9244809353729417
518,BB_pctB_0.8-1.0 & EMA9_gt_EMA21 & ROC10_pos,3,4906,49.123522217692624,-0.016732770500488218,-0.020764828815040704,1.923863662943516
519,RSI_50_70 & MACD_bull & ADX_gt25 & EMA9_gt_EMA21 & ROC10_pos,5,2151,48.81450488145049,-0.016797472506477635,-0.02816279971746103,1.9929967220939184
520,RSI_50_70 & MACD_bull & ROC10_pos,3,8605,48.785589773387564,-0.017034933927599014,-0.03309142656868541,1.930032499011492
521,RSI_50_70 & MACD_bull & Stoch_bull & VolRatio_gt1.2 & WilliamsR_gt-50 & EMA9_gt_EMA21,6,150,43.333333333333336,-0.017052961930417943,-0.2834544855345885,2.5980945636806556
522,RSI_50_70 & BB_pctB_0.8-1.0 & VolRatio_gt1.2 & ROC10_pos,4,668,50.0,-0.017099735374292362,-0.003961621396068734,2.354452045732984
523,BB_pctB_0.8-1.0 & ADX_gt25 & Stoch_bull & CCI_gt100 & EMA9_gt_EMA21 & ROC10_pos,6,93,48.38709677419355,-0.018585812262109133,-0.060609718040724576,2.115743541250565
524,RSI_50_70 & BB_pctB_0.8-1.0 & VolRatio_gt1.2,3,678,49.852507374631266,-0.018721980525931634,-0.01616899354287332,2.339924481112673
525,RSI_50_70 & MACD_bull & BB_pctB_0.8-1.0 & ADX_gt25 & Stoch_bull & WilliamsR_gt-50 & EMA9_gt_EMA21 & ROC10_pos,8,84,45.23809523809524,-0.018837237193106714,-0.19935207334257143,2.4763073322166553
526,BB_pctB_0.8-1.0 & WilliamsR_gt-50 & ROC10_pos,3,5224,49.119448698315466,-0.018901959807767654,-0.022429238243613762,1.9280469990815106
527,MACD_bull & BB_pctB_0.8-1.0 & WilliamsR_gt-50 & EMA9_gt_EMA21,4,4529,48.99536321483771,-0.018979868376119695,-0.02430809868706597,1.9293090773315096
528,RSI_50_70 & MACD_bull & Stoch_bull & VolRatio_gt1.2 & EMA9_gt_EMA21,5,155,43.225806451612904,-0.019123011485659723,-0.27120850420084325,2.5903437317835314
529,BB_pctB_0.8-1.0,1,5281,49.13842075364514,-0.019368354189728182,-0.021973058281819138,1.9255836180022903
530,RSI_50_70 & Stoch_bull & WilliamsR_gt-50 & EMA9_gt_EMA21 & ROC10_pos,5,1498,49.198931909212284,-0.019538540086602253,-0.018929871582756164,1.894664260845528
531,RSI_50_70 & MACD_bull & ADX_gt25 & WilliamsR_gt-50 & ROC10_pos,5,2268,48.85361552028218,-0.019737312598419605,-0.026808708740924028,1.966559099538609
532,MACD_bull & BB_pctB_0.8-1.0 & EMA9_gt_EMA21,3,4535,48.95259095920617,-0.019741432428420864,-0.025333050845491777,1.9289027650573285
533,RSI_50_70 & BB_pctB_0.8-1.0 & ADX_gt25 & VolRatio_gt1.2 & WilliamsR_gt-50,5,238,49.159663865546214,-0.019920267820888394,-0.019323197148780967,2.342443732706417
534,MACD_bull & BB_pctB_0.8-1.0 & WilliamsR_gt-50 & EMA9_gt_EMA21 & ROC10_pos,5,4501,48.96689624527883,-0.020381006199504736,-0.024998982747395832,1.9328057797180351
535,MACD_bull & ADX_gt25 & Stoch_bull & EMA9_gt_EMA21,4,223,44.843049327354265,-0.020543592372755503,-0.19026826062044253,2.0023581087867512
536,RSI_50_70 & MACD_bull & ADX_gt25 & WilliamsR_gt-50,4,2323,48.90228153250107,-0.02094447484511108,-0.025454617764387025,1.95818153194712
537,RSI_50_70 & MACD_bull & WilliamsR_gt-50 & EMA9_gt_EMA21,4,7614,48.90990281061203,-0.021019359232979096,-0.02624076421116158,1.9130211940370836
538,MACD_bull & ADX_gt25 & Stoch_bull & EMA9_gt_EMA21 & ROC10_pos,5,212,44.81132075471698,-0.02107276496482371,-0.19331350628663696,2.032522066986989
539,MACD_bull & BB_pctB_0.8-1.0 & EMA9_gt_EMA21 & ROC10_pos,4,4507,48.923896161526514,-0.02114543623062201,-0.02587743235230703,1.9323924757804776
540,RSI_50_70 & Stoch_bull & VolRatio_gt1.2 & WilliamsR_gt-50 & EMA9_gt_EMA21 & ROC10_pos,6,243,48.148148148148145,-0.02117625327729737,-0.060609718040724576,2.304718313952951
541,RSI_50_70 & MACD_bull & ADX_gt25 & EMA9_gt_EMA21,4,2217,48.80469102390618,-0.02138032989700672,-0.02816279971746103,1.9798755229584135
542,RSI_50_70 & BB_pctB_0.8-1.0 & ADX_gt25 & VolRatio_gt1.2 & ROC10_pos,5,238,49.159663865546214,-0.02151584776563365,-0.019323197148780967,2.3437605495241205
543,MACD_bull & BB_pctB_0.8-1.0 & WilliamsR_gt-50,3,4859,48.960691500308705,-0.021591658511001723,-0.027642582359286492,1.9326861800008002
544,RSI_50_70 & MACD_bull & WilliamsR_gt-50 & ROC10_pos,4,8294,48.77019532191946,-0.02187563911760528,-0.033000699303683365,1.9149787941839198
545,BB_pctB_0.8-1.0 & ADX_gt25 & Stoch_bull & CCI_gt100 & EMA9_gt_EMA21,5,94,47.87234042553192,-0.021886089296570894,-0.0627036035768164,2.1047001466139243
546,BB_pctB_0.8-1.0 & ROC10_pos,2,5236,49.02597402597403,-0.0221108076648882,-0.025166016796443806,1.929144396112406
547,RSI_50_70 & MACD_bull & BB_pctB_0.8-1.0 & ADX_gt25 & Stoch_bull & WilliamsR_gt-50 & EMA9_gt_EMA21,7,85,44.70588235294118,-0.022483997384970214,-0.20584718814803082,2.461924608587215
548,MACD_bull & BB_pctB_0.8-1.0 & WilliamsR_gt-50 & ROC10_pos,4,4826,48.922503108164115,-0.02267227153107906,-0.028210022304492374,1.9352753751379344
549,RSI_50_70 & MACD_bull & WilliamsR_gt-50 & EMA9_gt_EMA21 & ROC10_pos,5,7318,48.87947526646625,-0.022942495446999195,-0.02624076421116158,1.914270562276457
550,Stoch_bull & WilliamsR_gt-50 & EMA9_gt_EMA21 & ROC10_pos,4,1523,48.9822718319107,-0.023723382080827242,-0.024600758531730132,1.8890894985017443
551,Stoch_bull & ROC10_pos,2,3108,48.39124839124839,-0.023880605146448672,-0.04983587684851732,1.9337935684780725
552,ADX_gt25 & Stoch_bull & VolRatio_gt1.2 & WilliamsR_gt-50 & EMA9_gt_EMA21 & ROC10_pos,6,73,42.465753424657535,-0.024170857141681223,-0.43389665837844665,2.4432446512382007
553,RSI_50_70 & MACD_bull & BB_pctB_0.8-1.0 & ADX_gt25 & Stoch_bull & CCI_gt100 & EMA9_gt_EMA21 & ROC10_pos,8,60,43.333333333333336,-0.024308491910783044,-0.22808073494949732,2.316282265794591
554,RSI_50_70 & ADX_gt25 & Stoch_bull & CCI_gt100 & EMA9_gt_EMA21 & ROC10_pos,6,105,46.666666666666664,-0.024448896786661442,-0.18181738915381493,2.091466799394224
555,MACD_bull & BB_pctB_0.8-1.0,2,4869,48.88067364962004,-0.02470522229555787,-0.028278059627438724,1.9341754810192213
556,MACD_bull & BB_pctB_0.8-1.0 & ADX_gt25 & Stoch_bull & CCI_gt100 & WilliamsR_gt-50 & ROC10_pos,7,69,44.927536231884055,-0.02501364335096513,-0.19285695853711207,2.328093651553265
557,Stoch_bull & EMA9_gt_EMA21 & ROC10_pos,3,1733,48.75937680323139,-0.025738923518999948,-0.02696034888282197,1.8598786358221282
558,MACD_bull & BB_pctB_0.8-1.0 & ROC10_pos,3,4836,48.842018196856905,-0.025804847200393194,-0.029391918780307915,1.9367657220695362
559,RSI_50_70 & BB_pctB_0.8-1.0 & CCI_gt100 & WilliamsR_gt-50 & EMA9_gt_EMA21,5,3195,48.544600938967136,-0.026156158500401525,-0.03901772577663582,1.857264755871362
560,RSI_50_70 & BB_pctB_0.8-1.0 & CCI_gt100 & WilliamsR_gt-50 & EMA9_gt_EMA21 & ROC10_pos,6,3174,48.48771266540643,-0.026875272755815013,-0.03951572399142808,1.8614660066420878
561,RSI_50_70 & MACD_bull & BB_pctB_0.8-1.0 & ADX_gt25 & WilliamsR_gt-50 & ROC10_pos,6,1060,48.867924528301884,-0.026882609490634438,-0.028212437705833118,1.9261027805069868
562,RSI_50_70 & BB_pctB_0.8-1.0 & CCI_gt100 & EMA9_gt_EMA21,4,3200,48.5,-0.027007027483181803,-0.03951572399142808,1.8570506271114422
563,RSI_50_70 & ADX_gt25 & Stoch_bull & CCI_gt100 & EMA9_gt_EMA21,5,106,46.22641509433962,-0.02732024543491476,-0.1873371738454635,2.0817859419052738
564,RSI_50_70 & BB_pctB_0.8-1.0 & CCI_gt100 & EMA9_gt_EMA21 & ROC10_pos,5,3179,48.44290657439446,-0.02773063141376398,-0.04075488018896957,1.8612440172204971
565,RSI_50_70 & MACD_bull & BB_pctB_0.8-1.0 & CCI_gt100 & WilliamsR_gt-50 & EMA9_gt_EMA21,6,2953,48.35760243819844,-0.02860842776481417,-0.043861489850912046,1.8551054165551413
566,RSI_50_70 & BB_pctB_0.8-1.0 & VolRatio_gt1.2 & CCI_gt100,4,571,49.56217162872154,-0.02867597470473495,-0.021124413339082077,2.385974104989531
567,RSI_50_70 & BB_pctB_0.8-1.0 & VolRatio_gt1.2 & CCI_gt100 & WilliamsR_gt-50,5,571,49.56217162872154,-0.02867597470473495,-0.021124413339082077,2.385974104989531
568,RSI_50_70 & MACD_bull & BB_pctB_0.8-1.0 & ADX_gt25 & WilliamsR_gt-50,5,1062,48.7758945386064,-0.02880316541555283,-0.029109457799028425,1.9250482630646417
569,RSI_50_70 & BB_pctB_0.8-1.0 & ADX_gt25 & VolRatio_gt1.2,4,239,48.95397489539749,-0.02880901893708746,-0.021124413339082077,2.3415568878057456
570,RSI_50_70 & MACD_bull & BB_pctB_0.8-1.0 & CCI_gt100 & WilliamsR_gt-50 & EMA9_gt_EMA21 & ROC10_pos,7,2934,48.29584185412406,-0.029186714186724385,-0.045931192473932625,1.8591158907605458
571,RSI_50_70 & MACD_bull & BB_pctB_0.8-1.0 & ADX_gt25 & Stoch_bull & CCI_gt100 & EMA9_gt_EMA21,7,61,42.62295081967213,-0.029300350297516344,-0.2503142817509638,2.297543286485079
572,MACD_bull & BB_pctB_0.8-1.0 & ADX_gt25 & Stoch_bull & CCI_gt100 & WilliamsR_gt-50,6,70,44.285714285714285,-0.02935361778168724,-0.19935207334257143,2.311685712553896
573,RSI_50_70 & MACD_bull & BB_pctB_0.8-1.0 & CCI_gt100 & EMA9_gt_EMA21,5,2958,48.30966869506423,-0.0295247629232235,-0.045931192473932625,1.8548759218818667
574,RSI_50_70 & MACD_bull & BB_pctB_0.8-1.0 & CCI_gt100 & EMA9_gt_EMA21 & ROC10_pos,6,2939,48.24770330044233,-0.03010798943900925,-0.04800572747885933,1.8588783065968966
575,RSI_50_70 & BB_pctB_0.8-1.0 & VolRatio_gt1.2 & CCI_gt100 & ROC10_pos,5,568,49.647887323943664,-0.03026183070104503,-0.019323197148780967,2.390280658420462
576,RSI_50_70 & BB_pctB_0.8-1.0 & VolRatio_gt1.2 & CCI_gt100 & WilliamsR_gt-50 & ROC10_pos,6,568,49.647887323943664,-0.03026183070104503,-0.019323197148780967,2.390280658420462
577,RSI_50_70 & MACD_bull & ADX_gt25 & Stoch_bull & CCI_gt100 & WilliamsR_gt-50 & EMA9_gt_EMA21 & ROC10_pos,8,64,43.75,-0.030372265866972836,-0.21142379362476135,2.2564779057033144
578,RSI_50_70 & MACD_bull & BB_pctB_0.8-1.0 & ADX_gt25 & VolRatio_gt1.2 & CCI_gt100 & EMA9_gt_EMA21,7,164,50.0,-0.031022790911894912,0.01636460457411072,2.304676753649143
579,RSI_50_70 & MACD_bull & BB_pctB_0.8-1.0 & ADX_gt25 & VolRatio_gt1.2 & CCI_gt100 & WilliamsR_gt-50 & EMA9_gt_EMA21,8,164,50.0,-0.031022790911894912,0.01636460457411072,2.304676753649143
580,RSI_50_70 & MACD_bull & BB_pctB_0.8-1.0 & ADX_gt25 & VolRatio_gt1.2 & CCI_gt100 & EMA9_gt_EMA21 & ROC10_pos,8,164,50.0,-0.031022790911894912,0.01636460457411072,2.304676753649143
581,RSI_50_70 & MACD_bull & BB_pctB_0.8-1.0 & ADX_gt25 & VolRatio_gt1.2 & CCI_gt100 & WilliamsR_gt-50 & EMA9_gt_EMA21 & ROC10_pos,9,164,50.0,-0.031022790911894912,0.01636460457411072,2.304676753649143
582,Stoch_bull & VolRatio_gt1.2 & EMA9_gt_EMA21 & ROC10_pos,4,272,47.794117647058826,-0.031874568527437384,-0.055686149615662234,2.274060457025265
583,Stoch_bull & VolRatio_gt1.2 & WilliamsR_gt-50 & EMA9_gt_EMA21 & ROC10_pos,5,247,47.77327935222672,-0.032307214329899754,-0.12402970303525494,2.2962166254662377
584,RSI_50_70 & BB_pctB_0.8-1.0 & ADX_gt25 & CCI_gt100 & WilliamsR_gt-50 & ROC10_pos,6,1065,49.389671361502344,-0.03244742793414314,-0.014816006127266778,1.944744625658492
585,RSI_50_70 & BB_pctB_0.8-1.0 & ADX_gt25 & CCI_gt100 & WilliamsR_gt-50,5,1066,49.34333958724203,-0.032725443342742924,-0.01583770483913611,1.9438534161586074
586,RSI_50_70 & MACD_bull & BB_pctB_0.8-1.0 & ADX_gt25 & ROC10_pos,5,1067,48.641049671977505,-0.033668391355696194,-0.039921810968782105,1.9257365162354048
587,MACD_bull & ADX_gt25 & Stoch_bull & CCI_gt100 & WilliamsR_gt-50 & EMA9_gt_EMA21 & ROC10_pos,7,70,44.285714285714285,-0.03367704274167541,-0.21142379362476135,2.2579459348583377
588,RSI_50_70 & BB_pctB_0.8-1.0 & ADX_gt25 & CCI_gt100 & ROC10_pos,5,1069,49.298409728718426,-0.03444993769857302,-0.01685940355100544,1.944560557060658
589,RSI_50_70 & BB_pctB_0.8-1.0 & ADX_gt25 & CCI_gt100,4,1070,49.252336448598136,-0.03472504229278137,-0.017110604504630214,1.9436724839196102
590,RSI_50_70 & BB_pctB_0.8-1.0 & CCI_gt100 & WilliamsR_gt-50 & ROC10_pos,5,3385,48.44903988183161,-0.03485645363257932,-0.043861489850912046,1.8750613763668587
591,RSI_50_70 & MACD_bull & ADX_gt25 & Stoch_bull & CCI_gt100 & WilliamsR_gt-50 & EMA9_gt_EMA21,7,65,43.07692307692308,-0.034963644138273464,-0.21700039910149188,2.2393543658480306
592,RSI_50_70 & MACD_bull & BB_pctB_0.8-1.0 & ADX_gt25 & WilliamsR_gt-50 & EMA9_gt_EMA21 & ROC10_pos,7,974,48.56262833675565,-0.03511468196356617,-0.03493932543631688,1.9334882989032387
593,RSI_50_70 & MACD_bull & BB_pctB_0.8-1.0 & VolRatio_gt1.2 & CCI_gt100,5,510,49.411764705882355,-0.035132606283993596,-0.022429238243613762,2.420881971008575
594,RSI_50_70 & MACD_bull & BB_pctB_0.8-1.0 & VolRatio_gt1.2 & CCI_gt100 & WilliamsR_gt-50,6,510,49.411764705882355,-0.035132606283993596,-0.022429238243613762,2.420881971008575
595,RSI_50_70 & BB_pctB_0.8-1.0 & CCI_gt100 & WilliamsR_gt-50,4,3409,48.489293047814606,-0.035541503644163384,-0.04251026083936809,1.8720896806503755
596,RSI_50_70 & MACD_bull & BB_pctB_0.8-1.0 & ADX_gt25,4,1069,48.55004677268475,-0.035563675573220224,-0.04075488018896957,1.9246827064399763
597,RSI_50_70 & BB_pctB_0.8-1.0 & CCI_gt100 & ROC10_pos,4,3390,48.4070796460177,-0.03564680149961057,-0.045931192473932625,1.8748313593333563
598,RSI_50_70 & MACD_bull & ADX_gt25 & WilliamsR_gt-50 & EMA9_gt_EMA21 & ROC10_pos,6,2056,48.492217898832685,-0.03606124765263112,-0.04292726132081732,1.9733167542523065
599,RSI_50_70 & MACD_bull & BB_pctB_0.8-1.0 & CCI_gt100 & WilliamsR_gt-50 & ROC10_pos,6,3144,48.282442748091604,-0.03630068141059228,-0.04851716663530988,1.8727412444133067
600,RSI_50_70 & BB_pctB_0.8-1.0 & CCI_gt100,3,3414,48.44756883421207,-0.03632529216764846,-0.043969816841347896,1.8718649888660313
601,MACD_bull & ADX_gt25 & Stoch_bull & VolRatio_gt1.2 & EMA9_gt_EMA21,5,39,38.46153846153847,-0.036900137341997534,-0.3430665844548358,2.686989271630178
602,RSI_50_70 & MACD_bull & BB_pctB_0.8-1.0 & CCI_gt100 & ROC10_pos,5,3149,48.23753572562718,-0.03714922321127373,-0.04912418112051226,1.872496334313657
603,RSI_50_70 & MACD_bull & BB_pctB_0.8-1.0 & ADX_gt25 & WilliamsR_gt-50 & EMA9_gt_EMA21,6,976,48.46311475409836,-0.03718759820057178,-0.040338345578875834,1.9323211662535735
604,RSI_50_70 & MACD_bull & BB_pctB_0.8-1.0 & CCI_gt100 & WilliamsR_gt-50,5,3166,48.32596336070752,-0.03723350910151452,-0.04808761851045344,1.8700464023758832
605,RSI_50_70 & MACD_bull & BB_pctB_0.8-1.0 & VolRatio_gt1.2 & CCI_gt100 & ROC10_pos,6,508,49.40944881889764,-0.03767796815103946,-0.022429238243613762,2.423503508005109
606,RSI_50_70 & MACD_bull & BB_pctB_0.8-1.0 & VolRatio_gt1.2 & CCI_gt100 & WilliamsR_gt-50 & ROC10_pos,7,508,49.40944881889764,-0.03767796815103946,-0.022429238243613762,2.423503508005109
607,MACD_bull & ADX_gt25 & Stoch_bull & CCI_gt100 & WilliamsR_gt-50 & EMA9_gt_EMA21,6,71,43.66197183098591,-0.03783387106223654,-0.21700039910149188,2.2422582519648375
608,RSI_50_70 & MACD_bull & BB_pctB_0.8-1.0 & ADX_gt25 & EMA9_gt_EMA21 & ROC10_pos,6,979,48.4167517875383,-0.037983844261970635,-0.04075488018896957,1.9324622596330296
609,RSI_50_70 & MACD_bull & BB_pctB_0.8-1.0 & CCI_gt100,4,3171,48.28129927467676,-0.038074692952631294,-0.0489362415428371,1.8698066757896297
610,MACD_bull & Stoch_bull & VolRatio_gt1.2 & EMA9_gt_EMA21,4,158,43.037974683544306,-0.03829425913775422,-0.2834544855345885,2.575435728409109
611,RSI_50_70 & ADX_gt25 & Stoch_bull & VolRatio_gt1.2 & WilliamsR_gt-50 & ROC10_pos,6,79,43.037974683544306,-0.03890012658410312,-0.43389665837844665,2.466614585535546
612,Stoch_bull & CCI_gt100 & WilliamsR_gt-50 & EMA9_gt_EMA21 & ROC10_pos,5,305,45.90163934426229,-0.03982758654227323,-0.12966774390833646,2.0762199101219703
613,RSI_50_70 & BB_pctB_0.8-1.0 & WilliamsR_gt-50 & EMA9_gt_EMA21,4,3707,48.61073644456434,-0.03994859997940739,-0.0387155590839085,1.8614258915782658
614,RSI_50_70 & MACD_bull & BB_pctB_0.8-1.0 & ADX_gt25 & EMA9_gt_EMA21,5,981,48.318042813455655,-0.040040345712246544,-0.04809809172778266,1.9312995065677987
615,RSI_50_70 & MACD_bull & ADX_gt25 & WilliamsR_gt-50 & EMA9_gt_EMA21,5,2105,48.503562945368174,-0.040434719516941234,-0.04075488018896957,1.9627141052519752
616,MACD_bull & Stoch_bull & VolRatio_gt1.2 & WilliamsR_gt-50 & EMA9_gt_EMA21,5,152,42.76315789473684,-0.040522300313747935,-0.29579874644864196,2.590696838152106
617,Stoch_bull & VolRatio_gt1.2 & WilliamsR_gt-50 & ROC10_pos,4,396,48.73737373737374,-0.040628441238899166,-0.04497872969047641,2.4325751771238986
618,RSI_50_70 & BB_pctB_0.8-1.0 & ADX_gt25 & WilliamsR_gt-50,4,1260,49.047619047619044,-0.04107667628132318,-0.0220854418874744,1.9249119652943523
619,RSI_50_70 & Stoch_bull & WilliamsR_gt-50 & ROC10_pos,4,1913,48.771562990067956,-0.041229161569716004,-0.031185847565366763,1.9087681360721285
620,RSI_50_70 & BB_pctB_0.8-1.0 & EMA9_gt_EMA21,3,3715,48.53297442799462,-0.041267705129628095,-0.039921810968782105,1.8606011211611448
621,RSI_50_70 & MACD_bull & BB_pctB_0.8-1.0 & VolRatio_gt1.2 & WilliamsR_gt-50 & ROC10_pos,6,590,49.152542372881356,-0.041810139176566674,-0.04399947813095316,2.3900812881207005
622,RSI_50_70 & BB_pctB_0.8-1.0 & ADX_gt25 & WilliamsR_gt-50 & ROC10_pos,5,1255,49.00398406374502,-0.041885712768282936,-0.023046470435866724,1.9272166476494754
623,RSI_50_70 & BB_pctB_0.8-1.0 & ADX_gt25 & CCI_gt100 & WilliamsR_gt-50 & EMA9_gt_EMA21 & ROC10_pos,7,996,49.096385542168676,-0.04219792005779758,-0.01744189320836742,1.946317738279003
624,RSI_50_70 & BB_pctB_0.8-1.0 & ADX_gt25 & CCI_gt100 & WilliamsR_gt-50 & EMA9_gt_EMA21,6,997,49.047141424272816,-0.042485396420328884,-0.017521980958479857,1.945362562360897
625,RSI_50_70 & MACD_bull & BB_pctB_0.8-1.0 & VolRatio_gt1.2 & WilliamsR_gt-50,5,596,48.99328859060403,-0.04328891542950608,-0.04808761851045344,2.3810923319892874
626,RSI_50_70 & ADX_gt25 & Stoch_bull & CCI_gt100 & WilliamsR_gt-50 & ROC10_pos,6,107,47.66355140186916,-0.043665126900605845,-0.06479748911290821,2.126346566186741
627,BB_pctB_0.8-1.0 & ADX_gt25 & Stoch_bull & WilliamsR_gt-50 & EMA9_gt_EMA21,5,136,49.26470588235294,-0.043704700221385874,-0.05554742338447154,2.2114715859978826
628,RSI_50_70 & BB_pctB_0.8-1.0 & ADX_gt25 & CCI_gt100 & EMA9_gt_EMA21 & ROC10_pos,6,1000,49.0,-0.0442996010274785,-0.019323197148780967,1.946104175675798
629,RSI_50_70 & BB_pctB_0.8-1.0 & WilliamsR_gt-50 & EMA9_gt_EMA21 & ROC10_pos,5,3668,48.473282442748086,-0.04432243164855161,-0.04129732614793931,1.8666200321769093
630,RSI_50_70 & BB_pctB_0.8-1.0 & ADX_gt25 & CCI_gt100 & EMA9_gt_EMA21,5,1001,48.95104895104895,-0.04458382905192808,-0.021124413339082077,1.9451526187494907
631,ADX_gt25 & Stoch_bull & CCI_gt100 & ROC10_pos,4,123,47.15447154471545,-0.044681440268198785,-0.15043721501733462,2.0879991171556345
632,RSI_50_70 & MACD_bull & BB_pctB_0.8-1.0 & VolRatio_gt1.2 & ROC10_pos,5,591,49.06937394247039,-0.04536770541246498,-0.04807714529312422,2.3896213018532317
633,RSI_50_70 & BB_pctB_0.8-1.0 & WilliamsR_gt-50,3,4015,48.54296388542964,-0.04539633671193227,-0.043861489850912046,1.8722250881478446
634,Stoch_bull & CCI_gt100 & EMA9_gt_EMA21 & ROC10_pos,4,313,45.367412140575084,-0.045432258813150384,-0.1496880811424002,2.079001737342289
635,RSI_50_70 & BB_pctB_0.8-1.0 & EMA9_gt_EMA21 & ROC10_pos,4,3676,48.39499455930359,-0.045646012981445175,-0.043969816841347896,1.8657744245391983
636,RSI_50_70 & Stoch_bull & ROC10_pos,3,2153,48.444031583836505,-0.045997260587286204,-0.039229734767817645,1.8944590360186662
637,RSI_50_70 & ADX_gt25 & Stoch_bull & CCI_gt100 & WilliamsR_gt-50,5,108,47.22222222222222,-0.04630537436913283,-0.10761735206512141,2.1166556775478553
638,RSI_50_70 & MACD_bull & BB_pctB_0.8-1.0 & VolRatio_gt1.2,4,597,48.91122278056951,-0.046808250218723785,-0.04809809172778266,2.3806481811519107
639,RSI_50_70 & MACD_bull & ADX_gt25 & Stoch_bull,4,248,44.75806451612903,-0.04738877020874298,-0.1855488589313407,1.9976456664701516
640,RSI_50_70 & MACD_bull & BB_pctB_0.8-1.0 & WilliamsR_gt-50 & EMA9_gt_EMA21,5,3358,48.243001786777846,-0.04744857476832583,-0.04808761851045344,1.86339330609769
641,RSI_50_70 & BB_pctB_0.8-1.0 & ADX_gt25 & Stoch_bull & CCI_gt100 & WilliamsR_gt-50 & EMA9_gt_EMA21 & ROC10_pos,8,84,47.61904761904761,-0.04769616643518672,-0.0627036035768164,2.1212161849165687
642,RSI_50_70 & BB_pctB_0.8-1.0 & ADX_gt25,3,1269,48.7785657998424,-0.047941459319452415,-0.02995683990385165,1.923301323759738
643,RSI_50_70 & MACD_bull & BB_pctB_0.8-1.0 & EMA9_gt_EMA21,4,3364,48.18668252080856,-0.04842446083813337,-0.04903021133167468,1.8629304867733003
644,RSI_50_70 & BB_pctB_0.8-1.0 & ADX_gt25 & ROC10_pos,4,1264,48.734177215189874,-0.04877189025800079,-0.032855125578195275,1.9255822312073714
645,MACD_bull & BB_pctB_0.8-1.0 & ADX_gt25 & Stoch_bull & EMA9_gt_EMA21 & ROC10_pos,6,94,44.680851063829785,-0.04890895781912318,-0.22808073494949732,2.423918176317854
646,RSI_50_70 & BB_pctB_0.8-1.0 & ADX_gt25 & WilliamsR_gt-50 & EMA9_gt_EMA21,5,1174,48.807495741056215,-0.048946121198388544,-0.028212437705833118,1.9309025911801776
647,RSI_50_70 & BB_pctB_0.8-1.0 & WilliamsR_gt-50 & ROC10_pos,4,3970,48.387909319899244,-0.04930836331380558,-0.04808761851045344,1.8763878400415135
648,RSI_50_70 & BB_pctB_0.8-1.0,2,4027,48.423143779488456,-0.049489605859444875,-0.04807714529312422,1.8738036852205349
649,RSI_50_70 & Stoch_bull & CCI_gt100 & WilliamsR_gt-50 & EMA9_gt_EMA21 & ROC10_pos,6,296,45.608108108108105,-0.04951775249181997,-0.13945643428718754,2.076889137482198
650,RSI_50_70 & MACD_bull & BB_pctB_0.8-1.0 & WilliamsR_gt-50 & EMA9_gt_EMA21 & ROC10_pos,6,3330,48.1981981981982,-0.04958180153170056,-0.04851716663530988,1.8676909760383769
651,RSI_50_70 & BB_pctB_0.8-1.0 & ADX_gt25 & WilliamsR_gt-50 & EMA9_gt_EMA21 & ROC10_pos,6,1169,48.75962360992301,-0.049848335069834084,-0.028262075694205205,1.933390965234757
652,RSI_50_70 & MACD_bull & BB_pctB_0.8-1.0 & EMA9_gt_EMA21 & ROC10_pos,5,3336,48.14148681055156,-0.05056204175299922,-0.04948282275179118,1.8672165009452313
653,RSI_50_70 & BB_pctB_0.8-1.0 & ADX_gt25 & Stoch_bull & CCI_gt100 & WilliamsR_gt-50 & EMA9_gt_EMA21,7,85,47.05882352941176,-0.05100340981243763,-0.06479748911290821,2.108919369156488
654,RSI_50_70 & MACD_bull & BB_pctB_0.8-1.0 & WilliamsR_gt-50,4,3664,48.19868995633188,-0.05174480119464577,-0.05131346658625673,1.8742760853916522
655,ADX_gt25 & Stoch_bull & CCI_gt100,3,125,46.400000000000006,-0.051777116336508826,-0.18181738915381493,2.0720731607959517
656,MACD_bull & BB_pctB_0.8-1.0 & ADX_gt25 & Stoch_bull & EMA9_gt_EMA21,5,95,44.21052631578947,-0.05185530408946413,-0.2503142817509638,2.411296173682836
657,RSI_50_70 & BB_pctB_0.8-1.0 & ADX_gt25 & EMA9_gt_EMA21,4,1181,48.602878916172735,-0.05258232161924347,-0.0357534112525389,1.9286723455540924
658,Stoch_bull & CCI_gt100 & WilliamsR_gt-50 & EMA9_gt_EMA21,4,325,46.15384615384615,-0.05270925867449773,-0.12966774390833646,2.029451848828941
659,BB_pctB_0.8-1.0 & ADX_gt25 & Stoch_bull & CCI_gt100 & WilliamsR_gt-50 & ROC10_pos,6,98,47.95918367346938,-0.05289581427185453,-0.0627036035768164,2.1308637648855018
660,RSI_50_70 & BB_pctB_0.8-1.0 & ROC10_pos,3,3982,48.26720241084882,-0.053436100766796744,-0.050496630908459,1.877959574257423
661,RSI_50_70 & MACD_bull & BB_pctB_0.8-1.0 & WilliamsR_gt-50 & ROC10_pos,5,3631,48.1410079867805,-0.053455099223688324,-0.052194939774718584,1.8772598560159095
662,RSI_50_70 & BB_pctB_0.8-1.0 & ADX_gt25 & EMA9_gt_EMA21 & ROC10_pos,5,1176,48.554421768707485,-0.05349462520582858,-0.0378376111106605,1.9311375890947
663,MACD_bull & Stoch_bull & VolRatio_gt1.2,3,370,43.24324324324324,-0.054890616179722934,-0.228526534033559,2.7384154995821848
664,RSI_50_70 & Stoch_bull & CCI_gt100 & EMA9_gt_EMA21 & ROC10_pos,5,304,45.06578947368421,-0.05503334819309684,-0.16021599656192537,2.079708927355289
665,BB_pctB_0.8-1.0 & ADX_gt25 & Stoch_bull & CCI_gt100 & WilliamsR_gt-50,5,99,47.474747474747474,-0.05568284497114403,-0.06479748911290821,2.1202540307956856
666,RSI_50_70 & MACD_bull & BB_pctB_0.8-1.0,3,3674,48.09471965160588,-0.05578900659480021,-0.05282038315349158,1.8764056782614875
667,BB_pctB_0.8-1.0 & ADX_gt25 & Stoch_bull & WilliamsR_gt-50 & EMA9_gt_EMA21 & ROC10_pos,6,133,48.87218045112782,-0.057158080348458436,-0.060609718040724576,2.2303315584680923
668,RSI_50_70 & BB_pctB_0.8-1.0 & ADX_gt25 & VolRatio_gt1.2 & CCI_gt100,5,214,49.06542056074766,-0.05748271029335225,-0.019323197148780967,2.3256803684449627
669,RSI_50_70 & BB_pctB_0.8-1.0 & ADX_gt25 & VolRatio_gt1.2 & CCI_gt100 & WilliamsR_gt-50,6,214,49.06542056074766,-0.05748271029335225,-0.019323197148780967,2.3256803684449627
670,RSI_50_70 & BB_pctB_0.8-1.0 & ADX_gt25 & VolRatio_gt1.2 & CCI_gt100 & ROC10_pos,6,214,49.06542056074766,-0.05748271029335225,-0.019323197148780967,2.3256803684449627
671,RSI_50_70 & BB_pctB_0.8-1.0 & ADX_gt25 & VolRatio_gt1.2 & CCI_gt100 & WilliamsR_gt-50 & ROC10_pos,7,214,49.06542056074766,-0.05748271029335225,-0.019323197148780967,2.3256803684449627
672,RSI_50_70 & MACD_bull & BB_pctB_0.8-1.0 & ROC10_pos,4,3641,48.036253776435046,-0.05753126172296793,-0.05514325202990377,1.8793934074554532
673,Stoch_bull & CCI_gt100 & EMA9_gt_EMA21,3,333,45.645645645645644,-0.057667844391394885,-0.1496880811424002,2.0332303934657285
674,MACD_bull & Stoch_bull & ROC10_pos,3,1812,46.19205298013245,-0.061618802463648065,-0.10460664468255944,1.9745602445564656
675,RSI_50_70 & Stoch_bull & CCI_gt100 & WilliamsR_gt-50 & EMA9_gt_EMA21,5,316,45.88607594936709,-0.06215300604872512,-0.13945643428718754,2.028686694568568
676,RSI_50_70 & ADX_gt25 & Stoch_bull & VolRatio_gt1.2 & ROC10_pos,5,88,42.04545454545455,-0.06416109603902548,-0.4417280426005765,2.4296083914812567
677,Stoch_bull & VolRatio_gt1.2 & ROC10_pos,3,460,47.82608695652174,-0.06646781173208609,-0.06371034646149713,2.5206954327156463
678,RSI_50_70 & Stoch_bull & CCI_gt100 & EMA9_gt_EMA21,4,324,45.370370370370374,-0.06701615131024652,-0.16021599656192537,2.0325676823076595
679,RSI_50_70 & MACD_bull & ADX_gt25 & Stoch_bull & ROC10_pos,5,231,44.58874458874459,-0.06800947415726324,-0.19285695853711207,2.0207680331641384
680,RSI_50_70 & MACD_bull & Stoch_bull & EMA9_gt_EMA21,4,938,46.375266524520256,-0.06949141528119036,-0.10429254472965283,1.9900420171947522
681,RSI_50_70 & MACD_bull & BB_pctB_0.8-1.0 & ADX_gt25 & Stoch_bull & EMA9_gt_EMA21 & ROC10_pos,7,87,43.67816091954023,-0.07045548660227002,-0.2503142817509638,2.453064474113678
682,RSI_50_70 & MACD_bull & Stoch_bull & VolRatio_gt1.2 & WilliamsR_gt-50 & EMA9_gt_EMA21 & ROC10_pos,7,138,42.7536231884058,-0.07236173137566322,-0.2834544855345885,2.544277951548621
683,RSI_50_70 & MACD_bull & BB_pctB_0.8-1.0 & ADX_gt25 & Stoch_bull & EMA9_gt_EMA21,6,88,43.18181818181818,-0.07339135440794321,-0.2895630676262386,2.4392405017750374
684,MACD_bull & Stoch_bull & WilliamsR_gt-50 & ROC10_pos,4,1573,46.34456452638271,-0.07362246248410745,-0.09317785539084047,1.9616361027258185
685,RSI_50_70 & MACD_bull & Stoch_bull & WilliamsR_gt-50 & EMA9_gt_EMA21,5,895,46.36871508379888,-0.07392524826006572,-0.10367644669281824,2.001352518068876
686,RSI_50_70 & MACD_bull & BB_pctB_0.8-1.0 & ADX_gt25 & VolRatio_gt1.2 & WilliamsR_gt-50 & ROC10_pos,7,191,48.69109947643979,-0.0743365807622953,-0.039921810968782105,2.3528933453084644
687,RSI_50_70 & MACD_bull & Stoch_bull & WilliamsR_gt-50,4,1257,46.77804295942721,-0.07736784006752782,-0.08437927583181828,1.9907916243290946
688,MACD_bull & BB_pctB_0.8-1.0 & ADX_gt25 & Stoch_bull & CCI_gt100 & ROC10_pos,6,71,43.66197183098591,-0.07829901621618918,-0.20584718814803082,2.3192701356804104
689,MACD_bull & Stoch_bull & WilliamsR_gt-50 & EMA9_gt_EMA21,4,913,46.22124863088718,-0.07966859516187176,-0.11350465790452503,1.994112034317781
690,MACD_bull & ADX_gt25 & Stoch_bull & VolRatio_gt1.2 & EMA9_gt_EMA21 & ROC10_pos,6,37,37.83783783783784,-0.07986685075460691,-0.43389665837844665,2.7461309326959094
691,MACD_bull & Stoch_bull & VolRatio_gt1.2 & WilliamsR_gt-50,4,306,43.790849673202615,-0.08044936741816656,-0.22141052614797707,2.6810855683127524
692,RSI_50_70 & MACD_bull & ADX_gt25 & Stoch_bull & VolRatio_gt1.2 & CCI_gt100 & EMA9_gt_EMA21,7,24,33.33333333333333,-0.08084852920265188,-0.7256542380017138,2.9482335804965936
693,RSI_50_70 & MACD_bull & ADX_gt25 & Stoch_bull & VolRatio_gt1.2 & CCI_gt100 & WilliamsR_gt-50 & EMA9_gt_EMA21,8,24,33.33333333333333,-0.08084852920265188,-0.7256542380017138,2.9482335804965936
694,RSI_50_70 & MACD_bull & ADX_gt25 & Stoch_bull & VolRatio_gt1.2 & CCI_gt100 & EMA9_gt_EMA21 & ROC10_pos,8,24,33.33333333333333,-0.08084852920265188,-0.7256542380017138,2.9482335804965936
695,RSI_50_70 & MACD_bull & ADX_gt25 & Stoch_bull & VolRatio_gt1.2 & CCI_gt100 & WilliamsR_gt-50 & EMA9_gt_EMA21 & ROC10_pos,9,24,33.33333333333333,-0.08084852920265188,-0.7256542380017138,2.9482335804965936
696,MACD_bull & Stoch_bull & EMA9_gt_EMA21,3,965,46.21761658031088,-0.08123770340795872,-0.120187421463236,1.9799159383299985
697,RSI_50_70 & Stoch_bull & VolRatio_gt1.2 & ROC10_pos,4,362,47.790055248618785,-0.08132713203882386,-0.06865409892941496,2.376042282716201
698,RSI_50_70 & MACD_bull & Stoch_bull,3,1329,46.72686230248307,-0.08159476125425975,-0.10271708255431221,1.981578667016547
699,MACD_bull & BB_pctB_0.8-1.0 & ADX_gt25 & Stoch_bull & CCI_gt100,5,72,43.05555555555556,-0.08177836117848537,-0.21571717702272364,2.3032943688861103
700,RSI_50_70 & BB_pctB_0.8-1.0 & ADX_gt25 & Stoch_bull & WilliamsR_gt-50 & EMA9_gt_EMA21,6,126,48.41269841269841,-0.08253518530257754,-0.0627036035768164,2.234777265128391
701,RSI_50_70 & MACD_bull & BB_pctB_0.8-1.0 & ADX_gt25 & VolRatio_gt1.2 & WilliamsR_gt-50,6,192,48.4375,-0.08313995147573684,-0.04400995134828238,2.3499096953799308
702,RSI_50_70 & MACD_bull & BB_pctB_0.8-1.0 & ADX_gt25 & VolRatio_gt1.2 & ROC10_pos,6,192,48.4375,-0.08511780578224404,-0.04400995134828238,2.3514833727989624
703,MACD_bull & BB_pctB_0.8-1.0 & ADX_gt25 & Stoch_bull & WilliamsR_gt-50 & ROC10_pos,6,99,44.44444444444444,-0.08586131873801538,-0.20584718814803082,2.4236554825745595
704,MACD_bull & ADX_gt25 & Stoch_bull & CCI_gt100 & EMA9_gt_EMA21 & ROC10_pos,6,72,43.05555555555556,-0.08598169100069604,-0.23365734042622785,2.2507721264140854
705,BB_pctB_0.8-1.0 & ADX_gt25 & Stoch_bull & EMA9_gt_EMA21,4,141,47.5177304964539,-0.08612504174289058,-0.07407105999228394,2.1872170828599535
706,BB_pctB_0.8-1.0 & ADX_gt25 & Stoch_bull & VolRatio_gt1.2 & EMA9_gt_EMA21,5,34,41.17647058823529,-0.08668222032597134,-1.0161440676654248,2.9114589925754983
707,BB_pctB_0.8-1.0 & ADX_gt25 & Stoch_bull & VolRatio_gt1.2 & WilliamsR_gt-50 & EMA9_gt_EMA21,6,34,41.17647058823529,-0.08668222032597134,-1.0161440676654248,2.9114589925754983
708,BB_pctB_0.8-1.0 & ADX_gt25 & Stoch_bull & VolRatio_gt1.2 & EMA9_gt_EMA21 & ROC10_pos,6,34,41.17647058823529,-0.08668222032597134,-1.0161440676654248,2.9114589925754983
709,BB_pctB_0.8-1.0 & ADX_gt25 & Stoch_bull & VolRatio_gt1.2 & WilliamsR_gt-50 & EMA9_gt_EMA21 & ROC10_pos,7,34,41.17647058823529,-0.08668222032597134,-1.0161440676654248,2.9114589925754983
710,RSI_50_70 & MACD_bull & ADX_gt25 & Stoch_bull & CCI_gt100 & EMA9_gt_EMA21 & ROC10_pos,7,66,42.42424242424242,-0.08753202690331964,-0.23365734042622785,2.248711403378092
711,MACD_bull & BB_pctB_0.8-1.0 & ADX_gt25 & Stoch_bull & WilliamsR_gt-50,5,100,44.0,-0.08829082408565042,-0.21571717702272364,2.411627912087345
712,MACD_bull & ADX_gt25 & Stoch_bull & CCI_gt100 & EMA9_gt_EMA21,5,73,42.465753424657535,-0.089308131582899,-0.2503142817509638,2.235480919147754
713,RSI_50_70 & MACD_bull & Stoch_bull & WilliamsR_gt-50 & EMA9_gt_EMA21 & ROC10_pos,6,796,45.85427135678392,-0.08996567968258606,-0.12210856224924546,2.0027975850297017
714,BB_pctB_0.8-1.0 & ADX_gt25 & Stoch_bull & CCI_gt100 & ROC10_pos,5,100,47.0,-0.09017078558774586,-0.10761735206512141,2.1278127723515428
715,RSI_50_70 & MACD_bull & ADX_gt25 & Stoch_bull & CCI_gt100 & EMA9_gt_EMA21,6,67,41.7910447761194,-0.09113321834508366,-0.2503142817509638,2.2320586289808677
716,RSI_50_70 & BB_pctB_0.8-1.0 & ADX_gt25 & Stoch_bull & CCI_gt100 & EMA9_gt_EMA21 & ROC10_pos,7,86,46.51162790697674,-0.09116007838009907,-0.12330743913336156,2.1179191701387965
717,RSI_50_70 & MACD_bull & BB_pctB_0.8-1.0 & ADX_gt25 & VolRatio_gt1.2 & CCI_gt100,6,174,48.85057471264368,-0.09198470224487176,-0.03052311215393209,2.3509975991961762
718,RSI_50_70 & MACD_bull & BB_pctB_0.8-1.0 & ADX_gt25 & VolRatio_gt1.2 & CCI_gt100 & WilliamsR_gt-50,7,174,48.85057471264368,-0.09198470224487176,-0.03052311215393209,2.3509975991961762
719,RSI_50_70 & MACD_bull & BB_pctB_0.8-1.0 & ADX_gt25 & VolRatio_gt1.2 & CCI_gt100 & ROC10_pos,7,174,48.85057471264368,-0.09198470224487176,-0.03052311215393209,2.3509975991961762
720,RSI_50_70 & MACD_bull & BB_pctB_0.8-1.0 & ADX_gt25 & VolRatio_gt1.2 & CCI_gt100 & WilliamsR_gt-50 & ROC10_pos,8,174,48.85057471264368,-0.09198470224487176,-0.03052311215393209,2.3509975991961762
721,BB_pctB_0.8-1.0 & ADX_gt25 & Stoch_bull & CCI_gt100,4,101,46.53465346534654,-0.09253356843837725,-0.15043721501733462,2.1173846774925615
722,RSI_50_70 & MACD_bull & BB_pctB_0.8-1.0 & ADX_gt25 & VolRatio_gt1.2,5,193,48.18652849740933,-0.09381970190639342,-0.04809809172778266,2.3484809437564587
723,RSI_50_70 & BB_pctB_0.8-1.0 & ADX_gt25 & Stoch_bull & CCI_gt100 & EMA9_gt_EMA21,6,87,45.97701149425287,-0.0938917079791958,-0.18181738915381493,2.105864410815598
724,RSI_50_70 & MACD_bull & Stoch_bull & EMA9_gt_EMA21 & ROC10_pos,5,834,45.68345323741007,-0.09453650664185655,-0.14479279073671325,1.9877073534275893
725,RSI_50_70 & Stoch_bull & VolRatio_gt1.2 & WilliamsR_gt-50 & ROC10_pos,5,329,48.328267477203646,-0.09525165714572743,-0.060609718040724576,2.393689583626773
726,MACD_bull & Stoch_bull & WilliamsR_gt-50 & EMA9_gt_EMA21 & ROC10_pos,5,812,45.689655172413794,-0.09581260975111258,-0.1404941596798131,1.9970187999399556
727,MACD_bull & Stoch_bull & VolRatio_gt1.2 & WilliamsR_gt-50 & EMA9_gt_EMA21 & ROC10_pos,6,140,42.142857142857146,-0.09705260205691812,-0.29579874644864196,2.536304755981573
728,RSI_50_70 & ADX_gt25 & Stoch_bull & CCI_gt100 & ROC10_pos,5,112,45.535714285714285,-0.0975751003288199,-0.1873371738454635,2.0989317566966283
729,RSI_50_70 & BB_pctB_0.8-1.0 & ADX_gt25 & Stoch_bull & WilliamsR_gt-50 & EMA9_gt_EMA21 & ROC10_pos,7,123,47.96747967479675,-0.09802942117366885,-0.06479748911290821,2.25524476866377
730,MACD_bull & ADX_gt25 & Stoch_bull & CCI_gt100 & WilliamsR_gt-50 & ROC10_pos,6,79,44.303797468354425,-0.0986824914492614,-0.20584718814803082,2.2377579628344035
731,BB_pctB_0.8-1.0 & ADX_gt25 & Stoch_bull & WilliamsR_gt-50,4,144,47.91666666666667,-0.09995810528021495,-0.06943427455259607,2.208773256822422
732,BB_pctB_0.8-1.0 & ADX_gt25 & Stoch_bull & EMA9_gt_EMA21 & ROC10_pos,5,138,47.10144927536232,-0.1000131618984353,-0.08531132144914275,2.2048080909239687
733,RSI_50_70 & MACD_bull & BB_pctB_0.8-1.0 & ADX_gt25 & Stoch_bull & CCI_gt100 & WilliamsR_gt-50 & ROC10_pos,8,64,42.1875,-0.10052980182760077,-0.21571717702272364,2.3315240213898294
734,MACD_bull & ADX_gt25 & Stoch_bull & CCI_gt100 & WilliamsR_gt-50,5,80,43.75,-0.10155910847491456,-0.21142379362476135,2.2238749763850016
735,RSI_50_70 & MACD_bull & Stoch_bull & VolRatio_gt1.2 & EMA9_gt_EMA21 & ROC10_pos,6,141,42.5531914893617,-0.10232846788044589,-0.29570046686833384,2.5315361382260466
736,RSI_50_70 & MACD_bull & BB_pctB_0.8-1.0 & ADX_gt25 & Stoch_bull & CCI_gt100 & WilliamsR_gt-50,7,65,41.53846153846154,-0.10404183339181487,-0.22558716589741648,2.313690304884867
737,RSI_50_70 & MACD_bull & ADX_gt25 & Stoch_bull & VolRatio_gt1.2 & ROC10_pos,6,45,40.0,-0.1041924559719993,-0.43389665837844665,2.713283733943918
738,MACD_bull & Stoch_bull & EMA9_gt_EMA21 & ROC10_pos,4,856,45.5607476635514,-0.10419848585763582,-0.14980827421025253,1.979943635483616
739,RSI_50_70 & ADX_gt25 & Stoch_bull & CCI_gt100,4,114,44.73684210526316,-0.10442748794651728,-0.19935207334257143,2.081177493721517
740,BB_pctB_0.8-1.0 & ADX_gt25 & Stoch_bull & WilliamsR_gt-50 & ROC10_pos,5,141,47.5177304964539,-0.1138450540183507,-0.07407105999228394,2.226191277741382
741,MACD_bull & Stoch_bull & VolRatio_gt1.2 & EMA9_gt_EMA21 & ROC10_pos,5,144,42.36111111111111,-0.12163013982382494,-0.29579874644864196,2.5153779285487685
742,RSI_50_70 & MACD_bull & Stoch_bull & WilliamsR_gt-50 & ROC10_pos,5,1080,45.83333333333333,-0.1239138768197523,-0.12640186795124525,1.982190269191205
743,RSI_50_70 & BB_pctB_0.8-1.0 & ADX_gt25 & Stoch_bull & EMA9_gt_EMA21,5,131,46.56488549618321,-0.12671164125010592,-0.09655158290600155,2.207246968147232
744,RSI_50_70 & MACD_bull & BB_pctB_0.8-1.0 & ADX_gt25 & Stoch_bull & WilliamsR_gt-50 & ROC10_pos,7,91,42.857142857142854,-0.12695103734634405,-0.22558716589741648,2.458300822979397
745,RSI_50_70 & MACD_bull & BB_pctB_0.8-1.0 & ADX_gt25 & Stoch_bull & WilliamsR_gt-50,6,92,42.391304347826086,-0.1291451766523785,-0.23795072382419014,2.444993580675567
746,BB_pctB_0.8-1.0 & Stoch_bull & CCI_gt100 & WilliamsR_gt-50 & EMA9_gt_EMA21 & ROC10_pos,6,232,43.103448275862064,-0.13188832045237744,-0.25281557905076446,2.117940676000992
747,RSI_50_70 & MACD_bull & Stoch_bull & ROC10_pos,4,1136,45.598591549295776,-0.13496601338182146,-0.14946660290421943,1.9762688967311512
748,BB_pctB_0.8-1.0 & Stoch_bull & CCI_gt100 & WilliamsR_gt-50 & EMA9_gt_EMA21,5,244,43.44262295081967,-0.13615120454852042,-0.25281557905076446,2.076022145105275
749,Stoch_bull & CCI_gt100 & WilliamsR_gt-50 & ROC10_pos,4,362,46.13259668508287,-0.13709313973329357,-0.13945643428718754,2.1320968066031876
750,Stoch_bull & CCI_gt100 & ROC10_pos,3,371,45.82210242587601,-0.13912538517085965,-0.1496880811424002,2.130188936947362
751,RSI_50_70 & BB_pctB_0.8-1.0 & ADX_gt25 & Stoch_bull & VolRatio_gt1.2 & EMA9_gt_EMA21,6,33,39.39393939393939,-0.1414114443532543,-1.017411817624981,2.9379619029812707
752,RSI_50_70 & BB_pctB_0.8-1.0 & ADX_gt25 & Stoch_bull & VolRatio_gt1.2 & WilliamsR_gt-50 & EMA9_gt_EMA21,7,33,39.39393939393939,-0.1414114443532543,-1.017411817624981,2.9379619029812707
753,RSI_50_70 & BB_pctB_0.8-1.0 & ADX_gt25 & Stoch_bull & VolRatio_gt1.2 & EMA9_gt_EMA21 & ROC10_pos,7,33,39.39393939393939,-0.1414114443532543,-1.017411817624981,2.9379619029812707
754,RSI_50_70 & BB_pctB_0.8-1.0 & ADX_gt25 & Stoch_bull & VolRatio_gt1.2 & WilliamsR_gt-50 & EMA9_gt_EMA21 & ROC10_pos,8,33,39.39393939393939,-0.1414114443532543,-1.017411817624981,2.9379619029812707
755,RSI_50_70 & BB_pctB_0.8-1.0 & ADX_gt25 & Stoch_bull & CCI_gt100 & WilliamsR_gt-50 & ROC10_pos,7,90,45.55555555555556,-0.14239071714453314,-0.16612730208557477,2.1376408018779354
756,RSI_50_70 & BB_pctB_0.8-1.0 & ADX_gt25 & Stoch_bull & EMA9_gt_EMA21 & ROC10_pos,6,128,46.09375,-0.14263601921875285,-0.13918448602990824,2.226207222833204
757,MACD_bull & ADX_gt25 & Stoch_bull & CCI_gt100 & ROC10_pos,5,81,43.20987654320987,-0.1435704393163516,-0.21700039910149188,2.230589037166002
758,RSI_50_70 & BB_pctB_0.8-1.0 & ADX_gt25 & Stoch_bull & CCI_gt100 & WilliamsR_gt-50,6,91,45.05494505494506,-0.14443930106054398,-0.18181738915381493,2.125951910250616
759,RSI_50_70 & MACD_bull & ADX_gt25 & Stoch_bull & CCI_gt100 & WilliamsR_gt-50 & ROC10_pos,7,71,42.25352112676056,-0.1451422829537272,-0.21700039910149188,2.2503782281137297
760,BB_pctB_0.8-1.0 & Stoch_bull & CCI_gt100 & EMA9_gt_EMA21 & ROC10_pos,5,234,42.73504273504273,-0.14714264574822394,-0.2632626902757042,2.116243640926379
761,RSI_50_70 & MACD_bull & ADX_gt25 & Stoch_bull & CCI_gt100 & WilliamsR_gt-50,6,72,41.66666666666667,-0.1476932492113353,-0.2212937824994542,2.2347993323277278
762,BB_pctB_0.8-1.0 & Stoch_bull & CCI_gt100 & EMA9_gt_EMA21,4,246,43.08943089430895,-0.15062675882102372,-0.2632626902757042,2.074692856450945
763,MACD_bull & ADX_gt25 & Stoch_bull & CCI_gt100,4,83,42.168674698795186,-0.15187383100842933,-0.22558716589741648,2.2043228917722137
764,RSI_50_70 & Stoch_bull & CCI_gt100 & WilliamsR_gt-50 & ROC10_pos,5,349,45.55873925501432,-0.15224121441495736,-0.1496880811424002,2.1257404354380687
765,MACD_bull & BB_pctB_0.8-1.0 & ADX_gt25 & Stoch_bull & VolRatio_gt1.2 & CCI_gt100,6,21,33.33333333333333,-0.15249762242360898,-1.3673844991658368,3.1995461832195966
766,RSI_50_70 & MACD_bull & BB_pctB_0.8-1.0 & ADX_gt25 & Stoch_bull & VolRatio_gt1.2 & CCI_gt100,7,21,33.33333333333333,-0.15249762242360898,-1.3673844991658368,3.1995461832195966
767,MACD_bull & BB_pctB_0.8-1.0 & ADX_gt25 & Stoch_bull & VolRatio_gt1.2 & CCI_gt100 & WilliamsR_gt-50,7,21,33.33333333333333,-0.15249762242360898,-1.3673844991658368,3.1995461832195966
768,MACD_bull & BB_pctB_0.8-1.0 & ADX_gt25 & Stoch_bull & VolRatio_gt1.2 & CCI_gt100 & ROC10_pos,7,21,33.33333333333333,-0.15249762242360898,-1.3673844991658368,3.1995461832195966
769,RSI_50_70 & MACD_bull & BB_pctB_0.8-1.0 & ADX_gt25 & Stoch_bull & VolRatio_gt1.2 & CCI_gt100 & WilliamsR_gt-50,8,21,33.33333333333333,-0.15249762242360898,-1.3673844991658368,3.1995461832195966
770,RSI_50_70 & MACD_bull & BB_pctB_0.8-1.0 & ADX_gt25 & Stoch_bull & VolRatio_gt1.2 & CCI_gt100 & ROC10_pos,8,21,33.33333333333333,-0.15249762242360898,-1.3673844991658368,3.1995461832195966
771,MACD_bull & BB_pctB_0.8-1.0 & ADX_gt25 & Stoch_bull & VolRatio_gt1.2 & CCI_gt100 & WilliamsR_gt-50 & ROC10_pos,8,21,33.33333333333333,-0.15249762242360898,-1.3673844991658368,3.1995461832195966
772,RSI_50_70 & MACD_bull & BB_pctB_0.8-1.0 & ADX_gt25 & Stoch_bull & VolRatio_gt1.2 & CCI_gt100 & WilliamsR_gt-50 & ROC10_pos,9,21,33.33333333333333,-0.15249762242360898,-1.3673844991658368,3.1995461832195966
773,RSI_50_70 & BB_pctB_0.8-1.0 & ADX_gt25 & Stoch_bull & WilliamsR_gt-50,5,133,46.616541353383454,-0.15315526182271527,-0.09655158290600155,2.233186440755854
774,RSI_50_70 & Stoch_bull & CCI_gt100 & ROC10_pos,4,358,45.2513966480447,-0.15396643895462794,-0.16059056349939255,2.123904159409633
775,Stoch_bull & CCI_gt100 & WilliamsR_gt-50,3,385,46.23376623376623,-0.15458673104445889,-0.14924512466603862,2.095942267002218
776,MACD_bull & Stoch_bull & CCI_gt100 & WilliamsR_gt-50 & EMA9_gt_EMA21 & ROC10_pos,6,236,41.94915254237288,-0.15476472987204373,-0.2632626902757042,2.0973579974030585
777,RSI_50_70 & MACD_bull & BB_pctB_0.8-1.0 & ADX_gt25 & Stoch_bull & CCI_gt100 & ROC10_pos,7,66,40.909090909090914,-0.15556357692574685,-0.23795072382419014,2.3201181673181943
778,RSI_50_70 & MACD_bull & Stoch_bull & CCI_gt100 & WilliamsR_gt-50 & EMA9_gt_EMA21 & ROC10_pos,7,230,41.73913043478261,-0.15700394901465775,-0.2632626902757042,2.0925246053842725
779,Stoch_bull & CCI_gt100,2,395,45.822784810126585,-0.15734481848766324,-0.15043721501733462,2.0924266470380517
780,MACD_bull & Stoch_bull & CCI_gt100 & EMA9_gt_EMA21 & ROC10_pos,5,240,41.66666666666667,-0.15797625618788438,-0.29104624782985816,2.1123345608912016
781,RSI_50_70 & MACD_bull & BB_pctB_0.8-1.0 & ADX_gt25 & Stoch_bull & CCI_gt100,6,67,40.298507462686565,-0.15814937209851948,-0.2503142817509638,2.3028345786109328
782,RSI_50_70 & MACD_bull & Stoch_bull & CCI_gt100 & EMA9_gt_EMA21 & ROC10_pos,6,234,41.452991452991455,-0.1602595449088087,-0.29104624782985816,2.1079976340993145
783,RSI_50_70 & BB_pctB_0.8-1.0 & Stoch_bull & CCI_gt100 & WilliamsR_gt-50 & EMA9_gt_EMA21 & ROC10_pos,7,225,42.22222222222222,-0.1631527846456175,-0.27120850420084325,2.1175063434469354
784,RSI_50_70 & MACD_bull & Stoch_bull & VolRatio_gt1.2 & WilliamsR_gt-50,5,219,42.922374429223744,-0.16319777102580602,-0.23154494731367584,2.6204761299705757
785,BB_pctB_0.8-1.0 & ADX_gt25 & Stoch_bull,3,151,45.6953642384106,-0.16581379491714954,-0.18181738915381493,2.1834724019793215
786,RSI_50_70 & BB_pctB_0.8-1.0 & Stoch_bull & CCI_gt100 & WilliamsR_gt-50 & EMA9_gt_EMA21,6,237,42.616033755274266,-0.1659585658656176,-0.27120850420084325,2.074298641647141
787,MACD_bull & BB_pctB_0.8-1.0 & ADX_gt25 & Stoch_bull & ROC10_pos,5,104,42.30769230769231,-0.16818936713211136,-0.29266196531730126,2.3980002579087665
788,RSI_50_70 & Stoch_bull & CCI_gt100 & WilliamsR_gt-50,4,372,45.69892473118279,-0.1694095663964638,-0.1500626480798674,2.088475184135579
789,RSI_50_70 & BB_pctB_0.8-1.0 & ADX_gt25 & Stoch_bull & WilliamsR_gt-50 & ROC10_pos,6,130,46.15384615384615,-0.1694448867589048,-0.12349439896166808,2.252040162121288
790,MACD_bull & BB_pctB_0.8-1.0 & ADX_gt25 & Stoch_bull,4,105,41.904761904761905,-0.1697191050975343,-0.3288118535015135,2.386604877851909
791,MACD_bull & Stoch_bull & VolRatio_gt1.2 & ROC10_pos,4,266,43.233082706766915,-0.17108818154001226,-0.23919690605072136,2.6429028993593353
792,RSI_50_70 & Stoch_bull & CCI_gt100,3,382,45.287958115183244,-0.17187348311516973,-0.17093541166418783,2.085004489107612
793,RSI_50_70 & MACD_bull & Stoch_bull & VolRatio_gt1.2,4,230,42.608695652173914,-0.17442967252703642,-0.25137672575725956,2.5858552527085
794,RSI_50_70 & ADX_gt25 & Stoch_bull & VolRatio_gt1.2 & CCI_gt100 & WilliamsR_gt-50 & EMA9_gt_EMA21,7,36,33.33333333333333,-0.17495483027700312,-1.0161440676654248,2.890202419929938
795,RSI_50_70 & ADX_gt25 & Stoch_bull & VolRatio_gt1.2 & CCI_gt100 & WilliamsR_gt-50 & EMA9_gt_EMA21 & ROC10_pos,8,36,33.33333333333333,-0.17495483027700312,-1.0161440676654248,2.890202419929938
796,MACD_bull & Stoch_bull & VolRatio_gt1.2 & WilliamsR_gt-50 & ROC10_pos,5,246,43.49593495934959,-0.17763594208532085,-0.23919690605072136,2.600420051342253
797,MACD_bull & Stoch_bull & CCI_gt100 & WilliamsR_gt-50 & EMA9_gt_EMA21,5,250,42.0,-0.1776962761224823,-0.29104624782985816,2.055344576534634
798,RSI_50_70 & BB_pctB_0.8-1.0 & Stoch_bull & CCI_gt100 & EMA9_gt_EMA21 & ROC10_pos,6,227,41.85022026431718,-0.17860204980351002,-0.31317870609824083,2.115530367115824
799,MACD_bull & Stoch_bull & CCI_gt100 & EMA9_gt_EMA21,4,254,41.732283464566926,-0.18036966246421457,-0.312031348778557,2.0704183862750445
800,RSI_50_70 & MACD_bull & Stoch_bull & CCI_gt100 & WilliamsR_gt-50 & EMA9_gt_EMA21,6,244,41.80327868852459,-0.18037090595979327,-0.29104624782985816,2.0496218078452886
801,BB_pctB_0.8-1.0 & ADX_gt25 & Stoch_bull & ROC10_pos,4,148,45.27027027027027,-0.18037884114004105,-0.1873371738454635,2.1993260168058053
802,RSI_50_70 & BB_pctB_0.8-1.0 & Stoch_bull & CCI_gt100 & EMA9_gt_EMA21,5,239,42.25941422594142,-0.18060865636102177,-0.31317870609824083,2.0727315002661637
803,RSI_50_70 & BB_pctB_0.8-1.0 & ADX_gt25 & Stoch_bull & CCI_gt100 & ROC10_pos,6,92,44.565217391304344,-0.18096144894718286,-0.1873371738454635,2.1325339287170824
804,BB_pctB_0.8-1.0 & Stoch_bull & WilliamsR_gt-50 & EMA9_gt_EMA21,4,375,44.0,-0.1823339278269685,-0.18181738915381493,2.0070024737259766
805,RSI_50_70 & BB_pctB_0.8-1.0 & ADX_gt25 & Stoch_bull & CCI_gt100,5,93,44.086021505376344,-0.18255123824346597,-0.19285695853711207,2.121092518113815
806,RSI_50_70 & MACD_bull & Stoch_bull & CCI_gt100 & EMA9_gt_EMA21,5,248,41.53225806451613,-0.1830658318124173,-0.312031348778557,2.0651899590306093
807,MACD_bull & BB_pctB_0.8-1.0 & Stoch_bull & CCI_gt100 & WilliamsR_gt-50 & EMA9_gt_EMA21 & ROC10_pos,7,182,40.10989010989011,-0.1832591071456754,-0.34388566063812964,2.177821388046937
808,MACD_bull & BB_pctB_0.8-1.0 & Stoch_bull & CCI_gt100 & WilliamsR_gt-50 & EMA9_gt_EMA21,6,192,40.625,-0.19039592786052706,-0.3319107511925761,2.131897453129094
809,RSI_50_70 & MACD_bull & ADX_gt25 & Stoch_bull & CCI_gt100 & ROC10_pos,6,73,41.0958904109589,-0.19367658698421183,-0.22558716589741648,2.241075154184882
810,BB_pctB_0.8-1.0 & Stoch_bull & EMA9_gt_EMA21,3,380,43.42105263157895,-0.19625003839671648,-0.2115800598452714,1.999045820282451
811,RSI_50_70 & BB_pctB_0.8-1.0 & Stoch_bull & WilliamsR_gt-50 & EMA9_gt_EMA21,5,365,43.56164383561644,-0.19953648507706712,-0.19285695853711207,2.0090246900938267
812,RSI_50_70 & ADX_gt25 & Stoch_bull & VolRatio_gt1.2 & CCI_gt100 & EMA9_gt_EMA21,6,38,31.57894736842105,-0.20056726968267377,-0.9442496244263274,2.8156346294336587
813,RSI_50_70 & ADX_gt25 & Stoch_bull & VolRatio_gt1.2 & CCI_gt100 & EMA9_gt_EMA21 & ROC10_pos,7,38,31.57894736842105,-0.20056726968267377,-0.9442496244263274,2.8156346294336587
814,RSI_50_70 & MACD_bull & ADX_gt25 & Stoch_bull & CCI_gt100,5,75,40.0,-0.20152950985230159,-0.2503142817509638,2.2116542962912957
815,MACD_bull & BB_pctB_0.8-1.0 & Stoch_bull & CCI_gt100 & EMA9_gt_EMA21 & ROC10_pos,6,184,39.67391304347826,-0.20210025141655308,-0.37066445784809593,2.174614520333279
816,RSI_50_70 & MACD_bull & BB_pctB_0.8-1.0 & Stoch_bull & CCI_gt100 & WilliamsR_gt-50 & EMA9_gt_EMA21 & ROC10_pos,8,178,39.325842696629216,-0.20528671282139835,-0.37066445784809593,2.1706118829322567
817,MACD_bull & BB_pctB_0.8-1.0 & Stoch_bull & CCI_gt100 & EMA9_gt_EMA21,5,194,40.20618556701031,-0.2081923036564641,-0.34388566063812964,2.1292144966158633
818,ADX_gt25 & Stoch_bull & VolRatio_gt1.2 & CCI_gt100 & WilliamsR_gt-50 & EMA9_gt_EMA21,6,39,33.33333333333333,-0.2097547968083268,-1.0148763177058686,2.823580402202341
819,ADX_gt25 & Stoch_bull & VolRatio_gt1.2 & CCI_gt100 & WilliamsR_gt-50 & EMA9_gt_EMA21 & ROC10_pos,7,39,33.33333333333333,-0.2097547968083268,-1.0148763177058686,2.823580402202341
820,RSI_50_70 & MACD_bull & BB_pctB_0.8-1.0 & Stoch_bull & CCI_gt100 & WilliamsR_gt-50 & EMA9_gt_EMA21,7,188,39.8936170212766,-0.2114036996325382,-0.34388566063812964,2.1238673482102817
821,BB_pctB_0.8-1.0 & Stoch_bull & WilliamsR_gt-50 & EMA9_gt_EMA21 & ROC10_pos,5,352,43.18181818181818,-0.21198530594794338,-0.2338136066467379,2.0436404494161584
822,MACD_bull & ADX_gt25 & Stoch_bull & VolRatio_gt1.2 & CCI_gt100 & EMA9_gt_EMA21,6,26,30.76923076923077,-0.21314654073040937,-0.9927741126288621,2.878683005535199
823,MACD_bull & ADX_gt25 & Stoch_bull & VolRatio_gt1.2 & CCI_gt100 & WilliamsR_gt-50 & EMA9_gt_EMA21,7,26,30.76923076923077,-0.21314654073040937,-0.9927741126288621,2.878683005535199
824,MACD_bull & ADX_gt25 & Stoch_bull & VolRatio_gt1.2 & CCI_gt100 & EMA9_gt_EMA21 & ROC10_pos,7,26,30.76923076923077,-0.21314654073040937,-0.9927741126288621,2.878683005535199
825,MACD_bull & ADX_gt25 & Stoch_bull & VolRatio_gt1.2 & CCI_gt100 & WilliamsR_gt-50 & EMA9_gt_EMA21 & ROC10_pos,8,26,30.76923076923077,-0.21314654073040937,-0.9927741126288621,2.878683005535199
826,RSI_50_70 & BB_pctB_0.8-1.0 & Stoch_bull & EMA9_gt_EMA21,4,370,42.972972972972975,-0.21359623975342856,-0.2338136066467379,2.0007118058373883
827,BB_pctB_0.8-1.0 & Stoch_bull & CCI_gt100 & WilliamsR_gt-50 & ROC10_pos,5,264,43.18181818181818,-0.21398448056807798,-0.23795072382419014,2.173991594064793
828,RSI_50_70 & MACD_bull & BB_pctB_0.8-1.0 & ADX_gt25 & Stoch_bull & ROC10_pos,6,96,40.625,-0.21399966692909764,-0.36178844609360505,2.4275395757866
829,RSI_50_70 & MACD_bull & BB_pctB_0.8-1.0 & ADX_gt25 & Stoch_bull,5,97,40.20618556701031,-0.21518329771850395,-0.33500964888363877,2.4150219131488044
830,RSI_50_70 & BB_pctB_0.8-1.0 & ADX_gt25 & Stoch_bull,4,140,44.285714285714285,-0.22152546924685532,-0.19935207334257143,2.203276671005194
831,RSI_50_70 & MACD_bull & BB_pctB_0.8-1.0 & Stoch_bull & CCI_gt100 & EMA9_gt_EMA21 & ROC10_pos,7,180,38.88888888888889,-0.22430179801300967,-0.39453513114699684,2.167208947529897
832,BB_pctB_0.8-1.0 & Stoch_bull & EMA9_gt_EMA21 & ROC10_pos,4,357,42.57703081232493,-0.22638268725298366,-0.2599320238803163,2.0345987790028843
833,BB_pctB_0.8-1.0 & Stoch_bull & CCI_gt100 & ROC10_pos,4,266,42.857142857142854,-0.2267864346996444,-0.25281557905076446,2.1716347991661493
834,RSI_50_70 & MACD_bull & BB_pctB_0.8-1.0 & Stoch_bull & CCI_gt100 & EMA9_gt_EMA21,6,190,39.473684210526315,-0.2293536015318422,-0.37066445784809593,2.1210237012106368
835,BB_pctB_0.8-1.0 & Stoch_bull & CCI_gt100 & WilliamsR_gt-50,4,279,43.36917562724014,-0.22946159903120422,-0.2503142817509638,2.142265671027406
836,BB_pctB_0.8-1.0 & Stoch_bull & WilliamsR_gt-50,3,432,44.21296296296296,-0.23090292740880874,-0.17982014339906432,2.0488408191936767
837,RSI_50_70 & BB_pctB_0.8-1.0 & Stoch_bull & WilliamsR_gt-50 & EMA9_gt_EMA21 & ROC10_pos,6,342,42.69005847953216,-0.231211759683311,-0.25281557905076446,2.046534833688321
838,ADX_gt25 & Stoch_bull & VolRatio_gt1.2 & CCI_gt100 & EMA9_gt_EMA21,5,41,31.70731707317073,-0.23179559593888385,-0.9681364076327433,2.755968931073911
839,ADX_gt25 & Stoch_bull & VolRatio_gt1.2 & CCI_gt100 & EMA9_gt_EMA21 & ROC10_pos,6,41,31.70731707317073,-0.23179559593888385,-0.9681364076327433,2.755968931073911
840,RSI_50_70 & BB_pctB_0.8-1.0 & ADX_gt25 & Stoch_bull & ROC10_pos,5,137,43.79562043795621,-0.2384799354072719,-0.20584718814803082,2.220250705341372
841,BB_pctB_0.8-1.0 & Stoch_bull & CCI_gt100,3,281,43.06049822064057,-0.24147001740156165,-0.25531687635056516,2.140144699103039
842,RSI_50_70 & BB_pctB_0.8-1.0 & Stoch_bull & EMA9_gt_EMA21 & ROC10_pos,5,347,42.07492795389049,-0.24574701287415404,-0.27120850420084325,2.0370653469572426
843,RSI_50_70 & BB_pctB_0.8-1.0 & Stoch_bull & CCI_gt100 & WilliamsR_gt-50 & ROC10_pos,6,256,42.1875,-0.25048155318101106,-0.2632626902757042,2.1754878468814782
844,RSI_50_70 & BB_pctB_0.8-1.0 & Stoch_bull & WilliamsR_gt-50,4,421,43.705463182897866,-0.25113004109899173,-0.19285695853711207,2.05179221790298
845,MACD_bull & Stoch_bull & CCI_gt100 & WilliamsR_gt-50 & ROC10_pos,5,293,43.003412969283275,-0.2525760373305844,-0.2503142817509638,2.1562325865208654
846,MACD_bull & Stoch_bull & CCI_gt100 & ROC10_pos,4,298,42.95302013422819,-0.2527165180367956,-0.25281557905076446,2.163599990245299
847,RSI_50_70 & MACD_bull & Stoch_bull & VolRatio_gt1.2 & WilliamsR_gt-50 & ROC10_pos,6,197,42.63959390862944,-0.25718707769400545,-0.27120850420084325,2.5627768314021155
848,MACD_bull & BB_pctB_0.8-1.0 & Stoch_bull & WilliamsR_gt-50 & EMA9_gt_EMA21,5,285,40.70175438596491,-0.2592987970065816,-0.3249387529612516,2.0873730502775234
849,BB_pctB_0.8-1.0 & Stoch_bull & WilliamsR_gt-50 & ROC10_pos,4,403,43.17617866004963,-0.2605368751695886,-0.22558716589741648,2.07816070300824
850,RSI_50_70 & BB_pctB_0.8-1.0 & Stoch_bull & CCI_gt100 & ROC10_pos,5,258,41.86046511627907,-0.2633975440870995,-0.28189714524514786,2.172829176594238
851,RSI_50_70 & MACD_bull & Stoch_bull & CCI_gt100 & ROC10_pos,5,288,42.36111111111111,-0.26350896112401595,-0.2632626902757042,2.151761464674655
852,RSI_50_70 & MACD_bull & Stoch_bull & CCI_gt100 & WilliamsR_gt-50 & ROC10_pos,6,283,42.40282685512368,-0.26355419564174104,-0.25531687635056516,2.1438809089923065
853,RSI_50_70 & BB_pctB_0.8-1.0 & Stoch_bull & CCI_gt100 & WilliamsR_gt-50,5,271,42.435424354243544,-0.26439542757960227,-0.27120850420084325,2.1425151428849225
854,BB_pctB_0.8-1.0 & Stoch_bull,2,441,43.31065759637188,-0.2670252670315551,-0.22558716589741648,2.0569836555531182
855,BB_pctB_0.8-1.0 & ADX_gt25 & Stoch_bull & VolRatio_gt1.2 & WilliamsR_gt-50,5,37,37.83783783783784,-0.27057981270846254,-1.1615299118440476,2.875805682120183
856,BB_pctB_0.8-1.0 & ADX_gt25 & Stoch_bull & VolRatio_gt1.2 & WilliamsR_gt-50 & ROC10_pos,6,37,37.83783783783784,-0.27057981270846254,-1.1615299118440476,2.875805682120183
857,RSI_50_70 & MACD_bull & BB_pctB_0.8-1.0 & Stoch_bull & WilliamsR_gt-50 & EMA9_gt_EMA21,6,278,40.28776978417266,-0.2713393613175384,-0.32687530323138253,2.0879247685538367
858,MACD_bull & BB_pctB_0.8-1.0 & Stoch_bull & EMA9_gt_EMA21,4,288,40.27777777777778,-0.27238700193420934,-0.3319107511925761,2.0820042970025576
859,MACD_bull & BB_pctB_0.8-1.0 & Stoch_bull & WilliamsR_gt-50 & EMA9_gt_EMA21 & ROC10_pos,6,269,40.520446096654275,-0.27565712439883683,-0.33500964888363877,2.1285437002952436
860,RSI_50_70 & BB_pctB_0.8-1.0 & Stoch_bull & CCI_gt100,4,273,42.124542124542124,-0.27649981550990865,-0.2925857862894525,2.1401311958605227
861,MACD_bull & BB_pctB_0.8-1.0 & Stoch_bull & CCI_gt100 & WilliamsR_gt-50 & ROC10_pos,6,214,40.654205607476634,-0.27685500011931746,-0.3087419362912096,2.2340005903241886
862,MACD_bull & Stoch_bull & CCI_gt100 & WilliamsR_gt-50,4,310,42.90322580645161,-0.2800304884307273,-0.2632626902757042,2.1256635654367577
863,MACD_bull & Stoch_bull & CCI_gt100,3,316,42.721518987341774,-0.2808914727411487,-0.28189714524514786,2.1299441703679074
864,RSI_50_70 & BB_pctB_0.8-1.0 & Stoch_bull & WilliamsR_gt-50 & ROC10_pos,5,392,42.60204081632653,-0.28309194733524073,-0.25281557905076446,2.0817694103282984
865,RSI_50_70 & MACD_bull & BB_pctB_0.8-1.0 & Stoch_bull & EMA9_gt_EMA21,5,281,39.8576512455516,-0.2846250599873744,-0.33500964888363877,2.0823402330381318
866,RSI_50_70 & BB_pctB_0.8-1.0 & Stoch_bull,3,430,42.7906976744186,-0.28775308237903713,-0.25281557905076446,2.059707054784924
867,RSI_50_70 & MACD_bull & BB_pctB_0.8-1.0 & Stoch_bull & WilliamsR_gt-50 & EMA9_gt_EMA21 & ROC10_pos,7,262,40.0763358778626,-0.28887004489575197,-0.34388566063812964,2.130101895295047
868,MACD_bull & BB_pctB_0.8-1.0 & Stoch_bull & EMA9_gt_EMA21 & ROC10_pos,5,272,40.07352941176471,-0.289334801005381,-0.37066445784809593,2.122410577849213
869,RSI_50_70 & MACD_bull & Stoch_bull & CCI_gt100 & WilliamsR_gt-50,5,300,42.333333333333336,-0.2913016994742565,-0.28189714524514786,2.1126692885145344
870,RSI_50_70 & MACD_bull & Stoch_bull & VolRatio_gt1.2 & ROC10_pos,5,203,41.87192118226601,-0.29155850124063293,-0.29570046686833384,2.53798416404432
871,RSI_50_70 & MACD_bull & Stoch_bull & CCI_gt100,4,306,42.15686274509804,-0.29196981638874003,-0.29783519972185,2.1173677200564986
872,MACD_bull & BB_pctB_0.8-1.0 & Stoch_bull & CCI_gt100 & ROC10_pos,5,216,40.27777777777778,-0.2920382351188276,-0.3167533734386225,2.230184387513346
873,MACD_bull & BB_pctB_0.8-1.0 & Stoch_bull & CCI_gt100 & WilliamsR_gt-50,5,227,40.969162995594715,-0.296717666824177,-0.31317870609824083,2.1999066212141662
874,BB_pctB_0.8-1.0 & Stoch_bull & ROC10_pos,3,412,42.23300970873786,-0.29855446313993844,-0.280529576913601,2.0855632124565586
875,RSI_50_70 & MACD_bull & ADX_gt25 & Stoch_bull & VolRatio_gt1.2 & CCI_gt100 & WilliamsR_gt-50,7,26,30.76923076923077,-0.3016573987749878,-1.1923981583954089,2.943706158576919
876,RSI_50_70 & MACD_bull & ADX_gt25 & Stoch_bull & VolRatio_gt1.2 & CCI_gt100 & ROC10_pos,7,26,30.76923076923077,-0.3016573987749878,-1.1923981583954089,2.943706158576919
877,RSI_50_70 & MACD_bull & ADX_gt25 & Stoch_bull & VolRatio_gt1.2 & CCI_gt100 & WilliamsR_gt-50 & ROC10_pos,8,26,30.76923076923077,-0.3016573987749878,-1.1923981583954089,2.943706158576919
878,ADX_gt25 & Stoch_bull & VolRatio_gt1.2 & CCI_gt100 & WilliamsR_gt-50,5,42,33.33333333333333,-0.30191666774311093,-1.0161440676654248,2.801726512973347
879,ADX_gt25 & Stoch_bull & VolRatio_gt1.2 & CCI_gt100 & WilliamsR_gt-50 & ROC10_pos,6,42,33.33333333333333,-0.30191666774311093,-1.0161440676654248,2.801726512973347
880,RSI_50_70 & MACD_bull & BB_pctB_0.8-1.0 & Stoch_bull & EMA9_gt_EMA21 & ROC10_pos,6,265,39.62264150943396,-0.30275943838816427,-0.3885672433035714,2.123706369671534
881,RSI_50_70 & MACD_bull & BB_pctB_0.8-1.0 & Stoch_bull & CCI_gt100 & WilliamsR_gt-50 & ROC10_pos,7,209,39.71291866028708,-0.3060044782358076,-0.3203280407790041,2.2300483700877076
882,BB_pctB_0.8-1.0 & ADX_gt25 & Stoch_bull & VolRatio_gt1.2 & CCI_gt100 & EMA9_gt_EMA21,6,29,34.48275862068966,-0.30732767721413007,-1.290196194236291,2.9031774864666238
883,BB_pctB_0.8-1.0 & ADX_gt25 & Stoch_bull & VolRatio_gt1.2 & CCI_gt100 & WilliamsR_gt-50 & EMA9_gt_EMA21,7,29,34.48275862068966,-0.30732767721413007,-1.290196194236291,2.9031774864666238
884,BB_pctB_0.8-1.0 & ADX_gt25 & Stoch_bull & VolRatio_gt1.2 & CCI_gt100 & EMA9_gt_EMA21 & ROC10_pos,7,29,34.48275862068966,-0.30732767721413007,-1.290196194236291,2.9031774864666238
885,BB_pctB_0.8-1.0 & ADX_gt25 & Stoch_bull & VolRatio_gt1.2 & CCI_gt100 & WilliamsR_gt-50 & EMA9_gt_EMA21 & ROC10_pos,8,29,34.48275862068966,-0.30732767721413007,-1.290196194236291,2.9031774864666238
886,MACD_bull & BB_pctB_0.8-1.0 & Stoch_bull & WilliamsR_gt-50,4,341,41.348973607038126,-0.30953155856609516,-0.3043051664841784,2.1262685340944665
887,MACD_bull & BB_pctB_0.8-1.0 & Stoch_bull & CCI_gt100,4,229,40.61135371179039,-0.3108654983808778,-0.3203280407790041,2.196427120703591
888,RSI_50_70 & MACD_bull & ADX_gt25 & Stoch_bull & VolRatio_gt1.2 & CCI_gt100,6,27,29.629629629629626,-0.3144667742119748,-1.017411817624981,2.8894170812780304
889,ADX_gt25 & Stoch_bull & VolRatio_gt1.2 & CCI_gt100 & ROC10_pos,5,44,31.818181818181817,-0.3182655091631852,-0.9915063626693059,2.7387085831885027
890,BB_pctB_0.8-1.0 & ADX_gt25 & Stoch_bull & VolRatio_gt1.2,4,38,36.84210526315789,-0.31988907512646253,-1.2258630530401693,2.853520959931028
891,BB_pctB_0.8-1.0 & ADX_gt25 & Stoch_bull & VolRatio_gt1.2 & ROC10_pos,5,38,36.84210526315789,-0.31988907512646253,-1.2258630530401693,2.853520959931028
892,RSI_50_70 & ADX_gt25 & Stoch_bull & VolRatio_gt1.2 & CCI_gt100 & WilliamsR_gt-50,6,38,31.57894736842105,-0.321081619927846,-1.153804005930636,2.887367032578332
893,RSI_50_70 & ADX_gt25 & Stoch_bull & VolRatio_gt1.2 & CCI_gt100 & WilliamsR_gt-50 & ROC10_pos,7,38,31.57894736842105,-0.321081619927846,-1.153804005930636,2.887367032578332
894,RSI_50_70 & MACD_bull & BB_pctB_0.8-1.0 & Stoch_bull & CCI_gt100 & ROC10_pos,6,211,39.33649289099526,-0.3212712071631119,-0.33500964888363877,2.2259712169849775
895,RSI_50_70 & BB_pctB_0.8-1.0 & Stoch_bull & ROC10_pos,4,401,41.64588528678304,-0.3216461882187651,-0.2925857862894525,2.088861507541701
896,RSI_50_70 & MACD_bull & BB_pctB_0.8-1.0 & Stoch_bull & CCI_gt100 & WilliamsR_gt-50,6,222,40.090090090090094,-0.32460755087764886,-0.3245699471402588,2.195107674485976
897,ADX_gt25 & Stoch_bull & VolRatio_gt1.2 & CCI_gt100,4,45,31.11111111111111,-0.32558206530563966,-0.9681364076327433,2.7085423726812183
898,RSI_50_70 & BB_pctB_0.8-1.0 & ADX_gt25 & Stoch_bull & VolRatio_gt1.2 & WilliamsR_gt-50,6,36,36.11111111111111,-0.32585653452187446,-1.2258630530401693,2.896020308643372
899,RSI_50_70 & BB_pctB_0.8-1.0 & ADX_gt25 & Stoch_bull & VolRatio_gt1.2 & WilliamsR_gt-50 & ROC10_pos,7,36,36.11111111111111,-0.32585653452187446,-1.2258630530401693,2.896020308643372
900,RSI_50_70 & MACD_bull & BB_pctB_0.8-1.0 & Stoch_bull & WilliamsR_gt-50,5,333,40.84084084084084,-0.32613373968315984,-0.31317870609824083,2.1280725316289066
901,MACD_bull & BB_pctB_0.8-1.0 & Stoch_bull & WilliamsR_gt-50 & ROC10_pos,5,320,40.9375,-0.3266540608217352,-0.3167533734386225,2.155611568943497
902,RSI_50_70 & ADX_gt25 & Stoch_bull & VolRatio_gt1.2 & CCI_gt100 & ROC10_pos,6,40,30.0,-0.33810709788069104,-1.0161440676654248,2.8156347962877515
903,RSI_50_70 & MACD_bull & BB_pctB_0.8-1.0 & Stoch_bull & CCI_gt100,5,224,39.732142857142854,-0.33882216542397714,-0.3319107511925761,2.191403719628849
904,RSI_50_70 & MACD_bull & BB_pctB_0.8-1.0 & Stoch_bull & WilliamsR_gt-50 & ROC10_pos,6,312,40.38461538461539,-0.3448127349564392,-0.3226333968701278,2.158106664807648
905,RSI_50_70 & ADX_gt25 & Stoch_bull & VolRatio_gt1.2 & CCI_gt100,5,41,29.268292682926827,-0.34565352319027515,-1.0148763177058686,2.7814953332299424
906,MACD_bull & ADX_gt25 & Stoch_bull & VolRatio_gt1.2 & CCI_gt100 & WilliamsR_gt-50,6,29,31.03448275862069,-0.3462714837474674,-1.017411817624981,2.8407644648898773
907,MACD_bull & ADX_gt25 & Stoch_bull & VolRatio_gt1.2 & CCI_gt100 & ROC10_pos,6,29,31.03448275862069,-0.3462714837474674,-1.017411817624981,2.8407644648898773
908,MACD_bull & ADX_gt25 & Stoch_bull & VolRatio_gt1.2 & CCI_gt100 & WilliamsR_gt-50 & ROC10_pos,7,29,31.03448275862069,-0.3462714837474674,-1.017411817624981,2.8407644648898773
909,MACD_bull & BB_pctB_0.8-1.0 & Stoch_bull,3,348,40.51724137931034,-0.35030415903990314,-0.32687530323138253,2.1383230423316344
910,MACD_bull & ADX_gt25 & Stoch_bull & VolRatio_gt1.2 & CCI_gt100,5,30,30.0,-0.3563127854750064,-0.9927741126288621,2.79354052377137
911,RSI_50_70 & MACD_bull & BB_pctB_0.8-1.0 & Stoch_bull,4,340,40.0,-0.36752388585100026,-0.3319107511925761,2.1400374297251803
912,MACD_bull & BB_pctB_0.8-1.0 & Stoch_bull & ROC10_pos,4,327,40.0611620795107,-0.3696785484336487,-0.35276167239262046,2.1672837812425247
913,RSI_50_70 & BB_pctB_0.8-1.0 & ADX_gt25 & Stoch_bull & VolRatio_gt1.2,5,37,35.13513513513514,-0.375004514253512,-1.290196194236291,2.871797104089396
914,RSI_50_70 & BB_pctB_0.8-1.0 & ADX_gt25 & Stoch_bull & VolRatio_gt1.2 & ROC10_pos,6,37,35.13513513513514,-0.375004514253512,-1.290196194236291,2.871797104089396
915,RSI_50_70 & BB_pctB_0.8-1.0 & ADX_gt25 & Stoch_bull & VolRatio_gt1.2 & CCI_gt100 & EMA9_gt_EMA21,7,28,32.142857142857146,-0.37971017184943345,-1.328790346701064,2.9287399465702326
916,RSI_50_70 & BB_pctB_0.8-1.0 & ADX_gt25 & Stoch_bull & VolRatio_gt1.2 & CCI_gt100 & WilliamsR_gt-50 & EMA9_gt_EMA21,8,28,32.142857142857146,-0.37971017184943345,-1.328790346701064,2.9287399465702326
917,RSI_50_70 & BB_pctB_0.8-1.0 & ADX_gt25 & Stoch_bull & VolRatio_gt1.2 & CCI_gt100 & EMA9_gt_EMA21 & ROC10_pos,8,28,32.142857142857146,-0.37971017184943345,-1.328790346701064,2.9287399465702326
918,RSI_50_70 & BB_pctB_0.8-1.0 & ADX_gt25 & Stoch_bull & VolRatio_gt1.2 & CCI_gt100 & WilliamsR_gt-50 & EMA9_gt_EMA21 & ROC10_pos,9,28,32.142857142857146,-0.37971017184943345,-1.328790346701064,2.9287399465702326
919,RSI_50_70 & MACD_bull & BB_pctB_0.8-1.0 & Stoch_bull & ROC10_pos,5,319,39.49843260188088,-0.38851774038011566,-0.3885672433035714,2.169632287190333
920,RSI_50_70 & Stoch_bull & VolRatio_gt1.2 & CCI_gt100 & WilliamsR_gt-50 & EMA9_gt_EMA21,6,93,33.33333333333333,-0.4000668746509971,-0.7889576328592449,2.564595461755202
921,RSI_50_70 & Stoch_bull & VolRatio_gt1.2 & CCI_gt100 & WilliamsR_gt-50 & EMA9_gt_EMA21 & ROC10_pos,7,90,33.33333333333333,-0.40145632479567817,-0.8089651458911435,2.592242118520109
922,Stoch_bull & VolRatio_gt1.2 & CCI_gt100 & WilliamsR_gt-50 & EMA9_gt_EMA21,5,96,33.33333333333333,-0.40716960966765997,-0.8089651458911435,2.5443406018035493
923,Stoch_bull & VolRatio_gt1.2 & CCI_gt100 & WilliamsR_gt-50 & EMA9_gt_EMA21 & ROC10_pos,6,93,33.33333333333333,-0.4087433593243405,-0.8289726589230421,2.5706574994732048
924,MACD_bull & BB_pctB_0.8-1.0 & Stoch_bull & VolRatio_gt1.2 & EMA9_gt_EMA21 & ROC10_pos,6,61,32.78688524590164,-0.409778827554586,-0.8289726589230421,2.637136394780786
925,RSI_50_70 & MACD_bull & BB_pctB_0.8-1.0 & Stoch_bull & VolRatio_gt1.2 & EMA9_gt_EMA21 & ROC10_pos,7,61,32.78688524590164,-0.409778827554586,-0.8289726589230421,2.637136394780786
926,MACD_bull & BB_pctB_0.8-1.0 & Stoch_bull & VolRatio_gt1.2 & WilliamsR_gt-50 & EMA9_gt_EMA21 & ROC10_pos,7,61,32.78688524590164,-0.409778827554586,-0.8289726589230421,2.637136394780786
927,RSI_50_70 & MACD_bull & BB_pctB_0.8-1.0 & Stoch_bull & VolRatio_gt1.2 & WilliamsR_gt-50 & EMA9_gt_EMA21 & ROC10_pos,8,61,32.78688524590164,-0.409778827554586,-0.8289726589230421,2.637136394780786
928,MACD_bull & BB_pctB_0.8-1.0 & Stoch_bull & VolRatio_gt1.2 & EMA9_gt_EMA21,5,63,31.746031746031743,-0.4109043648296065,-0.7889576328592449,2.595010548048471
929,RSI_50_70 & MACD_bull & BB_pctB_0.8-1.0 & Stoch_bull & VolRatio_gt1.2 & EMA9_gt_EMA21,6,63,31.746031746031743,-0.4109043648296065,-0.7889576328592449,2.595010548048471
930,MACD_bull & BB_pctB_0.8-1.0 & Stoch_bull & VolRatio_gt1.2 & WilliamsR_gt-50 & EMA9_gt_EMA21,6,63,31.746031746031743,-0.4109043648296065,-0.7889576328592449,2.595010548048471
931,RSI_50_70 & MACD_bull & BB_pctB_0.8-1.0 & Stoch_bull & VolRatio_gt1.2 & WilliamsR_gt-50 & EMA9_gt_EMA21,7,63,31.746031746031743,-0.4109043648296065,-0.7889576328592449,2.595010548048471
932,RSI_50_70 & Stoch_bull & VolRatio_gt1.2 & CCI_gt100 & EMA9_gt_EMA21,5,96,32.29166666666667,-0.4229789915962045,-0.8089651458911435,2.5303613636330957
933,RSI_50_70 & Stoch_bull & VolRatio_gt1.2 & CCI_gt100 & EMA9_gt_EMA21 & ROC10_pos,6,93,32.25806451612903,-0.42506272131509626,-0.8289726589230421,2.5563629285127365
934,Stoch_bull & VolRatio_gt1.2 & CCI_gt100 & EMA9_gt_EMA21,4,99,32.323232323232325,-0.42917218564432597,-0.8289726589230421,2.5114497761174013
935,Stoch_bull & VolRatio_gt1.2 & CCI_gt100 & EMA9_gt_EMA21 & ROC10_pos,5,96,32.29166666666667,-0.4313843361235059,-0.8512977950349142,2.5362379665020955
936,BB_pctB_0.8-1.0 & ADX_gt25 & Stoch_bull & VolRatio_gt1.2 & CCI_gt100,5,31,32.25806451612903,-0.4779106550482519,-1.3673844991658368,2.890379505770568
937,BB_pctB_0.8-1.0 & ADX_gt25 & Stoch_bull & VolRatio_gt1.2 & CCI_gt100 & WilliamsR_gt-50,6,31,32.25806451612903,-0.4779106550482519,-1.3673844991658368,2.890379505770568
938,BB_pctB_0.8-1.0 & ADX_gt25 & Stoch_bull & VolRatio_gt1.2 & CCI_gt100 & ROC10_pos,6,31,32.25806451612903,-0.4779106550482519,-1.3673844991658368,2.890379505770568
939,BB_pctB_0.8-1.0 & ADX_gt25 & Stoch_bull & VolRatio_gt1.2 & CCI_gt100 & WilliamsR_gt-50 & ROC10_pos,7,31,32.25806451612903,-0.4779106550482519,-1.3673844991658368,2.890379505770568
940,BB_pctB_0.8-1.0 & Stoch_bull & VolRatio_gt1.2 & EMA9_gt_EMA21,4,85,35.294117647058826,-0.48209797204463956,-0.7889576328592449,2.3876905193320153
941,BB_pctB_0.8-1.0 & Stoch_bull & VolRatio_gt1.2 & WilliamsR_gt-50 & EMA9_gt_EMA21,5,85,35.294117647058826,-0.48209797204463956,-0.7889576328592449,2.3876905193320153
942,BB_pctB_0.8-1.0 & Stoch_bull & VolRatio_gt1.2 & EMA9_gt_EMA21 & ROC10_pos,5,82,36.58536585365854,-0.4839002534909451,-0.8170915974638315,2.430902028283015
943,BB_pctB_0.8-1.0 & Stoch_bull & VolRatio_gt1.2 & WilliamsR_gt-50 & EMA9_gt_EMA21 & ROC10_pos,6,82,36.58536585365854,-0.4839002534909451,-0.8170915974638315,2.430902028283015
944,RSI_50_70 & MACD_bull & Stoch_bull & VolRatio_gt1.2 & CCI_gt100 & WilliamsR_gt-50 & EMA9_gt_EMA21 & ROC10_pos,8,71,30.985915492957744,-0.4842285513476725,-0.8289726589230421,2.5600992008397485
945,RSI_50_70 & MACD_bull & Stoch_bull & VolRatio_gt1.2 & CCI_gt100 & EMA9_gt_EMA21 & ROC10_pos,7,72,30.555555555555557,-0.5063445644223356,-0.9204609151700716,2.5490794459836095
946,RSI_50_70 & MACD_bull & Stoch_bull & VolRatio_gt1.2 & CCI_gt100 & WilliamsR_gt-50 & EMA9_gt_EMA21,7,72,30.555555555555557,-0.5079167334198613,-0.9204609151700716,2.5500821299247063
947,RSI_50_70 & BB_pctB_0.8-1.0 & Stoch_bull & VolRatio_gt1.2 & EMA9_gt_EMA21,5,84,34.523809523809526,-0.5083060690043897,-0.7970840844319329,2.389676208234432
948,RSI_50_70 & BB_pctB_0.8-1.0 & Stoch_bull & VolRatio_gt1.2 & WilliamsR_gt-50 & EMA9_gt_EMA21,6,84,34.523809523809526,-0.5083060690043897,-0.7970840844319329,2.389676208234432
949,RSI_50_70 & BB_pctB_0.8-1.0 & Stoch_bull & VolRatio_gt1.2 & EMA9_gt_EMA21 & ROC10_pos,6,81,35.80246913580247,-0.5111012710966896,-0.8289726589230421,2.433427086113731
950,RSI_50_70 & BB_pctB_0.8-1.0 & Stoch_bull & VolRatio_gt1.2 & WilliamsR_gt-50 & EMA9_gt_EMA21 & ROC10_pos,7,81,35.80246913580247,-0.5111012710966896,-0.8289726589230421,2.433427086113731
951,MACD_bull & BB_pctB_0.8-1.0 & Stoch_bull & VolRatio_gt1.2 & CCI_gt100 & EMA9_gt_EMA21,6,51,29.411764705882355,-0.51714157583266,-1.0242439038825757,2.6821824439099617
952,RSI_50_70 & MACD_bull & BB_pctB_0.8-1.0 & Stoch_bull & VolRatio_gt1.2 & CCI_gt100 & EMA9_gt_EMA21,7,51,29.411764705882355,-0.51714157583266,-1.0242439038825757,2.6821824439099617
953,MACD_bull & BB_pctB_0.8-1.0 & Stoch_bull & VolRatio_gt1.2 & CCI_gt100 & WilliamsR_gt-50 & EMA9_gt_EMA21,7,51,29.411764705882355,-0.51714157583266,-1.0242439038825757,2.6821824439099617
954,MACD_bull & BB_pctB_0.8-1.0 & Stoch_bull & VolRatio_gt1.2 & CCI_gt100 & EMA9_gt_EMA21 & ROC10_pos,7,51,29.411764705882355,-0.51714157583266,-1.0242439038825757,2.6821824439099617
955,RSI_50_70 & MACD_bull & BB_pctB_0.8-1.0 & Stoch_bull & VolRatio_gt1.2 & CCI_gt100 & WilliamsR_gt-50 & EMA9_gt_EMA21,8,51,29.411764705882355,-0.51714157583266,-1.0242439038825757,2.6821824439099617
956,RSI_50_70 & MACD_bull & BB_pctB_0.8-1.0 & Stoch_bull & VolRatio_gt1.2 & CCI_gt100 & EMA9_gt_EMA21 & ROC10_pos,8,51,29.411764705882355,-0.51714157583266,-1.0242439038825757,2.6821824439099617
957,MACD_bull & BB_pctB_0.8-1.0 & Stoch_bull & VolRatio_gt1.2 & CCI_gt100 & WilliamsR_gt-50 & EMA9_gt_EMA21 & ROC10_pos,8,51,29.411764705882355,-0.51714157583266,-1.0242439038825757,2.6821824439099617
958,RSI_50_70 & MACD_bull & BB_pctB_0.8-1.0 & Stoch_bull & VolRatio_gt1.2 & CCI_gt100 & WilliamsR_gt-50 & EMA9_gt_EMA21 & ROC10_pos,9,51,29.411764705882355,-0.51714157583266,-1.0242439038825757,2.6821824439099617
959,MACD_bull & Stoch_bull & VolRatio_gt1.2 & CCI_gt100 & WilliamsR_gt-50 & EMA9_gt_EMA21 & ROC10_pos,7,73,30.136986301369863,-0.5202968836138597,-0.9681364076327433,2.5376599296873614
960,RSI_50_70 & MACD_bull & Stoch_bull & VolRatio_gt1.2 & CCI_gt100 & EMA9_gt_EMA21,6,73,30.136986301369863,-0.5294052917664853,-1.011949171417101,2.539110941850688
961,MACD_bull & Stoch_bull & VolRatio_gt1.2 & CCI_gt100 & EMA9_gt_EMA21 & ROC10_pos,6,74,29.72972972972973,-0.5413277567099347,-0.9900427895249222,2.5268522770662947
962,MACD_bull & Stoch_bull & VolRatio_gt1.2 & CCI_gt100 & WilliamsR_gt-50 & EMA9_gt_EMA21,6,74,29.72972972972973,-0.5428574346534734,-0.9900427895249222,2.5278152882355047
963,RSI_50_70 & BB_pctB_0.8-1.0 & ADX_gt25 & Stoch_bull & VolRatio_gt1.2 & CCI_gt100,6,30,30.0,-0.5511537493023393,-1.3963373308508782,2.9097197574837264
964,RSI_50_70 & BB_pctB_0.8-1.0 & ADX_gt25 & Stoch_bull & VolRatio_gt1.2 & CCI_gt100 & WilliamsR_gt-50,7,30,30.0,-0.5511537493023393,-1.3963373308508782,2.9097197574837264
965,RSI_50_70 & BB_pctB_0.8-1.0 & ADX_gt25 & Stoch_bull & VolRatio_gt1.2 & CCI_gt100 & ROC10_pos,7,30,30.0,-0.5511537493023393,-1.3963373308508782,2.9097197574837264
966,RSI_50_70 & BB_pctB_0.8-1.0 & ADX_gt25 & Stoch_bull & VolRatio_gt1.2 & CCI_gt100 & WilliamsR_gt-50 & ROC10_pos,8,30,30.0,-0.5511537493023393,-1.3963373308508782,2.9097197574837264
967,MACD_bull & Stoch_bull & VolRatio_gt1.2 & CCI_gt100 & EMA9_gt_EMA21,5,75,29.333333333333332,-0.5633070887610725,-1.011949171417101,2.517061395321053
968,MACD_bull & BB_pctB_0.8-1.0 & Stoch_bull & VolRatio_gt1.2 & WilliamsR_gt-50,5,81,32.098765432098766,-0.6193568583067361,-0.7889576328592449,2.6860851850617053
969,RSI_50_70 & MACD_bull & BB_pctB_0.8-1.0 & Stoch_bull & VolRatio_gt1.2 & WilliamsR_gt-50,6,81,32.098765432098766,-0.6193568583067361,-0.7889576328592449,2.6860851850617053
970,MACD_bull & BB_pctB_0.8-1.0 & Stoch_bull & VolRatio_gt1.2 & WilliamsR_gt-50 & ROC10_pos,6,78,33.33333333333333,-0.6205184589370085,-0.8089651458911435,2.736906875221842
971,RSI_50_70 & MACD_bull & BB_pctB_0.8-1.0 & Stoch_bull & VolRatio_gt1.2 & WilliamsR_gt-50 & ROC10_pos,7,78,33.33333333333333,-0.6205184589370085,-0.8089651458911435,2.736906875221842
972,RSI_50_70 & Stoch_bull & VolRatio_gt1.2 & CCI_gt100 & WilliamsR_gt-50,5,112,33.035714285714285,-0.6248275691140445,-0.8529859406232708,2.650813205314773
973,BB_pctB_0.8-1.0 & Stoch_bull & VolRatio_gt1.2 & WilliamsR_gt-50,4,104,35.57692307692308,-0.6248461109971563,-0.7112173886698563,2.4892538992674735
974,RSI_50_70 & Stoch_bull & VolRatio_gt1.2 & CCI_gt100 & WilliamsR_gt-50 & ROC10_pos,6,108,33.33333333333333,-0.6298938741436834,-0.9204609151700716,2.6871240097022824
975,BB_pctB_0.8-1.0 & Stoch_bull & VolRatio_gt1.2 & WilliamsR_gt-50 & ROC10_pos,5,99,36.36363636363637,-0.6372096171971153,-0.805210536004621,2.54931720304874
976,MACD_bull & BB_pctB_0.8-1.0 & Stoch_bull & VolRatio_gt1.2,4,82,31.70731707317073,-0.6379541135053425,-0.8089651458911435,2.674898063961505
977,RSI_50_70 & MACD_bull & BB_pctB_0.8-1.0 & Stoch_bull & VolRatio_gt1.2,5,82,31.70731707317073,-0.6379541135053425,-0.8089651458911435,2.674898063961505
978,RSI_50_70 & Stoch_bull & VolRatio_gt1.2 & CCI_gt100,4,116,31.896551724137932,-0.6381720873020648,-0.8512977950349142,2.6083137271820096
979,BB_pctB_0.8-1.0 & Stoch_bull & VolRatio_gt1.2,3,105,35.23809523809524,-0.6393174031266355,-0.7889576328592449,2.4817637453136654
980,Stoch_bull & VolRatio_gt1.2 & CCI_gt100 & WilliamsR_gt-50,4,117,33.33333333333333,-0.6396903213974355,-0.8769992223234996,2.6390619801947963
981,MACD_bull & BB_pctB_0.8-1.0 & Stoch_bull & VolRatio_gt1.2 & ROC10_pos,5,79,32.91139240506329,-0.639807235211128,-0.8289726589230421,2.7248598513740276
982,RSI_50_70 & MACD_bull & BB_pctB_0.8-1.0 & Stoch_bull & VolRatio_gt1.2 & ROC10_pos,6,79,32.91139240506329,-0.639807235211128,-0.8289726589230421,2.7248598513740276
983,RSI_50_70 & Stoch_bull & VolRatio_gt1.2 & CCI_gt100 & ROC10_pos,5,111,32.432432432432435,-0.6434982185424388,-0.8736229311467864,2.6542383472632096
984,Stoch_bull & VolRatio_gt1.2 & CCI_gt100 & WilliamsR_gt-50 & ROC10_pos,5,113,33.6283185840708,-0.645058568763228,-0.9681364076327433,2.673488381750229
985,RSI_50_70 & BB_pctB_0.8-1.0 & Stoch_bull & VolRatio_gt1.2 & WilliamsR_gt-50,5,103,34.95145631067961,-0.6476056088959091,-0.7889576328592449,2.4905165325704903
986,Stoch_bull & VolRatio_gt1.2 & CCI_gt100,3,121,32.231404958677686,-0.6519920825600536,-0.8736229311467864,2.5984755736277387
987,BB_pctB_0.8-1.0 & Stoch_bull & VolRatio_gt1.2 & ROC10_pos,4,100,36.0,-0.6522808388710686,-0.8170915974638315,2.54096734538137
988,Stoch_bull & VolRatio_gt1.2 & CCI_gt100 & ROC10_pos,4,116,32.758620689655174,-0.6576843286287729,-0.9208796693897648,2.642153742552235
989,BB_pctB_0.8-1.0 & Stoch_bull & VolRatio_gt1.2 & CCI_gt100 & EMA9_gt_EMA21,5,65,29.230769230769234,-0.6588613948652416,-1.0542045192195288,2.521190150098735
990,BB_pctB_0.8-1.0 & Stoch_bull & VolRatio_gt1.2 & CCI_gt100 & WilliamsR_gt-50 & EMA9_gt_EMA21,6,65,29.230769230769234,-0.6588613948652416,-1.0542045192195288,2.521190150098735
991,RSI_50_70 & BB_pctB_0.8-1.0 & Stoch_bull & VolRatio_gt1.2 & WilliamsR_gt-50 & ROC10_pos,6,98,35.714285714285715,-0.6612564721947833,-0.8170915974638315,2.551095419957964
992,RSI_50_70 & BB_pctB_0.8-1.0 & Stoch_bull & VolRatio_gt1.2,4,104,34.61538461538461,-0.661997206739145,-0.7970840844319329,2.4828138632281256
993,BB_pctB_0.8-1.0 & Stoch_bull & VolRatio_gt1.2 & CCI_gt100 & EMA9_gt_EMA21 & ROC10_pos,6,64,29.6875,-0.6627804739396767,-1.0773719525545662,2.540614132971759
994,BB_pctB_0.8-1.0 & Stoch_bull & VolRatio_gt1.2 & CCI_gt100 & WilliamsR_gt-50 & EMA9_gt_EMA21 & ROC10_pos,7,64,29.6875,-0.6627804739396767,-1.0773719525545662,2.540614132971759
995,RSI_50_70 & BB_pctB_0.8-1.0 & Stoch_bull & VolRatio_gt1.2 & ROC10_pos,5,99,35.35353535353536,-0.6762370309058712,-0.8289726589230421,2.5425071210035894
996,RSI_50_70 & BB_pctB_0.8-1.0 & Stoch_bull & VolRatio_gt1.2 & CCI_gt100 & EMA9_gt_EMA21,6,64,28.125,-0.6960214506064855,-1.0773719525545662,2.5230858063356267
997,RSI_50_70 & BB_pctB_0.8-1.0 & Stoch_bull & VolRatio_gt1.2 & CCI_gt100 & WilliamsR_gt-50 & EMA9_gt_EMA21,7,64,28.125,-0.6960214506064855,-1.0773719525545662,2.5230858063356267
998,RSI_50_70 & BB_pctB_0.8-1.0 & Stoch_bull & VolRatio_gt1.2 & CCI_gt100 & EMA9_gt_EMA21 & ROC10_pos,7,63,28.57142857142857,-0.7005925794398996,-1.1005393858896035,2.5427685124252357
999,RSI_50_70 & BB_pctB_0.8-1.0 & Stoch_bull & VolRatio_gt1.2 & CCI_gt100 & WilliamsR_gt-50 & EMA9_gt_EMA21 & ROC10_pos,8,63,28.57142857142857,-0.7005925794398996,-1.1005393858896035,2.5427685124252357
1000,MACD_bull & BB_pctB_0.8-1.0 & Stoch_bull & VolRatio_gt1.2 & CCI_gt100 & ROC10_pos,6,62,30.64516129032258,-0.7321436500606329,-1.0208278607537782,2.846642397645488
1001,RSI_50_70 & MACD_bull & BB_pctB_0.8-1.0 & Stoch_bull & VolRatio_gt1.2 & CCI_gt100 & ROC10_pos,7,62,30.64516129032258,-0.7321436500606329,-1.0208278607537782,2.846642397645488
1002,MACD_bull & BB_pctB_0.8-1.0 & Stoch_bull & VolRatio_gt1.2 & CCI_gt100 & WilliamsR_gt-50 & ROC10_pos,7,62,30.64516129032258,-0.7321436500606329,-1.0208278607537782,2.846642397645488
1003,RSI_50_70 & MACD_bull & BB_pctB_0.8-1.0 & Stoch_bull & VolRatio_gt1.2 & CCI_gt100 & WilliamsR_gt-50 & ROC10_pos,8,62,30.64516129032258,-0.7321436500606329,-1.0208278607537782,2.846642397645488
1004,MACD_bull & BB_pctB_0.8-1.0 & Stoch_bull & VolRatio_gt1.2 & CCI_gt100,5,63,30.158730158730158,-0.7344429448584563,-1.017411817624981,2.824017661360722
1005,RSI_50_70 & MACD_bull & BB_pctB_0.8-1.0 & Stoch_bull & VolRatio_gt1.2 & CCI_gt100,6,63,30.158730158730158,-0.7344429448584563,-1.017411817624981,2.824017661360722
1006,MACD_bull & BB_pctB_0.8-1.0 & Stoch_bull & VolRatio_gt1.2 & CCI_gt100 & WilliamsR_gt-50,6,63,30.158730158730158,-0.7344429448584563,-1.017411817624981,2.824017661360722
1007,RSI_50_70 & MACD_bull & BB_pctB_0.8-1.0 & Stoch_bull & VolRatio_gt1.2 & CCI_gt100 & WilliamsR_gt-50,7,63,30.158730158730158,-0.7344429448584563,-1.017411817624981,2.824017661360722
1008,RSI_50_70 & MACD_bull & Stoch_bull & VolRatio_gt1.2 & CCI_gt100 & WilliamsR_gt-50 & ROC10_pos,7,89,31.46067415730337,-0.7446932170965339,-1.011949171417101,2.6732814747127263
1009,RSI_50_70 & MACD_bull & Stoch_bull & VolRatio_gt1.2 & CCI_gt100 & ROC10_pos,6,90,31.11111111111111,-0.7594919757146102,-1.0146804945210408,2.6620518988938993
1010,RSI_50_70 & MACD_bull & Stoch_bull & VolRatio_gt1.2 & CCI_gt100 & WilliamsR_gt-50,6,91,30.76923076923077,-0.7620271780709923,-1.011949171417101,2.648057640914256
1011,RSI_50_70 & MACD_bull & Stoch_bull & VolRatio_gt1.2 & CCI_gt100,5,93,30.107526881720432,-0.7749308089543799,-1.011949171417101,2.6229686985420346
1012,MACD_bull & Stoch_bull & VolRatio_gt1.2 & CCI_gt100 & WilliamsR_gt-50 & ROC10_pos,6,93,31.182795698924732,-0.7834425629773425,-1.011949171417101,2.6586502123594644
1013,MACD_bull & Stoch_bull & VolRatio_gt1.2 & CCI_gt100 & ROC10_pos,5,94,30.851063829787233,-0.7971993601023007,-1.0146804945210408,2.6477962883408797
1014,MACD_bull & Stoch_bull & VolRatio_gt1.2 & CCI_gt100 & WilliamsR_gt-50,5,95,30.526315789473685,-0.7992308972606487,-1.011949171417101,2.6344399164445638
1015,MACD_bull & Stoch_bull & VolRatio_gt1.2 & CCI_gt100,4,97,29.896907216494846,-0.8108353326603986,-1.011949171417101,2.610382877232091
1016,BB_pctB_0.8-1.0 & Stoch_bull & VolRatio_gt1.2 & CCI_gt100,4,77,29.87012987012987,-0.8145672185046466,-1.0242439038825757,2.663279134302681
1017,BB_pctB_0.8-1.0 & Stoch_bull & VolRatio_gt1.2 & CCI_gt100 & WilliamsR_gt-50,5,77,29.87012987012987,-0.8145672185046466,-1.0242439038825757,2.663279134302681
1018,BB_pctB_0.8-1.0 & Stoch_bull & VolRatio_gt1.2 & CCI_gt100 & ROC10_pos,5,75,30.666666666666664,-0.8191551502457719,-1.0542045192195288,2.6981340514972167
1019,BB_pctB_0.8-1.0 & Stoch_bull & VolRatio_gt1.2 & CCI_gt100 & WilliamsR_gt-50 & ROC10_pos,6,75,30.666666666666664,-0.8191551502457719,-1.0542045192195288,2.6981340514972167
1020,RSI_50_70 & BB_pctB_0.8-1.0 & Stoch_bull & VolRatio_gt1.2 & CCI_gt100,5,76,28.947368421052634,-0.8479086578609494,-1.0392242115510522,2.66473042849806
1021,RSI_50_70 & BB_pctB_0.8-1.0 & Stoch_bull & VolRatio_gt1.2 & CCI_gt100 & WilliamsR_gt-50,6,76,28.947368421052634,-0.8479086578609494,-1.0392242115510522,2.66473042849806
1022,RSI_50_70 & BB_pctB_0.8-1.0 & Stoch_bull & VolRatio_gt1.2 & CCI_gt100 & ROC10_pos,6,74,29.72972972972973,-0.8534597086622603,-1.0773719525545662,2.7000082503563263
1023,RSI_50_70 & BB_pctB_0.8-1.0 & Stoch_bull & VolRatio_gt1.2 & CCI_gt100 & WilliamsR_gt-50 & ROC10_pos,7,74,29.72972972972973,-0.8534597086622603,-1.0773719525545662,2.7000082503563263
