rank,indicators,n_indicators,n_trades,win_rate_blind,avg_return_blind,median_return_blind,win_rate_trail,avg_return_trail,median_return_trail,std_return_trail
1,MACD_bull & ADX_gt25 & Stoch_bull & VolRatio_gt1.2 & WilliamsR_gt-50,5,86,41.86046511627907,4.721677969178767e-05,-0.32278070838058615,53.48837209302325,0.2255338056816719,0.053293410823010395,0.7279989771237316
2,ADX_gt25 & Stoch_bull & VolRatio_gt1.2 & WilliamsR_gt-50,4,156,43.58974358974359,0.08478238556878549,-0.2888953869464854,54.48717948717948,0.2119900693817931,0.05212453690281878,0.6348751681874013
3,Stoch_bull & VolRatio_gt1.2 & CCI_gt100 & WilliamsR_gt-50 & EMA9_gt_EMA21,5,96,32.29166666666667,-0.4055101876576,-0.7456895197542055,62.5,0.21168578874012745,0.0858294251803555,0.5196363952511416
4,RSI_50_70 & Stoch_bull & VolRatio_gt1.2 & CCI_gt100 & WilliamsR_gt-50 & EMA9_gt_EMA21,6,93,32.25806451612903,-0.39769251744630507,-0.7418721361553487,63.44086021505376,0.2108123953589929,0.08797456340166135,0.5241105932585375
5,MACD_bull & Stoch_bull & VolRatio_gt1.2 & WilliamsR_gt-50,4,306,44.11764705882353,-0.0830590026103707,-0.2075804488115026,60.45751633986928,0.20825061162566488,0.062144719245145766,0.5760994523043987
6,Stoch_bull & VolRatio_gt1.2 & CCI_gt100 & EMA9_gt_EMA21,4,99,32.323232323232325,-0.42150568808865424,-0.7495069033530621,61.61616161616161,0.20367583558675934,0.08368428695904966,0.5158449523973636
7,VolRatio_gt1.2 & CCI_gt100 & WilliamsR_gt-50 & EMA9_gt_EMA21,4,1661,51.8362432269717,0.14867088249470667,0.07227298539053693,58.21794099939795,0.20297986858249356,0.07271847649205536,0.5074155191673393
8,VolRatio_gt1.2 & CCI_gt100 & WilliamsR_gt-50 & EMA9_gt_EMA21 & ROC10_pos,5,1654,51.81378476420798,0.14745146811041082,0.07217108590475474,58.22249093107617,0.2029210914063618,0.07251652022597461,0.5079973233796634
9,RSI_50_70 & Stoch_bull & VolRatio_gt1.2 & CCI_gt100 & EMA9_gt_EMA21,5,96,32.29166666666667,-0.4144321794599329,-0.7456895197542055,62.5,0.20257942471274248,0.0858294251803555,0.5200781683613245
10,ADX_gt25 & VolRatio_gt1.2 & CCI_gt100 & WilliamsR_gt-50 & EMA9_gt_EMA21,5,755,51.39072847682119,0.13660575377133113,0.0534918276374463,56.82119205298013,0.20194684705500482,0.06983398184176054,0.5388146510823135
11,ADX_gt25 & VolRatio_gt1.2 & CCI_gt100 & WilliamsR_gt-50 & EMA9_gt_EMA21 & ROC10_pos,6,755,51.39072847682119,0.13660575377133113,0.0534918276374463,56.82119205298013,0.20194684705500482,0.06983398184176054,0.5388146510823135
12,ADX_gt25 & VolRatio_gt1.2 & CCI_gt100 & EMA9_gt_EMA21,4,760,51.31578947368421,0.1323894428062859,0.05052325776426023,56.84210526315789,0.20180657727460166,0.07059337037898814,0.5376964092620322
13,VolRatio_gt1.2 & CCI_gt100 & EMA9_gt_EMA21 & ROC10_pos,4,1664,51.80288461538461,0.1453542221067307,0.07217108590475474,58.112980769230774,0.20173848154815271,0.07202848861185265,0.5071757131596036
14,VolRatio_gt1.2 & CCI_gt100 & EMA9_gt_EMA21,3,1673,51.823072325164375,0.14667064126598972,0.07227298539053693,58.09922295277944,0.20168004531742428,0.07203628222056964,0.5064114322137886
15,ADX_gt25 & VolRatio_gt1.2 & CCI_gt100 & EMA9_gt_EMA21 & ROC10_pos,5,759,51.38339920948617,0.13273059712047705,0.0534918276374463,56.78524374176548,0.20155346508536018,0.06983398184176054,0.5380052577980957
16,Stoch_bull & VolRatio_gt1.2 & CCI_gt100 & WilliamsR_gt-50 & EMA9_gt_EMA21 & ROC10_pos,6,93,32.25806451612903,-0.40581062531978424,-0.7495069033530621,61.29032258064516,0.20144353232453494,0.08264124826980374,0.5246038988325958
17,ADX_gt25 & VolRatio_gt1.2 & CCI_gt100,3,793,51.19798234552333,0.12767398246445022,0.047554687891074164,56.36822194199244,0.2012404158495547,0.06713463751439551,0.5363210845555896
18,VolRatio_gt1.2 & CCI_gt100 & WilliamsR_gt-50 & ROC10_pos,4,1749,51.17209834190967,0.11656662334118438,0.04862461794942566,57.80445969125214,0.20065156613856844,0.07032260757063334,0.5077240078331479
19,VolRatio_gt1.2 & CCI_gt100 & WilliamsR_gt-50,3,1757,51.16676152532727,0.11727696845134816,0.04862461794942566,57.82583949914627,0.20062965612034525,0.07032260757063334,0.5070433814957227
20,ADX_gt25 & VolRatio_gt1.2 & CCI_gt100 & WilliamsR_gt-50,4,787,51.334180432020325,0.13272548344687377,0.0534918276374463,56.289707750952985,0.2005468472368398,0.06546699385017418,0.5372298383636148
21,ADX_gt25 & VolRatio_gt1.2 & CCI_gt100 & WilliamsR_gt-50 & ROC10_pos,5,787,51.334180432020325,0.13272548344687377,0.0534918276374463,56.289707750952985,0.2005468472368398,0.06546699385017418,0.5372298383636148
22,MACD_bull & ADX_gt25 & VolRatio_gt1.2 & WilliamsR_gt-50,4,930,50.43010752688172,0.09839855187227037,0.030879792860498176,55.80645161290323,0.20032149635340707,0.06085835443576878,0.5547613368668008
23,RSI_50_70 & Stoch_bull & VolRatio_gt1.2 & CCI_gt100 & WilliamsR_gt-50 & EMA9_gt_EMA21 & ROC10_pos,7,90,32.22222222222222,-0.3977423806901857,-0.7456895197542055,62.22222222222222,0.20019961728350946,0.0831627676144267,0.5293250526428046
24,ADX_gt25 & VolRatio_gt1.2 & CCI_gt100 & ROC10_pos,4,791,51.32743362831859,0.12902671882399078,0.0534918276374463,56.25790139064475,0.2001764592271209,0.06546699385017418,0.5364579907990741
25,VolRatio_gt1.2 & CCI_gt100,2,1771,51.157538114059854,0.1153837035724077,0.04862461794942566,57.7639751552795,0.19972744114771884,0.06983398184176054,0.5060460341473647
26,MACD_bull & VolRatio_gt1.2 & CCI_gt100 & WilliamsR_gt-50 & EMA9_gt_EMA21 & ROC10_pos,6,1552,51.675257731958766,0.13549416861015984,0.07132040831181038,58.11855670103093,0.1996798439423114,0.071819410288524,0.5030019905615735
27,VolRatio_gt1.2 & CCI_gt100 & ROC10_pos,3,1760,51.19318181818182,0.11499948852950968,0.051058222793435984,57.72727272727273,0.19948899083173816,0.06965586544985602,0.5068046101432397
28,MACD_bull & VolRatio_gt1.2 & CCI_gt100 & WilliamsR_gt-50 & EMA9_gt_EMA21,5,1557,51.70199100834939,0.13630804824033405,0.07206918641897253,58.060372511239564,0.19926868615367607,0.07160253835647835,0.50253659335376
29,MACD_bull & VolRatio_gt1.2 & CCI_gt100 & EMA9_gt_EMA21 & ROC10_pos,5,1560,51.66666666666667,0.13397541522999426,0.07132040831181038,58.01282051282052,0.19860409865668852,0.07083768324342454,0.5023624938824728
30,RSI_50_70 & MACD_bull & Stoch_bull & VolRatio_gt1.2,4,230,43.04347826086957,-0.17686716267870867,-0.24329023979017178,60.0,0.19843438936623575,0.04734438746980637,0.5183133260375217
31,MACD_bull & VolRatio_gt1.2 & CCI_gt100 & EMA9_gt_EMA21,4,1566,51.724137931034484,0.13507396267624547,0.07217108590475474,57.91826309067688,0.1979479614999085,0.07007829470619695,0.5018376572280622
32,ADX_gt25 & VolRatio_gt1.2 & WilliamsR_gt-50,3,1102,50.45372050816697,0.13224707843920727,0.03469976746141061,55.08166969147006,0.19764610310360678,0.05563502253476779,0.5496128798688534
33,MACD_bull & ADX_gt25 & VolRatio_gt1.2 & CCI_gt100 & WilliamsR_gt-50 & EMA9_gt_EMA21,6,690,51.01449275362319,0.11137927571929344,0.04204231907938184,56.811594202898554,0.19764372364043223,0.06630081568228485,0.5379782202019409
34,MACD_bull & ADX_gt25 & VolRatio_gt1.2 & CCI_gt100 & WilliamsR_gt-50 & EMA9_gt_EMA21 & ROC10_pos,7,690,51.01449275362319,0.11137927571929344,0.04204231907938184,56.811594202898554,0.19764372364043223,0.06630081568228485,0.5379782202019409
35,MACD_bull & ADX_gt25 & VolRatio_gt1.2 & CCI_gt100 & EMA9_gt_EMA21,5,692,51.01156069364162,0.10865156085006075,0.04204231907938184,56.79190751445087,0.19760304592647546,0.06630081568228485,0.5376559522933583
36,MACD_bull & ADX_gt25 & VolRatio_gt1.2 & CCI_gt100 & EMA9_gt_EMA21 & ROC10_pos,6,692,51.01156069364162,0.10865156085006075,0.04204231907938184,56.79190751445087,0.19760304592647546,0.06630081568228485,0.5376559522933583
37,RSI_50_70 & Stoch_bull & VolRatio_gt1.2 & WilliamsR_gt-50,4,437,48.51258581235698,0.04656866519778636,-0.03767471649776692,58.35240274599543,0.19749788981016328,0.0553688498504143,0.5039634543419635
38,MACD_bull & VolRatio_gt1.2 & CCI_gt100 & WilliamsR_gt-50 & ROC10_pos,5,1646,51.03280680437424,0.10604802521266027,0.04730273659666945,57.65492102065613,0.19739000327621073,0.06853908611611607,0.5031295865385448
39,MACD_bull & ADX_gt25 & VolRatio_gt1.2 & CCI_gt100,4,725,50.89655172413793,0.10457430575141212,0.041061549100967695,56.27586206896552,0.1971751156153388,0.06454376773629962,0.5361492349412585
40,MACD_bull & VolRatio_gt1.2 & CCI_gt100 & WilliamsR_gt-50,4,1652,51.029055690072646,0.10630916023212458,0.04730273659666945,57.6271186440678,0.19691937774403157,0.068050379191104,0.5025497682518257
41,MACD_bull & VolRatio_gt1.2 & CCI_gt100 & ROC10_pos,4,1655,51.057401812688816,0.1050206198387232,0.04862461794942566,57.583081570996974,0.19632804113360056,0.06799197047205191,0.5023752546453515
42,MACD_bull & ADX_gt25 & VolRatio_gt1.2 & CCI_gt100 & WilliamsR_gt-50,5,722,50.96952908587258,0.10826774462832003,0.04204231907938184,56.232686980609415,0.19630840520881226,0.06418204841167659,0.5362738747597477
43,MACD_bull & ADX_gt25 & VolRatio_gt1.2 & CCI_gt100 & WilliamsR_gt-50 & ROC10_pos,6,722,50.96952908587258,0.10826774462832003,0.04204231907938184,56.232686980609415,0.19630840520881226,0.06418204841167659,0.5362738747597477
44,MACD_bull & ADX_gt25 & VolRatio_gt1.2 & CCI_gt100 & ROC10_pos,5,724,50.966850828729285,0.10566918713201191,0.04204231907938184,56.21546961325967,0.19627321412981388,0.06418204841167659,0.5359695016930676
45,MACD_bull & VolRatio_gt1.2 & CCI_gt100,3,1663,51.052315093205046,0.10509211400342296,0.04862461794942566,57.546602525556224,0.19602273828584355,0.06713463751439551,0.5018453115932289
46,ADX_gt25 & VolRatio_gt1.2 & WilliamsR_gt-50 & ROC10_pos,4,1029,51.02040816326531,0.13783079146725022,0.0534918276374463,55.29640427599611,0.19530644417593573,0.05792704111175855,0.5348991358659672
47,MACD_bull & ADX_gt25 & VolRatio_gt1.2 & WilliamsR_gt-50 & ROC10_pos,5,901,50.61043285238623,0.10376653644852749,0.0348675034867558,55.71587125416204,0.19422000465889025,0.0598813974474761,0.53599788313568
48,RSI_50_70 & MACD_bull & Stoch_bull & VolRatio_gt1.2 & WilliamsR_gt-50,5,219,43.37899543378995,-0.16432524023795222,-0.2414584087890895,59.3607305936073,0.19411412296643688,0.04400473012376439,0.5223664302350668
49,MACD_bull & Stoch_bull & VolRatio_gt1.2,3,370,43.78378378378379,-0.058396260785589765,-0.2247604137573606,61.35135135135135,0.19407178338869457,0.06271744990808154,0.5455409313753019
50,MACD_bull & ADX_gt25 & Stoch_bull & VolRatio_gt1.2,4,124,39.516129032258064,0.06130717011706973,-0.3800934645663099,55.64516129032258,0.1936672362459805,0.06092511716224712,0.6453144805851385
51,Stoch_bull & VolRatio_gt1.2 & CCI_gt100 & EMA9_gt_EMA21 & ROC10_pos,5,96,32.29166666666667,-0.4222965964623657,-0.7985613876551861,60.416666666666664,0.1935033386481113,0.07537501808997991,0.5204187564906432
52,RSI_50_70 & ADX_gt25 & Stoch_bull & VolRatio_gt1.2 & WilliamsR_gt-50,5,99,44.44444444444444,0.2004456884315191,-0.3170942634765091,53.535353535353536,0.19301767762643557,0.0553688498504143,0.5076556058973175
53,MACD_bull & ADX_gt25 & VolRatio_gt1.2 & ROC10_pos,4,945,50.37037037037037,0.09309427984733629,0.027227554284930938,55.66137566137566,0.1922535339127236,0.0594697773064778,0.5310607842206638
54,RSI_50_70 & Stoch_bull & VolRatio_gt1.2 & CCI_gt100 & EMA9_gt_EMA21 & ROC10_pos,6,93,32.25806451612903,-0.4150204233092891,-0.7495069033530621,61.29032258064516,0.19204341461884725,0.08264124826980374,0.5248695715733086
55,ADX_gt25 & VolRatio_gt1.2 & WilliamsR_gt-50 & EMA9_gt_EMA21 & ROC10_pos,5,938,51.70575692963752,0.15116517810024402,0.08301346873690169,55.65031982942431,0.1918843731061301,0.06191358906126808,0.5268934318442825
56,ADX_gt25 & VolRatio_gt1.2 & ROC10_pos,3,1119,50.75960679177838,0.10973974542992447,0.04598085524391324,54.95978552278821,0.19177553724699428,0.05590119521912129,0.5332171661444796
57,ADX_gt25 & VolRatio_gt1.2 & WilliamsR_gt-50 & EMA9_gt_EMA21,4,968,51.446280991735534,0.15667998815977455,0.06742162726725004,55.371900826446286,0.19124878142984086,0.057666469879657706,0.5272463321280098
58,RSI_50_70 & MACD_bull & Stoch_bull & VolRatio_gt1.2 & WilliamsR_gt-50 & ROC10_pos,6,197,43.14720812182741,-0.2547175621002089,-0.24512207079125406,60.40609137055838,0.1905739110689435,0.06307985779935768,0.4893169586377319
59,RSI_50_70 & MACD_bull & Stoch_bull & VolRatio_gt1.2 & ROC10_pos,5,203,42.364532019704434,-0.2891287086035429,-0.260360164894781,60.591133004926114,0.19021514302334736,0.06658006435795003,0.4863144407846625
60,Stoch_bull & VolRatio_gt1.2 & WilliamsR_gt-50,3,578,48.09688581314879,0.05259160882951764,-0.04987231488672246,57.43944636678201,0.1900270110848527,0.05299954966126873,0.5271224126588391
61,MACD_bull & Stoch_bull & VolRatio_gt1.2 & WilliamsR_gt-50 & ROC10_pos,5,246,43.90243902439025,-0.1751911398521559,-0.24329023979017178,60.56910569105691,0.18997767448811187,0.062144719245145766,0.504875014483818
62,MACD_bull & ADX_gt25 & VolRatio_gt1.2 & WilliamsR_gt-50 & EMA9_gt_EMA21 & ROC10_pos,6,812,51.35467980295566,0.11487231170211648,0.058467147743984066,56.15763546798029,0.18976784420174053,0.06239880429443538,0.5264710385427941
63,MACD_bull & ADX_gt25 & VolRatio_gt1.2 & WilliamsR_gt-50 & EMA9_gt_EMA21,5,816,51.34803921568627,0.11104894443280713,0.058467147743984066,56.004901960784316,0.1892610794949801,0.06191358906126808,0.5261002936099373
64,MACD_bull & Stoch_bull & VolRatio_gt1.2 & ROC10_pos,4,266,43.984962406015036,-0.16732913215012032,-0.24329023979017178,62.03007518796993,0.18920458073844212,0.067817142184631,0.4927554735220853
65,ADX_gt25 & VolRatio_gt1.2 & EMA9_gt_EMA21 & ROC10_pos,4,1005,51.44278606965174,0.12323688121190125,0.06855467826580787,55.223880597014926,0.18911487769376925,0.057405898647556866,0.5280538271992359
66,RSI_50_70 & Stoch_bull & VolRatio_gt1.2,3,561,48.84135472370767,0.044902081584387625,-0.02876456205953828,56.14973262032086,0.18893016332786347,0.04175533814182661,0.5074468472990327
67,MACD_bull & ADX_gt25 & VolRatio_gt1.2 & EMA9_gt_EMA21 & ROC10_pos,5,839,50.89392133492253,0.09600257219767915,0.043023089057795984,56.13825983313468,0.18842584767257198,0.0614614090823982,0.5228565192409114
68,MACD_bull & ADX_gt25 & VolRatio_gt1.2,3,1064,49.71804511278196,0.07835675854421557,-0.010020384422883055,55.733082706766915,0.18724654024738582,0.05948248480708333,0.5354338957354344
69,MACD_bull & ADX_gt25 & VolRatio_gt1.2 & EMA9_gt_EMA21,4,846,50.70921985815603,0.08863060633588124,0.03796452629386175,55.910165484633566,0.18694596982105277,0.059985845450601705,0.5218936513553606
70,RSI_50_70 & ADX_gt25 & Stoch_bull & VolRatio_gt1.2,4,127,46.45669291338583,0.16916549658549168,-0.09180566286415405,53.54330708661418,0.1864303143794325,0.04888022395522326,0.491642128589926
71,RSI_50_70 & Stoch_bull & VolRatio_gt1.2 & CCI_gt100 & WilliamsR_gt-50,5,112,32.142857142857146,-0.6229723714323386,-0.8132525635770596,60.71428571428571,0.18639773144524976,0.0831627676144267,0.5001208551544909
72,MACD_bull & VolRatio_gt1.2 & WilliamsR_gt-50,3,2350,50.68085106382979,0.10203140583848899,0.03469976746141061,56.38297872340425,0.18610864435557298,0.05438954217158716,0.5125975780332387
73,MACD_bull & VolRatio_gt1.2 & WilliamsR_gt-50 & ROC10_pos,4,2234,50.76096687555953,0.0980496438186978,0.03978623026293279,56.669650850492395,0.18610756144202292,0.057598083978246555,0.503935998512266
74,RSI_50_70 & Stoch_bull & VolRatio_gt1.2 & CCI_gt100,4,116,31.896551724137932,-0.631561297585103,-0.7985613876551861,60.3448275862069,0.1859376699744854,0.0831627676144267,0.4986502601846392
75,Stoch_bull & VolRatio_gt1.2 & CCI_gt100 & WilliamsR_gt-50,4,117,32.47863247863248,-0.6383977351710435,-0.8769982238010569,59.82905982905983,0.18558710492099745,0.08264124826980374,0.49490116116333366
76,Stoch_bull & VolRatio_gt1.2 & CCI_gt100,3,121,32.231404958677686,-0.6461218176401827,-0.8476158719573101,59.50413223140496,0.18517285182585977,0.08264124826980374,0.4936497707204795
77,RSI_50_70 & Stoch_bull & VolRatio_gt1.2 & WilliamsR_gt-50 & EMA9_gt_EMA21,5,305,47.540983606557376,0.08775203892111853,-0.06201678587671298,59.01639344262295,0.18511109002814016,0.05063024947212315,0.49537812215706095
78,Stoch_bull & VolRatio_gt1.2 & WilliamsR_gt-50 & EMA9_gt_EMA21,4,309,47.249190938511326,0.07731182824101031,-0.08932196508323136,58.57605177993528,0.18490175012183618,0.04888022395522326,0.49358298933328587
79,MACD_bull & VolRatio_gt1.2 & WilliamsR_gt-50 & EMA9_gt_EMA21 & ROC10_pos,5,1944,51.697530864197525,0.12054545858511202,0.07217108590475474,56.84156378600823,0.18349307424532305,0.05813133919010381,0.4992280565605893
80,RSI_50_70 & ADX_gt25 & VolRatio_gt1.2,3,689,49.20174165457185,0.0407650032451385,-0.018450184501854455,52.1044992743106,0.18246043451278082,0.015256916996048383,0.5359132474348095
81,VolRatio_gt1.2 & WilliamsR_gt-50 & ROC10_pos,3,2561,51.34713002733308,0.12049874480196975,0.05801211808689146,56.032799687622024,0.18241848531496407,0.05199710749073826,0.4996561236194969
82,RSI_50_70 & ADX_gt25 & VolRatio_gt1.2 & CCI_gt100,4,335,51.34328358208955,0.11580297045764655,0.047554687891074164,53.13432835820896,0.18234414868200982,0.03147395640931197,0.5287097778843228
83,MACD_bull & VolRatio_gt1.2 & WilliamsR_gt-50 & EMA9_gt_EMA21,4,1991,51.68257157207433,0.11991509342210553,0.07206918641897253,56.403817177297846,0.18218100802421278,0.054901423877334106,0.5022914810508657
84,RSI_50_70 & Stoch_bull & VolRatio_gt1.2 & ROC10_pos,4,362,47.790055248618785,-0.07960673912369295,-0.04987231488672246,58.28729281767956,0.18151033784912338,0.06728601741500097,0.4740698192046989
85,VolRatio_gt1.2 & WilliamsR_gt-50,2,2830,51.09540636042402,0.12782998254510952,0.0471746298603663,55.618374558303884,0.18148178105736054,0.048083381101355266,0.5050087331721672
86,VolRatio_gt1.2 & WilliamsR_gt-50 & EMA9_gt_EMA21 & ROC10_pos,4,2219,52.00540784136999,0.13245543108625807,0.07900354675497594,56.331680937359174,0.18128664509510273,0.05417406749555062,0.4975447309919432
87,RSI_50_70 & ADX_gt25 & VolRatio_gt1.2 & WilliamsR_gt-50,4,547,50.27422303473492,0.135754559453189,0.03453203143606541,51.91956124314442,0.18085034374715547,0.015256916996048383,0.5302106226644283
88,RSI_50_70 & ADX_gt25 & VolRatio_gt1.2 & CCI_gt100 & EMA9_gt_EMA21,5,305,51.47540983606558,0.12410144410304855,0.047554687891074164,53.77049180327869,0.18056869720008542,0.04605835980704185,0.5294130697029386
89,RSI_50_70 & ADX_gt25 & VolRatio_gt1.2 & CCI_gt100 & WilliamsR_gt-50 & EMA9_gt_EMA21,6,300,51.66666666666667,0.13457436005335852,0.05052325776426023,53.666666666666664,0.18056774481285817,0.042816963521006446,0.5321352900708224
90,RSI_50_70 & ADX_gt25 & VolRatio_gt1.2 & CCI_gt100 & WilliamsR_gt-50 & EMA9_gt_EMA21 & ROC10_pos,7,300,51.66666666666667,0.13457436005335852,0.05052325776426023,53.666666666666664,0.18056774481285817,0.042816963521006446,0.5321352900708224
91,ADX_gt25 & VolRatio_gt1.2 & EMA9_gt_EMA21,3,1212,51.48514851485149,0.11740496214726846,0.08058513341657414,54.290429042904286,0.18055481279928512,0.04615002280186991,0.5214282398875316
92,VolRatio_gt1.2 & WilliamsR_gt-50 & EMA9_gt_EMA21,3,2346,51.83290707587383,0.14061110144043973,0.07442399704611609,55.79710144927537,0.18038915782556791,0.048817024964058195,0.4994902109131696
93,RSI_50_70 & ADX_gt25 & VolRatio_gt1.2 & CCI_gt100 & WilliamsR_gt-50,5,329,51.671732522796354,0.12767015951882127,0.0534918276374463,52.88753799392097,0.18034045232574253,0.021303304597704378,0.5307050328934818
94,RSI_50_70 & ADX_gt25 & VolRatio_gt1.2 & CCI_gt100 & WilliamsR_gt-50 & ROC10_pos,6,329,51.671732522796354,0.12767015951882127,0.0534918276374463,52.88753799392097,0.18034045232574253,0.021303304597704378,0.5307050328934818
95,RSI_50_70 & ADX_gt25 & VolRatio_gt1.2 & CCI_gt100 & EMA9_gt_EMA21 & ROC10_pos,6,304,51.64473684210527,0.12492594451675859,0.05052325776426023,53.61842105263158,0.17986688788525385,0.042816963521006446,0.5301414363678856
96,RSI_50_70 & ADX_gt25 & VolRatio_gt1.2 & CCI_gt100 & ROC10_pos,5,333,51.651651651651655,0.11894492972606384,0.0534918276374463,52.85285285285285,0.1797033612265135,0.021303304597704378,0.528897222826304
97,RSI_50_70 & ADX_gt25 & VolRatio_gt1.2 & ROC10_pos,4,576,50.173611111111114,0.07343144332813376,0.02455712542493037,52.25694444444444,0.17930923550372688,0.017987049201871993,0.5303996089080565
98,RSI_50_70 & VolRatio_gt1.2 & CCI_gt100 & WilliamsR_gt-50 & EMA9_gt_EMA21,5,1002,50.59880239520959,0.10835333013165187,0.03652147143048165,56.287425149700596,0.17916529405827358,0.05030094027845615,0.4924806262091323
99,RSI_50_70 & ADX_gt25 & VolRatio_gt1.2 & WilliamsR_gt-50 & ROC10_pos,5,512,50.78125,0.12367593531377652,0.046767771567493704,52.1484375,0.17897737749771842,0.01594624848642643,0.5276291098004361
100,RSI_50_70 & VolRatio_gt1.2 & CCI_gt100 & WilliamsR_gt-50 & EMA9_gt_EMA21 & ROC10_pos,6,995,50.55276381909548,0.10604264243500183,0.03453203143606541,56.28140703517588,0.17890004835878462,0.04890638670165959,0.4933613752548949
101,MACD_bull & BB_pctB_0.8-1.0 & Stoch_bull & VolRatio_gt1.2 & EMA9_gt_EMA21,5,63,31.746031746031743,-0.40047596571683575,-0.7495069033530621,66.66666666666666,0.17887015374397067,0.08797456340166135,0.3953063222055536
102,RSI_50_70 & MACD_bull & BB_pctB_0.8-1.0 & Stoch_bull & VolRatio_gt1.2 & EMA9_gt_EMA21,6,63,31.746031746031743,-0.40047596571683575,-0.7495069033530621,66.66666666666666,0.17887015374397067,0.08797456340166135,0.3953063222055536
103,MACD_bull & BB_pctB_0.8-1.0 & Stoch_bull & VolRatio_gt1.2 & WilliamsR_gt-50 & EMA9_gt_EMA21,6,63,31.746031746031743,-0.40047596571683575,-0.7495069033530621,66.66666666666666,0.17887015374397067,0.08797456340166135,0.3953063222055536
104,RSI_50_70 & MACD_bull & BB_pctB_0.8-1.0 & Stoch_bull & VolRatio_gt1.2 & WilliamsR_gt-50 & EMA9_gt_EMA21,7,63,31.746031746031743,-0.40047596571683575,-0.7495069033530621,66.66666666666666,0.17887015374397067,0.08797456340166135,0.3953063222055536
105,RSI_50_70 & VolRatio_gt1.2 & CCI_gt100 & WilliamsR_gt-50,4,1094,49.725776965265084,0.06620107948894835,-0.008184625685236643,55.94149908592322,0.17820833507499104,0.047387229728076435,0.49358658837146974
106,RSI_50_70 & Stoch_bull & VolRatio_gt1.2 & CCI_gt100 & WilliamsR_gt-50 & ROC10_pos,6,108,32.407407407407405,-0.6269196066317702,-0.8560671549607897,59.25925925925925,0.17815109825283842,0.07537501808997991,0.5057010879035303
107,Stoch_bull & VolRatio_gt1.2 & WilliamsR_gt-50 & ROC10_pos,4,396,48.484848484848484,-0.04129196231901797,-0.030246231788069594,57.82828282828283,0.1781217924810834,0.0483394633604,0.48773524877755414
108,RSI_50_70 & VolRatio_gt1.2 & CCI_gt100 & WilliamsR_gt-50 & ROC10_pos,5,1086,49.72375690607735,0.06468082100886023,-0.008184625685236643,55.89318600368324,0.17807845482960388,0.046764975913056867,0.49460966992245636
109,RSI_50_70 & Stoch_bull & VolRatio_gt1.2 & WilliamsR_gt-50 & ROC10_pos,5,329,48.02431610942249,-0.09503106676418123,-0.03767471649776692,58.35866261398176,0.1779639706111445,0.05063024947212315,0.47797821498501897
110,Stoch_bull & VolRatio_gt1.2 & CCI_gt100 & WilliamsR_gt-50 & ROC10_pos,5,113,32.743362831858406,-0.6427163445205429,-0.9626274065685172,58.4070796460177,0.17767667225836525,0.0681087879101561,0.5000972930816919
111,RSI_50_70 & VolRatio_gt1.2 & CCI_gt100 & EMA9_gt_EMA21,4,1013,50.54294175715695,0.10553658543204888,0.03453203143606541,56.071076011846,0.17720301104115965,0.047486193426737114,0.4910865790067285
112,RSI_50_70 & VolRatio_gt1.2 & CCI_gt100 & EMA9_gt_EMA21 & ROC10_pos,5,1004,50.49800796812749,0.10298605955205642,0.031141628557595932,56.07569721115537,0.17708044588124516,0.047387229728076435,0.4922522385167724
113,RSI_50_70 & VolRatio_gt1.2 & CCI_gt100,3,1106,49.638336347197104,0.06335839547726671,-0.01038301219755075,55.78661844484629,0.17702811564329132,0.04615002280186991,0.49249130897578286
114,RSI_50_70 & VolRatio_gt1.2 & CCI_gt100 & ROC10_pos,4,1095,49.68036529680365,0.062218215692292286,-0.008369251370469195,55.70776255707762,0.1764168232810313,0.04085470085470888,0.49358261355231603
115,RSI_50_70 & Stoch_bull & VolRatio_gt1.2 & EMA9_gt_EMA21,4,380,47.63157894736842,0.058515293749359605,-0.04659200715257917,56.84210526315789,0.1763403675859367,0.03924478137569209,0.4880489428519054
116,BB_pctB_0.8-1.0 & ADX_gt25 & VolRatio_gt1.2 & EMA9_gt_EMA21 & ROC10_pos,5,456,52.63157894736842,0.15365726283682032,0.09864892848055323,55.48245614035088,0.1763130099568378,0.06006834861830773,0.496379150035559
117,BB_pctB_0.8-1.0 & ADX_gt25 & VolRatio_gt1.2 & WilliamsR_gt-50 & EMA9_gt_EMA21 & ROC10_pos,6,456,52.63157894736842,0.15365726283682032,0.09864892848055323,55.48245614035088,0.1763130099568378,0.06006834861830773,0.496379150035559
118,BB_pctB_0.8-1.0 & ADX_gt25 & VolRatio_gt1.2 & ROC10_pos,4,473,51.79704016913319,0.11472454047754986,0.0784467542655406,54.96828752642706,0.17625895071773418,0.0569100329722,0.49668556551359017
119,BB_pctB_0.8-1.0 & ADX_gt25 & VolRatio_gt1.2 & EMA9_gt_EMA21,4,457,52.516411378555794,0.14932970261987763,0.0984036737371566,55.36105032822757,0.17567543333888308,0.0598813974474761,0.49602265556472136
120,BB_pctB_0.8-1.0 & ADX_gt25 & VolRatio_gt1.2 & WilliamsR_gt-50 & EMA9_gt_EMA21,5,457,52.516411378555794,0.14932970261987763,0.0984036737371566,55.36105032822757,0.17567543333888308,0.0598813974474761,0.49602265556472136
121,BB_pctB_0.8-1.0 & ADX_gt25 & VolRatio_gt1.2,3,474,51.68776371308017,0.11063432466155079,0.07350071626567423,54.85232067510548,0.17564435482075907,0.05607672528513949,0.4963413739857567
122,BB_pctB_0.8-1.0 & ADX_gt25 & VolRatio_gt1.2 & CCI_gt100,4,434,51.382488479262676,0.09112673996737958,0.058467147743984066,54.14746543778802,0.17523987861678064,0.05335772382650338,0.5059009849630234
123,BB_pctB_0.8-1.0 & ADX_gt25 & VolRatio_gt1.2 & CCI_gt100 & WilliamsR_gt-50,5,434,51.382488479262676,0.09112673996737958,0.058467147743984066,54.14746543778802,0.17523987861678064,0.05335772382650338,0.5059009849630234
124,BB_pctB_0.8-1.0 & ADX_gt25 & VolRatio_gt1.2 & CCI_gt100 & ROC10_pos,5,434,51.382488479262676,0.09112673996737958,0.058467147743984066,54.14746543778802,0.17523987861678064,0.05335772382650338,0.5059009849630234
125,BB_pctB_0.8-1.0 & ADX_gt25 & VolRatio_gt1.2 & CCI_gt100 & WilliamsR_gt-50 & ROC10_pos,6,434,51.382488479262676,0.09112673996737958,0.058467147743984066,54.14746543778802,0.17523987861678064,0.05335772382650338,0.5059009849630234
126,MACD_bull & BB_pctB_0.8-1.0 & Stoch_bull & VolRatio_gt1.2 & EMA9_gt_EMA21 & ROC10_pos,6,61,32.78688524590164,-0.3948024914290739,-0.7495069033530621,65.57377049180327,0.17518236273138277,0.08368428695904966,0.40073553071500495
127,RSI_50_70 & MACD_bull & BB_pctB_0.8-1.0 & Stoch_bull & VolRatio_gt1.2 & EMA9_gt_EMA21 & ROC10_pos,7,61,32.78688524590164,-0.3948024914290739,-0.7495069033530621,65.57377049180327,0.17518236273138277,0.08368428695904966,0.40073553071500495
128,MACD_bull & BB_pctB_0.8-1.0 & Stoch_bull & VolRatio_gt1.2 & WilliamsR_gt-50 & EMA9_gt_EMA21 & ROC10_pos,7,61,32.78688524590164,-0.3948024914290739,-0.7495069033530621,65.57377049180327,0.17518236273138277,0.08368428695904966,0.40073553071500495
129,RSI_50_70 & MACD_bull & BB_pctB_0.8-1.0 & Stoch_bull & VolRatio_gt1.2 & WilliamsR_gt-50 & EMA9_gt_EMA21 & ROC10_pos,8,61,32.78688524590164,-0.3948024914290739,-0.7495069033530621,65.57377049180327,0.17518236273138277,0.08368428695904966,0.40073553071500495
130,BB_pctB_0.8-1.0 & ADX_gt25 & VolRatio_gt1.2 & WilliamsR_gt-50 & ROC10_pos,5,472,51.90677966101694,0.11951067276014468,0.08301346873690169,54.8728813559322,0.17517746194916045,0.05607672528513949,0.4966547934737025
131,MACD_bull & VolRatio_gt1.2 & ROC10_pos,3,2409,50.850975508509755,0.0888438606158221,0.04247443948908903,55.70776255707762,0.17484118257083273,0.047486193426737114,0.49519824053694056
132,BB_pctB_0.8-1.0 & ADX_gt25 & VolRatio_gt1.2 & WilliamsR_gt-50,4,473,51.79704016913319,0.11540169088051226,0.0784467542655406,54.756871035940804,0.1745638531407088,0.05524341759807897,0.49630858017710394
133,MACD_bull & VolRatio_gt1.2 & EMA9_gt_EMA21 & ROC10_pos,4,2053,51.485630784218216,0.10752073754845054,0.05892217740107667,55.82075012177301,0.17393668183842642,0.04890638670165959,0.49340376154143306
134,Stoch_bull & VolRatio_gt1.2 & ROC10_pos,3,460,47.82608695652174,-0.06506826770355109,-0.04334908848833387,58.04347826086956,0.17388417574207513,0.05493850819718351,0.4744326839644677
135,MACD_bull & BB_pctB_0.8-1.0 & ADX_gt25 & VolRatio_gt1.2 & CCI_gt100,5,389,51.670951156812336,0.09802713095714108,0.06855467826580787,54.24164524421594,0.17372723845772628,0.052831142568251555,0.5076085423095151
136,MACD_bull & BB_pctB_0.8-1.0 & ADX_gt25 & VolRatio_gt1.2 & CCI_gt100 & WilliamsR_gt-50,6,389,51.670951156812336,0.09802713095714108,0.06855467826580787,54.24164524421594,0.17372723845772628,0.052831142568251555,0.5076085423095151
137,MACD_bull & BB_pctB_0.8-1.0 & ADX_gt25 & VolRatio_gt1.2 & CCI_gt100 & ROC10_pos,6,389,51.670951156812336,0.09802713095714108,0.06855467826580787,54.24164524421594,0.17372723845772628,0.052831142568251555,0.5076085423095151
138,MACD_bull & BB_pctB_0.8-1.0 & ADX_gt25 & VolRatio_gt1.2 & CCI_gt100 & WilliamsR_gt-50 & ROC10_pos,7,389,51.670951156812336,0.09802713095714108,0.06855467826580787,54.24164524421594,0.17372723845772628,0.052831142568251555,0.5076085423095151
139,BB_pctB_0.8-1.0 & ADX_gt25 & VolRatio_gt1.2 & CCI_gt100 & EMA9_gt_EMA21,5,424,51.886792452830186,0.11831247301961147,0.07350071626567423,54.24528301886793,0.17330592564343977,0.05335772382650338,0.5042853209794623
140,BB_pctB_0.8-1.0 & ADX_gt25 & VolRatio_gt1.2 & CCI_gt100 & WilliamsR_gt-50 & EMA9_gt_EMA21,6,424,51.886792452830186,0.11831247301961147,0.07350071626567423,54.24528301886793,0.17330592564343977,0.05335772382650338,0.5042853209794623
141,BB_pctB_0.8-1.0 & ADX_gt25 & VolRatio_gt1.2 & CCI_gt100 & EMA9_gt_EMA21 & ROC10_pos,6,424,51.886792452830186,0.11831247301961147,0.07350071626567423,54.24528301886793,0.17330592564343977,0.05335772382650338,0.5042853209794623
142,BB_pctB_0.8-1.0 & ADX_gt25 & VolRatio_gt1.2 & CCI_gt100 & WilliamsR_gt-50 & EMA9_gt_EMA21 & ROC10_pos,7,424,51.886792452830186,0.11831247301961147,0.07350071626567423,54.24528301886793,0.17330592564343977,0.05335772382650338,0.5042853209794623
143,RSI_50_70 & MACD_bull & ADX_gt25 & VolRatio_gt1.2,4,427,48.47775175644028,0.006198721074350778,-0.028723034361827778,52.459016393442624,0.17327303433927105,0.013414494741640826,0.5186151714711129
144,MACD_bull & BB_pctB_0.8-1.0 & ADX_gt25 & VolRatio_gt1.2 & ROC10_pos,5,421,52.01900237529691,0.10808138118627664,0.08758018320826276,54.39429928741093,0.17206981797866214,0.04624168579669797,0.49986591359568916
145,MACD_bull & BB_pctB_0.8-1.0 & ADX_gt25 & VolRatio_gt1.2 & EMA9_gt_EMA21 & ROC10_pos,6,404,52.97029702970298,0.15174570714636498,0.10758662649569586,54.95049504950495,0.17195455995011522,0.05335772382650338,0.4996554842105674
146,MACD_bull & BB_pctB_0.8-1.0 & ADX_gt25 & VolRatio_gt1.2 & WilliamsR_gt-50 & EMA9_gt_EMA21 & ROC10_pos,7,404,52.97029702970298,0.15174570714636498,0.10758662649569586,54.95049504950495,0.17195455995011522,0.05335772382650338,0.4996554842105674
147,RSI_50_70 & Stoch_bull & VolRatio_gt1.2 & CCI_gt100 & ROC10_pos,5,111,32.432432432432435,-0.6352018254223275,-0.8476158719573101,58.55855855855856,0.17191342896705844,0.0681087879101561,0.5021830222951915
148,Stoch_bull & VolRatio_gt1.2 & CCI_gt100 & ROC10_pos,4,116,32.758620689655174,-0.6502330347971423,-0.9051216392629137,57.758620689655174,0.17172013766579497,0.068050379191104,0.4968361862105698
149,MACD_bull & BB_pctB_0.8-1.0 & ADX_gt25 & VolRatio_gt1.2 & CCI_gt100 & EMA9_gt_EMA21,6,379,52.242744063324544,0.12862278985963171,0.08758018320826276,54.35356200527705,0.17152374911132234,0.052831142568251555,0.505844748023149
150,MACD_bull & BB_pctB_0.8-1.0 & ADX_gt25 & VolRatio_gt1.2 & CCI_gt100 & WilliamsR_gt-50 & EMA9_gt_EMA21,7,379,52.242744063324544,0.12862278985963171,0.08758018320826276,54.35356200527705,0.17152374911132234,0.052831142568251555,0.505844748023149
151,MACD_bull & BB_pctB_0.8-1.0 & ADX_gt25 & VolRatio_gt1.2 & CCI_gt100 & EMA9_gt_EMA21 & ROC10_pos,7,379,52.242744063324544,0.12862278985963171,0.08758018320826276,54.35356200527705,0.17152374911132234,0.052831142568251555,0.505844748023149
152,MACD_bull & BB_pctB_0.8-1.0 & ADX_gt25 & VolRatio_gt1.2 & CCI_gt100 & WilliamsR_gt-50 & EMA9_gt_EMA21 & ROC10_pos,8,379,52.242744063324544,0.12862278985963171,0.08758018320826276,54.35356200527705,0.17152374911132234,0.052831142568251555,0.505844748023149
153,ADX_gt25 & Stoch_bull & VolRatio_gt1.2 & WilliamsR_gt-50 & EMA9_gt_EMA21,5,88,44.31818181818182,0.23017260851705312,-0.3067084497813398,53.40909090909091,0.17149669295832037,0.057730144156586644,0.47604788735750675
154,MACD_bull & BB_pctB_0.8-1.0 & ADX_gt25 & VolRatio_gt1.2,4,422,51.8957345971564,0.10350289981781152,0.08301346873690169,54.2654028436019,0.1713894167406832,0.04615002280186991,0.4994684498659814
155,RSI_50_70 & MACD_bull & ADX_gt25 & VolRatio_gt1.2 & WilliamsR_gt-50,5,400,49.75,0.03590212545667324,-0.012931129385415945,51.74999999999999,0.17134883734540168,0.009659388348608775,0.5246930412204153
156,VolRatio_gt1.2 & EMA9_gt_EMA21 & ROC10_pos,3,2426,51.854905193734545,0.11880498966483051,0.07132040831181038,54.9876339653751,0.1712987675401072,0.039630703971471955,0.4959816353214868
157,MACD_bull & BB_pctB_0.8-1.0 & Stoch_bull & VolRatio_gt1.2 & CCI_gt100 & EMA9_gt_EMA21,6,51,29.411764705882355,-0.49897760859155954,-1.0212121212121226,62.745098039215684,0.17129341657932992,0.08368428695904966,0.3971281743372983
158,RSI_50_70 & MACD_bull & BB_pctB_0.8-1.0 & Stoch_bull & VolRatio_gt1.2 & CCI_gt100 & EMA9_gt_EMA21,7,51,29.411764705882355,-0.49897760859155954,-1.0212121212121226,62.745098039215684,0.17129341657932992,0.08368428695904966,0.3971281743372983
159,MACD_bull & BB_pctB_0.8-1.0 & Stoch_bull & VolRatio_gt1.2 & CCI_gt100 & WilliamsR_gt-50 & EMA9_gt_EMA21,7,51,29.411764705882355,-0.49897760859155954,-1.0212121212121226,62.745098039215684,0.17129341657932992,0.08368428695904966,0.3971281743372983
160,MACD_bull & BB_pctB_0.8-1.0 & Stoch_bull & VolRatio_gt1.2 & CCI_gt100 & EMA9_gt_EMA21 & ROC10_pos,7,51,29.411764705882355,-0.49897760859155954,-1.0212121212121226,62.745098039215684,0.17129341657932992,0.08368428695904966,0.3971281743372983
161,RSI_50_70 & MACD_bull & BB_pctB_0.8-1.0 & Stoch_bull & VolRatio_gt1.2 & CCI_gt100 & WilliamsR_gt-50 & EMA9_gt_EMA21,8,51,29.411764705882355,-0.49897760859155954,-1.0212121212121226,62.745098039215684,0.17129341657932992,0.08368428695904966,0.3971281743372983
162,RSI_50_70 & MACD_bull & BB_pctB_0.8-1.0 & Stoch_bull & VolRatio_gt1.2 & CCI_gt100 & EMA9_gt_EMA21 & ROC10_pos,8,51,29.411764705882355,-0.49897760859155954,-1.0212121212121226,62.745098039215684,0.17129341657932992,0.08368428695904966,0.3971281743372983
163,MACD_bull & BB_pctB_0.8-1.0 & Stoch_bull & VolRatio_gt1.2 & CCI_gt100 & WilliamsR_gt-50 & EMA9_gt_EMA21 & ROC10_pos,8,51,29.411764705882355,-0.49897760859155954,-1.0212121212121226,62.745098039215684,0.17129341657932992,0.08368428695904966,0.3971281743372983
164,RSI_50_70 & MACD_bull & BB_pctB_0.8-1.0 & Stoch_bull & VolRatio_gt1.2 & CCI_gt100 & WilliamsR_gt-50 & EMA9_gt_EMA21 & ROC10_pos,9,51,29.411764705882355,-0.49897760859155954,-1.0212121212121226,62.745098039215684,0.17129341657932992,0.08368428695904966,0.3971281743372983
165,MACD_bull & BB_pctB_0.8-1.0 & ADX_gt25 & VolRatio_gt1.2 & EMA9_gt_EMA21,5,405,52.8395061728395,0.1468672294588283,0.09889418322394986,54.81481481481482,0.17124588324789647,0.052831142568251555,0.4992414919377846
166,MACD_bull & BB_pctB_0.8-1.0 & ADX_gt25 & VolRatio_gt1.2 & WilliamsR_gt-50 & EMA9_gt_EMA21,6,405,52.8395061728395,0.1468672294588283,0.09889418322394986,54.81481481481482,0.17124588324789647,0.052831142568251555,0.4992414919377846
167,ADX_gt25 & Stoch_bull & VolRatio_gt1.2 & CCI_gt100,4,45,33.33333333333333,-0.3190893058430738,-0.9646017699115125,51.11111111111111,0.17091886427382397,0.06799197047205191,0.45119425237782657
168,MACD_bull & BB_pctB_0.8-1.0 & ADX_gt25 & VolRatio_gt1.2 & WilliamsR_gt-50 & ROC10_pos,6,420,52.142857142857146,0.11344426518173735,0.0876641729905514,54.285714285714285,0.17084445647507676,0.04615002280186991,0.4998286850578541
169,Stoch_bull & VolRatio_gt1.2 & EMA9_gt_EMA21 & ROC10_pos,4,272,47.794117647058826,-0.029911060361202266,-0.04659200715257917,59.55882352941176,0.17074675074440157,0.06728601741500097,0.45782134875644825
170,RSI_50_70 & ADX_gt25 & VolRatio_gt1.2 & EMA9_gt_EMA21,4,622,50.160771704180064,0.06621462022367865,0.02455712542493037,52.09003215434084,0.17057069682579348,0.014133478496845396,0.5256965068547576
171,RSI_50_70 & MACD_bull & ADX_gt25 & VolRatio_gt1.2 & ROC10_pos,5,419,48.6873508353222,0.004606032440352097,-0.025862068965510052,52.50596658711218,0.17044420321688225,0.013414494741640826,0.5169728921172938
172,RSI_50_70 & ADX_gt25 & VolRatio_gt1.2 & EMA9_gt_EMA21 & ROC10_pos,5,517,51.25725338491296,0.1079978174699367,0.05892217740107667,52.61121856866537,0.17031720292735525,0.019765793988214094,0.5197080976118421
173,RSI_50_70 & ADX_gt25 & VolRatio_gt1.2 & WilliamsR_gt-50 & EMA9_gt_EMA21,5,486,51.440329218106996,0.16890062658316707,0.07325118030466972,52.2633744855967,0.170222277316096,0.01594624848642643,0.5156403689506859
174,MACD_bull & BB_pctB_0.8-1.0 & ADX_gt25 & VolRatio_gt1.2 & WilliamsR_gt-50,5,421,52.01900237529691,0.10884217011882108,0.08758018320826276,54.156769596199524,0.17016534967953387,0.04605835980704185,0.49942866875007486
175,RSI_50_70 & ADX_gt25 & VolRatio_gt1.2 & WilliamsR_gt-50 & EMA9_gt_EMA21 & ROC10_pos,6,456,51.973684210526315,0.15836055490961912,0.09487227895845946,52.63157894736842,0.17014637790589202,0.018200686982509283,0.5141499686624289
176,MACD_bull & VolRatio_gt1.2 & EMA9_gt_EMA21,3,2153,51.69530887134231,0.11537267977820682,0.06855467826580787,54.993032977241064,0.17008692529414912,0.039685840707972875,0.49324115073402885
177,RSI_50_70 & Stoch_bull & VolRatio_gt1.2 & EMA9_gt_EMA21 & ROC10_pos,5,266,48.1203007518797,-0.012550976254004916,-0.03470130900718392,59.77443609022557,0.17007223909311023,0.068050379191104,0.4606698800398332
178,VolRatio_gt1.2 & ROC10_pos,2,2878,51.2856150104239,0.10413728297031942,0.04662773193938899,54.76025017373176,0.169985078713335,0.038295423531044454,0.49323100971134903
179,RSI_50_70 & MACD_bull & VolRatio_gt1.2 & CCI_gt100 & WilliamsR_gt-50 & EMA9_gt_EMA21 & ROC10_pos,7,901,50.055493895671475,0.07602053619641269,0.007744133818625343,55.71587125416204,0.16954481887993358,0.03865489130435161,0.4809373591012108
180,RSI_50_70 & MACD_bull & VolRatio_gt1.2 & CCI_gt100 & WilliamsR_gt-50 & ROC10_pos,6,991,49.24318869828456,0.037843843949265286,-0.025862068965510052,55.29767911200807,0.169364540103654,0.03550196298374619,0.4837043897237693
181,RSI_50_70 & ADX_gt25 & Stoch_bull & VolRatio_gt1.2 & WilliamsR_gt-50 & EMA9_gt_EMA21,6,85,44.70588235294118,0.26116192284851636,-0.2963226360861706,54.11764705882353,0.16912265917254465,0.06658006435795003,0.47964638004839505
182,RSI_50_70 & MACD_bull & ADX_gt25 & VolRatio_gt1.2 & WilliamsR_gt-50 & ROC10_pos,6,395,49.62025316455696,0.031468400550886275,-0.018450184501854455,51.89873417721519,0.1690584334305954,0.009691447504660305,0.5223935690470544
183,RSI_50_70 & MACD_bull & VolRatio_gt1.2 & CCI_gt100 & WilliamsR_gt-50 & EMA9_gt_EMA21,6,906,50.11037527593819,0.0777474443048564,0.011163176616210338,55.62913907284768,0.16900453460665177,0.03823849544318812,0.48018615786329905
184,RSI_50_70 & MACD_bull & VolRatio_gt1.2 & CCI_gt100 & WilliamsR_gt-50,5,997,49.247743229689064,0.03868699353776623,-0.025862068965510052,55.26579739217653,0.16875338604134243,0.03550196298374619,0.4827837113660688
185,Stoch_bull & VolRatio_gt1.2 & EMA9_gt_EMA21,3,409,47.92176039119804,0.0520800640792815,-0.03767471649776692,55.74572127139364,0.1679583012505011,0.0346593343808024,0.47885605692225774
186,RSI_50_70 & MACD_bull & VolRatio_gt1.2 & CCI_gt100 & EMA9_gt_EMA21 & ROC10_pos,6,908,50.0,0.07390977800137463,0.0001660297748239544,55.50660792951542,0.1678425433420294,0.03674233831847899,0.4801300725512512
187,RSI_50_70 & MACD_bull & VolRatio_gt1.2 & CCI_gt100 & ROC10_pos,5,998,49.19839679358717,0.03619120708016256,-0.027643098375145354,55.11022044088176,0.16781704086820004,0.03393445955682588,0.48295445805559184
188,RSI_50_70 & MACD_bull & VolRatio_gt1.2 & CCI_gt100,4,1006,49.20477137176938,0.03685674395686653,-0.027643098375145354,55.069582504970185,0.16753907801164272,0.03393445955682588,0.48217756974257314
189,RSI_50_70 & MACD_bull & ADX_gt25 & Stoch_bull & VolRatio_gt1.2,5,49,40.816326530612244,0.0036238664653863695,-0.32846715328466325,53.06122448979592,0.16714359841996942,0.06658006435795003,0.48219251077272907
190,RSI_50_70 & MACD_bull & VolRatio_gt1.2 & CCI_gt100 & EMA9_gt_EMA21,5,914,50.10940919037199,0.0761862759490783,0.011163176616210338,55.36105032822757,0.16692028792011518,0.03563828419621196,0.4792725819475038
191,MACD_bull & VolRatio_gt1.2,2,2775,50.95495495495496,0.09523775685706722,0.04247443948908903,55.171171171171174,0.166638408675102,0.0433983926521289,0.4935144156533605
192,RSI_50_70 & VolRatio_gt1.2 & WilliamsR_gt-50,3,1928,50.363070539419084,0.09367973155748492,0.018116701016328365,53.89004149377593,0.1662941340836477,0.027952820838445892,0.4945245005281237
193,ADX_gt25 & Stoch_bull & VolRatio_gt1.2 & ROC10_pos,4,117,43.58974358974359,0.018017328848470494,-0.39138943248532615,54.700854700854705,0.16611352337996454,0.06799197047205191,0.49650939931966726
194,ADX_gt25 & VolRatio_gt1.2,2,2077,50.60182956186809,0.07616201869989817,0.043023089057795984,54.597977852672116,0.1644883307272502,0.03796610169492312,0.4986699933001756
195,Stoch_bull & VolRatio_gt1.2 & WilliamsR_gt-50 & EMA9_gt_EMA21 & ROC10_pos,5,247,47.368421052631575,-0.033049664930471,-0.05550929780739142,59.10931174089069,0.16428166530245555,0.05063024947212315,0.4583704731214654
196,RSI_50_70 & Stoch_bull & VolRatio_gt1.2 & WilliamsR_gt-50 & EMA9_gt_EMA21 & ROC10_pos,6,243,47.73662551440329,-0.021762346886244198,-0.03767471649776692,59.67078189300411,0.1642049917721888,0.06307985779935768,0.4601998196373689
197,RSI_50_70 & MACD_bull & ADX_gt25 & VolRatio_gt1.2 & CCI_gt100,5,275,50.18181818181818,0.0361627314202498,0.014582219413795333,51.63636363636363,0.163404727063206,0.009520524318725566,0.5203912799927333
198,RSI_50_70 & MACD_bull & VolRatio_gt1.2 & WilliamsR_gt-50 & ROC10_pos,5,1460,49.17808219178082,0.0257613572984719,-0.02659472550115167,54.31506849315069,0.16320289410460093,0.026798859737283097,0.49318671366074895
199,RSI_50_70 & VolRatio_gt1.2 & WilliamsR_gt-50 & ROC10_pos,4,1759,50.3126776577601,0.07062087310683263,0.01775252973548798,54.121660034110285,0.16318725703849357,0.02796052631578274,0.49026134704043817
200,RSI_50_70 & MACD_bull & VolRatio_gt1.2 & WilliamsR_gt-50,4,1513,49.306014540647716,0.03724300839101523,-0.02112527286810201,53.86649041639128,0.16286016504624864,0.024963445838937198,0.4982368746455873
201,RSI_50_70 & MACD_bull & Stoch_bull & VolRatio_gt1.2 & EMA9_gt_EMA21,5,155,43.87096774193549,-0.019447392683354672,-0.2414584087890895,61.29032258064516,0.16249076134320828,0.05063024947212315,0.48510553217609237
202,MACD_bull & Stoch_bull & VolRatio_gt1.2 & EMA9_gt_EMA21,4,158,43.67088607594937,-0.038994317824352476,-0.25090928684193525,60.75949367088608,0.16243970344782424,0.04731748979794377,0.4816262444362012
203,VolRatio_gt1.2 & EMA9_gt_EMA21,2,3079,52.51705099058136,0.13038571030310064,0.09059729502361118,53.36148100032479,0.1619575889929426,0.025573435102489564,0.49038473315850856
204,ADX_gt25 & Stoch_bull & VolRatio_gt1.2 & WilliamsR_gt-50 & ROC10_pos,5,101,44.554455445544555,0.025856517085124528,-0.32846715328466325,52.475247524752476,0.16146849851781497,0.04423177962921542,0.513902299103506
205,RSI_50_70 & MACD_bull & Stoch_bull & VolRatio_gt1.2 & WilliamsR_gt-50 & EMA9_gt_EMA21,6,150,44.0,-0.01571262619323207,-0.25090928684193525,60.66666666666667,0.16120611509070704,0.04731748979794377,0.48692425811312995
206,RSI_50_70 & MACD_bull & ADX_gt25 & VolRatio_gt1.2 & CCI_gt100 & ROC10_pos,6,274,50.36496350364964,0.03880609837361883,0.02455712542493037,51.45985401459854,0.16089835091695714,0.007362302975681436,0.5196805777919328
207,BB_pctB_0.8-1.0 & Stoch_bull & VolRatio_gt1.2 & EMA9_gt_EMA21,4,85,34.11764705882353,-0.47835815223325173,-0.7495069033530621,63.52941176470588,0.16073536368027225,0.08264124826980374,0.38318430076067106
208,BB_pctB_0.8-1.0 & Stoch_bull & VolRatio_gt1.2 & WilliamsR_gt-50 & EMA9_gt_EMA21,5,85,34.11764705882353,-0.47835815223325173,-0.7495069033530621,63.52941176470588,0.16073536368027225,0.08264124826980374,0.38318430076067106
209,RSI_50_70 & MACD_bull & ADX_gt25 & VolRatio_gt1.2 & CCI_gt100 & WilliamsR_gt-50,6,272,50.36764705882353,0.04521209960456618,0.02455712542493037,51.470588235294116,0.16073165324273336,0.007362302975681436,0.5203894198589128
210,RSI_50_70 & MACD_bull & ADX_gt25 & VolRatio_gt1.2 & CCI_gt100 & WilliamsR_gt-50 & ROC10_pos,7,272,50.36764705882353,0.04521209960456618,0.02455712542493037,51.470588235294116,0.16073165324273336,0.007362302975681436,0.5203894198589128
211,ADX_gt25 & Stoch_bull & VolRatio_gt1.2,3,550,48.0,0.08270756433270113,-0.08118387781059574,54.18181818181819,0.16051763556208273,0.035322911636333484,0.5120421025498388
212,RSI_50_70 & ADX_gt25 & Stoch_bull & VolRatio_gt1.2 & CCI_gt100,5,41,31.70731707317073,-0.33820665077271916,-1.0323709536307897,51.21951219512195,0.1603863371501363,0.06799197047205191,0.461095169965468
213,BB_pctB_0.8-1.0 & VolRatio_gt1.2 & CCI_gt100,3,810,50.98765432098765,0.06272091471241577,0.048089652920249915,54.32098765432099,0.1601998191992497,0.031046484468469623,0.49301006164285216
214,BB_pctB_0.8-1.0 & VolRatio_gt1.2 & CCI_gt100 & WilliamsR_gt-50,4,810,50.98765432098765,0.06272091471241577,0.048089652920249915,54.32098765432099,0.1601998191992497,0.031046484468469623,0.49301006164285216
215,RSI_50_70 & MACD_bull & BB_pctB_0.8-1.0 & ADX_gt25 & Stoch_bull & CCI_gt100 & EMA9_gt_EMA21 & ROC10_pos,8,60,43.333333333333336,-0.033258638483270486,-0.2420930076102074,60.0,0.1601827238109043,0.0668838259068824,0.39086707809044025
216,ADX_gt25 & Stoch_bull & VolRatio_gt1.2 & CCI_gt100 & WilliamsR_gt-50,5,42,33.33333333333333,-0.308116623911737,-1.0485340061312565,50.0,0.15950297850356532,0.033199958999001904,0.4511305251722698
217,ADX_gt25 & Stoch_bull & VolRatio_gt1.2 & CCI_gt100 & WilliamsR_gt-50 & ROC10_pos,6,42,33.33333333333333,-0.308116623911737,-1.0485340061312565,50.0,0.15950297850356532,0.033199958999001904,0.4511305251722698
218,RSI_50_70 & VolRatio_gt1.2 & WilliamsR_gt-50 & EMA9_gt_EMA21,4,1637,51.13011606597434,0.11334819747097205,0.04535708395184465,53.81795968234575,0.15949812528553806,0.025112568345082426,0.48925372336244516
219,BB_pctB_0.8-1.0 & VolRatio_gt1.2 & CCI_gt100 & ROC10_pos,4,807,51.053283767038415,0.061925077796550175,0.04862461794942566,54.15117719950434,0.15947713779346712,0.02960928961748072,0.493594452942379
220,BB_pctB_0.8-1.0 & VolRatio_gt1.2 & CCI_gt100 & WilliamsR_gt-50 & ROC10_pos,5,807,51.053283767038415,0.061925077796550175,0.04862461794942566,54.15117719950434,0.15947713779346712,0.02960928961748072,0.493594452942379
221,RSI_50_70 & VolRatio_gt1.2 & ROC10_pos,3,1904,50.15756302521008,0.06924865024302898,0.009447493921153627,53.41386554621849,0.1592023137610363,0.024859573082338604,0.49215408816378464
222,MACD_bull & Stoch_bull & VolRatio_gt1.2 & WilliamsR_gt-50 & EMA9_gt_EMA21,5,152,43.42105263157895,-0.03971775045313531,-0.2648951083541289,59.86842105263158,0.1589440436602211,0.041888899152787304,0.48410723643958864
223,RSI_50_70 & MACD_bull & ADX_gt25 & VolRatio_gt1.2 & CCI_gt100 & EMA9_gt_EMA21,6,245,50.204081632653065,0.03674161832117116,0.014582219413795333,52.244897959183675,0.15887535828544663,0.009691447504660305,0.5201160042361539
224,RSI_50_70 & MACD_bull & ADX_gt25 & VolRatio_gt1.2 & CCI_gt100 & EMA9_gt_EMA21 & ROC10_pos,7,245,50.204081632653065,0.03674161832117116,0.014582219413795333,52.244897959183675,0.15887535828544663,0.009691447504660305,0.5201160042361539
225,MACD_bull & ADX_gt25 & Stoch_bull & VolRatio_gt1.2 & ROC10_pos,5,70,41.42857142857143,0.07863824926897348,-0.404134396351566,54.285714285714285,0.15875891304910694,0.06446755318737771,0.5296617843332385
226,RSI_50_70 & VolRatio_gt1.2,2,2289,50.32765399737876,0.0752636164997758,0.01775252973548798,52.7741371778069,0.15871953065360667,0.019529018323696166,0.4968220718298103
227,MACD_bull & BB_pctB_0.8-1.0 & VolRatio_gt1.2 & CCI_gt100,4,744,51.20967741935484,0.06948845660235065,0.058467147743984066,54.03225806451613,0.1587045075064439,0.025164567714114787,0.49715722733788953
228,MACD_bull & BB_pctB_0.8-1.0 & VolRatio_gt1.2 & CCI_gt100 & WilliamsR_gt-50,5,744,51.20967741935484,0.06948845660235065,0.058467147743984066,54.03225806451613,0.1587045075064439,0.025164567714114787,0.49715722733788953
229,RSI_50_70 & MACD_bull & ADX_gt25 & VolRatio_gt1.2 & CCI_gt100 & WilliamsR_gt-50 & EMA9_gt_EMA21,7,243,50.20576131687243,0.0438951301512649,0.014582219413795333,52.2633744855967,0.15867211650498617,0.009691447504660305,0.5209115229955663
230,RSI_50_70 & MACD_bull & ADX_gt25 & VolRatio_gt1.2 & CCI_gt100 & WilliamsR_gt-50 & EMA9_gt_EMA21 & ROC10_pos,8,243,50.20576131687243,0.0438951301512649,0.014582219413795333,52.2633744855967,0.15867211650498617,0.009691447504660305,0.5209115229955663
231,MACD_bull & BB_pctB_0.8-1.0 & VolRatio_gt1.2 & CCI_gt100 & ROC10_pos,5,742,51.21293800539084,0.06799287257549078,0.058467147743984066,53.908355795148246,0.15847639383119244,0.02422849951351596,0.4977047243835092
232,MACD_bull & BB_pctB_0.8-1.0 & VolRatio_gt1.2 & CCI_gt100 & WilliamsR_gt-50 & ROC10_pos,6,742,51.21293800539084,0.06799287257549078,0.058467147743984066,53.908355795148246,0.15847639383119244,0.02422849951351596,0.4977047243835092
233,RSI_50_70 & MACD_bull & BB_pctB_0.8-1.0 & ADX_gt25 & Stoch_bull & CCI_gt100 & EMA9_gt_EMA21,7,61,42.62295081967213,-0.03608308450547296,-0.21617931505290444,60.65573770491803,0.15834999774367933,0.06577568134171288,0.38790986536723254
234,BB_pctB_0.8-1.0 & Stoch_bull & VolRatio_gt1.2 & CCI_gt100 & EMA9_gt_EMA21,5,65,27.692307692307693,-0.6462183407131736,-1.0546979896845257,60.0,0.15804574403395405,0.08368428695904966,0.39105600723358724
235,BB_pctB_0.8-1.0 & Stoch_bull & VolRatio_gt1.2 & CCI_gt100 & WilliamsR_gt-50 & EMA9_gt_EMA21,6,65,27.692307692307693,-0.6462183407131736,-1.0546979896845257,60.0,0.15804574403395405,0.08368428695904966,0.39105600723358724
236,RSI_50_70 & VolRatio_gt1.2 & WilliamsR_gt-50 & EMA9_gt_EMA21 & ROC10_pos,5,1517,51.21951219512195,0.09522521171842532,0.046794571829658446,54.31773236651285,0.15795098335755714,0.026885245901631046,0.4849342566828154
237,RSI_50_70 & MACD_bull & VolRatio_gt1.2 & ROC10_pos,4,1524,48.884514435695536,0.02249407160501814,-0.03559941147051131,53.74015748031496,0.15752129019886607,0.02390591393435793,0.48833582180838936
238,RSI_50_70 & MACD_bull & VolRatio_gt1.2,3,1593,49.215317011927176,0.04183869524111601,-0.02732738203679328,53.35844318895167,0.15698433807495002,0.021303304597704378,0.49206843019752877
239,BB_pctB_0.8-1.0 & VolRatio_gt1.2 & CCI_gt100 & EMA9_gt_EMA21,4,763,52.031454783748366,0.10692594526167526,0.07657500870169524,54.25950196592398,0.15685991393848803,0.02960928961748072,0.48722576520680533
240,BB_pctB_0.8-1.0 & VolRatio_gt1.2 & CCI_gt100 & WilliamsR_gt-50 & EMA9_gt_EMA21,5,763,52.031454783748366,0.10692594526167526,0.07657500870169524,54.25950196592398,0.15685991393848803,0.02960928961748072,0.48722576520680533
241,RSI_50_70 & MACD_bull & BB_pctB_0.8-1.0 & ADX_gt25 & Stoch_bull & CCI_gt100 & WilliamsR_gt-50 & EMA9_gt_EMA21 & ROC10_pos,9,58,44.827586206896555,0.03159440579563226,-0.21101174997734226,60.3448275862069,0.15615707772554177,0.0668838259068824,0.387309464256603
242,BB_pctB_0.8-1.0 & VolRatio_gt1.2 & CCI_gt100 & EMA9_gt_EMA21 & ROC10_pos,5,761,52.03679369250985,0.10496333097978501,0.07657500870169524,54.13929040735874,0.1559381748760749,0.026885245901631046,0.4875202518954354
243,BB_pctB_0.8-1.0 & VolRatio_gt1.2 & CCI_gt100 & WilliamsR_gt-50 & EMA9_gt_EMA21 & ROC10_pos,6,761,52.03679369250985,0.10496333097978501,0.07657500870169524,54.13929040735874,0.1559381748760749,0.026885245901631046,0.4875202518954354
244,ADX_gt25 & Stoch_bull & VolRatio_gt1.2 & CCI_gt100 & ROC10_pos,5,44,34.090909090909086,-0.31070224884398767,-0.998486361771151,50.0,0.15548175229969738,0.033199958999001904,0.4443864165740717
245,RSI_50_70 & MACD_bull & ADX_gt25 & VolRatio_gt1.2 & EMA9_gt_EMA21 & ROC10_pos,6,363,49.862258953168045,0.03417970551993076,-0.007412074268977434,52.892561983471076,0.15541294924042914,0.013414494741640826,0.4973559562401191
246,MACD_bull & BB_pctB_0.8-1.0 & Stoch_bull & VolRatio_gt1.2,4,82,31.70731707317073,-0.6364114229169499,-0.7914201183431995,60.97560975609756,0.15532172695612032,0.068050379191104,0.39841609263981376
247,RSI_50_70 & MACD_bull & BB_pctB_0.8-1.0 & Stoch_bull & VolRatio_gt1.2,5,82,31.70731707317073,-0.6364114229169499,-0.7914201183431995,60.97560975609756,0.15532172695612032,0.068050379191104,0.39841609263981376
248,RSI_50_70 & MACD_bull & VolRatio_gt1.2 & WilliamsR_gt-50 & EMA9_gt_EMA21,5,1295,50.57915057915058,0.0721825631010348,0.03140793193043878,53.97683397683398,0.15524336663506078,0.024110529167423945,0.4892259917543747
249,RSI_50_70 & MACD_bull & VolRatio_gt1.2 & WilliamsR_gt-50 & EMA9_gt_EMA21 & ROC10_pos,6,1254,50.398724082934606,0.06443077012127223,0.02510506386496892,54.46570972886763,0.1551745984216973,0.025645474268390443,0.4833700179518734
250,MACD_bull & BB_pctB_0.8-1.0 & VolRatio_gt1.2 & CCI_gt100 & EMA9_gt_EMA21,5,698,52.29226361031518,0.11203748306846935,0.08329186498161935,54.01146131805158,0.15516574608098369,0.02422849951351596,0.4908257871688888
251,MACD_bull & BB_pctB_0.8-1.0 & VolRatio_gt1.2 & CCI_gt100 & WilliamsR_gt-50 & EMA9_gt_EMA21,6,698,52.29226361031518,0.11203748306846935,0.08329186498161935,54.01146131805158,0.15516574608098369,0.02422849951351596,0.4908257871688888
252,RSI_50_70 & MACD_bull & ADX_gt25 & Stoch_bull & CCI_gt100,5,75,40.0,-0.2061250045195096,-0.2202169943065832,56.00000000000001,0.1550315092920191,0.04838643371018317,0.42156833797373783
253,RSI_50_70 & MACD_bull & ADX_gt25 & Stoch_bull & VolRatio_gt1.2 & CCI_gt100,6,27,29.629629629629626,-0.31838816427579314,-1.0646970586317233,51.85185185185185,0.1548755705370464,0.06799197047205191,0.4639189129917476
254,MACD_bull & BB_pctB_0.8-1.0 & VolRatio_gt1.2 & CCI_gt100 & EMA9_gt_EMA21 & ROC10_pos,6,697,52.22381635581061,0.1091484428936239,0.07900354675497594,53.9454806312769,0.1547599160691077,0.023701298701291913,0.4910607218364663
255,MACD_bull & BB_pctB_0.8-1.0 & VolRatio_gt1.2 & CCI_gt100 & WilliamsR_gt-50 & EMA9_gt_EMA21 & ROC10_pos,7,697,52.22381635581061,0.1091484428936239,0.07900354675497594,53.9454806312769,0.1547599160691077,0.023701298701291913,0.4910607218364663
256,RSI_50_70 & ADX_gt25 & Stoch_bull & VolRatio_gt1.2 & ROC10_pos,5,88,43.18181818181818,-0.06304455561713036,-0.3726732567512345,52.27272727272727,0.1544367786578114,0.06728601741500097,0.44899356564948817
257,RSI_50_70 & MACD_bull & Stoch_bull & VolRatio_gt1.2 & CCI_gt100 & WilliamsR_gt-50 & EMA9_gt_EMA21,7,72,30.555555555555557,-0.49791501672272953,-0.8560671549607897,62.5,0.15439498732402804,0.07537501808997991,0.39713091758677
258,RSI_50_70 & MACD_bull & BB_pctB_0.8-1.0 & ADX_gt25 & Stoch_bull & CCI_gt100 & WilliamsR_gt-50 & EMA9_gt_EMA21,8,59,44.06779661016949,0.027575011700153414,-0.20584418490178008,61.016949152542374,0.1543304566405357,0.06577568134171288,0.38426504093803604
259,RSI_50_70 & MACD_bull & ADX_gt25 & VolRatio_gt1.2 & WilliamsR_gt-50 & EMA9_gt_EMA21 & ROC10_pos,7,340,50.882352941176464,0.06106762891741237,0.04352120217244047,52.352941176470594,0.1543046537675642,0.010709528733783308,0.5025367877434167
260,BB_pctB_0.8-1.0 & VolRatio_gt1.2 & EMA9_gt_EMA21,3,854,52.57611241217799,0.11400686742797249,0.08928449759637594,54.80093676814989,0.15390671035112857,0.03268625119743693,0.4773407999825965
261,BB_pctB_0.8-1.0 & VolRatio_gt1.2 & WilliamsR_gt-50 & EMA9_gt_EMA21,4,854,52.57611241217799,0.11400686742797249,0.08928449759637594,54.80093676814989,0.15390671035112857,0.03268625119743693,0.4773407999825965
262,RSI_50_70 & BB_pctB_0.8-1.0 & Stoch_bull & VolRatio_gt1.2 & EMA9_gt_EMA21,5,84,33.33333333333333,-0.5047270617511301,-0.7914201183431995,63.095238095238095,0.15386667065362852,0.0763239979540645,0.3802209578511667
263,RSI_50_70 & BB_pctB_0.8-1.0 & Stoch_bull & VolRatio_gt1.2 & WilliamsR_gt-50 & EMA9_gt_EMA21,6,84,33.33333333333333,-0.5047270617511301,-0.7914201183431995,63.095238095238095,0.15386667065362852,0.0763239979540645,0.3802209578511667
264,RSI_50_70 & MACD_bull & ADX_gt25 & VolRatio_gt1.2 & EMA9_gt_EMA21,5,369,49.59349593495935,0.024989346378755637,-0.018450184501854455,52.574525745257446,0.1537135797863155,0.011727609962906308,0.4955794375632785
265,RSI_50_70 & VolRatio_gt1.2 & EMA9_gt_EMA21 & ROC10_pos,4,1652,51.08958837772397,0.09175912206526209,0.0434142934045745,53.510895883777245,0.15367268078179566,0.02362626362973949,0.4882458996910219
266,RSI_50_70 & MACD_bull & ADX_gt25 & VolRatio_gt1.2 & WilliamsR_gt-50 & EMA9_gt_EMA21,6,344,50.872093023255815,0.05262388193887279,0.04352120217244047,52.03488372093024,0.15351492342169268,0.009659388348608775,0.5018299268895962
267,BB_pctB_0.8-1.0 & VolRatio_gt1.2 & EMA9_gt_EMA21 & ROC10_pos,4,846,52.71867612293144,0.11617082340888658,0.0914006432867093,54.72813238770685,0.15323094360142422,0.03200441301362391,0.4780389567142729
268,BB_pctB_0.8-1.0 & VolRatio_gt1.2 & WilliamsR_gt-50 & EMA9_gt_EMA21 & ROC10_pos,5,846,52.71867612293144,0.11617082340888658,0.0914006432867093,54.72813238770685,0.15323094360142422,0.03200441301362391,0.4780389567142729
269,MACD_bull & BB_pctB_0.8-1.0 & Stoch_bull & VolRatio_gt1.2 & ROC10_pos,5,79,32.91139240506329,-0.6349582859797681,-0.7495069033530621,59.49367088607595,0.1532284297905712,0.06799197047205191,0.40479406289857406
270,RSI_50_70 & MACD_bull & BB_pctB_0.8-1.0 & Stoch_bull & VolRatio_gt1.2 & ROC10_pos,6,79,32.91139240506329,-0.6349582859797681,-0.7495069033530621,59.49367088607595,0.1532284297905712,0.06799197047205191,0.40479406289857406
271,MACD_bull & BB_pctB_0.8-1.0 & VolRatio_gt1.2 & EMA9_gt_EMA21 & ROC10_pos,5,764,52.4869109947644,0.107031213067335,0.0876641729905514,54.581151832460726,0.1530733409387035,0.026301379667961186,0.4837094227162273
272,MACD_bull & BB_pctB_0.8-1.0 & VolRatio_gt1.2 & WilliamsR_gt-50 & EMA9_gt_EMA21 & ROC10_pos,6,764,52.4869109947644,0.107031213067335,0.0876641729905514,54.581151832460726,0.1530733409387035,0.026301379667961186,0.4837094227162273
273,MACD_bull & BB_pctB_0.8-1.0 & VolRatio_gt1.2 & EMA9_gt_EMA21,4,769,52.405721716514954,0.10559616383704902,0.08758018320826276,54.61638491547465,0.15294047866140795,0.026885245901631046,0.4826337779370591
274,MACD_bull & BB_pctB_0.8-1.0 & VolRatio_gt1.2 & WilliamsR_gt-50 & EMA9_gt_EMA21,5,769,52.405721716514954,0.10559616383704902,0.08758018320826276,54.61638491547465,0.15294047866140795,0.026885245901631046,0.4826337779370591
275,BB_pctB_0.8-1.0 & VolRatio_gt1.2,2,932,51.28755364806867,0.06549824697806977,0.05411746304840688,54.29184549356223,0.15258587361457973,0.029787407392054814,0.4792739233835248
276,BB_pctB_0.8-1.0 & Stoch_bull & VolRatio_gt1.2 & EMA9_gt_EMA21 & ROC10_pos,5,82,35.36585365853659,-0.4767696579383575,-0.8560671549607897,62.19512195121951,0.15247166297015247,0.0694210291323426,0.38642661504746706
277,BB_pctB_0.8-1.0 & Stoch_bull & VolRatio_gt1.2 & WilliamsR_gt-50 & EMA9_gt_EMA21 & ROC10_pos,6,82,35.36585365853659,-0.4767696579383575,-0.8560671549607897,62.19512195121951,0.15247166297015247,0.0694210291323426,0.38642661504746706
278,RSI_50_70 & MACD_bull & Stoch_bull & VolRatio_gt1.2 & WilliamsR_gt-50 & EMA9_gt_EMA21 & ROC10_pos,7,138,43.47826086956522,-0.06695554258446201,-0.25090928684193525,61.59420289855072,0.15233126337509895,0.056855053635740414,0.4358863046739466
279,BB_pctB_0.8-1.0 & VolRatio_gt1.2 & WilliamsR_gt-50,3,931,51.34264232008593,0.06787185400694763,0.054743098459367465,54.24274973147154,0.15201215097669582,0.02960928961748072,0.47921127532305885
280,MACD_bull & ADX_gt25 & Stoch_bull & VolRatio_gt1.2 & CCI_gt100,5,30,30.0,-0.36085522546572624,-1.0146494142716178,50.0,0.1519814631916133,0.033199958999001904,0.44442202543367204
281,BB_pctB_0.8-1.0 & VolRatio_gt1.2 & ROC10_pos,3,922,51.40997830802603,0.06785765300800148,0.05637760827312946,54.12147505422994,0.1518537637639895,0.02683797627193573,0.4803898297180729
282,BB_pctB_0.8-1.0 & Stoch_bull & VolRatio_gt1.2 & CCI_gt100 & EMA9_gt_EMA21 & ROC10_pos,6,64,28.125,-0.6497796096947241,-1.0582671709821807,59.375,0.15149749019050274,0.0831627676144267,0.39054714819082426
283,BB_pctB_0.8-1.0 & Stoch_bull & VolRatio_gt1.2 & CCI_gt100 & WilliamsR_gt-50 & EMA9_gt_EMA21 & ROC10_pos,7,64,28.125,-0.6497796096947241,-1.0582671709821807,59.375,0.15149749019050274,0.0831627676144267,0.39054714819082426
284,MACD_bull & BB_pctB_0.8-1.0 & VolRatio_gt1.2 & ROC10_pos,4,839,51.13230035756854,0.05999271764107506,0.0534918276374463,53.87365911799762,0.15139040284231792,0.023701298701291913,0.48601044322629516
285,RSI_50_70 & VolRatio_gt1.2 & EMA9_gt_EMA21,3,1948,50.87268993839835,0.08581099880560578,0.03775037988326054,52.6694045174538,0.15130611367767108,0.01752043046980303,0.48979107477426415
286,BB_pctB_0.8-1.0 & VolRatio_gt1.2 & WilliamsR_gt-50 & ROC10_pos,4,921,51.465798045602604,0.07025959388738824,0.05801211808689146,54.071661237785015,0.15127301687395636,0.026790706642240415,0.4803269696123833
287,MACD_bull & BB_pctB_0.8-1.0 & VolRatio_gt1.2,3,845,51.005917159763314,0.057856207200364135,0.04862461794942566,53.964497041420124,0.15115785052763184,0.024110529167423945,0.48474686801167277
288,RSI_50_70 & MACD_bull & ADX_gt25 & Stoch_bull & CCI_gt100 & EMA9_gt_EMA21 & ROC10_pos,7,66,42.42424242424242,-0.09685009649516094,-0.2420930076102074,57.57575757575758,0.15082736693770835,0.06563476465534901,0.41018089131714863
289,MACD_bull & BB_pctB_0.8-1.0 & VolRatio_gt1.2 & WilliamsR_gt-50 & ROC10_pos,5,838,51.19331742243437,0.06262317422168161,0.05411746304840688,53.81861575178998,0.15075158273892625,0.02362626362973949,0.48594817767612997
290,RSI_50_70 & MACD_bull & Stoch_bull & VolRatio_gt1.2 & CCI_gt100 & WilliamsR_gt-50 & EMA9_gt_EMA21 & ROC10_pos,8,71,30.985915492957744,-0.4725121859407127,-0.7495069033530621,61.97183098591549,0.15054509663454427,0.0681087879101561,0.398581378993428
291,MACD_bull & BB_pctB_0.8-1.0 & VolRatio_gt1.2 & WilliamsR_gt-50,4,844,51.06635071090048,0.060465432442197764,0.051058222793435984,53.90995260663507,0.15052329626346492,0.02390591393435793,0.48468308290714024
292,MACD_bull & Stoch_bull & VolRatio_gt1.2 & WilliamsR_gt-50 & EMA9_gt_EMA21 & ROC10_pos,6,140,42.857142857142854,-0.09228620726105373,-0.2648951083541289,60.71428571428571,0.15000208370365148,0.04731748979794377,0.433194513290682
293,MACD_bull & Stoch_bull & VolRatio_gt1.2 & CCI_gt100 & WilliamsR_gt-50 & EMA9_gt_EMA21,6,74,29.72972972972973,-0.5341903424855174,-0.9636145882400149,60.810810810810814,0.14993265486591312,0.068050379191104,0.3926427075003579
294,MACD_bull & ADX_gt25 & Stoch_bull & CCI_gt100,4,83,42.168674698795186,-0.1570263391743695,-0.21617931505290444,55.42168674698795,0.14963845464965186,0.04182857142856327,0.41393137087031373
295,MACD_bull & BB_pctB_0.8-1.0 & ADX_gt25 & Stoch_bull & VolRatio_gt1.2,5,25,36.0,-0.012061634650300074,-1.347275286547345,56.00000000000001,0.14946700547622715,0.08368428695904966,0.4047983635493252
296,RSI_50_70 & MACD_bull & BB_pctB_0.8-1.0 & ADX_gt25 & Stoch_bull & VolRatio_gt1.2,6,25,36.0,-0.012061634650300074,-1.347275286547345,56.00000000000001,0.14946700547622715,0.08368428695904966,0.4047983635493252
297,MACD_bull & BB_pctB_0.8-1.0 & ADX_gt25 & Stoch_bull & VolRatio_gt1.2 & ROC10_pos,6,25,36.0,-0.012061634650300074,-1.347275286547345,56.00000000000001,0.14946700547622715,0.08368428695904966,0.4047983635493252
298,RSI_50_70 & MACD_bull & BB_pctB_0.8-1.0 & ADX_gt25 & Stoch_bull & VolRatio_gt1.2 & ROC10_pos,7,25,36.0,-0.012061634650300074,-1.347275286547345,56.00000000000001,0.14946700547622715,0.08368428695904966,0.4047983635493252
299,RSI_50_70 & MACD_bull & ADX_gt25 & Stoch_bull & CCI_gt100 & EMA9_gt_EMA21,6,67,41.7910447761194,-0.0984724808137051,-0.21617931505290444,58.2089552238806,0.1492983977850587,0.06549384796898514,0.40729778452127424
300,MACD_bull & Stoch_bull & VolRatio_gt1.2 & EMA9_gt_EMA21 & ROC10_pos,5,144,43.05555555555556,-0.11678400362020414,-0.2648951083541289,61.111111111111114,0.1492144253471114,0.056855053635740414,0.42980653113491446
301,RSI_50_70 & MACD_bull & Stoch_bull & VolRatio_gt1.2 & EMA9_gt_EMA21 & ROC10_pos,6,141,43.262411347517734,-0.0969513487303665,-0.260360164894781,61.702127659574465,0.1489891639250007,0.06307985779935768,0.43292491065072036
302,RSI_50_70 & BB_pctB_0.8-1.0 & Stoch_bull & VolRatio_gt1.2 & CCI_gt100 & EMA9_gt_EMA21,6,64,26.5625,-0.6834503499003878,-1.0582671709821807,59.375,0.14898855912951045,0.0831627676144267,0.387275266329145
303,RSI_50_70 & BB_pctB_0.8-1.0 & Stoch_bull & VolRatio_gt1.2 & CCI_gt100 & WilliamsR_gt-50 & EMA9_gt_EMA21,7,64,26.5625,-0.6834503499003878,-1.0582671709821807,59.375,0.14898855912951045,0.0831627676144267,0.387275266329145
304,MACD_bull & BB_pctB_0.8-1.0 & Stoch_bull & VolRatio_gt1.2 & WilliamsR_gt-50,5,81,32.098765432098766,-0.6177951454602798,-0.7495069033530621,60.49382716049383,0.1487612340853992,0.06799197047205191,0.39644141242974273
305,RSI_50_70 & MACD_bull & BB_pctB_0.8-1.0 & Stoch_bull & VolRatio_gt1.2 & WilliamsR_gt-50,6,81,32.098765432098766,-0.6177951454602798,-0.7495069033530621,60.49382716049383,0.1487612340853992,0.06799197047205191,0.39644141242974273
306,RSI_50_70 & MACD_bull & VolRatio_gt1.2 & EMA9_gt_EMA21 & ROC10_pos,5,1315,50.11406844106464,0.06201449583331267,0.010118823903560385,53.76425855513308,0.14850974258986063,0.022760670445369263,0.47805580405629255
307,RSI_50_70 & MACD_bull & Stoch_bull & VolRatio_gt1.2 & CCI_gt100 & EMA9_gt_EMA21,6,73,30.136986301369863,-0.5194515830800165,-0.9626274065685172,61.64383561643836,0.14817039845657562,0.0681087879101561,0.39792234241279734
308,RSI_50_70 & MACD_bull & VolRatio_gt1.2 & EMA9_gt_EMA21,4,1369,50.47479912344777,0.07875205033337335,0.028253908457324284,53.3235938641344,0.1479802883497674,0.019765793988214094,0.48249537945900484
309,BB_pctB_0.8-1.0 & Stoch_bull & VolRatio_gt1.2,3,105,34.285714285714285,-0.6413422249946797,-0.7495069033530621,60.0,0.14742228004757146,0.0681087879101561,0.3860750333048103
310,RSI_50_70 & BB_pctB_0.8-1.0 & ADX_gt25 & VolRatio_gt1.2 & ROC10_pos,5,238,49.57983193277311,-0.019278582135300305,-0.003706037134488717,51.26050420168067,0.14722635609472565,0.006896579555087578,0.4966693551193067
311,RSI_50_70 & MACD_bull & ADX_gt25 & Stoch_bull & CCI_gt100 & ROC10_pos,6,73,41.0958904109589,-0.199530214785243,-0.2202169943065832,54.794520547945204,0.1469702050966555,0.04182857142856327,0.41922434103721723
312,RSI_50_70 & ADX_gt25 & Stoch_bull & VolRatio_gt1.2 & CCI_gt100 & WilliamsR_gt-50,6,38,31.57894736842105,-0.3275882137641082,-1.1627854367540427,50.0,0.14693726389429615,0.033199958999001904,0.4614617080994936
313,RSI_50_70 & ADX_gt25 & Stoch_bull & VolRatio_gt1.2 & CCI_gt100 & WilliamsR_gt-50 & ROC10_pos,7,38,31.57894736842105,-0.3275882137641082,-1.1627854367540427,50.0,0.14693726389429615,0.033199958999001904,0.4614617080994936
314,MACD_bull & ADX_gt25 & Stoch_bull & VolRatio_gt1.2 & WilliamsR_gt-50 & ROC10_pos,6,63,42.857142857142854,0.06031492827153246,-0.32846715328466325,50.79365079365079,0.1469211241787572,0.013110260949016081,0.5464839284991816
315,RSI_50_70 & MACD_bull & ADX_gt25 & Stoch_bull & CCI_gt100 & WilliamsR_gt-50 & EMA9_gt_EMA21 & ROC10_pos,8,64,43.75,-0.040064258180276896,-0.21101174997734226,57.8125,0.14688677027056118,0.06563476465534901,0.40761635649948846
316,MACD_bull & BB_pctB_0.8-1.0 & ADX_gt25 & Stoch_bull & VolRatio_gt1.2 & CCI_gt100,6,21,33.33333333333333,-0.15095069773117345,-1.347275286547345,57.14285714285714,0.1467685528305284,0.08368428695904966,0.40194065582117866
317,RSI_50_70 & MACD_bull & BB_pctB_0.8-1.0 & ADX_gt25 & Stoch_bull & VolRatio_gt1.2 & CCI_gt100,7,21,33.33333333333333,-0.15095069773117345,-1.347275286547345,57.14285714285714,0.1467685528305284,0.08368428695904966,0.40194065582117866
318,MACD_bull & BB_pctB_0.8-1.0 & ADX_gt25 & Stoch_bull & VolRatio_gt1.2 & CCI_gt100 & WilliamsR_gt-50,7,21,33.33333333333333,-0.15095069773117345,-1.347275286547345,57.14285714285714,0.1467685528305284,0.08368428695904966,0.40194065582117866
319,MACD_bull & BB_pctB_0.8-1.0 & ADX_gt25 & Stoch_bull & VolRatio_gt1.2 & CCI_gt100 & ROC10_pos,7,21,33.33333333333333,-0.15095069773117345,-1.347275286547345,57.14285714285714,0.1467685528305284,0.08368428695904966,0.40194065582117866
320,RSI_50_70 & MACD_bull & BB_pctB_0.8-1.0 & ADX_gt25 & Stoch_bull & VolRatio_gt1.2 & CCI_gt100 & WilliamsR_gt-50,8,21,33.33333333333333,-0.15095069773117345,-1.347275286547345,57.14285714285714,0.1467685528305284,0.08368428695904966,0.40194065582117866
321,RSI_50_70 & MACD_bull & BB_pctB_0.8-1.0 & ADX_gt25 & Stoch_bull & VolRatio_gt1.2 & CCI_gt100 & ROC10_pos,8,21,33.33333333333333,-0.15095069773117345,-1.347275286547345,57.14285714285714,0.1467685528305284,0.08368428695904966,0.40194065582117866
322,MACD_bull & BB_pctB_0.8-1.0 & ADX_gt25 & Stoch_bull & VolRatio_gt1.2 & CCI_gt100 & WilliamsR_gt-50 & ROC10_pos,8,21,33.33333333333333,-0.15095069773117345,-1.347275286547345,57.14285714285714,0.1467685528305284,0.08368428695904966,0.40194065582117866
323,RSI_50_70 & MACD_bull & BB_pctB_0.8-1.0 & ADX_gt25 & Stoch_bull & VolRatio_gt1.2 & CCI_gt100 & WilliamsR_gt-50 & ROC10_pos,9,21,33.33333333333333,-0.15095069773117345,-1.347275286547345,57.14285714285714,0.1467685528305284,0.08368428695904966,0.40194065582117866
324,RSI_50_70 & MACD_bull & BB_pctB_0.8-1.0 & ADX_gt25 & Stoch_bull & CCI_gt100 & ROC10_pos,7,66,40.909090909090914,-0.16008061136222226,-0.2441118472370468,56.060606060606055,0.14660812435777934,0.05366120969877421,0.40048204601509313
325,MACD_bull & BB_pctB_0.8-1.0 & Stoch_bull & VolRatio_gt1.2 & WilliamsR_gt-50 & ROC10_pos,6,78,33.33333333333333,-0.6156073678909546,-0.7456895197542055,58.97435897435898,0.14638877312782816,0.05931110997208753,0.4028191760350722
326,RSI_50_70 & MACD_bull & BB_pctB_0.8-1.0 & Stoch_bull & VolRatio_gt1.2 & WilliamsR_gt-50 & ROC10_pos,7,78,33.33333333333333,-0.6156073678909546,-0.7456895197542055,58.97435897435898,0.14638877312782816,0.05931110997208753,0.4028191760350722
327,MACD_bull & BB_pctB_0.8-1.0 & Stoch_bull & VolRatio_gt1.2 & CCI_gt100 & ROC10_pos,6,62,30.64516129032258,-0.7161031414667728,-0.9919197638903199,58.06451612903226,0.14622335548623278,0.07537501808997991,0.39407550425829485
328,RSI_50_70 & MACD_bull & BB_pctB_0.8-1.0 & Stoch_bull & VolRatio_gt1.2 & CCI_gt100 & ROC10_pos,7,62,30.64516129032258,-0.7161031414667728,-0.9919197638903199,58.06451612903226,0.14622335548623278,0.07537501808997991,0.39407550425829485
329,MACD_bull & BB_pctB_0.8-1.0 & Stoch_bull & VolRatio_gt1.2 & CCI_gt100 & WilliamsR_gt-50 & ROC10_pos,7,62,30.64516129032258,-0.7161031414667728,-0.9919197638903199,58.06451612903226,0.14622335548623278,0.07537501808997991,0.39407550425829485
330,RSI_50_70 & MACD_bull & BB_pctB_0.8-1.0 & Stoch_bull & VolRatio_gt1.2 & CCI_gt100 & WilliamsR_gt-50 & ROC10_pos,8,62,30.64516129032258,-0.7161031414667728,-0.9919197638903199,58.06451612903226,0.14622335548623278,0.07537501808997991,0.39407550425829485
331,RSI_50_70 & BB_pctB_0.8-1.0 & ADX_gt25 & VolRatio_gt1.2,4,239,49.37238493723849,-0.02682987575107731,-0.007412074268977434,51.04602510460251,0.14612892571588376,0.004272634791449592,0.49591828829504314
332,MACD_bull & Stoch_bull & VolRatio_gt1.2 & CCI_gt100 & WilliamsR_gt-50 & EMA9_gt_EMA21 & ROC10_pos,7,73,30.136986301369863,-0.5099804019408544,-0.9626274065685172,60.273972602739725,0.14612711279178345,0.06799197047205191,0.39396511403957396
333,RSI_50_70 & MACD_bull & ADX_gt25 & Stoch_bull & CCI_gt100 & WilliamsR_gt-50 & EMA9_gt_EMA21,7,65,43.07692307692308,-0.042610190298082155,-0.20584418490178008,58.46153846153847,0.1453713804773246,0.06549384796898514,0.40465033474112144
334,RSI_50_70 & BB_pctB_0.8-1.0 & VolRatio_gt1.2 & CCI_gt100,4,571,49.56217162872154,-0.022332785604809415,-0.008000000000004092,53.59019264448336,0.14533164586623043,0.020641263034792988,0.4890675835137737
335,RSI_50_70 & BB_pctB_0.8-1.0 & VolRatio_gt1.2 & CCI_gt100 & WilliamsR_gt-50,5,571,49.56217162872154,-0.022332785604809415,-0.008000000000004092,53.59019264448336,0.14533164586623043,0.020641263034792988,0.4890675835137737
336,RSI_50_70 & BB_pctB_0.8-1.0 & Stoch_bull & VolRatio_gt1.2 & EMA9_gt_EMA21 & ROC10_pos,6,81,34.5679012345679,-0.5040955826939982,-0.9626274065685172,61.72839506172839,0.14524655290906363,0.06883531062635995,0.3832603191067265
337,RSI_50_70 & BB_pctB_0.8-1.0 & Stoch_bull & VolRatio_gt1.2 & WilliamsR_gt-50 & EMA9_gt_EMA21 & ROC10_pos,7,81,34.5679012345679,-0.5040955826939982,-0.9626274065685172,61.72839506172839,0.14524655290906363,0.06883531062635995,0.3832603191067265
338,RSI_50_70 & MACD_bull & BB_pctB_0.8-1.0 & ADX_gt25 & Stoch_bull & CCI_gt100,6,67,40.298507462686565,-0.16075925665289986,-0.2202169943065832,56.71641791044776,0.1451421289749794,0.04838643371018317,0.3976605256245097
339,RSI_50_70 & BB_pctB_0.8-1.0 & ADX_gt25 & VolRatio_gt1.2 & EMA9_gt_EMA21 & ROC10_pos,6,221,51.13122171945701,0.05074525637786202,0.0534918276374463,52.03619909502263,0.14510462263065374,0.009691447504660305,0.49597227318355286
340,RSI_50_70 & BB_pctB_0.8-1.0 & ADX_gt25 & VolRatio_gt1.2 & WilliamsR_gt-50 & EMA9_gt_EMA21 & ROC10_pos,7,221,51.13122171945701,0.05074525637786202,0.0534918276374463,52.03619909502263,0.14510462263065374,0.009691447504660305,0.49597227318355286
341,RSI_50_70 & ADX_gt25 & Stoch_bull & VolRatio_gt1.2 & EMA9_gt_EMA21,5,107,47.66355140186916,0.27204770465854045,-0.03388463089956214,52.336448598130836,0.14504832870323406,0.029674430319719988,0.46541271029283876
342,RSI_50_70 & BB_pctB_0.8-1.0 & ADX_gt25 & VolRatio_gt1.2 & WilliamsR_gt-50 & ROC10_pos,6,237,49.789029535864984,-0.010312120891536969,0.0,51.0548523206751,0.14495000464582347,0.004272634791449592,0.49647561009520375
343,RSI_50_70 & MACD_bull & ADX_gt25 & Stoch_bull & VolRatio_gt1.2 & WilliamsR_gt-50,6,45,44.44444444444444,0.12489543350750212,-0.3170942634765091,48.888888888888886,0.14489859134112076,-0.0015920524740480966,0.48561325704418523
344,MACD_bull & BB_pctB_0.8-1.0 & Stoch_bull & VolRatio_gt1.2 & CCI_gt100,5,63,30.158730158730158,-0.718657031662555,-0.9626274065685172,58.730158730158735,0.14467441488630742,0.0681087879101561,0.39112561476371854
345,RSI_50_70 & MACD_bull & BB_pctB_0.8-1.0 & Stoch_bull & VolRatio_gt1.2 & CCI_gt100,6,63,30.158730158730158,-0.718657031662555,-0.9626274065685172,58.730158730158735,0.14467441488630742,0.0681087879101561,0.39112561476371854
346,MACD_bull & BB_pctB_0.8-1.0 & Stoch_bull & VolRatio_gt1.2 & CCI_gt100 & WilliamsR_gt-50,6,63,30.158730158730158,-0.718657031662555,-0.9626274065685172,58.730158730158735,0.14467441488630742,0.0681087879101561,0.39112561476371854
347,RSI_50_70 & MACD_bull & BB_pctB_0.8-1.0 & Stoch_bull & VolRatio_gt1.2 & CCI_gt100 & WilliamsR_gt-50,7,63,30.158730158730158,-0.718657031662555,-0.9626274065685172,58.730158730158735,0.14467441488630742,0.0681087879101561,0.39112561476371854
348,RSI_50_70 & MACD_bull & Stoch_bull & VolRatio_gt1.2 & CCI_gt100 & EMA9_gt_EMA21 & ROC10_pos,7,72,30.555555555555557,-0.4947006883693788,-0.8560671549607897,61.111111111111114,0.14428752584795335,0.068050379191104,0.39930037391056067
349,RSI_50_70 & BB_pctB_0.8-1.0 & VolRatio_gt1.2 & CCI_gt100 & ROC10_pos,5,568,49.647887323943664,-0.02391271780913194,-0.007706037134490763,53.345070422535215,0.14422634936188958,0.01926364109754463,0.4898506284258531
350,RSI_50_70 & BB_pctB_0.8-1.0 & VolRatio_gt1.2 & CCI_gt100 & WilliamsR_gt-50 & ROC10_pos,6,568,49.647887323943664,-0.02391271780913194,-0.007706037134490763,53.345070422535215,0.14422634936188958,0.01926364109754463,0.4898506284258531
351,MACD_bull & BB_pctB_0.8-1.0 & ADX_gt25 & Stoch_bull & CCI_gt100 & EMA9_gt_EMA21 & ROC10_pos,7,64,45.3125,0.01780875538926996,-0.21101174997734226,59.375,0.14408779836434812,0.06563476465534901,0.3856630185143679
352,RSI_50_70 & ADX_gt25 & Stoch_bull & VolRatio_gt1.2 & WilliamsR_gt-50 & ROC10_pos,6,79,43.037974683544306,-0.04715286853183101,-0.41687936021780586,50.63291139240506,0.1439523019553848,0.029674430319719988,0.4541335743473826
353,MACD_bull & Stoch_bull & VolRatio_gt1.2 & CCI_gt100 & EMA9_gt_EMA21,5,75,29.333333333333332,-0.5546689293964395,-0.9646017699115125,60.0,0.14393355280103426,0.06799197047205191,0.3934157103748906
354,RSI_50_70 & BB_pctB_0.8-1.0 & ADX_gt25 & VolRatio_gt1.2 & EMA9_gt_EMA21,5,222,50.9009009009009,0.042300287852259054,0.05052325776426023,51.80180180180181,0.14393271214831532,0.009605985911692936,0.4951605347491827
355,RSI_50_70 & BB_pctB_0.8-1.0 & ADX_gt25 & VolRatio_gt1.2 & WilliamsR_gt-50 & EMA9_gt_EMA21,6,222,50.9009009009009,0.042300287852259054,0.05052325776426023,51.80180180180181,0.14393271214831532,0.009605985911692936,0.4951605347491827
356,RSI_50_70 & BB_pctB_0.8-1.0 & ADX_gt25 & VolRatio_gt1.2 & WilliamsR_gt-50,5,238,49.57983193277311,-0.017932816838656544,-0.003706037134488717,50.84033613445378,0.14385752771685587,0.0037971891205544504,0.4957168832166216
357,RSI_50_70 & MACD_bull & ADX_gt25 & Stoch_bull & CCI_gt100 & WilliamsR_gt-50 & ROC10_pos,7,71,42.25352112676056,-0.1512353779461949,-0.21617931505290444,54.929577464788736,0.14330946551384532,0.04182857142856327,0.41718414858353203
358,RSI_50_70 & ADX_gt25 & Stoch_bull & VolRatio_gt1.2 & CCI_gt100 & ROC10_pos,6,40,32.5,-0.3294588216969655,-1.0485340061312565,50.0,0.1431422008005048,0.033199958999001904,0.45357712120805754
359,ADX_gt25 & Stoch_bull & VolRatio_gt1.2 & CCI_gt100 & WilliamsR_gt-50 & EMA9_gt_EMA21,6,39,33.33333333333333,-0.2231776748498408,-1.0323709536307897,48.717948717948715,0.142814346158393,-0.0015920524740480966,0.43883024980052165
360,ADX_gt25 & Stoch_bull & VolRatio_gt1.2 & CCI_gt100 & WilliamsR_gt-50 & EMA9_gt_EMA21 & ROC10_pos,7,39,33.33333333333333,-0.2231776748498408,-1.0323709536307897,48.717948717948715,0.142814346158393,-0.0015920524740480966,0.43883024980052165
361,MACD_bull & BB_pctB_0.8-1.0 & ADX_gt25 & Stoch_bull & CCI_gt100 & EMA9_gt_EMA21,6,65,44.61538461538462,0.014372469216548597,-0.20584418490178008,60.0,0.14261546967736097,0.06549384796898514,0.38286610500895607
362,RSI_50_70 & MACD_bull & BB_pctB_0.8-1.0 & ADX_gt25 & Stoch_bull & CCI_gt100 & WilliamsR_gt-50 & ROC10_pos,8,64,42.1875,-0.10527072663693392,-0.21819815467974382,56.25,0.1425356763600094,0.05366120969877421,0.397502240502001
363,VolRatio_gt1.2,1,5729,52.033513702216794,0.10072480232250595,0.07780486539759073,52.836446151160764,0.14226866069676172,0.021048009367683595,0.47117949935183817
364,MACD_bull & ADX_gt25 & Stoch_bull & CCI_gt100 & ROC10_pos,5,81,43.20987654320987,-0.14987057397323686,-0.21617931505290444,54.32098765432099,0.14224016680340157,0.035631634913613174,0.4114975287352351
365,BB_pctB_0.8-1.0 & Stoch_bull & VolRatio_gt1.2 & WilliamsR_gt-50,4,104,34.61538461538461,-0.6268904204570591,-0.7456895197542055,59.61538461538461,0.14223670918760073,0.068050379191104,0.3842703175884075
366,RSI_50_70 & BB_pctB_0.8-1.0 & Stoch_bull & VolRatio_gt1.2 & CCI_gt100 & EMA9_gt_EMA21 & ROC10_pos,7,63,26.984126984126984,-0.6876591312338235,-1.0618363522798357,58.730158730158735,0.1421925999091084,0.08264124826980374,0.3865319608006146
367,RSI_50_70 & BB_pctB_0.8-1.0 & Stoch_bull & VolRatio_gt1.2 & CCI_gt100 & WilliamsR_gt-50 & EMA9_gt_EMA21 & ROC10_pos,8,63,26.984126984126984,-0.6876591312338235,-1.0618363522798357,58.730158730158735,0.1421925999091084,0.08264124826980374,0.3865319608006146
368,Stoch_bull & VolRatio_gt1.2,2,1542,48.44357976653696,-0.0042669565253870825,-0.05984068510558488,53.76134889753567,0.1421682986302651,0.02856506521688652,0.4609899612662842
369,MACD_bull & BB_pctB_0.8-1.0 & ADX_gt25 & Stoch_bull & CCI_gt100 & ROC10_pos,6,71,43.66197183098591,-0.08323880047733452,-0.21617931505290444,56.33802816901409,0.14212621486457697,0.04182857142856327,0.3999692880270104
370,RSI_50_70 & MACD_bull & ADX_gt25 & Stoch_bull & CCI_gt100 & WilliamsR_gt-50,6,72,41.66666666666667,-0.151989745555798,-0.21101174997734226,55.55555555555556,0.14199109007212776,0.04510750256937322,0.414425821328904
371,RSI_50_70 & BB_pctB_0.8-1.0 & Stoch_bull & VolRatio_gt1.2,4,104,33.65384615384615,-0.6642073449202874,-0.7914201183431995,59.61538461538461,0.14174647910650634,0.068050379191104,0.3835421710916802
372,RSI_50_70 & MACD_bull & BB_pctB_0.8-1.0 & VolRatio_gt1.2 & CCI_gt100,5,510,49.6078431372549,-0.028069373871720555,-0.010198386512318199,52.94117647058824,0.14112764589036647,0.015872013990396006,0.49307818538678133
373,RSI_50_70 & MACD_bull & BB_pctB_0.8-1.0 & VolRatio_gt1.2 & CCI_gt100 & WilliamsR_gt-50,6,510,49.6078431372549,-0.028069373871720555,-0.010198386512318199,52.94117647058824,0.14112764589036647,0.015872013990396006,0.49307818538678133
374,RSI_50_70 & MACD_bull & BB_pctB_0.8-1.0 & ADX_gt25 & Stoch_bull & CCI_gt100 & WilliamsR_gt-50,7,65,41.53846153846154,-0.10681348231694443,-0.21617931505290444,56.92307692307692,0.141087226473089,0.04838643371018317,0.39460285207934065
375,MACD_bull & BB_pctB_0.8-1.0 & ADX_gt25 & Stoch_bull & CCI_gt100,5,72,43.05555555555556,-0.0849375649962274,-0.21101174997734226,56.94444444444444,0.14082427345965484,0.04510750256937322,0.3973334859090116
376,RSI_50_70 & MACD_bull & BB_pctB_0.8-1.0 & VolRatio_gt1.2 & CCI_gt100 & ROC10_pos,6,508,49.60629921259843,-0.030637954597858643,-0.010198386512318199,52.75590551181102,0.14072525598826266,0.01334249553898028,0.493855000097109
377,RSI_50_70 & MACD_bull & BB_pctB_0.8-1.0 & VolRatio_gt1.2 & CCI_gt100 & WilliamsR_gt-50 & ROC10_pos,7,508,49.60629921259843,-0.030637954597858643,-0.010198386512318199,52.75590551181102,0.14072525598826266,0.01334249553898028,0.493855000097109
378,BB_pctB_0.8-1.0 & ADX_gt25 & Stoch_bull & VolRatio_gt1.2,4,38,36.84210526315789,-0.3315981160408086,-1.3040745507118536,55.26315789473685,0.1403796892190815,0.0694210291323426,0.39101779566094874
379,BB_pctB_0.8-1.0 & ADX_gt25 & Stoch_bull & VolRatio_gt1.2 & ROC10_pos,5,38,36.84210526315789,-0.3315981160408086,-1.3040745507118536,55.26315789473685,0.1403796892190815,0.0694210291323426,0.39101779566094874
380,MACD_bull & Stoch_bull & VolRatio_gt1.2 & CCI_gt100 & EMA9_gt_EMA21 & ROC10_pos,6,74,29.72972972972973,-0.5310628878714464,-0.9636145882400149,59.45945945945946,0.14009836802432693,0.05388251932693106,0.3946699120806051
381,MACD_bull & BB_pctB_0.8-1.0 & ADX_gt25 & Stoch_bull & CCI_gt100 & WilliamsR_gt-50 & EMA9_gt_EMA21 & ROC10_pos,8,62,46.774193548387096,0.08012506758155129,-0.11302412295902016,59.67741935483871,0.13980268023782977,0.06563476465534901,0.3819463060824507
382,RSI_50_70 & BB_pctB_0.8-1.0 & ADX_gt25 & VolRatio_gt1.2 & CCI_gt100,5,214,49.06542056074766,-0.061392953950263125,-0.013808067642618842,50.467289719626166,0.13950410690990378,0.0019660636648236455,0.5000668677576691
383,RSI_50_70 & BB_pctB_0.8-1.0 & ADX_gt25 & VolRatio_gt1.2 & CCI_gt100 & WilliamsR_gt-50,6,214,49.06542056074766,-0.061392953950263125,-0.013808067642618842,50.467289719626166,0.13950410690990378,0.0019660636648236455,0.5000668677576691
384,RSI_50_70 & BB_pctB_0.8-1.0 & ADX_gt25 & VolRatio_gt1.2 & CCI_gt100 & ROC10_pos,6,214,49.06542056074766,-0.061392953950263125,-0.013808067642618842,50.467289719626166,0.13950410690990378,0.0019660636648236455,0.5000668677576691
385,RSI_50_70 & BB_pctB_0.8-1.0 & ADX_gt25 & VolRatio_gt1.2 & CCI_gt100 & WilliamsR_gt-50 & ROC10_pos,7,214,49.06542056074766,-0.061392953950263125,-0.013808067642618842,50.467289719626166,0.13950410690990378,0.0019660636648236455,0.5000668677576691
386,ADX_gt25 & Stoch_bull & VolRatio_gt1.2 & CCI_gt100 & EMA9_gt_EMA21,5,41,34.146341463414636,-0.23009585521917789,-0.9646017699115125,48.78048780487805,0.13931296351742112,-0.0015920524740480966,0.43185558049864153
387,ADX_gt25 & Stoch_bull & VolRatio_gt1.2 & CCI_gt100 & EMA9_gt_EMA21 & ROC10_pos,6,41,34.146341463414636,-0.23009585521917789,-0.9646017699115125,48.78048780487805,0.13931296351742112,-0.0015920524740480966,0.43185558049864153
388,BB_pctB_0.8-1.0 & Stoch_bull & VolRatio_gt1.2 & ROC10_pos,4,100,35.0,-0.6517386456617348,-0.8560671549607897,57.99999999999999,0.13921598190393278,0.05931110997208753,0.39172156570810746
389,RSI_50_70 & BB_pctB_0.8-1.0 & VolRatio_gt1.2 & CCI_gt100 & EMA9_gt_EMA21,5,524,50.95419847328244,0.03440560064361693,0.04645588592145941,53.43511450381679,0.13913479117040403,0.01926364109754463,0.47999700923204097
390,RSI_50_70 & BB_pctB_0.8-1.0 & VolRatio_gt1.2 & CCI_gt100 & WilliamsR_gt-50 & EMA9_gt_EMA21,6,524,50.95419847328244,0.03440560064361693,0.04645588592145941,53.43511450381679,0.13913479117040403,0.01926364109754463,0.47999700923204097
391,RSI_50_70 & MACD_bull & Stoch_bull & VolRatio_gt1.2 & CCI_gt100,5,93,30.107526881720432,-0.7676944823285979,-0.9626274065685172,59.13978494623656,0.13911380679512955,0.06799197047205191,0.39226464319972226
392,MACD_bull & ADX_gt25 & Stoch_bull & CCI_gt100 & WilliamsR_gt-50 & ROC10_pos,6,79,44.303797468354425,-0.10520914742644664,-0.20584418490178008,54.43037974683544,0.13883038722155305,0.035631634913613174,0.4093932220399139
393,MACD_bull & BB_pctB_0.8-1.0 & ADX_gt25 & Stoch_bull & CCI_gt100 & WilliamsR_gt-50 & EMA9_gt_EMA21,7,63,46.03174603174603,0.07559054514632634,-0.20554984583761854,60.317460317460316,0.1383516287056449,0.06549384796898514,0.3790750875424815
394,BB_pctB_0.8-1.0 & Stoch_bull & VolRatio_gt1.2 & CCI_gt100,4,77,28.57142857142857,-0.803009442895165,-1.0323709536307897,57.14285714285714,0.1383311331753059,0.0681087879101561,0.386575718998321
395,BB_pctB_0.8-1.0 & Stoch_bull & VolRatio_gt1.2 & CCI_gt100 & WilliamsR_gt-50,5,77,28.57142857142857,-0.803009442895165,-1.0323709536307897,57.14285714285714,0.1383311331753059,0.0681087879101561,0.386575718998321
396,MACD_bull & BB_pctB_0.8-1.0 & ADX_gt25 & Stoch_bull & CCI_gt100 & WilliamsR_gt-50 & ROC10_pos,7,69,44.927536231884055,-0.030173347663012367,-0.20584418490178008,56.52173913043478,0.13821896137408887,0.04182857142856327,0.39714440506832244
397,RSI_50_70 & BB_pctB_0.8-1.0 & VolRatio_gt1.2 & CCI_gt100 & EMA9_gt_EMA21 & ROC10_pos,6,522,50.95785440613027,0.03126653903872309,0.04645588592145941,53.25670498084292,0.13772311746919222,0.018504084716381687,0.4803532266555119
398,RSI_50_70 & BB_pctB_0.8-1.0 & VolRatio_gt1.2 & CCI_gt100 & WilliamsR_gt-50 & EMA9_gt_EMA21 & ROC10_pos,7,522,50.95785440613027,0.03126653903872309,0.04645588592145941,53.25670498084292,0.13772311746919222,0.018504084716381687,0.4803532266555119
399,MACD_bull & ADX_gt25 & Stoch_bull & CCI_gt100 & WilliamsR_gt-50,5,80,43.75,-0.10646340615658634,-0.2056970153696993,55.00000000000001,0.1376998378026609,0.03873010317108822,0.4069505477833461
400,RSI_50_70 & BB_pctB_0.8-1.0 & VolRatio_gt1.2,3,678,50.0,-0.01279868468543566,0.004388081969373433,53.2448377581121,0.13761381703397269,0.021700966740081123,0.4752348425532494
401,RSI_50_70 & BB_pctB_0.8-1.0 & VolRatio_gt1.2 & EMA9_gt_EMA21,4,600,51.66666666666667,0.04606665063867016,0.05683263793022207,53.833333333333336,0.13754744063351493,0.02390591393435793,0.4719581428754385
402,RSI_50_70 & BB_pctB_0.8-1.0 & VolRatio_gt1.2 & WilliamsR_gt-50 & EMA9_gt_EMA21,5,600,51.66666666666667,0.04606665063867016,0.05683263793022207,53.833333333333336,0.13754744063351493,0.02390591393435793,0.4719581428754385
403,RSI_50_70 & MACD_bull & ADX_gt25 & Stoch_bull & VolRatio_gt1.2 & ROC10_pos,6,45,40.0,-0.11446716992281283,-0.41687936021780586,51.11111111111111,0.13754184471025074,0.06658006435795003,0.4494898240190572
404,MACD_bull & BB_pctB_0.8-1.0 & ADX_gt25 & Stoch_bull & CCI_gt100 & WilliamsR_gt-50,6,70,44.285714285714285,-0.032678726208363915,-0.2056970153696993,57.14285714285714,0.13693563955031882,0.04510750256937322,0.3944415295054371
405,RSI_50_70 & BB_pctB_0.8-1.0 & VolRatio_gt1.2 & WilliamsR_gt-50,4,677,50.073855243722306,-0.009650189541828927,0.008776163938746867,53.17577548005909,0.13680272717806344,0.020641263034792988,0.47511653657670483
406,RSI_50_70 & BB_pctB_0.8-1.0 & Stoch_bull & VolRatio_gt1.2 & WilliamsR_gt-50,5,103,33.980582524271846,-0.6498372230563368,-0.7495069033530621,59.22330097087378,0.13645545803487505,0.06799197047205191,0.38160362545799087
407,RSI_50_70 & BB_pctB_0.8-1.0 & VolRatio_gt1.2 & ROC10_pos,4,668,50.1497005988024,-0.010714248992378838,0.013264346837117424,52.99401197604791,0.13637919750096333,0.01950815025938932,0.47669081592358975
408,RSI_50_70 & BB_pctB_0.8-1.0 & VolRatio_gt1.2 & EMA9_gt_EMA21 & ROC10_pos,5,592,51.858108108108105,0.04824094966829663,0.06025848542028392,53.71621621621622,0.13636066220785484,0.02362626362973949,0.4728558500468416
409,RSI_50_70 & BB_pctB_0.8-1.0 & VolRatio_gt1.2 & WilliamsR_gt-50 & EMA9_gt_EMA21 & ROC10_pos,6,592,51.858108108108105,0.04824094966829663,0.06025848542028392,53.71621621621622,0.13636066220785484,0.02362626362973949,0.4728558500468416
410,RSI_50_70 & MACD_bull & Stoch_bull & VolRatio_gt1.2 & CCI_gt100 & WilliamsR_gt-50,6,91,30.76923076923077,-0.7542569525489238,-0.9626274065685172,59.34065934065934,0.13612562901990824,0.06799197047205191,0.3867424629361638
411,ADX_gt25 & Stoch_bull & VolRatio_gt1.2 & EMA9_gt_EMA21,4,120,46.666666666666664,0.23650609759229876,-0.07992304916146718,50.83333333333333,0.13555619093178561,0.012295036516615445,0.45267590761852305
412,RSI_50_70 & BB_pctB_0.8-1.0 & VolRatio_gt1.2 & WilliamsR_gt-50 & ROC10_pos,5,667,50.22488755622189,-0.007515424932536514,0.01775252973548798,52.92353823088456,0.13555409637355167,0.019487282195082476,0.4765711341205861
413,RSI_50_70 & ADX_gt25 & Stoch_bull & VolRatio_gt1.2 & CCI_gt100 & WilliamsR_gt-50 & EMA9_gt_EMA21,7,36,33.33333333333333,-0.18778765073668238,-1.0485340061312565,50.0,0.13481879304198416,0.033199958999001904,0.4443127205714956
414,RSI_50_70 & ADX_gt25 & Stoch_bull & VolRatio_gt1.2 & CCI_gt100 & WilliamsR_gt-50 & EMA9_gt_EMA21 & ROC10_pos,8,36,33.33333333333333,-0.18778765073668238,-1.0485340061312565,50.0,0.13481879304198416,0.033199958999001904,0.4443127205714956
415,MACD_bull & Stoch_bull & VolRatio_gt1.2 & CCI_gt100,4,97,29.896907216494846,-0.8046582115300855,-0.9646017699115125,57.73195876288659,0.13440230729811783,0.04864009769093589,0.387894337723736
416,RSI_50_70 & MACD_bull & BB_pctB_0.8-1.0 & VolRatio_gt1.2 & CCI_gt100 & EMA9_gt_EMA21,6,464,51.077586206896555,0.026265885334192315,0.051058222793435984,52.80172413793104,0.1340617167754725,0.01334249553898028,0.48276993224374526
417,RSI_50_70 & MACD_bull & BB_pctB_0.8-1.0 & VolRatio_gt1.2 & CCI_gt100 & WilliamsR_gt-50 & EMA9_gt_EMA21,7,464,51.077586206896555,0.026265885334192315,0.051058222793435984,52.80172413793104,0.1340617167754725,0.01334249553898028,0.48276993224374526
418,RSI_50_70 & MACD_bull & BB_pctB_0.8-1.0 & VolRatio_gt1.2 & ROC10_pos,5,591,49.407783417935704,-0.03747511057235991,-0.02020406101626025,52.45346869712352,0.13402586401155597,0.0144401892318252,0.482700623820113
419,RSI_50_70 & MACD_bull & BB_pctB_0.8-1.0 & VolRatio_gt1.2 & EMA9_gt_EMA21 & ROC10_pos,6,516,51.162790697674424,0.01800419832232025,0.051058222793435984,53.29457364341085,0.13399374054902002,0.018504084716381687,0.4788287741459578
420,RSI_50_70 & MACD_bull & BB_pctB_0.8-1.0 & VolRatio_gt1.2 & WilliamsR_gt-50 & EMA9_gt_EMA21 & ROC10_pos,7,516,51.162790697674424,0.01800419832232025,0.051058222793435984,53.29457364341085,0.13399374054902002,0.018504084716381687,0.4788287741459578
421,RSI_50_70 & MACD_bull & BB_pctB_0.8-1.0 & VolRatio_gt1.2 & EMA9_gt_EMA21,5,521,51.0556621880998,0.0167404405788177,0.04862461794942566,53.35892514395394,0.1339807403776345,0.019040000000006784,0.47726710690599605
422,RSI_50_70 & MACD_bull & BB_pctB_0.8-1.0 & VolRatio_gt1.2 & WilliamsR_gt-50 & EMA9_gt_EMA21,6,521,51.0556621880998,0.0167404405788177,0.04862461794942566,53.35892514395394,0.1339807403776345,0.019040000000006784,0.47726710690599605
423,RSI_50_70 & MACD_bull & BB_pctB_0.8-1.0 & VolRatio_gt1.2,4,597,49.246231155778894,-0.0395195734754087,-0.02112527286810201,52.596314907872696,0.13387122502843177,0.017303838748966807,0.4809236842683943
424,RSI_50_70 & MACD_bull & Stoch_bull & VolRatio_gt1.2 & CCI_gt100 & WilliamsR_gt-50 & ROC10_pos,7,89,31.46067415730337,-0.7354929039989333,-0.9626274065685172,58.42696629213483,0.13383207771734085,0.06799197047205191,0.38972312924359365
425,RSI_50_70 & BB_pctB_0.8-1.0 & ADX_gt25 & VolRatio_gt1.2 & CCI_gt100 & EMA9_gt_EMA21,6,204,50.0,-0.01236572907295969,0.020530774550483848,50.49019607843137,0.13373276486203456,0.0019660636648236455,0.4959954691449649
426,RSI_50_70 & BB_pctB_0.8-1.0 & ADX_gt25 & VolRatio_gt1.2 & CCI_gt100 & WilliamsR_gt-50 & EMA9_gt_EMA21,7,204,50.0,-0.01236572907295969,0.020530774550483848,50.49019607843137,0.13373276486203456,0.0019660636648236455,0.4959954691449649
427,RSI_50_70 & BB_pctB_0.8-1.0 & ADX_gt25 & VolRatio_gt1.2 & CCI_gt100 & EMA9_gt_EMA21 & ROC10_pos,7,204,50.0,-0.01236572907295969,0.020530774550483848,50.49019607843137,0.13373276486203456,0.0019660636648236455,0.4959954691449649
428,RSI_50_70 & BB_pctB_0.8-1.0 & ADX_gt25 & VolRatio_gt1.2 & CCI_gt100 & WilliamsR_gt-50 & EMA9_gt_EMA21 & ROC10_pos,8,204,50.0,-0.01236572907295969,0.020530774550483848,50.49019607843137,0.13373276486203456,0.0019660636648236455,0.4959954691449649
429,BB_pctB_0.8-1.0 & Stoch_bull & VolRatio_gt1.2 & WilliamsR_gt-50 & ROC10_pos,5,99,35.35353535353536,-0.636661966356225,-0.7495069033530621,57.57575757575758,0.1336856216253409,0.05063024947212315,0.38979129541892427
430,BB_pctB_0.8-1.0 & Stoch_bull & VolRatio_gt1.2 & CCI_gt100 & ROC10_pos,5,75,29.333333333333332,-0.8071524233764361,-1.0546979896845257,56.00000000000001,0.13367630889057042,0.0681087879101561,0.3882391544528084
431,BB_pctB_0.8-1.0 & Stoch_bull & VolRatio_gt1.2 & CCI_gt100 & WilliamsR_gt-50 & ROC10_pos,6,75,29.333333333333332,-0.8071524233764361,-1.0546979896845257,56.00000000000001,0.13367630889057042,0.0681087879101561,0.3882391544528084
432,ADX_gt25 & Stoch_bull & VolRatio_gt1.2 & EMA9_gt_EMA21 & ROC10_pos,5,79,43.037974683544306,0.007260066796205176,-0.32846715328466325,51.89873417721519,0.133447859931264,0.06658006435795003,0.4239529508094935
433,RSI_50_70 & MACD_bull & BB_pctB_0.8-1.0 & VolRatio_gt1.2 & CCI_gt100 & EMA9_gt_EMA21 & ROC10_pos,7,463,50.9719222462203,0.021731473671985906,0.04862461794942566,52.69978401727862,0.1334051993940836,0.01224480184613536,0.48308405119463743
434,RSI_50_70 & MACD_bull & BB_pctB_0.8-1.0 & VolRatio_gt1.2 & CCI_gt100 & WilliamsR_gt-50 & EMA9_gt_EMA21 & ROC10_pos,8,463,50.9719222462203,0.021731473671985906,0.04862461794942566,52.69978401727862,0.1334051993940836,0.01224480184613536,0.48308405119463743
435,RSI_50_70 & BB_pctB_0.8-1.0 & Stoch_bull & VolRatio_gt1.2 & ROC10_pos,5,99,34.34343434343434,-0.6758635839741618,-0.9626274065685172,57.57575757575758,0.13317063244924174,0.05063024947212315,0.38902585706162573
436,RSI_50_70 & MACD_bull & BB_pctB_0.8-1.0 & VolRatio_gt1.2 & WilliamsR_gt-50 & ROC10_pos,6,590,49.49152542372882,-0.033904170256538156,-0.016300417020446278,52.3728813559322,0.1330890914938052,0.01334249553898028,0.48257246040636775
437,RSI_50_70 & MACD_bull & BB_pctB_0.8-1.0 & VolRatio_gt1.2 & WilliamsR_gt-50,5,596,49.328859060402685,-0.035988012530053314,-0.02066466694218113,52.51677852348994,0.13294362364511617,0.015872013990396006,0.48079306489777257
438,MACD_bull & ADX_gt25 & Stoch_bull & CCI_gt100 & EMA9_gt_EMA21 & ROC10_pos,6,72,43.05555555555556,-0.09634766464809548,-0.2420930076102074,55.55555555555556,0.13255332301806005,0.03873010317108822,0.39935267770943095
439,RSI_50_70 & ADX_gt25 & Stoch_bull & VolRatio_gt1.2 & CCI_gt100 & EMA9_gt_EMA21,6,38,34.21052631578947,-0.19711463608850177,-0.9399934127940499,50.0,0.13146180404074662,0.033199958999001904,0.4365222792652481
440,RSI_50_70 & ADX_gt25 & Stoch_bull & VolRatio_gt1.2 & CCI_gt100 & EMA9_gt_EMA21 & ROC10_pos,7,38,34.21052631578947,-0.19711463608850177,-0.9399934127940499,50.0,0.13146180404074662,0.033199958999001904,0.4365222792652481
441,MACD_bull & Stoch_bull & VolRatio_gt1.2 & CCI_gt100 & WilliamsR_gt-50,5,95,30.526315789473685,-0.7925646562506395,-0.9646017699115125,57.89473684210527,0.1314407580713898,0.04864009769093589,0.38241586292228746
442,MACD_bull & ADX_gt25 & Stoch_bull & CCI_gt100 & EMA9_gt_EMA21,5,73,42.465753424657535,-0.09784358493836294,-0.21617931505290444,56.16438356164384,0.1314003519316508,0.04182857142856327,0.39672859894653406
443,RSI_50_70 & MACD_bull & BB_pctB_0.8-1.0 & ADX_gt25 & VolRatio_gt1.2 & ROC10_pos,6,192,48.95833333333333,-0.0839091393932309,-0.02066466694218113,48.95833333333333,0.131309303833088,-0.013886875473222107,0.4977328054088437
444,RSI_50_70 & BB_pctB_0.8-1.0 & Stoch_bull & VolRatio_gt1.2 & CCI_gt100,5,76,27.631578947368425,-0.8364257546078452,-1.0435344716576576,56.57894736842105,0.13044462732342382,0.068050379191104,0.3829072284731529
445,RSI_50_70 & BB_pctB_0.8-1.0 & Stoch_bull & VolRatio_gt1.2 & CCI_gt100 & WilliamsR_gt-50,6,76,27.631578947368425,-0.8364257546078452,-1.0435344716576576,56.57894736842105,0.13044462732342382,0.068050379191104,0.3829072284731529
446,ADX_gt25 & Stoch_bull & VolRatio_gt1.2 & WilliamsR_gt-50 & EMA9_gt_EMA21 & ROC10_pos,6,73,42.465753424657535,-0.03084433643323875,-0.41687936021780586,50.68493150684932,0.13017305548105196,0.029674430319719988,0.4250945876267039
447,RSI_50_70 & MACD_bull & BB_pctB_0.8-1.0 & ADX_gt25 & VolRatio_gt1.2,5,193,48.704663212435236,-0.09292534984355612,-0.02112527286810201,48.704663212435236,0.1300327815103856,-0.016660746003540075,0.49675667590477707
448,RSI_50_70 & ADX_gt25 & Stoch_bull & VolRatio_gt1.2 & EMA9_gt_EMA21 & ROC10_pos,6,76,43.42105263157895,0.03311998907267677,-0.32278070838058615,52.63157894736842,0.12929076294610478,0.06728601741500097,0.4259829816255246
449,ADX_gt25 & Stoch_bull & CCI_gt100,3,125,47.199999999999996,-0.05351206369579387,-0.10397712503248448,51.2,0.12919336268821124,0.020578778135043427,0.394467531941869
450,MACD_bull & Stoch_bull & VolRatio_gt1.2 & CCI_gt100 & WilliamsR_gt-50 & ROC10_pos,6,93,31.182795698924732,-0.7754314851372449,-0.9646017699115125,56.98924731182796,0.12914510422380343,0.039773068181810214,0.3851803390158133
451,RSI_50_70 & MACD_bull & Stoch_bull & VolRatio_gt1.2 & CCI_gt100 & ROC10_pos,6,90,31.11111111111111,-0.7503216979634415,-0.9890368154124107,57.77777777777777,0.1290117212982593,0.05388251932693106,0.39021084757710994
452,MACD_bull & ADX_gt25 & Stoch_bull & CCI_gt100 & WilliamsR_gt-50 & EMA9_gt_EMA21 & ROC10_pos,7,70,44.285714285714285,-0.04441482870742823,-0.21101174997734226,55.714285714285715,0.12842837623896416,0.03873010317108822,0.3964474372510824
453,RSI_50_70 & MACD_bull & BB_pctB_0.8-1.0 & ADX_gt25 & VolRatio_gt1.2 & WilliamsR_gt-50 & ROC10_pos,7,191,49.21465968586388,-0.07312159616017336,-0.02020406101626025,48.69109947643979,0.12840138579302807,-0.016660746003540075,0.4974047178304009
454,RSI_50_70 & MACD_bull & ADX_gt25 & Stoch_bull & VolRatio_gt1.2 & CCI_gt100 & WilliamsR_gt-50,7,26,30.76923076923077,-0.3041677162170596,-1.205986172589534,50.0,0.12813417743710986,0.033199958999001904,0.451874675605434
455,RSI_50_70 & MACD_bull & ADX_gt25 & Stoch_bull & VolRatio_gt1.2 & CCI_gt100 & ROC10_pos,7,26,30.76923076923077,-0.3041677162170596,-1.205986172589534,50.0,0.12813417743710986,0.033199958999001904,0.451874675605434
456,RSI_50_70 & MACD_bull & ADX_gt25 & Stoch_bull & VolRatio_gt1.2 & CCI_gt100 & WilliamsR_gt-50 & ROC10_pos,8,26,30.76923076923077,-0.3041677162170596,-1.205986172589534,50.0,0.12813417743710986,0.033199958999001904,0.451874675605434
457,MACD_bull & ADX_gt25 & Stoch_bull & VolRatio_gt1.2 & CCI_gt100 & WilliamsR_gt-50,6,29,31.03448275862069,-0.34957023966099726,-1.0646970586317233,48.275862068965516,0.12790662429700006,-0.0015920524740480966,0.43235832663586715
458,MACD_bull & ADX_gt25 & Stoch_bull & VolRatio_gt1.2 & CCI_gt100 & ROC10_pos,6,29,31.03448275862069,-0.34957023966099726,-1.0646970586317233,48.275862068965516,0.12790662429700006,-0.0015920524740480966,0.43235832663586715
459,MACD_bull & ADX_gt25 & Stoch_bull & VolRatio_gt1.2 & CCI_gt100 & WilliamsR_gt-50 & ROC10_pos,7,29,31.03448275862069,-0.34957023966099726,-1.0646970586317233,48.275862068965516,0.12790662429700006,-0.0015920524740480966,0.43235832663586715
460,RSI_50_70 & BB_pctB_0.8-1.0 & Stoch_bull & VolRatio_gt1.2 & WilliamsR_gt-50 & ROC10_pos,6,98,34.69387755102041,-0.6608792338421919,-0.8560671549607897,57.14285714285714,0.12752215268357556,0.04264479192646277,0.38694545809047326
461,MACD_bull & ADX_gt25 & Stoch_bull & CCI_gt100 & WilliamsR_gt-50 & EMA9_gt_EMA21,6,71,43.66197183098591,-0.04668433599095206,-0.20584418490178008,56.33802816901409,0.12730102493574189,0.04182857142856327,0.39375863795366883
462,RSI_50_70 & MACD_bull & BB_pctB_0.8-1.0 & ADX_gt25 & VolRatio_gt1.2 & WilliamsR_gt-50,6,192,48.95833333333333,-0.08224095116093288,-0.02066466694218113,48.4375,0.12713336032302025,-0.017397416620518222,0.49641712170487273
463,RSI_50_70 & MACD_bull & BB_pctB_0.8-1.0 & ADX_gt25 & VolRatio_gt1.2 & EMA9_gt_EMA21 & ROC10_pos,7,175,50.857142857142854,-0.0017574317473790912,0.0534918276374463,49.714285714285715,0.12708362963875813,-0.0015920524740480966,0.49683473736619443
464,RSI_50_70 & MACD_bull & BB_pctB_0.8-1.0 & ADX_gt25 & VolRatio_gt1.2 & WilliamsR_gt-50 & EMA9_gt_EMA21 & ROC10_pos,8,175,50.857142857142854,-0.0017574317473790912,0.0534918276374463,49.714285714285715,0.12708362963875813,-0.0015920524740480966,0.49683473736619443
465,MACD_bull & BB_pctB_0.8-1.0 & ADX_gt25 & Stoch_bull & VolRatio_gt1.2 & WilliamsR_gt-50,6,24,37.5,0.07678287627707144,-1.205986172589534,54.166666666666664,0.1270813953092146,0.07583812871555079,0.39769510687499965
466,RSI_50_70 & MACD_bull & BB_pctB_0.8-1.0 & ADX_gt25 & Stoch_bull & VolRatio_gt1.2 & WilliamsR_gt-50,7,24,37.5,0.07678287627707144,-1.205986172589534,54.166666666666664,0.1270813953092146,0.07583812871555079,0.39769510687499965
467,MACD_bull & BB_pctB_0.8-1.0 & ADX_gt25 & Stoch_bull & VolRatio_gt1.2 & WilliamsR_gt-50 & ROC10_pos,7,24,37.5,0.07678287627707144,-1.205986172589534,54.166666666666664,0.1270813953092146,0.07583812871555079,0.39769510687499965
468,RSI_50_70 & MACD_bull & BB_pctB_0.8-1.0 & ADX_gt25 & Stoch_bull & VolRatio_gt1.2 & WilliamsR_gt-50 & ROC10_pos,8,24,37.5,0.07678287627707144,-1.205986172589534,54.166666666666664,0.1270813953092146,0.07583812871555079,0.39769510687499965
469,RSI_50_70 & MACD_bull & BB_pctB_0.8-1.0 & ADX_gt25 & VolRatio_gt1.2 & CCI_gt100,6,174,48.85057471264368,-0.09777801286318732,-0.02066466694218113,49.42528735632184,0.1267591775871231,-0.006352528708476117,0.4971374072966516
470,RSI_50_70 & MACD_bull & BB_pctB_0.8-1.0 & ADX_gt25 & VolRatio_gt1.2 & CCI_gt100 & WilliamsR_gt-50,7,174,48.85057471264368,-0.09777801286318732,-0.02066466694218113,49.42528735632184,0.1267591775871231,-0.006352528708476117,0.4971374072966516
471,RSI_50_70 & MACD_bull & BB_pctB_0.8-1.0 & ADX_gt25 & VolRatio_gt1.2 & CCI_gt100 & ROC10_pos,7,174,48.85057471264368,-0.09777801286318732,-0.02066466694218113,49.42528735632184,0.1267591775871231,-0.006352528708476117,0.4971374072966516
472,RSI_50_70 & MACD_bull & BB_pctB_0.8-1.0 & ADX_gt25 & VolRatio_gt1.2 & CCI_gt100 & WilliamsR_gt-50 & ROC10_pos,8,174,48.85057471264368,-0.09777801286318732,-0.02066466694218113,49.42528735632184,0.1267591775871231,-0.006352528708476117,0.4971374072966516
473,RSI_50_70 & ADX_gt25 & Stoch_bull & CCI_gt100,4,114,45.614035087719294,-0.10578953307883857,-0.13745535093915529,50.877192982456144,0.12673206211399982,0.027785389067528733,0.3990030484634356
474,BB_pctB_0.8-1.0 & ADX_gt25 & Stoch_bull & VolRatio_gt1.2 & CCI_gt100,5,31,32.25806451612903,-0.4787712815156998,-1.347275286547345,51.61290322580645,0.12646595936607424,0.06799197047205191,0.3958758874513162
475,BB_pctB_0.8-1.0 & ADX_gt25 & Stoch_bull & VolRatio_gt1.2 & CCI_gt100 & WilliamsR_gt-50,6,31,32.25806451612903,-0.4787712815156998,-1.347275286547345,51.61290322580645,0.12646595936607424,0.06799197047205191,0.3958758874513162
476,BB_pctB_0.8-1.0 & ADX_gt25 & Stoch_bull & VolRatio_gt1.2 & CCI_gt100 & ROC10_pos,6,31,32.25806451612903,-0.4787712815156998,-1.347275286547345,51.61290322580645,0.12646595936607424,0.06799197047205191,0.3958758874513162
477,BB_pctB_0.8-1.0 & ADX_gt25 & Stoch_bull & VolRatio_gt1.2 & CCI_gt100 & WilliamsR_gt-50 & ROC10_pos,7,31,32.25806451612903,-0.4787712815156998,-1.347275286547345,51.61290322580645,0.12646595936607424,0.06799197047205191,0.3958758874513162
478,RSI_50_70 & MACD_bull & BB_pctB_0.8-1.0 & ADX_gt25 & VolRatio_gt1.2 & EMA9_gt_EMA21,6,176,50.56818181818182,-0.012111297227825809,0.047276688369206996,49.43181818181818,0.12570781637689885,-0.006352528708476117,0.49575546401686826
479,RSI_50_70 & MACD_bull & BB_pctB_0.8-1.0 & ADX_gt25 & VolRatio_gt1.2 & WilliamsR_gt-50 & EMA9_gt_EMA21,7,176,50.56818181818182,-0.012111297227825809,0.047276688369206996,49.43181818181818,0.12570781637689885,-0.006352528708476117,0.49575546401686826
480,RSI_50_70 & MACD_bull & ADX_gt25 & Stoch_bull & VolRatio_gt1.2 & WilliamsR_gt-50 & ROC10_pos,7,43,41.86046511627907,-0.009886987061804823,-0.32846715328466325,48.837209302325576,0.12568684310152098,-0.0015920524740480966,0.4519378003170127
481,BB_pctB_0.8-1.0 & ADX_gt25 & Stoch_bull & VolRatio_gt1.2 & WilliamsR_gt-50,5,37,37.83783783783784,-0.28260536520658147,-1.2608738148763623,54.054054054054056,0.12561369029298836,0.06883531062635995,0.3856707041530116
482,BB_pctB_0.8-1.0 & ADX_gt25 & Stoch_bull & VolRatio_gt1.2 & WilliamsR_gt-50 & ROC10_pos,6,37,37.83783783783784,-0.28260536520658147,-1.2608738148763623,54.054054054054056,0.12561369029298836,0.06883531062635995,0.3856707041530116
483,RSI_50_70 & ADX_gt25 & Stoch_bull & VolRatio_gt1.2 & WilliamsR_gt-50 & EMA9_gt_EMA21 & ROC10_pos,7,70,42.857142857142854,-0.004400895242902896,-0.3726732567512345,51.42857142857142,0.1255192871350128,0.04812724733883501,0.4273023773319412
484,RSI_50_70 & BB_pctB_0.8-1.0 & Stoch_bull & VolRatio_gt1.2 & CCI_gt100 & ROC10_pos,6,74,28.37837837837838,-0.8415278648716384,-1.0582671709821807,55.4054054054054,0.1255137512010059,0.068050379191104,0.3844079564587482
485,RSI_50_70 & BB_pctB_0.8-1.0 & Stoch_bull & VolRatio_gt1.2 & CCI_gt100 & WilliamsR_gt-50 & ROC10_pos,7,74,28.37837837837838,-0.8415278648716384,-1.0582671709821807,55.4054054054054,0.1255137512010059,0.068050379191104,0.3844079564587482
486,ADX_gt25 & Stoch_bull & CCI_gt100 & WilliamsR_gt-50 & ROC10_pos,5,118,49.152542372881356,-0.0011360581425382337,-0.015153045762191598,50.847457627118644,0.12493050246405825,0.013004762257270715,0.3928102458611455
487,MACD_bull & Stoch_bull & VolRatio_gt1.2 & CCI_gt100 & ROC10_pos,5,94,30.851063829787233,-0.789204388069877,-0.9900239970839084,56.38297872340425,0.12457973077461404,0.03921397974308091,0.38564740281900206
488,ADX_gt25 & Stoch_bull & CCI_gt100 & WilliamsR_gt-50,4,119,48.739495798319325,-0.0028538210643456576,-0.02020406101626025,51.26050420168067,0.1242872749955383,0.020578778135043427,0.39121870230687184
489,RSI_50_70 & BB_pctB_0.8-1.0 & ADX_gt25 & Stoch_bull & VolRatio_gt1.2,5,37,35.13513513513514,-0.38749617991403423,-1.347275286547345,54.054054054054056,0.12423574628126359,0.06883531062635995,0.38356666905337666
490,RSI_50_70 & BB_pctB_0.8-1.0 & ADX_gt25 & Stoch_bull & VolRatio_gt1.2 & ROC10_pos,6,37,35.13513513513514,-0.38749617991403423,-1.347275286547345,54.054054054054056,0.12423574628126359,0.06883531062635995,0.38356666905337666
491,ADX_gt25 & Stoch_bull & CCI_gt100 & ROC10_pos,4,123,47.96747967479675,-0.04711657156368904,-0.09548981157814973,50.40650406504065,0.12398887895268965,0.005430746379498002,0.39221008915344374
492,MACD_bull & BB_pctB_0.8-1.0 & ADX_gt25 & Stoch_bull & VolRatio_gt1.2 & CCI_gt100 & EMA9_gt_EMA21,7,19,36.84210526315789,0.1325280023242582,-1.0646970586317233,57.89473684210527,0.12378948057733023,0.08368428695904966,0.35560941445294575
493,RSI_50_70 & MACD_bull & BB_pctB_0.8-1.0 & ADX_gt25 & Stoch_bull & VolRatio_gt1.2 & CCI_gt100 & EMA9_gt_EMA21,8,19,36.84210526315789,0.1325280023242582,-1.0646970586317233,57.89473684210527,0.12378948057733023,0.08368428695904966,0.35560941445294575
494,MACD_bull & BB_pctB_0.8-1.0 & ADX_gt25 & Stoch_bull & VolRatio_gt1.2 & CCI_gt100 & WilliamsR_gt-50 & EMA9_gt_EMA21,8,19,36.84210526315789,0.1325280023242582,-1.0646970586317233,57.89473684210527,0.12378948057733023,0.08368428695904966,0.35560941445294575
495,MACD_bull & BB_pctB_0.8-1.0 & ADX_gt25 & Stoch_bull & VolRatio_gt1.2 & CCI_gt100 & EMA9_gt_EMA21 & ROC10_pos,8,19,36.84210526315789,0.1325280023242582,-1.0646970586317233,57.89473684210527,0.12378948057733023,0.08368428695904966,0.35560941445294575
496,RSI_50_70 & MACD_bull & BB_pctB_0.8-1.0 & ADX_gt25 & Stoch_bull & VolRatio_gt1.2 & CCI_gt100 & WilliamsR_gt-50 & EMA9_gt_EMA21,9,19,36.84210526315789,0.1325280023242582,-1.0646970586317233,57.89473684210527,0.12378948057733023,0.08368428695904966,0.35560941445294575
497,RSI_50_70 & MACD_bull & BB_pctB_0.8-1.0 & ADX_gt25 & Stoch_bull & VolRatio_gt1.2 & CCI_gt100 & EMA9_gt_EMA21 & ROC10_pos,9,19,36.84210526315789,0.1325280023242582,-1.0646970586317233,57.89473684210527,0.12378948057733023,0.08368428695904966,0.35560941445294575
498,MACD_bull & BB_pctB_0.8-1.0 & ADX_gt25 & Stoch_bull & VolRatio_gt1.2 & CCI_gt100 & WilliamsR_gt-50 & EMA9_gt_EMA21 & ROC10_pos,9,19,36.84210526315789,0.1325280023242582,-1.0646970586317233,57.89473684210527,0.12378948057733023,0.08368428695904966,0.35560941445294575
499,RSI_50_70 & MACD_bull & BB_pctB_0.8-1.0 & ADX_gt25 & Stoch_bull & VolRatio_gt1.2 & CCI_gt100 & WilliamsR_gt-50 & EMA9_gt_EMA21 & ROC10_pos,10,19,36.84210526315789,0.1325280023242582,-1.0646970586317233,57.89473684210527,0.12378948057733023,0.08368428695904966,0.35560941445294575
500,MACD_bull & ADX_gt25 & Stoch_bull & WilliamsR_gt-50,4,607,47.61120263591433,0.06645786549758305,-0.08014495783678938,53.70675453047776,0.12296722983242657,0.04011710794297246,0.4305158021630856
501,RSI_50_70 & ADX_gt25 & Stoch_bull & CCI_gt100 & WilliamsR_gt-50 & EMA9_gt_EMA21 & ROC10_pos,7,100,49.0,0.026685456408092393,-0.015153045762191598,52.0,0.12265865281561344,0.03531181745681361,0.3897062483132881
502,RSI_50_70 & BB_pctB_0.8-1.0 & ADX_gt25 & Stoch_bull & WilliamsR_gt-50 & EMA9_gt_EMA21 & ROC10_pos,7,123,47.96747967479675,-0.1044105235967526,-0.09548981157814973,51.21951219512195,0.1221618053470098,0.020578778135043427,0.4379319643993811
503,RSI_50_70 & BB_pctB_0.8-1.0 & ADX_gt25 & Stoch_bull & WilliamsR_gt-50 & EMA9_gt_EMA21,6,126,48.41269841269841,-0.08753965997470278,-0.05784693629720499,51.587301587301596,0.12196572602160954,0.02607794149181645,0.43488328587147407
504,RSI_50_70 & ADX_gt25 & Stoch_bull & CCI_gt100 & WilliamsR_gt-50 & EMA9_gt_EMA21,6,101,48.51485148514851,0.02438609697991698,-0.02020406101626025,52.475247524752476,0.12192328430961909,0.035631634913613174,0.3878419314454603
505,RSI_50_70 & ADX_gt25 & Stoch_bull & CCI_gt100 & WilliamsR_gt-50 & ROC10_pos,6,107,47.66355140186916,-0.05144909971806421,-0.09548981157814973,50.467289719626166,0.12186994425914435,0.020578778135043427,0.39745798897113455
506,RSI_50_70 & ADX_gt25 & Stoch_bull & CCI_gt100 & EMA9_gt_EMA21 & ROC10_pos,6,105,47.61904761904761,-0.028502264768618977,-0.09548981157814973,51.42857142857142,0.12166379144745995,0.03499200000001404,0.38914008376489456
507,RSI_50_70 & ADX_gt25 & Stoch_bull & CCI_gt100 & WilliamsR_gt-50,5,108,47.22222222222222,-0.0528759584784305,-0.0997334683053171,50.92592592592593,0.121189541383691,0.027785389067528733,0.39567622728558977
508,RSI_50_70 & ADX_gt25 & Stoch_bull & CCI_gt100 & EMA9_gt_EMA21,5,106,47.16981132075472,-0.030172524967383128,-0.0997334683053171,51.886792452830186,0.12097249561974982,0.03531181745681361,0.3873649419906557
509,RSI_50_70 & ADX_gt25 & Stoch_bull & CCI_gt100 & ROC10_pos,5,112,46.42857142857143,-0.0996994384941707,-0.12066314311077048,50.0,0.12097247192991424,0.009493362830497665,0.39659265065039806
510,BB_pctB_0.8-1.0 & ADX_gt25 & Stoch_bull & VolRatio_gt1.2 & EMA9_gt_EMA21,5,34,41.17647058823529,-0.0882566190720943,-1.0485340061312565,55.88235294117647,0.12087254792553846,0.0694210291323426,0.3598377947536987
511,BB_pctB_0.8-1.0 & ADX_gt25 & Stoch_bull & VolRatio_gt1.2 & WilliamsR_gt-50 & EMA9_gt_EMA21,6,34,41.17647058823529,-0.0882566190720943,-1.0485340061312565,55.88235294117647,0.12087254792553846,0.0694210291323426,0.3598377947536987
512,BB_pctB_0.8-1.0 & ADX_gt25 & Stoch_bull & VolRatio_gt1.2 & EMA9_gt_EMA21 & ROC10_pos,6,34,41.17647058823529,-0.0882566190720943,-1.0485340061312565,55.88235294117647,0.12087254792553846,0.0694210291323426,0.3598377947536987
513,BB_pctB_0.8-1.0 & ADX_gt25 & Stoch_bull & VolRatio_gt1.2 & WilliamsR_gt-50 & EMA9_gt_EMA21 & ROC10_pos,7,34,41.17647058823529,-0.0882566190720943,-1.0485340061312565,55.88235294117647,0.12087254792553846,0.0694210291323426,0.3598377947536987
514,MACD_bull & ADX_gt25 & CCI_gt100,3,2658,49.924755455229494,0.021781838189864126,0.0,51.730624529721595,0.11970482714622908,0.012100947319657152,0.43008861871165904
515,MACD_bull & BB_pctB_0.8-1.0 & ADX_gt25 & Stoch_bull & VolRatio_gt1.2 & EMA9_gt_EMA21,6,21,42.857142857142854,0.44278392832581065,-0.41687936021780586,57.14285714285714,0.11961493219280428,0.08368428695904966,0.358230700920776
516,RSI_50_70 & MACD_bull & BB_pctB_0.8-1.0 & ADX_gt25 & Stoch_bull & VolRatio_gt1.2 & EMA9_gt_EMA21,7,21,42.857142857142854,0.44278392832581065,-0.41687936021780586,57.14285714285714,0.11961493219280428,0.08368428695904966,0.358230700920776
517,MACD_bull & BB_pctB_0.8-1.0 & ADX_gt25 & Stoch_bull & VolRatio_gt1.2 & WilliamsR_gt-50 & EMA9_gt_EMA21,7,21,42.857142857142854,0.44278392832581065,-0.41687936021780586,57.14285714285714,0.11961493219280428,0.08368428695904966,0.358230700920776
518,MACD_bull & BB_pctB_0.8-1.0 & ADX_gt25 & Stoch_bull & VolRatio_gt1.2 & EMA9_gt_EMA21 & ROC10_pos,7,21,42.857142857142854,0.44278392832581065,-0.41687936021780586,57.14285714285714,0.11961493219280428,0.08368428695904966,0.358230700920776
519,RSI_50_70 & MACD_bull & BB_pctB_0.8-1.0 & ADX_gt25 & Stoch_bull & VolRatio_gt1.2 & WilliamsR_gt-50 & EMA9_gt_EMA21,8,21,42.857142857142854,0.44278392832581065,-0.41687936021780586,57.14285714285714,0.11961493219280428,0.08368428695904966,0.358230700920776
520,RSI_50_70 & MACD_bull & BB_pctB_0.8-1.0 & ADX_gt25 & Stoch_bull & VolRatio_gt1.2 & EMA9_gt_EMA21 & ROC10_pos,8,21,42.857142857142854,0.44278392832581065,-0.41687936021780586,57.14285714285714,0.11961493219280428,0.08368428695904966,0.358230700920776
521,MACD_bull & BB_pctB_0.8-1.0 & ADX_gt25 & Stoch_bull & VolRatio_gt1.2 & WilliamsR_gt-50 & EMA9_gt_EMA21 & ROC10_pos,8,21,42.857142857142854,0.44278392832581065,-0.41687936021780586,57.14285714285714,0.11961493219280428,0.08368428695904966,0.358230700920776
522,RSI_50_70 & MACD_bull & BB_pctB_0.8-1.0 & ADX_gt25 & Stoch_bull & VolRatio_gt1.2 & WilliamsR_gt-50 & EMA9_gt_EMA21 & ROC10_pos,9,21,42.857142857142854,0.44278392832581065,-0.41687936021780586,57.14285714285714,0.11961493219280428,0.08368428695904966,0.358230700920776
523,RSI_50_70 & BB_pctB_0.8-1.0 & ADX_gt25 & Stoch_bull & CCI_gt100 & EMA9_gt_EMA21 & ROC10_pos,7,86,46.51162790697674,-0.10086538371400844,-0.0997334683053171,53.48837209302325,0.11953707324392615,0.03873010317108822,0.3655194527492821
524,RSI_50_70 & MACD_bull & BB_pctB_0.8-1.0 & ADX_gt25 & Stoch_bull & WilliamsR_gt-50 & EMA9_gt_EMA21 & ROC10_pos,8,84,45.23809523809524,-0.026043949105073863,-0.21101174997734226,53.57142857142857,0.11952539867874036,0.03531181745681361,0.3757520217155212
525,MACD_bull & ADX_gt25 & CCI_gt100 & ROC10_pos,4,2656,49.96234939759036,0.022134712186859685,0.0,51.69427710843374,0.11945666126876178,0.011893377967804332,0.430014705356279
526,RSI_50_70 & BB_pctB_0.8-1.0 & ADX_gt25 & Stoch_bull & EMA9_gt_EMA21 & ROC10_pos,6,128,46.09375,-0.15068563563892756,-0.11142977592935636,50.78125,0.11943708568168944,0.014821093281143175,0.435221521229961
527,RSI_50_70 & BB_pctB_0.8-1.0 & ADX_gt25 & Stoch_bull & EMA9_gt_EMA21,5,131,46.56488549618321,-0.13339896271904358,-0.10699588477365882,51.14503816793893,0.11931088846028129,0.015608389574128785,0.43233293049947674
528,RSI_50_70 & MACD_bull & BB_pctB_0.8-1.0 & ADX_gt25 & Stoch_bull & EMA9_gt_EMA21 & ROC10_pos,7,87,43.67816091954023,-0.0780538184329997,-0.2680067001675104,52.87356321839081,0.11928165014650699,0.03499200000001404,0.37844657734770215
529,MACD_bull & ADX_gt25 & CCI_gt100 & WilliamsR_gt-50 & ROC10_pos,5,2648,50.0,0.02339901300709204,0.0018185785989653933,51.699395770392755,0.11920629328283418,0.011893377967804332,0.43012007934402796
530,MACD_bull & ADX_gt25 & CCI_gt100 & WilliamsR_gt-50,4,2649,49.98112495281239,0.023312584596807136,0.0,51.717629294073234,0.11917955871900911,0.012018575538826421,0.43004108683291214
531,RSI_50_70 & MACD_bull & BB_pctB_0.8-1.0 & ADX_gt25 & VolRatio_gt1.2 & CCI_gt100 & EMA9_gt_EMA21,7,164,50.0,-0.03901152941293936,0.01682473741599513,49.390243902439025,0.11880306130057969,-0.006352528708476117,0.49163831379877254
532,RSI_50_70 & MACD_bull & BB_pctB_0.8-1.0 & ADX_gt25 & VolRatio_gt1.2 & CCI_gt100 & WilliamsR_gt-50 & EMA9_gt_EMA21,8,164,50.0,-0.03901152941293936,0.01682473741599513,49.390243902439025,0.11880306130057969,-0.006352528708476117,0.49163831379877254
533,RSI_50_70 & MACD_bull & BB_pctB_0.8-1.0 & ADX_gt25 & VolRatio_gt1.2 & CCI_gt100 & EMA9_gt_EMA21 & ROC10_pos,8,164,50.0,-0.03901152941293936,0.01682473741599513,49.390243902439025,0.11880306130057969,-0.006352528708476117,0.49163831379877254
534,RSI_50_70 & MACD_bull & BB_pctB_0.8-1.0 & ADX_gt25 & VolRatio_gt1.2 & CCI_gt100 & WilliamsR_gt-50 & EMA9_gt_EMA21 & ROC10_pos,9,164,50.0,-0.03901152941293936,0.01682473741599513,49.390243902439025,0.11880306130057969,-0.006352528708476117,0.49163831379877254
535,RSI_50_70 & BB_pctB_0.8-1.0 & ADX_gt25 & Stoch_bull & CCI_gt100 & EMA9_gt_EMA21,6,87,45.97701149425287,-0.10206865339359013,-0.10397712503248448,54.02298850574713,0.11871924980100956,0.04182857142856327,0.36349182466299723
536,RSI_50_70 & MACD_bull & BB_pctB_0.8-1.0 & ADX_gt25 & Stoch_bull & WilliamsR_gt-50 & EMA9_gt_EMA21,7,85,44.70588235294118,-0.02815578318428023,-0.20584418490178008,54.11764705882353,0.11868846967911027,0.035631634913613174,0.3736139260414865
537,RSI_50_70 & MACD_bull & BB_pctB_0.8-1.0 & ADX_gt25 & Stoch_bull & EMA9_gt_EMA21,6,88,43.18181818181818,-0.079502636926234,-0.2420930076102074,53.40909090909091,0.11847602268700329,0.03531181745681361,0.37636519155449577
538,RSI_50_70 & MACD_bull & BB_pctB_0.8-1.0 & Stoch_bull & CCI_gt100 & ROC10_pos,6,211,39.33649289099526,-0.3185442470887807,-0.3448245451579121,54.02843601895735,0.11830678323247021,0.026885245901631046,0.3940376901698584
539,RSI_50_70 & MACD_bull & BB_pctB_0.8-1.0 & Stoch_bull & CCI_gt100 & EMA9_gt_EMA21 & ROC10_pos,7,180,38.88888888888889,-0.2238912337507714,-0.398153002199965,56.111111111111114,0.1175265610462851,0.03531181745681361,0.37515729444737395
540,MACD_bull & BB_pctB_0.8-1.0 & Stoch_bull & CCI_gt100 & ROC10_pos,5,216,40.27777777777778,-0.289617919535726,-0.3127041110794001,54.166666666666664,0.11748868661954971,0.025744948532207816,0.3939421245146192
541,ADX_gt25 & Stoch_bull & CCI_gt100 & WilliamsR_gt-50 & EMA9_gt_EMA21 & ROC10_pos,6,109,49.54128440366973,0.04649935574632844,-0.010102030508122948,51.37614678899083,0.11710261501819882,0.020578778135043427,0.382502850192303
542,RSI_50_70 & MACD_bull & BB_pctB_0.8-1.0 & Stoch_bull & CCI_gt100 & WilliamsR_gt-50 & ROC10_pos,7,209,39.71291866028708,-0.30327675737124327,-0.3211100099108037,54.066985645933016,0.11678889158602095,0.026885245901631046,0.3929543043417014
543,BB_pctB_0.8-1.0 & ADX_gt25 & Stoch_bull & CCI_gt100 & ROC10_pos,5,100,47.0,-0.09644049902776426,-0.0997334683053171,52.0,0.1166927284171911,0.027785389067528733,0.37486230478418825
544,ADX_gt25 & Stoch_bull & CCI_gt100 & WilliamsR_gt-50 & EMA9_gt_EMA21,5,110,49.09090909090909,0.04420799936829252,-0.015153045762191598,51.81818181818182,0.11647792246085323,0.027785389067528733,0.38081608423414703
545,ADX_gt25 & Stoch_bull & CCI_gt100 & EMA9_gt_EMA21 & ROC10_pos,5,114,48.24561403508772,-0.005200470747056451,-0.05784693629720499,50.877192982456144,0.11642998120531249,0.013004762257270715,0.3822798568573032
546,BB_pctB_0.8-1.0 & ADX_gt25 & Stoch_bull & CCI_gt100 & EMA9_gt_EMA21 & ROC10_pos,6,93,48.38709677419355,-0.027896072300778486,-0.02020406101626025,53.76344086021505,0.11612828689948843,0.035631634913613174,0.36241566044993695
547,ADX_gt25 & CCI_gt100,2,2930,50.27303754266212,0.024788195757177132,0.01314983974727037,51.4334470989761,0.11602889568971556,0.009701822427531002,0.42521527017976835
548,BB_pctB_0.8-1.0 & ADX_gt25 & Stoch_bull & CCI_gt100,4,101,46.53465346534654,-0.09752078959023806,-0.10397712503248448,52.475247524752476,0.11601642846959696,0.03499200000001404,0.37306324032106913
549,MACD_bull & BB_pctB_0.8-1.0 & Stoch_bull & CCI_gt100 & WilliamsR_gt-50 & ROC10_pos,6,214,40.654205607476634,-0.27443680735782205,-0.3040998248098318,54.20560747663551,0.11599861396845751,0.025744948532207816,0.3928798756725904
550,ADX_gt25 & Stoch_bull & CCI_gt100 & EMA9_gt_EMA21,4,115,47.82608695652174,-0.006942639226104867,-0.09548981157814973,51.30434782608696,0.11583829818361571,0.020578778135043427,0.3806665664725692
551,RSI_50_70 & BB_pctB_0.8-1.0 & ADX_gt25 & Stoch_bull & CCI_gt100 & WilliamsR_gt-50 & EMA9_gt_EMA21 & ROC10_pos,8,84,47.61904761904761,-0.05769558516978359,-0.05784693629720499,53.57142857142857,0.11578970688577159,0.03873010317108822,0.36189540414043414
552,BB_pctB_0.8-1.0 & ADX_gt25 & Stoch_bull & WilliamsR_gt-50 & EMA9_gt_EMA21 & ROC10_pos,6,133,48.87218045112782,-0.06366579319462419,-0.02020406101626025,51.127819548872175,0.11575047709072063,0.015608389574128785,0.4285254384429657
553,RSI_50_70 & MACD_bull & BB_pctB_0.8-1.0 & Stoch_bull & CCI_gt100 & WilliamsR_gt-50 & EMA9_gt_EMA21 & ROC10_pos,8,178,39.325842696629216,-0.20490128219098852,-0.3774815624344105,56.17977528089888,0.11573555094246339,0.03531181745681361,0.37359794356992726
554,ADX_gt25 & CCI_gt100 & WilliamsR_gt-50 & ROC10_pos,4,2914,50.34317089910776,0.025825713639883858,0.01651761324428374,51.407000686341796,0.11572818187676698,0.009605985911692936,0.4254695057818846
555,ADX_gt25 & CCI_gt100 & WilliamsR_gt-50,3,2916,50.34293552812071,0.02626412051808273,0.01651761324428374,51.440329218106996,0.11572256043692963,0.009701822427531002,0.425326446846372
556,BB_pctB_0.8-1.0 & ADX_gt25 & Stoch_bull & WilliamsR_gt-50 & EMA9_gt_EMA21,5,136,49.26470588235294,-0.048934215068360334,-0.015153045762191598,51.470588235294116,0.11571024172137093,0.018093583854586107,0.4258487685724652
557,ADX_gt25 & CCI_gt100 & ROC10_pos,3,2926,50.30758714969241,0.024645944695792545,0.015443195010317046,51.36705399863295,0.11568883445168647,0.009346010005882501,0.42525529214563434
558,MACD_bull & ADX_gt25 & CCI_gt100 & EMA9_gt_EMA21 & ROC10_pos,5,2518,49.48371723590151,0.002315032171567409,-0.00910928556543929,51.787132644956316,0.11566878040872527,0.012303037031946537,0.4230467902687072
559,MACD_bull & ADX_gt25 & CCI_gt100 & EMA9_gt_EMA21,4,2519,49.46407304485907,0.0022325133633065183,-0.009409550693959177,51.806272330289794,0.1156420704656135,0.01242275496340519,0.4229649343349708
560,BB_pctB_0.8-1.0 & ADX_gt25 & Stoch_bull & CCI_gt100 & EMA9_gt_EMA21,5,94,47.87234042553192,-0.029786006061808677,-0.05784693629720499,54.25531914893617,0.11540762888683624,0.03873010317108822,0.36054974953040386
561,MACD_bull & ADX_gt25 & CCI_gt100 & WilliamsR_gt-50 & EMA9_gt_EMA21 & ROC10_pos,6,2510,49.52191235059761,0.0035856740567677815,-0.008767511963656431,51.79282868525896,0.11539257424393778,0.012303037031946537,0.4231349709516051
562,MACD_bull & ADX_gt25 & CCI_gt100 & WilliamsR_gt-50 & EMA9_gt_EMA21,5,2511,49.502190362405415,0.003502386314874359,-0.008809020436919402,51.81202708084428,0.1153658892019092,0.01242275496340519,0.4230528187424656
563,RSI_50_70 & BB_pctB_0.8-1.0 & ADX_gt25 & Stoch_bull & CCI_gt100 & WilliamsR_gt-50 & EMA9_gt_EMA21,7,85,47.05882352941176,-0.05943504705999343,-0.09548981157814973,54.11764705882353,0.1149967272013529,0.04182857142856327,0.3598337127226117
564,RSI_50_70 & BB_pctB_0.8-1.0 & ADX_gt25 & Stoch_bull & WilliamsR_gt-50 & ROC10_pos,6,130,46.15384615384615,-0.1783074862383675,-0.11142977592935636,49.23076923076923,0.11460750207339862,-0.004643188537688775,0.43898811950072103
565,RSI_50_70 & BB_pctB_0.8-1.0 & ADX_gt25 & Stoch_bull & WilliamsR_gt-50,5,133,46.616541353383454,-0.16065771402556212,-0.10699588477365882,49.62406015037594,0.11459214053069489,-0.0015920524740480966,0.4360817710157043
566,BB_pctB_0.8-1.0 & ADX_gt25 & Stoch_bull & WilliamsR_gt-50 & ROC10_pos,5,141,47.5177304964539,-0.12258824426500572,-0.10397712503248448,49.645390070921984,0.11398621309243241,-0.0015920524740480966,0.4323350466468176
567,BB_pctB_0.8-1.0 & ADX_gt25 & Stoch_bull & WilliamsR_gt-50,4,144,47.91666666666667,-0.10744753608179025,-0.0997334683053171,50.0,0.11398496852134422,0.0019193469527249525,0.4297503602526089
568,RSI_50_70 & BB_pctB_0.8-1.0 & ADX_gt25 & Stoch_bull,4,140,44.285714285714285,-0.23055627082241048,-0.2056970153696993,49.28571428571429,0.11349658035457848,-0.004643188537688775,0.4346037020079615
569,RSI_50_70 & BB_pctB_0.8-1.0 & ADX_gt25 & Stoch_bull & ROC10_pos,5,137,43.79562043795621,-0.24883485518777718,-0.21617931505290444,48.9051094890511,0.11348716663211963,-0.007694324601329453,0.4373391282863955
570,BB_pctB_0.8-1.0 & ADX_gt25 & Stoch_bull & EMA9_gt_EMA21,4,141,47.5177304964539,-0.0929100724019798,-0.10397712503248448,51.06382978723404,0.11346551619631551,0.014033796988157564,0.4237217441248031
571,BB_pctB_0.8-1.0 & ADX_gt25 & Stoch_bull & EMA9_gt_EMA21 & ROC10_pos,5,138,47.10144927536232,-0.10806389459613887,-0.10548650490307165,50.72463768115942,0.11345549538144846,0.009732271683827783,0.4262685989046811
572,BB_pctB_0.8-1.0 & ADX_gt25 & Stoch_bull & CCI_gt100 & WilliamsR_gt-50 & ROC10_pos,6,98,47.95918367346938,-0.05934751079217882,-0.05784693629720499,52.04081632653062,0.11342265225659466,0.027785389067528733,0.3720030022638574
573,BB_pctB_0.8-1.0 & ADX_gt25 & Stoch_bull,3,151,45.6953642384106,-0.17472084202328142,-0.1373491611890565,49.668874172185426,0.1129973644114711,-0.0015920524740480966,0.42865515244286456
574,BB_pctB_0.8-1.0 & ADX_gt25 & Stoch_bull & ROC10_pos,4,148,45.27027027027027,-0.1905090837236723,-0.17159667304541829,49.32432432432432,0.11297853111548334,-0.004643188537688775,0.4311020723838102
575,MACD_bull & BB_pctB_0.8-1.0 & Stoch_bull & CCI_gt100 & EMA9_gt_EMA21 & ROC10_pos,6,184,39.67391304347826,-0.20198447511537695,-0.3774815624344105,55.97826086956522,0.11285563399453989,0.034152016743546565,0.3731343530535136
576,BB_pctB_0.8-1.0 & ADX_gt25 & Stoch_bull & CCI_gt100 & WilliamsR_gt-50,5,99,47.474747474747474,-0.06082430205526407,-0.09548981157814973,52.52525252525253,0.11276572075612584,0.03499200000001404,0.370176560212265
577,BB_pctB_0.8-1.0 & ADX_gt25 & Stoch_bull & CCI_gt100 & WilliamsR_gt-50 & EMA9_gt_EMA21 & ROC10_pos,7,91,49.45054945054945,0.013556693639236323,-0.010102030508122948,53.84615384615385,0.11259426111076473,0.035631634913613174,0.35894106284485816
578,RSI_50_70 & BB_pctB_0.8-1.0 & ADX_gt25 & Stoch_bull & CCI_gt100 & ROC10_pos,6,92,44.565217391304344,-0.1874372286990779,-0.17159667304541829,51.08695652173913,0.11244957693409595,0.027785389067528733,0.3737798915788828
579,ADX_gt25 & CCI_gt100 & EMA9_gt_EMA21,3,2791,49.874596918667145,0.007293797499834953,0.0,51.48692225008957,0.11217900728021142,0.0097121973504017,0.4184354523295529
580,ADX_gt25 & CCI_gt100 & WilliamsR_gt-50 & EMA9_gt_EMA21 & ROC10_pos,5,2776,49.92795389048991,0.008031550787582505,0.0,51.476945244956774,0.1121069952191059,0.009701822427531002,0.41882331711821896
581,ADX_gt25 & CCI_gt100 & WilliamsR_gt-50 & EMA9_gt_EMA21,4,2778,49.92800575953923,0.00850454674961725,0.0,51.511879049676025,0.11210370157430731,0.009756884073165117,0.4186755513455266
582,ADX_gt25 & CCI_gt100 & EMA9_gt_EMA21 & ROC10_pos,4,2788,49.892395982783356,0.0068699747559528125,0.0,51.43472022955524,0.11208128635042089,0.009605985911692936,0.41862348736198396
583,RSI_50_70 & MACD_bull & ADX_gt25 & Stoch_bull,4,248,44.75806451612903,-0.05097030828489403,-0.1338757728449011,53.2258064516129,0.1120604114344873,0.03531181745681361,0.3676542789676289
584,BB_pctB_0.8-1.0 & ADX_gt25 & Stoch_bull & CCI_gt100 & WilliamsR_gt-50 & EMA9_gt_EMA21,6,92,48.91304347826087,0.011175100818835673,-0.015153045762191598,54.347826086956516,0.1118963499433671,0.03873010317108822,0.35704704223602757
585,RSI_50_70 & BB_pctB_0.8-1.0 & ADX_gt25 & Stoch_bull & CCI_gt100,5,93,44.086021505376344,-0.18763198802314826,-0.20554984583761854,51.61290322580645,0.11176072593168829,0.03499200000001404,0.3718236001064846
586,MACD_bull & BB_pctB_0.8-1.0 & Stoch_bull & CCI_gt100 & WilliamsR_gt-50 & EMA9_gt_EMA21 & ROC10_pos,7,182,40.10989010989011,-0.18317115151695856,-0.36018051292230446,56.043956043956044,0.11105265788144235,0.034152016743546565,0.37155616359979754
587,RSI_50_70 & MACD_bull & BB_pctB_0.8-1.0 & ADX_gt25 & Stoch_bull & ROC10_pos,6,96,40.625,-0.224930166693893,-0.3855806676181933,50.0,0.11080519191760678,0.007008168550040344,0.3875120595056201
588,RSI_50_70 & MACD_bull & ADX_gt25 & Stoch_bull & WilliamsR_gt-50,5,236,46.61016949152542,0.01559507228346187,-0.10735445325429868,52.96610169491526,0.11029948409282747,0.03531181745681361,0.366241048892773
589,RSI_50_70 & MACD_bull & BB_pctB_0.8-1.0 & ADX_gt25 & Stoch_bull,5,97,40.20618556701031,-0.2247303695716634,-0.3755364806866968,50.51546391752577,0.11016169956495292,0.015608389574128785,0.3855609539915951
590,BB_pctB_0.8-1.0 & ADX_gt25 & Stoch_bull & VolRatio_gt1.2 & CCI_gt100 & EMA9_gt_EMA21,6,29,34.48275862068966,-0.3156521734645222,-1.2608738148763623,51.724137931034484,0.11001052627160268,0.06799197047205191,0.3644503450177865
591,BB_pctB_0.8-1.0 & ADX_gt25 & Stoch_bull & VolRatio_gt1.2 & CCI_gt100 & WilliamsR_gt-50 & EMA9_gt_EMA21,7,29,34.48275862068966,-0.3156521734645222,-1.2608738148763623,51.724137931034484,0.11001052627160268,0.06799197047205191,0.3644503450177865
592,BB_pctB_0.8-1.0 & ADX_gt25 & Stoch_bull & VolRatio_gt1.2 & CCI_gt100 & EMA9_gt_EMA21 & ROC10_pos,7,29,34.48275862068966,-0.3156521734645222,-1.2608738148763623,51.724137931034484,0.11001052627160268,0.06799197047205191,0.3644503450177865
593,BB_pctB_0.8-1.0 & ADX_gt25 & Stoch_bull & VolRatio_gt1.2 & CCI_gt100 & WilliamsR_gt-50 & EMA9_gt_EMA21 & ROC10_pos,8,29,34.48275862068966,-0.3156521734645222,-1.2608738148763623,51.724137931034484,0.11001052627160268,0.06799197047205191,0.3644503450177865
594,ADX_gt25 & Stoch_bull & WilliamsR_gt-50,3,1084,50.09225092250923,0.10784438650197103,0.006013443171063304,53.04428044280443,0.10960405274616507,0.02307077492392843,0.40940488662304964
595,RSI_50_70 & MACD_bull & BB_pctB_0.8-1.0 & Stoch_bull & CCI_gt100,5,224,39.732142857142854,-0.33192635314515195,-0.3329672775343579,54.01785714285714,0.10914952936180636,0.022591714648914005,0.38661637422146755
596,Stoch_bull & CCI_gt100 & WilliamsR_gt-50 & ROC10_pos,4,362,45.85635359116022,-0.13574998810361816,-0.12066314311077048,53.03867403314917,0.10895527623137391,0.017733644010357458,0.4064729873523898
597,RSI_50_70 & MACD_bull & BB_pctB_0.8-1.0 & ADX_gt25 & Stoch_bull & WilliamsR_gt-50 & ROC10_pos,7,91,42.857142857142854,-0.13763923663091657,-0.2202169943065832,50.54945054945055,0.10893633737223965,0.015608389574128785,0.382514849630348
598,MACD_bull & ADX_gt25 & Stoch_bull,3,926,47.084233261339094,0.05582863559557709,-0.08865422021304337,52.37580993520518,0.1089215229991001,0.017950893138493157,0.40811028791776977
599,RSI_50_70 & BB_pctB_0.8-1.0 & ADX_gt25 & Stoch_bull & CCI_gt100 & WilliamsR_gt-50 & ROC10_pos,7,90,45.55555555555556,-0.14906923550191403,-0.12066314311077048,51.11111111111111,0.10879453508182216,0.027785389067528733,0.3705883556932475
600,RSI_50_70 & BB_pctB_0.8-1.0 & ADX_gt25 & Stoch_bull & VolRatio_gt1.2 & WilliamsR_gt-50,6,36,36.11111111111111,-0.33869524333089035,-1.3040745507118536,52.77777777777778,0.10861113785895064,0.06841364054920593,0.37706418560000354
601,RSI_50_70 & BB_pctB_0.8-1.0 & ADX_gt25 & Stoch_bull & VolRatio_gt1.2 & WilliamsR_gt-50 & ROC10_pos,7,36,36.11111111111111,-0.33869524333089035,-1.3040745507118536,52.77777777777778,0.10861113785895064,0.06841364054920593,0.37706418560000354
602,MACD_bull & BB_pctB_0.8-1.0 & Stoch_bull & CCI_gt100,4,229,40.61135371179039,-0.3043499458013018,-0.3042982122479965,54.14847161572053,0.1085778149555291,0.020578778135043427,0.386672587552931
603,RSI_50_70 & MACD_bull & BB_pctB_0.8-1.0 & Stoch_bull & CCI_gt100 & EMA9_gt_EMA21,6,190,39.473684210526315,-0.2237027106732761,-0.3618494782543733,55.78947368421052,0.10848356207152508,0.03009863969435507,0.36884385989036766
604,RSI_50_70 & Stoch_bull & CCI_gt100 & WilliamsR_gt-50 & ROC10_pos,5,349,45.27220630372493,-0.1505790195869813,-0.13756154068925408,53.00859598853869,0.10847773833302836,0.020578778135043427,0.40885790871700634
605,RSI_50_70 & MACD_bull & ADX_gt25 & Stoch_bull & VolRatio_gt1.2 & CCI_gt100 & EMA9_gt_EMA21,7,24,33.33333333333333,-0.09251516354699996,-0.7407882094247645,50.0,0.10838954728720973,0.033199958999001904,0.42341321113525354
606,RSI_50_70 & MACD_bull & ADX_gt25 & Stoch_bull & VolRatio_gt1.2 & CCI_gt100 & WilliamsR_gt-50 & EMA9_gt_EMA21,8,24,33.33333333333333,-0.09251516354699996,-0.7407882094247645,50.0,0.10838954728720973,0.033199958999001904,0.42341321113525354
607,RSI_50_70 & MACD_bull & ADX_gt25 & Stoch_bull & VolRatio_gt1.2 & CCI_gt100 & EMA9_gt_EMA21 & ROC10_pos,8,24,33.33333333333333,-0.09251516354699996,-0.7407882094247645,50.0,0.10838954728720973,0.033199958999001904,0.42341321113525354
608,RSI_50_70 & MACD_bull & ADX_gt25 & Stoch_bull & VolRatio_gt1.2 & CCI_gt100 & WilliamsR_gt-50 & EMA9_gt_EMA21 & ROC10_pos,9,24,33.33333333333333,-0.09251516354699996,-0.7407882094247645,50.0,0.10838954728720973,0.033199958999001904,0.42341321113525354
609,RSI_50_70 & Stoch_bull & CCI_gt100 & WilliamsR_gt-50 & EMA9_gt_EMA21 & ROC10_pos,6,296,45.27027027027027,-0.050077560715914536,-0.12076933286086927,55.4054054054054,0.10836550556718569,0.03132274882097967,0.4059741521481522
610,RSI_50_70 & MACD_bull & BB_pctB_0.8-1.0 & ADX_gt25 & Stoch_bull & WilliamsR_gt-50,6,92,42.391304347826086,-0.13837739542664157,-0.21819815467974382,51.08695652173913,0.10827818624547816,0.018093583854586107,0.3804820878908155
611,RSI_50_70 & BB_pctB_0.8-1.0 & ADX_gt25 & Stoch_bull & CCI_gt100 & WilliamsR_gt-50,6,91,45.05494505494506,-0.1496899015495592,-0.1373491611890565,51.64835164835166,0.10813070979202392,0.03499200000001404,0.36860033274200715
612,RSI_50_70 & MACD_bull & ADX_gt25 & Stoch_bull & WilliamsR_gt-50 & ROC10_pos,6,221,46.15384615384615,-0.0047913611386991945,-0.10771302173493853,52.94117647058824,0.1078636877834721,0.03499200000001404,0.3627872624270004
613,RSI_50_70 & MACD_bull & BB_pctB_0.8-1.0 & Stoch_bull & CCI_gt100 & WilliamsR_gt-50,6,222,40.090090090090094,-0.31767346513230243,-0.3127041110794001,54.054054054054056,0.10763802547960269,0.022591714648914005,0.3854741193948481
614,MACD_bull & ADX_gt25 & WilliamsR_gt-50,3,4561,49.484762113571584,0.025925096522116962,-0.009409550693959177,50.9318131988599,0.1072582123417641,0.006659300624114701,0.4166865678760241
615,MACD_bull & BB_pctB_0.8-1.0 & Stoch_bull & CCI_gt100 & WilliamsR_gt-50,5,227,40.969162995594715,-0.290168034111697,-0.30390143737166697,54.18502202643172,0.10709456697904549,0.020578778135043427,0.3855540373139232
616,RSI_50_70 & MACD_bull & ADX_gt25 & Stoch_bull & ROC10_pos,5,231,44.58874458874459,-0.07213472500882487,-0.13756154068925408,52.81385281385281,0.10698453608814162,0.03499200000001404,0.3627699020023309
617,Stoch_bull & CCI_gt100 & WilliamsR_gt-50 & EMA9_gt_EMA21 & ROC10_pos,5,305,45.57377049180328,-0.04073138962744307,-0.10397712503248448,55.08196721311476,0.10680167017478455,0.026885245901631046,0.40299254341806
618,RSI_50_70 & MACD_bull & BB_pctB_0.8-1.0 & Stoch_bull & CCI_gt100 & WilliamsR_gt-50 & EMA9_gt_EMA21,7,188,39.8936170212766,-0.20572085735521028,-0.3464935104899809,55.85106382978723,0.10669161634583474,0.03009863969435507,0.3672310476461983
619,Stoch_bull & CCI_gt100 & WilliamsR_gt-50,3,385,45.97402597402597,-0.15183293217424734,-0.1373491611890565,53.5064935064935,0.10613627715271787,0.019756254008979648,0.3989585186596204
620,RSI_50_70 & BB_pctB_0.8-1.0 & ADX_gt25 & Stoch_bull & VolRatio_gt1.2 & CCI_gt100,6,30,30.0,-0.552617999141841,-1.3862813214345908,50.0,0.10609130541433183,0.033199958999001904,0.38609936541555634
621,RSI_50_70 & BB_pctB_0.8-1.0 & ADX_gt25 & Stoch_bull & VolRatio_gt1.2 & CCI_gt100 & WilliamsR_gt-50,7,30,30.0,-0.552617999141841,-1.3862813214345908,50.0,0.10609130541433183,0.033199958999001904,0.38609936541555634
622,RSI_50_70 & BB_pctB_0.8-1.0 & ADX_gt25 & Stoch_bull & VolRatio_gt1.2 & CCI_gt100 & ROC10_pos,7,30,30.0,-0.552617999141841,-1.3862813214345908,50.0,0.10609130541433183,0.033199958999001904,0.38609936541555634
623,RSI_50_70 & BB_pctB_0.8-1.0 & ADX_gt25 & Stoch_bull & VolRatio_gt1.2 & CCI_gt100 & WilliamsR_gt-50 & ROC10_pos,8,30,30.0,-0.552617999141841,-1.3862813214345908,50.0,0.10609130541433183,0.033199958999001904,0.38609936541555634
624,RSI_50_70 & Stoch_bull & CCI_gt100 & WilliamsR_gt-50 & EMA9_gt_EMA21,5,316,45.56962025316456,-0.06076445300471024,-0.12076933286086927,55.69620253164557,0.10590879381706018,0.02810935502825565,0.39799687785694454
625,MACD_bull & ADX_gt25 & WilliamsR_gt-50 & ROC10_pos,4,4329,49.295449295449295,0.01693153467871354,-0.014108551192865172,50.820050820050824,0.10563241480399732,0.005448693089250217,0.4141146554596064
626,RSI_50_70 & Stoch_bull & CCI_gt100 & WilliamsR_gt-50,4,372,45.43010752688172,-0.16630715330492454,-0.13859924231749787,53.494623655913976,0.10558975103834924,0.02016751607201154,0.400971044613854
627,Stoch_bull & CCI_gt100 & ROC10_pos,3,371,45.82210242587601,-0.13630468527699618,-0.1373491611890565,52.2911051212938,0.10520580843719493,0.011367895065575269,0.40559478048689057
628,MACD_bull & ADX_gt25 & Stoch_bull & WilliamsR_gt-50 & ROC10_pos,5,448,46.42857142857143,-0.005660393705643228,-0.10735445325429868,52.45535714285714,0.10500982458458132,0.019371430411189328,0.39456469516230686
629,MACD_bull & BB_pctB_0.8-1.0 & ADX_gt25 & Stoch_bull & ROC10_pos,5,104,42.30769230769231,-0.17926033513956321,-0.32177159042710357,50.0,0.10482012004394849,0.0019193469527249525,0.3831807229004608
630,MACD_bull & BB_pctB_0.8-1.0 & ADX_gt25 & Stoch_bull & EMA9_gt_EMA21 & ROC10_pos,6,94,44.680851063829785,-0.05702710550721526,-0.2420930076102074,52.12765957446809,0.1046524281076489,0.018093583854586107,0.36959035493377324
631,RSI_50_70 & MACD_bull & ADX_gt25 & Stoch_bull & WilliamsR_gt-50 & EMA9_gt_EMA21 & ROC10_pos,7,193,46.1139896373057,0.040712135788530994,-0.10771302173493853,55.44041450777202,0.10462324436701242,0.06549384796898514,0.34677074487203136
632,RSI_50_70 & Stoch_bull & CCI_gt100 & ROC10_pos,4,358,45.2513966480447,-0.1507810625142801,-0.13859924231749787,52.23463687150838,0.10460412182309739,0.012528224899682507,0.4078881019732199
633,RSI_50_70 & ADX_gt25 & CCI_gt100,3,1439,50.93815149409312,0.02205007353280301,0.02862254025044153,50.31271716469771,0.104586142980899,0.002364987062121124,0.4076294434455805
634,Stoch_bull & CCI_gt100,2,395,45.822784810126585,-0.15334516770922507,-0.13756154068925408,52.911392405063296,0.10456243906170568,0.013688554733789745,0.39953157844823567
635,BB_pctB_0.8-1.0 & Stoch_bull & CCI_gt100 & ROC10_pos,4,266,42.4812030075188,-0.22558253806166204,-0.2402885796006821,53.383458646616546,0.10452414019476176,0.02347577556237295,0.37776010865583454
636,Stoch_bull & CCI_gt100 & WilliamsR_gt-50 & EMA9_gt_EMA21,4,325,45.84615384615385,-0.05169748619676268,-0.10397712503248448,55.38461538461539,0.10450922646650257,0.026126714565638174,0.3953591048554859
637,MACD_bull & BB_pctB_0.8-1.0 & ADX_gt25 & Stoch_bull & WilliamsR_gt-50 & EMA9_gt_EMA21 & ROC10_pos,7,91,46.15384615384615,-0.00832480702014792,-0.20584418490178008,52.74725274725275,0.1043951447075503,0.020578778135043427,0.36674547403796875
638,MACD_bull & BB_pctB_0.8-1.0 & ADX_gt25 & Stoch_bull,4,105,41.904761904761905,-0.1795107114319257,-0.2680067001675104,50.476190476190474,0.1042826563645793,0.005430746379498002,0.381391074579793
639,MACD_bull & BB_pctB_0.8-1.0 & Stoch_bull & CCI_gt100 & EMA9_gt_EMA21,5,194,40.20618556701031,-0.20292905347429352,-0.3464935104899809,55.670103092783506,0.1042398580425453,0.025744948532207816,0.3669211998834255
640,RSI_50_70 & Stoch_bull & CCI_gt100 & EMA9_gt_EMA21 & ROC10_pos,5,304,45.06578947368421,-0.053729653440422305,-0.13859924231749787,54.60526315789473,0.104237713322944,0.02650598023363461,0.4055085628432167
641,RSI_50_70 & MACD_bull & Stoch_bull & CCI_gt100 & WilliamsR_gt-50 & ROC10_pos,6,283,42.40282685512368,-0.25953133025243474,-0.260360164894781,53.35689045936396,0.10421923017118072,0.020578778135043427,0.37668002466143086
642,RSI_50_70 & MACD_bull & ADX_gt25 & CCI_gt100,4,1228,50.65146579804561,0.02532503547642508,0.018006712829858648,50.0814332247557,0.10411510889657351,0.0005589118941983006,0.4089985512606998
643,MACD_bull & BB_pctB_0.8-1.0 & ADX_gt25 & Stoch_bull & EMA9_gt_EMA21,5,95,44.21052631578947,-0.05859050277385104,-0.21617931505290444,52.63157894736842,0.10406015448241239,0.020578778135043427,0.3676848393093977
644,RSI_50_70 & Stoch_bull & CCI_gt100,3,382,45.287958115183244,-0.1674919460405513,-0.14341281992694793,52.879581151832454,0.10397665997864734,0.014288532309730616,0.40150588803075743
645,RSI_50_70 & ADX_gt25 & CCI_gt100 & ROC10_pos,4,1435,51.01045296167247,0.02175238775265751,0.030248033877784762,50.174216027874564,0.10386085364758302,0.001374003847212994,0.4076442281733826
646,RSI_50_70 & ADX_gt25 & CCI_gt100 & WilliamsR_gt-50,4,1425,51.08771929824562,0.025043380825195645,0.031259768677716675,50.31578947368421,0.1038468642896378,0.002364987062121124,0.407670680334388
647,RSI_50_70 & ADX_gt25 & CCI_gt100 & WilliamsR_gt-50 & ROC10_pos,5,1423,51.08924806746311,0.024143901469990237,0.031259768677716675,50.24595924104006,0.10384168472772039,0.001765596098867133,0.407951017076279
648,MACD_bull & BB_pctB_0.8-1.0 & ADX_gt25 & Stoch_bull & WilliamsR_gt-50 & EMA9_gt_EMA21,6,92,45.65217391304348,-0.01046855744207699,-0.2056970153696993,53.2608695652174,0.10378635437062238,0.027785389067528733,0.36479307664001637
649,MACD_bull & ADX_gt25 & Stoch_bull & WilliamsR_gt-50 & EMA9_gt_EMA21 & ROC10_pos,6,205,45.85365853658537,0.017938103726982974,-0.10872519706441736,55.1219512195122,0.10366608050534386,0.05432007505757062,0.345110591438629
650,RSI_50_70 & MACD_bull & ADX_gt25 & CCI_gt100 & ROC10_pos,5,1226,50.73409461663948,0.026095279954886183,0.020278637688781187,50.0,0.10355205179457316,-0.0003705517288351287,0.40877362804814
651,BB_pctB_0.8-1.0 & Stoch_bull & CCI_gt100 & WilliamsR_gt-50 & ROC10_pos,5,264,42.803030303030305,-0.21279151999719395,-0.21819815467974382,53.40909090909091,0.10321806201224924,0.02347577556237295,0.3766936323179398
652,RSI_50_70 & MACD_bull & Stoch_bull & CCI_gt100 & WilliamsR_gt-50 & EMA9_gt_EMA21 & ROC10_pos,7,230,41.73913043478261,-0.15529672433692718,-0.2687183759904936,56.52173913043478,0.10309348307871397,0.03556679894867968,0.36473611202247463
653,RSI_50_70 & MACD_bull & BB_pctB_0.8-1.0 & Stoch_bull & WilliamsR_gt-50 & ROC10_pos,6,312,40.38461538461539,-0.3449845771237582,-0.3040998248098318,51.92307692307693,0.10306504489172465,0.013488142319852027,0.39123122326918225
654,ADX_gt25 & WilliamsR_gt-50,2,5852,50.444292549555705,0.05705361561841231,0.01848065443224879,50.78605604921395,0.1029916731690758,0.0056210862924376565,0.4114524267842628
655,MACD_bull & Stoch_bull & CCI_gt100 & WilliamsR_gt-50 & ROC10_pos,5,293,43.003412969283275,-0.24908393836387416,-0.2202169943065832,53.242320819112635,0.10296257590431349,0.013688554733789745,0.3748628371500335
656,RSI_50_70 & MACD_bull & ADX_gt25 & CCI_gt100 & WilliamsR_gt-50 & ROC10_pos,6,1218,50.82101806239737,0.02886995410440958,0.024981410840847477,50.0,0.10290327404208563,-0.0003705517288351287,0.4088479460014767
657,RSI_50_70 & MACD_bull & ADX_gt25 & CCI_gt100 & WilliamsR_gt-50,5,1219,50.779327317473346,0.028677649100355414,0.021741493640624235,50.04101722723544,0.10285855144952458,0.0005074399084086192,0.40868319398257424
658,Stoch_bull & CCI_gt100 & EMA9_gt_EMA21 & ROC10_pos,4,313,45.367412140575084,-0.044517349873315744,-0.13756154068925408,54.31309904153354,0.10283253867602972,0.024604651162784583,0.40259906031150144
659,MACD_bull & BB_pctB_0.8-1.0 & ADX_gt25 & Stoch_bull & WilliamsR_gt-50 & ROC10_pos,6,99,44.44444444444444,-0.09671666045771977,-0.21617931505290444,50.505050505050505,0.10280000769044649,0.005430746379498002,0.3782837478964928
660,ADX_gt25 & WilliamsR_gt-50 & ROC10_pos,3,5299,50.10379316852236,0.04558815345517111,0.007434667856206762,50.61332326854123,0.10275825563232956,0.003749707054140978,0.4093615254548188
661,RSI_50_70 & MACD_bull & ADX_gt25 & Stoch_bull & EMA9_gt_EMA21 & ROC10_pos,6,200,45.0,-0.002688371392253419,-0.1339819625949999,55.00000000000001,0.1026885438678918,0.05990696151327787,0.3465229610218725
662,RSI_50_70 & BB_pctB_0.8-1.0 & Stoch_bull & CCI_gt100 & ROC10_pos,5,258,41.47286821705426,-0.26203538861217374,-0.2723012224241834,53.100775193798455,0.10263375786055949,0.02347577556237295,0.3774159497015181
663,MACD_bull & BB_pctB_0.8-1.0 & Stoch_bull & CCI_gt100 & WilliamsR_gt-50 & EMA9_gt_EMA21,6,192,40.625,-0.1851054298378648,-0.3329672775343579,55.729166666666664,0.10244103926917163,0.025744948532207816,0.3652928162792779
664,MACD_bull & ADX_gt25 & ROC10_pos,3,4604,49.609035621198956,0.03463540833296137,-0.004287252932202387,50.45612510860121,0.10241195558182159,0.003002957419694659,0.4097286274497549
665,MACD_bull & BB_pctB_0.8-1.0 & ADX_gt25 & Stoch_bull & WilliamsR_gt-50,5,100,44.0,-0.09780499231151878,-0.21101174997734226,51.0,0.10225587195064385,0.010519567976813393,0.3764265137713081
666,RSI_50_70 & BB_pctB_0.8-1.0 & ADX_gt25 & Stoch_bull & VolRatio_gt1.2 & EMA9_gt_EMA21,6,33,39.39393939393939,-0.1435562210824164,-1.0646970586317233,54.54545454545454,0.10218063792575643,0.06883531062635995,0.34860837346979046
667,RSI_50_70 & BB_pctB_0.8-1.0 & ADX_gt25 & Stoch_bull & VolRatio_gt1.2 & WilliamsR_gt-50 & EMA9_gt_EMA21,7,33,39.39393939393939,-0.1435562210824164,-1.0646970586317233,54.54545454545454,0.10218063792575643,0.06883531062635995,0.34860837346979046
668,RSI_50_70 & BB_pctB_0.8-1.0 & ADX_gt25 & Stoch_bull & VolRatio_gt1.2 & EMA9_gt_EMA21 & ROC10_pos,7,33,39.39393939393939,-0.1435562210824164,-1.0646970586317233,54.54545454545454,0.10218063792575643,0.06883531062635995,0.34860837346979046
669,RSI_50_70 & BB_pctB_0.8-1.0 & ADX_gt25 & Stoch_bull & VolRatio_gt1.2 & WilliamsR_gt-50 & EMA9_gt_EMA21 & ROC10_pos,8,33,39.39393939393939,-0.1435562210824164,-1.0646970586317233,54.54545454545454,0.10218063792575643,0.06883531062635995,0.34860837346979046
670,RSI_50_70 & MACD_bull & Stoch_bull & CCI_gt100 & ROC10_pos,5,288,42.36111111111111,-0.2596128640155967,-0.2641834325311457,52.77777777777778,0.10217140552489906,0.012528224899682507,0.37727773455099733
671,RSI_50_70 & Stoch_bull & CCI_gt100 & EMA9_gt_EMA21,4,324,45.370370370370374,-0.0639272340230436,-0.13859924231749787,54.93827160493827,0.1020964631125896,0.025365682864211377,0.39772848724457616
672,MACD_bull & Stoch_bull & WilliamsR_gt-50,3,2011,47.240179015415215,-0.0048912857797024775,-0.0707213578500734,51.466931874689216,0.10208215182390952,0.006940651786562082,0.4024818126763177
673,RSI_50_70 & MACD_bull & BB_pctB_0.8-1.0 & Stoch_bull & EMA9_gt_EMA21 & ROC10_pos,6,265,39.62264150943396,-0.30390733158809363,-0.3794266441821242,52.83018867924528,0.10207753379602899,0.020578778135043427,0.38219485812961007
674,RSI_50_70 & MACD_bull & BB_pctB_0.8-1.0 & Stoch_bull & WilliamsR_gt-50 & EMA9_gt_EMA21 & ROC10_pos,7,262,40.0763358778626,-0.2898185205801527,-0.36018051292230446,53.05343511450382,0.10195868848173957,0.022344653651233684,0.3813834105252294
675,RSI_50_70 & MACD_bull & BB_pctB_0.8-1.0 & Stoch_bull & ROC10_pos,5,319,39.49843260188088,-0.38893732983251095,-0.3755364806866968,51.410658307210035,0.10191916463868005,0.010576687597338371,0.392125776834755
676,MACD_bull & ADX_gt25 & Stoch_bull & EMA9_gt_EMA21 & ROC10_pos,5,212,44.81132075471698,-0.02225379821512104,-0.1589250011138612,54.71698113207547,0.10187249582236059,0.052529873357758786,0.34492612840256026
677,BB_pctB_0.8-1.0 & Stoch_bull & WilliamsR_gt-50 & ROC10_pos,4,403,42.92803970223325,-0.2634781186435007,-0.2202169943065832,52.605459057071954,0.1018258356334884,0.02234689996196132,0.39841548400534765
678,RSI_50_70 & BB_pctB_0.8-1.0 & Stoch_bull & WilliamsR_gt-50 & ROC10_pos,5,392,42.3469387755102,-0.28590998107896104,-0.24391761019164743,52.55102040816326,0.10169064026480786,0.02322871456469263,0.3998344746797776
679,RSI_50_70 & BB_pctB_0.8-1.0 & Stoch_bull & WilliamsR_gt-50 & EMA9_gt_EMA21,5,365,43.013698630136986,-0.2021680682475634,-0.20554984583761854,53.97260273972603,0.10138030840383976,0.026790706642240415,0.387421917564229
680,RSI_50_70 & MACD_bull & ADX_gt25 & Stoch_bull & WilliamsR_gt-50 & EMA9_gt_EMA21,6,203,46.30541871921182,0.03910965224067568,-0.10771302173493853,55.172413793103445,0.10136862095379906,0.05432007505757062,0.3428088620475839
681,RSI_50_70 & MACD_bull & BB_pctB_0.8-1.0 & Stoch_bull & EMA9_gt_EMA21,5,281,39.8576512455516,-0.28349159431635407,-0.3211100099108037,53.380782918149464,0.1013392599174288,0.020578778135043427,0.37608565288170326
682,MACD_bull & BB_pctB_0.8-1.0 & Stoch_bull & WilliamsR_gt-50 & ROC10_pos,5,320,40.9375,-0.3271405216078544,-0.2941115635274263,51.87500000000001,0.10131340020843278,0.010972291331456819,0.38972365964011146
683,RSI_50_70 & BB_pctB_0.8-1.0 & Stoch_bull & CCI_gt100 & WilliamsR_gt-50 & ROC10_pos,6,256,41.796875,-0.24912943912811697,-0.2641834325311457,53.125,0.10127209612285748,0.02347577556237295,0.37630546422144495
684,RSI_50_70 & MACD_bull & BB_pctB_0.8-1.0 & Stoch_bull & WilliamsR_gt-50 & EMA9_gt_EMA21,6,278,40.28776978417266,-0.26999333641744866,-0.3088009835127358,53.597122302158276,0.10121928763692653,0.022344653651233684,0.37524167137510717
685,MACD_bull & BB_pctB_0.8-1.0 & ADX_gt25 & ROC10_pos,4,2141,50.16347501167678,0.018741780434915038,0.009986019572603472,50.25688930406352,0.10115840589734248,0.000610383879987982,0.39650704506135853
686,RSI_50_70 & MACD_bull & Stoch_bull & CCI_gt100 & EMA9_gt_EMA21 & ROC10_pos,6,234,41.452991452991455,-0.1586440132575553,-0.2730128982471666,55.98290598290598,0.10113399157554293,0.03524698149188012,0.36643285948458404
687,MACD_bull & BB_pctB_0.8-1.0 & ADX_gt25 & WilliamsR_gt-50 & ROC10_pos,5,2134,50.281162136832236,0.022320291428029278,0.013879691486284991,50.281162136832236,0.10103474164267935,0.0008552029402123583,0.3964481986083913
688,MACD_bull & BB_pctB_0.8-1.0 & ADX_gt25,3,2143,50.116658889407375,0.017777211530102408,0.008448324415649877,50.25664955669622,0.10103288565351001,0.000610383879987982,0.39635111830943326
689,MACD_bull & Stoch_bull & CCI_gt100 & ROC10_pos,4,298,42.95302013422819,-0.249338027904926,-0.2402885796006821,52.68456375838926,0.10100455500902897,0.010972291331456819,0.37546751924948996
690,MACD_bull & BB_pctB_0.8-1.0 & ADX_gt25 & WilliamsR_gt-50,4,2136,50.234082397003746,0.021349210817074374,0.011357767708783544,50.28089887640449,0.10090892584023382,0.0008552029402123583,0.3962917533474276
691,Stoch_bull & CCI_gt100 & EMA9_gt_EMA21,3,333,45.645645645645644,-0.05499261167545212,-0.13756154068925408,54.65465465465466,0.10083355496667075,0.02234689996196132,0.3951475651618791
692,BB_pctB_0.8-1.0 & Stoch_bull & WilliamsR_gt-50,3,432,43.75,-0.23274328708996955,-0.18719149433719445,53.00925925925925,0.10083016941392468,0.02322871456469263,0.3914903404298275
693,MACD_bull & BB_pctB_0.8-1.0 & ADX_gt25 & CCI_gt100 & ROC10_pos,5,1881,50.398724082934606,0.03172209695953565,0.01673105588172872,50.23923444976076,0.10079444199544575,0.0005440776413554242,0.3993875339745427
694,MACD_bull & BB_pctB_0.8-1.0 & ADX_gt25 & CCI_gt100,4,1882,50.371944739638685,0.03159602260098243,0.01651761324428374,50.265674814027626,0.10076659501973625,0.0005772307606717031,0.39928323923051934
695,RSI_50_70 & BB_pctB_0.8-1.0 & Stoch_bull & EMA9_gt_EMA21,4,370,42.432432432432435,-0.21685570775606156,-0.22881886192099699,53.783783783783775,0.10071853372155555,0.024357590165104262,0.3870518885493573
696,RSI_50_70 & BB_pctB_0.8-1.0 & Stoch_bull & WilliamsR_gt-50,4,421,43.23040380047506,-0.2528269139964105,-0.20554984583761854,52.96912114014252,0.10067827175849006,0.024110529167423945,0.3926527231909797
697,MACD_bull & ADX_gt25 & EMA9_gt_EMA21 & ROC10_pos,4,3795,49.45981554677207,0.00519766533362611,-0.00872600349039346,50.69828722002635,0.10066092412478611,0.003749707054140978,0.4026498565587791
698,RSI_50_70 & BB_pctB_0.8-1.0 & Stoch_bull & WilliamsR_gt-50 & EMA9_gt_EMA21 & ROC10_pos,6,342,42.39766081871345,-0.23501162839865558,-0.25336848824449315,53.50877192982456,0.10064214432690749,0.025697678902512497,0.3937398217437903
699,MACD_bull & ADX_gt25 & Stoch_bull & WilliamsR_gt-50 & EMA9_gt_EMA21,5,215,46.04651162790698,0.01748431842652184,-0.10872519706441736,54.88372093023256,0.10063762974131768,0.05073967165794696,0.34142376413803405
700,MACD_bull & BB_pctB_0.8-1.0 & ADX_gt25 & CCI_gt100 & WilliamsR_gt-50 & ROC10_pos,6,1877,50.45285029302078,0.03299652783862041,0.017197643922779157,50.23974427277571,0.10058208622021551,0.0005440776413554242,0.39941574978108535
701,MACD_bull & BB_pctB_0.8-1.0 & ADX_gt25 & CCI_gt100 & WilliamsR_gt-50,5,1878,50.42598509052183,0.032869506340390243,0.01696434990225394,50.26624068157615,0.10055429300801634,0.0005772307606717031,0.39931121042062717
702,MACD_bull & ADX_gt25 & WilliamsR_gt-50 & EMA9_gt_EMA21 & ROC10_pos,5,3690,49.24119241192412,-0.005000016628174525,-0.01366169572924511,50.67750677506775,0.10032268673842305,0.0035514090108175007,0.4036827084092541
703,BB_pctB_0.8-1.0 & Stoch_bull & ROC10_pos,3,412,41.99029126213592,-0.30208684089278287,-0.2723012224241834,52.18446601941748,0.1002825391011136,0.014821093281143175,0.39813868870670305
704,MACD_bull & BB_pctB_0.8-1.0 & Stoch_bull & ROC10_pos,4,327,40.0611620795107,-0.3703999604540423,-0.3448245451579121,51.37614678899083,0.10023305070403463,0.00881321388577746,0.3906271983832657
705,RSI_50_70 & BB_pctB_0.8-1.0 & Stoch_bull & ROC10_pos,4,401,41.39650872817955,-0.32507433720061973,-0.27849981433345444,52.119700748129674,0.10010804322485699,0.015608389574128785,0.3995186707770122
706,RSI_50_70 & MACD_bull & Stoch_bull & CCI_gt100,4,306,42.15686274509804,-0.2857261042246332,-0.2687183759904936,53.59477124183007,0.1000349123578682,0.016722404371384697,0.3720738212566253
707,RSI_50_70 & BB_pctB_0.8-1.0 & Stoch_bull & EMA9_gt_EMA21 & ROC10_pos,5,347,41.78674351585015,-0.2501995500626004,-0.27659574468085646,53.31412103746398,0.09994714198667551,0.024110529167423945,0.3932598511364594
708,MACD_bull & ADX_gt25,2,5385,49.749303621169915,0.03920396250825345,0.0,50.21355617455896,0.09988599809850776,0.0011000220004367346,0.4069696935593269
709,RSI_50_70 & BB_pctB_0.8-1.0 & Stoch_bull & CCI_gt100 & EMA9_gt_EMA21 & ROC10_pos,6,227,41.409691629955944,-0.17926306696628616,-0.30390143737166697,54.62555066079295,0.09987471037138526,0.02933346415488025,0.35932684726087055
710,BB_pctB_0.8-1.0 & Stoch_bull & WilliamsR_gt-50 & EMA9_gt_EMA21,4,375,43.46666666666666,-0.18511040267425347,-0.1925133689839645,53.86666666666666,0.09966059723409372,0.024604651162784583,0.3850265046859519
711,MACD_bull & CCI_gt100 & WilliamsR_gt-50 & ROC10_pos,4,6484,49.38309685379396,0.007820220526720118,-0.014010401413778233,50.46267735965454,0.09961643803044948,0.002897377823440914,0.39898864600754497
712,RSI_50_70 & MACD_bull & BB_pctB_0.8-1.0 & Stoch_bull & WilliamsR_gt-50,5,333,40.84084084084084,-0.32427085153331286,-0.27856877553547577,52.25225225225225,0.09961390461966438,0.011367895065575269,0.3843996067666723
713,MACD_bull & CCI_gt100 & ROC10_pos,3,6506,49.36981248078697,0.00785060541590055,-0.014628311800329516,50.4303719643406,0.09944269282655256,0.002768364711083054,0.39871657157014795
714,RSI_50_70 & MACD_bull & Stoch_bull & CCI_gt100 & WilliamsR_gt-50,5,300,42.333333333333336,-0.2847430990129402,-0.2641834325311457,54.0,0.09943069579215165,0.02016751607201154,0.3695219512097313
715,BB_pctB_0.8-1.0 & Stoch_bull,2,441,42.857142857142854,-0.2694403552321148,-0.21617931505290444,52.60770975056689,0.09940867922035926,0.015608389574128785,0.3913664441728913
716,MACD_bull & ADX_gt25 & EMA9_gt_EMA21,3,3865,49.46959896507115,0.0026930856956126283,-0.00872600349039346,50.556274256144896,0.09936587451147455,0.0031767598343654933,0.4010910205492404
717,MACD_bull & CCI_gt100 & WilliamsR_gt-50,3,6520,49.40184049079755,0.007767574755059524,-0.013563545950158172,50.4601226993865,0.09934981581101143,0.002768364711083054,0.3986071340986729
718,RSI_50_70 & MACD_bull & ADX_gt25 & Stoch_bull & EMA9_gt_EMA21,5,211,45.023696682464454,-0.002296588223421,-0.11446409989594114,54.976303317535546,0.09932631197565382,0.05073967165794696,0.34190303303590047
719,ADX_gt25 & Stoch_bull & WilliamsR_gt-50 & ROC10_pos,4,745,49.261744966442954,0.059253093811779456,-0.015300462839008707,51.67785234899329,0.09930496657866818,0.01580614507444706,0.39608298551698023
720,MACD_bull & ADX_gt25 & Stoch_bull & VolRatio_gt1.2 & CCI_gt100 & EMA9_gt_EMA21,6,26,30.76923076923077,-0.226944925577683,-1.0146494142716178,46.15384615384615,0.09922794260156095,-0.0031166318986433892,0.40804182238261966
721,MACD_bull & ADX_gt25 & Stoch_bull & VolRatio_gt1.2 & CCI_gt100 & WilliamsR_gt-50 & EMA9_gt_EMA21,7,26,30.76923076923077,-0.226944925577683,-1.0146494142716178,46.15384615384615,0.09922794260156095,-0.0031166318986433892,0.40804182238261966
722,MACD_bull & ADX_gt25 & Stoch_bull & VolRatio_gt1.2 & CCI_gt100 & EMA9_gt_EMA21 & ROC10_pos,7,26,30.76923076923077,-0.226944925577683,-1.0146494142716178,46.15384615384615,0.09922794260156095,-0.0031166318986433892,0.40804182238261966
723,MACD_bull & ADX_gt25 & Stoch_bull & VolRatio_gt1.2 & CCI_gt100 & WilliamsR_gt-50 & EMA9_gt_EMA21 & ROC10_pos,8,26,30.76923076923077,-0.226944925577683,-1.0146494142716178,46.15384615384615,0.09922794260156095,-0.0031166318986433892,0.40804182238261966
724,MACD_bull & CCI_gt100,2,6545,49.38120702826585,0.007416254046498176,-0.014108551192865172,50.42016806722689,0.09922690659009596,0.002528658125419143,0.3983744304478088
725,RSI_50_70 & BB_pctB_0.8-1.0 & Stoch_bull,3,430,42.32558139534884,-0.2900423893650805,-0.23083770154783634,52.55813953488372,0.09922359711555181,0.018093583854586107,0.392501112427401
726,ADX_gt25 & ROC10_pos,2,5863,50.4349309227358,0.05920378486777323,0.019573302016046214,50.213201432713625,0.0991340501382779,0.0008316315789638713,0.40625014524022346
727,BB_pctB_0.8-1.0 & Stoch_bull & CCI_gt100,3,281,42.704626334519574,-0.23780720277929573,-0.2202169943065832,53.380782918149464,0.09911806313050543,0.020578778135043427,0.3719421516938927
728,BB_pctB_0.8-1.0 & Stoch_bull & CCI_gt100 & EMA9_gt_EMA21 & ROC10_pos,5,234,42.30769230769231,-0.14791721335860958,-0.2723012224241834,54.700854700854705,0.0991081266537574,0.02810935502825565,0.3582100350035778
729,BB_pctB_0.8-1.0 & Stoch_bull & EMA9_gt_EMA21,3,380,42.89473684210526,-0.19963596832165054,-0.21101174997734226,53.68421052631579,0.09903886545357682,0.02322871456469263,0.3846928412333636
730,MACD_bull & Stoch_bull & CCI_gt100,3,316,42.721518987341774,-0.27521017522757557,-0.2641834325311457,53.48101265822785,0.09900213855388408,0.012528224899682507,0.37050368339148243
731,CCI_gt100 & WilliamsR_gt-50 & ROC10_pos,3,6875,49.67272727272727,0.016179637821718024,-0.00872600349039346,50.458181818181814,0.09899526937618439,0.0029167510634035415,0.39881286137953564
732,MACD_bull & ADX_gt25 & WilliamsR_gt-50 & EMA9_gt_EMA21,4,3740,49.27807486631016,-0.006863831122299573,-0.012912987949197615,50.534759358288774,0.09890605871707911,0.003002957419694659,0.40213436312984724
733,BB_pctB_0.8-1.0 & Stoch_bull & WilliamsR_gt-50 & EMA9_gt_EMA21 & ROC10_pos,5,352,42.89772727272727,-0.21590634376370643,-0.24391761019164743,53.40909090909091,0.09883103623632387,0.024357590165104262,0.39104575899731564
734,CCI_gt100 & WilliamsR_gt-50,2,6919,49.71816736522619,0.016717150876063794,-0.007412074268977434,50.455268102326926,0.09879797996690359,0.002857998545337405,0.3983498521568054
735,BB_pctB_0.8-1.0 & ADX_gt25 & ROC10_pos,3,2396,50.08347245409015,0.009974134862833177,0.006270826145604494,50.12520868113523,0.09877991106379709,0.00044613963164447947,0.3954970784882622
736,BB_pctB_0.8-1.0 & ADX_gt25 & WilliamsR_gt-50 & ROC10_pos,4,2387,50.23041474654379,0.013927797908733578,0.010998075336821683,50.146627565982406,0.09877670034029458,0.0005074399084086192,0.3955838323000031
737,MACD_bull & Stoch_bull & CCI_gt100 & WilliamsR_gt-50 & EMA9_gt_EMA21 & ROC10_pos,6,236,41.94915254237288,-0.15365750882828602,-0.2687183759904936,55.932203389830505,0.09873192435388044,0.034152016743546565,0.3617485028225044
738,MACD_bull & ADX_gt25 & Stoch_bull & EMA9_gt_EMA21,4,223,44.843049327354265,-0.02091798680850584,-0.13040238450074568,54.7085201793722,0.09873144469787018,0.04838643371018317,0.34060950784717675
739,MACD_bull & BB_pctB_0.8-1.0 & ADX_gt25 & EMA9_gt_EMA21 & ROC10_pos,5,2034,50.04916420845624,0.012213501704309489,0.003865242536744948,50.63913470993116,0.09867363183349281,0.0030173791898514494,0.3890863055410821
740,CCI_gt100 & ROC10_pos,2,6902,49.66676325702694,0.016424271211217527,-0.008767511963656431,50.40567951318459,0.09866877348349745,0.0026418135739634,0.3985074787663485
741,MACD_bull & BB_pctB_0.8-1.0 & ADX_gt25 & WilliamsR_gt-50 & EMA9_gt_EMA21 & ROC10_pos,6,2029,50.12321340561853,0.013741980025860667,0.008448324415649877,50.66535239034007,0.09862832944212736,0.0031767598343654933,0.38912446465058437
742,BB_pctB_0.8-1.0 & ADX_gt25,2,2401,50.104123281965855,0.010337448443042367,0.008448324415649877,50.104123281965855,0.0986230328593798,0.00038483935488033973,0.3952587550756634
743,BB_pctB_0.8-1.0 & ADX_gt25 & WilliamsR_gt-50,3,2392,50.250836120401345,0.014284214125645261,0.011357767708783544,50.125418060200666,0.09861923858645329,0.00044613963164447947,0.39534448158326174
744,RSI_50_70 & MACD_bull & BB_pctB_0.8-1.0 & Stoch_bull,4,340,40.0,-0.36593533445456355,-0.3089993709509006,51.76470588235295,0.09860985221137965,0.009694950741557917,0.3853863932701743
745,CCI_gt100,1,6950,49.697841726618705,0.016574071438284786,-0.008184625685236643,50.40287769784173,0.09856326171885084,0.002477675877674228,0.3980698692415221
746,MACD_bull & BB_pctB_0.8-1.0 & ADX_gt25 & EMA9_gt_EMA21,4,2036,50.0,0.01120465366621899,0.0018185785989653933,50.63850687622789,0.0985439558342761,0.0030173791898514494,0.3889255765553493
747,MACD_bull & BB_pctB_0.8-1.0 & ADX_gt25 & WilliamsR_gt-50 & EMA9_gt_EMA21,5,2031,50.073855243722306,0.012729143215326283,0.0040933278755591095,50.66469719350074,0.09849837881208179,0.0031767598343654933,0.3889633029339676
748,ADX_gt25 & WilliamsR_gt-50 & EMA9_gt_EMA21 & ROC10_pos,4,4646,50.12914334911752,0.03090825383239172,0.008745775519450416,50.45200172191132,0.09846643056126553,0.002448208357083024,0.40073420583530633
749,RSI_50_70 & MACD_bull & Stoch_bull & CCI_gt100 & WilliamsR_gt-50 & EMA9_gt_EMA21,6,244,41.80327868852459,-0.1752386714095843,-0.2687183759904936,56.9672131147541,0.09843032867856796,0.03524698149188012,0.35763563470067167
750,MACD_bull & Stoch_bull & CCI_gt100 & WilliamsR_gt-50,4,310,42.90322580645161,-0.2740553457518006,-0.2402885796006821,53.87096774193548,0.09839742367472643,0.016722404371384697,0.36799152541712193
751,RSI_50_70 & ADX_gt25 & CCI_gt100 & EMA9_gt_EMA21,4,1327,50.188394875659384,-0.003932923667410765,0.008448324415649877,50.33911077618689,0.09835107267529543,0.002364987062121124,0.3990901933000239
752,RSI_50_70 & BB_pctB_0.8-1.0 & Stoch_bull & CCI_gt100 & WilliamsR_gt-50 & EMA9_gt_EMA21 & ROC10_pos,7,225,41.77777777777778,-0.16384321047201805,-0.27659574468085646,54.666666666666664,0.09830091703880721,0.02933346415488025,0.35782121324392907
753,RSI_50_70 & ADX_gt25 & Stoch_bull & WilliamsR_gt-50 & ROC10_pos,5,505,50.0990099009901,0.07810227168104221,0.009446438692617718,51.28712871287129,0.09824272330173367,0.01580614507444706,0.3858748328650241
754,BB_pctB_0.8-1.0 & Stoch_bull & EMA9_gt_EMA21 & ROC10_pos,4,357,42.296918767507,-0.23093641446556523,-0.2680067001675104,53.221288515406165,0.09818086740829145,0.02234689996196132,0.3906109151989762
755,RSI_50_70 & ADX_gt25 & CCI_gt100 & EMA9_gt_EMA21 & ROC10_pos,5,1324,50.226586102719025,-0.0048508224388950135,0.008947381554133799,50.226586102719025,0.09811396560877672,0.0015697999730400634,0.3994526541660228
756,ADX_gt25 & Stoch_bull & WilliamsR_gt-50 & EMA9_gt_EMA21 & ROC10_pos,5,489,49.897750511247445,0.08910871394392213,0.0,52.14723926380368,0.098109539129021,0.026064550229603526,0.38089004831975887
757,RSI_50_70 & ADX_gt25 & CCI_gt100 & WilliamsR_gt-50 & EMA9_gt_EMA21,5,1314,50.30441400304414,-0.0014842828449442293,0.0102222570147197,50.38051750380518,0.09805505867159256,0.0028433652558902166,0.39941841171922104
758,MACD_bull & BB_pctB_0.8-1.0 & Stoch_bull & WilliamsR_gt-50,4,341,41.348973607038126,-0.3080116493035016,-0.27849981433345444,52.19941348973607,0.09805109765052383,0.010576687597338371,0.38310821729943867
759,RSI_50_70 & ADX_gt25 & CCI_gt100 & WilliamsR_gt-50 & EMA9_gt_EMA21 & ROC10_pos,6,1312,50.30487804878049,-0.002500299956070438,0.0102222570147197,50.30487804878049,0.09804061192780861,0.0020652915804941284,0.3997158885489748
760,MACD_bull & CCI_gt100 & WilliamsR_gt-50 & EMA9_gt_EMA21 & ROC10_pos,5,6117,49.23982344286415,0.007065260650081382,-0.01823184274207141,50.59669772764427,0.09795572305034939,0.003586331340927489,0.39461250705500733
761,ADX_gt25 & EMA9_gt_EMA21 & ROC10_pos,3,4998,50.48019207683073,0.04202623765168955,0.02068717952866395,50.360144057623046,0.09786672278269885,0.0015516798310865787,0.40124966542377416
762,BB_pctB_0.8-1.0 & Stoch_bull & CCI_gt100 & WilliamsR_gt-50,4,279,43.01075268817204,-0.22579150586322297,-0.21617931505290444,53.40501792114696,0.09784345096451323,0.020578778135043427,0.3708568003409297
763,MACD_bull & CCI_gt100 & EMA9_gt_EMA21 & ROC10_pos,4,6137,49.20971158546521,0.007001016123545145,-0.01843657817110088,50.562163923741245,0.09779683508708664,0.0033217434496593088,0.3943972389277737
764,MACD_bull & CCI_gt100 & WilliamsR_gt-50 & EMA9_gt_EMA21,4,6150,49.26829268292683,0.007819845678094385,-0.016298018249159246,50.58536585365854,0.09772574069717276,0.003297783376499392,0.3942844465794483
765,RSI_50_70 & ADX_gt25 & Stoch_bull & WilliamsR_gt-50,4,631,51.188589540412046,0.10803964637537242,0.06298953825930279,52.29793977812995,0.09759142097521643,0.018538003267037504,0.3812753627523225
766,BB_pctB_0.8-1.0 & Stoch_bull & CCI_gt100 & WilliamsR_gt-50 & EMA9_gt_EMA21 & ROC10_pos,6,232,42.672413793103445,-0.1326923882791885,-0.2641834325311457,54.741379310344826,0.09757520998451034,0.02810935502825565,0.3567324551926127
767,MACD_bull & CCI_gt100 & EMA9_gt_EMA21,3,6171,49.246475449684006,0.007846148734225662,-0.01823184274207141,50.5428617728083,0.09752118158802338,0.003105320304015536,0.3940566850641954
768,MACD_bull & BB_pctB_0.8-1.0 & Stoch_bull & EMA9_gt_EMA21 & ROC10_pos,5,272,40.07352941176471,-0.29082834038548555,-0.3774815624344105,52.57352941176471,0.09746459976220799,0.013488142319852027,0.3789411969426422
769,CCI_gt100 & WilliamsR_gt-50 & EMA9_gt_EMA21 & ROC10_pos,4,6507,49.56201014292301,0.016601306803990273,-0.009409550693959177,50.57630244352236,0.09736704691482437,0.003586331340927489,0.39470848328110697
770,MACD_bull & BB_pctB_0.8-1.0 & Stoch_bull & WilliamsR_gt-50 & EMA9_gt_EMA21 & ROC10_pos,6,269,40.520446096654275,-0.27696029035690445,-0.3448245451579121,52.78810408921933,0.09729740171594296,0.015608389574128785,0.3781058216248366
771,MACD_bull & BB_pctB_0.8-1.0 & ADX_gt25 & CCI_gt100 & EMA9_gt_EMA21 & ROC10_pos,6,1796,50.27839643652561,0.023587752806828413,0.011357767708783544,50.33407572383074,0.09724960136560751,0.000992193863600488,0.390997125680175
772,MACD_bull & BB_pctB_0.8-1.0 & ADX_gt25 & CCI_gt100 & EMA9_gt_EMA21,5,1797,50.25041736227045,0.02346024162227391,0.010998075336821683,50.361713967723986,0.09722240984214875,0.001374003847212994,0.3908900175034786
773,CCI_gt100 & WilliamsR_gt-50 & EMA9_gt_EMA21,3,6548,49.61820403176542,0.017927799981175396,-0.008890183638897785,50.565058032987174,0.09720959883854084,0.003297783376499392,0.3942940161169586
774,RSI_50_70 & BB_pctB_0.8-1.0 & Stoch_bull & CCI_gt100,4,273,41.75824175824176,-0.27261538138652325,-0.2680067001675104,53.11355311355312,0.09717312811681225,0.020578778135043427,0.3714121017815363
775,MACD_bull & BB_pctB_0.8-1.0 & Stoch_bull,3,348,40.51724137931034,-0.3490453809380818,-0.3040998248098318,51.724137931034484,0.09710156267916517,0.007948701398738833,0.384097723859975
776,CCI_gt100 & EMA9_gt_EMA21 & ROC10_pos,3,6532,49.540722596448255,0.016767807847845935,-0.009905384186102793,50.52051439069197,0.09704678744441837,0.003225291568852484,0.3944557862259886
777,MACD_bull & ADX_gt25 & Stoch_bull & ROC10_pos,4,534,45.88014981273408,0.005639004722220204,-0.11876077086792508,51.68539325842697,0.09702289020270964,0.014613309410359848,0.3814308263005565
778,MACD_bull & BB_pctB_0.8-1.0 & ADX_gt25 & CCI_gt100 & WilliamsR_gt-50 & EMA9_gt_EMA21 & ROC10_pos,7,1792,50.33482142857143,0.024904476793118194,0.014010815343792083,50.33482142857143,0.09701926032061504,0.000992193863600488,0.3910063255851399
779,MACD_bull & BB_pctB_0.8-1.0 & Stoch_bull & EMA9_gt_EMA21,4,288,40.27777777777778,-0.2716354295725791,-0.3174052697823042,53.125,0.0970005441533694,0.013488142319852027,0.3731071827994933
780,MACD_bull & BB_pctB_0.8-1.0 & ADX_gt25 & CCI_gt100 & WilliamsR_gt-50 & EMA9_gt_EMA21,6,1793,50.306748466257666,0.024775946774919236,0.011717460080745406,50.36252091466815,0.09699213660248318,0.001374003847212994,0.3908989598083581
781,MACD_bull & Stoch_bull & CCI_gt100 & EMA9_gt_EMA21 & ROC10_pos,5,240,41.66666666666667,-0.15694843578437587,-0.2730128982471666,55.41666666666667,0.09689411278370255,0.03009863969435507,0.36344430788176496
782,CCI_gt100 & EMA9_gt_EMA21,2,6575,49.59695817490494,0.01815160478305916,-0.009167583425013857,50.50950570342205,0.09689285178668734,0.002947294793071878,0.394017521803135
783,RSI_50_70 & ADX_gt25 & Stoch_bull & WilliamsR_gt-50 & EMA9_gt_EMA21 & ROC10_pos,6,473,50.10570824524313,0.09592013048387961,0.009446438692617718,52.00845665961945,0.09688935461574798,0.026064550229603526,0.3826874128617772
784,MACD_bull & BB_pctB_0.8-1.0 & Stoch_bull & WilliamsR_gt-50 & EMA9_gt_EMA21,5,285,40.70175438596491,-0.2583439060984491,-0.30390143737166697,53.333333333333336,0.09683784786820515,0.015608389574128785,0.3722441712597457
785,RSI_50_70 & MACD_bull & ADX_gt25 & CCI_gt100 & EMA9_gt_EMA21 & ROC10_pos,6,1115,49.775784753363226,-0.005062199201318423,0.0,50.04484304932736,0.09669720267433671,0.0005074399084086192,0.3991553788594833
786,RSI_50_70 & MACD_bull & Stoch_bull & CCI_gt100 & EMA9_gt_EMA21,5,248,41.53225806451613,-0.1780753561641665,-0.2730128982471666,56.451612903225815,0.09665666579896538,0.034152016743546565,0.35936073132550855
787,RSI_50_70 & MACD_bull & ADX_gt25 & CCI_gt100 & EMA9_gt_EMA21,5,1116,49.73118279569893,-0.005241847630204001,-0.0020075483819141783,50.08960573476703,0.09665391345483479,0.0005589118941983006,0.3989791242437445
788,BB_pctB_0.8-1.0 & ADX_gt25 & WilliamsR_gt-50 & EMA9_gt_EMA21 & ROC10_pos,5,2282,50.08764241893077,0.005914386140755421,0.006270826145604494,50.48203330411919,0.09653318382334876,0.0022103465367623422,0.3890113350000814
789,ADX_gt25 & Stoch_bull & WilliamsR_gt-50 & EMA9_gt_EMA21,4,601,50.74875207986689,0.10962919720089531,0.035081091291792495,52.911813643926784,0.09647344058415556,0.020578778135043427,0.3747591624092618
790,BB_pctB_0.8-1.0 & ADX_gt25 & EMA9_gt_EMA21 & ROC10_pos,4,2289,49.97815640017475,0.003763275529384294,0.0,50.45871559633027,0.09646076322934556,0.002181455633101706,0.3888311261333435
791,BB_pctB_0.8-1.0 & ADX_gt25 & WilliamsR_gt-50 & EMA9_gt_EMA21,4,2287,50.10931351114998,0.0063046855066026634,0.008448324415649877,50.45911674682991,0.09637339767004587,0.002181455633101706,0.38877032355060887
792,ADX_gt25 & WilliamsR_gt-50 & EMA9_gt_EMA21,3,4939,50.41506377809273,0.035651883367669134,0.017197643922779157,50.41506377809273,0.09634537703887908,0.0022392374404229787,0.40084742079476227
793,BB_pctB_0.8-1.0 & ADX_gt25 & EMA9_gt_EMA21,3,2294,50.0,0.00415707247914432,0.0018185785989653933,50.4359197907585,0.0963016225015192,0.0019735258659844194,0.38859110252315876
794,RSI_50_70 & MACD_bull & ADX_gt25 & CCI_gt100 & WilliamsR_gt-50 & EMA9_gt_EMA21 & ROC10_pos,7,1107,49.86449864498645,-0.0022344726603339103,0.0,50.04516711833785,0.09593383312104703,0.0005074399084086192,0.3991559465906463
795,RSI_50_70 & MACD_bull & ADX_gt25 & CCI_gt100 & WilliamsR_gt-50 & EMA9_gt_EMA21,6,1108,49.81949458483754,-0.0024179702895552905,0.0,50.09025270758123,0.09589092030569427,0.0005589118941983006,0.39897833612825023
796,RSI_50_70 & BB_pctB_0.8-1.0 & Stoch_bull & CCI_gt100 & WilliamsR_gt-50,5,271,42.066420664206646,-0.26050186447740936,-0.260360164894781,53.13653136531366,0.095846535259472,0.020578778135043427,0.370282088191801
797,BB_pctB_0.8-1.0 & ADX_gt25 & CCI_gt100 & ROC10_pos,4,2081,50.31234983181163,0.017321438564375343,0.011717460080745406,49.78375780874579,0.09552028949481206,-0.0017172131147516981,0.39425941915665913
798,BB_pctB_0.8-1.0 & ADX_gt25 & CCI_gt100,3,2082,50.28818443804035,0.017214391837957477,0.011357767708783544,49.80787704130643,0.09549765075524212,-0.0016546327943998975,0.39416607783447827
799,BB_pctB_0.8-1.0 & ADX_gt25 & CCI_gt100 & WilliamsR_gt-50 & ROC10_pos,5,2077,50.36109773712085,0.018445417440861363,0.01630417060683876,49.78334135772749,0.09531822478604476,-0.0017172131147516981,0.3942726748528497
800,BB_pctB_0.8-1.0 & ADX_gt25 & CCI_gt100 & WilliamsR_gt-50,4,2078,50.33686236766122,0.018337623762671524,0.014010815343792083,49.80750721847931,0.09529563970852992,-0.0016546327943998975,0.39417913900036655
801,RSI_50_70 & BB_pctB_0.8-1.0 & Stoch_bull & CCI_gt100 & EMA9_gt_EMA21,5,239,41.84100418410041,-0.1781423056147667,-0.27659574468085646,54.39330543933054,0.09493994222776102,0.024604651162784583,0.3543951481127659
802,RSI_50_70 & ADX_gt25 & Stoch_bull & WilliamsR_gt-50 & EMA9_gt_EMA21,5,584,51.02739726027398,0.11937977385800244,0.05005344221023393,52.73972602739726,0.09485618189449141,0.020400439533552264,0.3761190695957522
803,MACD_bull & Stoch_bull,2,2636,47.268588770864945,0.0031066259434454125,-0.0711990640192717,50.72078907435509,0.09444891410547614,0.0047741914935712886,0.3947719738582804
804,MACD_bull & Stoch_bull & WilliamsR_gt-50 & ROC10_pos,4,1573,46.34456452638271,-0.07167716135841533,-0.08966599417171377,50.603941513032424,0.09444556422522511,0.00442748091604372,0.3886900632528184
805,MACD_bull & Stoch_bull & CCI_gt100 & WilliamsR_gt-50 & EMA9_gt_EMA21,5,250,42.0,-0.17321264523968333,-0.2687183759904936,56.39999999999999,0.09442493294792861,0.03009863969435507,0.3548823440119138
806,BB_pctB_0.8-1.0 & Stoch_bull & CCI_gt100 & EMA9_gt_EMA21,4,246,42.68292682926829,-0.1483574096199062,-0.2641834325311457,54.47154471544715,0.09435117306955144,0.02347577556237295,0.3534508801148802
807,RSI_50_70 & ADX_gt25 & Stoch_bull & ROC10_pos,4,578,48.96193771626297,0.04214630282219256,-0.027890198835024103,51.21107266435986,0.0940519544793318,0.014039912122261022,0.3800223951942079
808,RSI_50_70 & BB_pctB_0.8-1.0 & ADX_gt25 & ROC10_pos,4,1264,48.892405063291136,-0.05004348263572563,-0.022088685304500838,49.5253164556962,0.09373911602659749,-0.0069279128788230625,0.39586619238014326
809,RSI_50_70 & BB_pctB_0.8-1.0 & ADX_gt25 & WilliamsR_gt-50 & ROC10_pos,5,1255,49.16334661354582,-0.042954052250803565,-0.010102030508122948,49.56175298804781,0.09369686012832236,-0.006860503103565829,0.39603336202043593
810,RSI_50_70 & BB_pctB_0.8-1.0 & ADX_gt25,3,1269,48.93617021276596,-0.04911960242014247,-0.02112527286810201,49.48778565799842,0.09346215732398133,-0.006995322654080296,0.3954104236567906
811,RSI_50_70 & BB_pctB_0.8-1.0 & ADX_gt25 & WilliamsR_gt-50,4,1260,49.2063492063492,-0.04205170555108099,-0.009520488750085928,49.523809523809526,0.09341809083139495,-0.0069279128788230625,0.39557383553257125
812,RSI_50_70 & BB_pctB_0.8-1.0 & Stoch_bull & CCI_gt100 & WilliamsR_gt-50 & EMA9_gt_EMA21,6,237,42.19409282700422,-0.16349374344635587,-0.2680067001675104,54.43037974683544,0.09340419102051498,0.024604651162784583,0.3528826543860327
813,ADX_gt25 & Stoch_bull & EMA9_gt_EMA21 & ROC10_pos,4,556,49.10071942446043,0.07214582298408977,-0.017752261927634478,51.97841726618705,0.09336148179530854,0.01644304106597965,0.37589567950266395
814,BB_pctB_0.8-1.0 & Stoch_bull & CCI_gt100 & WilliamsR_gt-50 & EMA9_gt_EMA21,5,244,43.0327868852459,-0.1338849545957132,-0.2382697399738427,54.50819672131148,0.0928546543218722,0.02347577556237295,0.35196771774122665
815,RSI_50_70 & ADX_gt25 & ROC10_pos,3,3470,50.63400576368876,0.04456133888097522,0.027980289540653413,49.42363112391931,0.09284579092707285,-0.005008608989947734,0.39763390011351524
816,RSI_50_70 & ADX_gt25 & WilliamsR_gt-50 & ROC10_pos,4,3133,50.27130545802745,0.032066213959736495,0.011717460080745406,49.44142993935525,0.09281982379452207,-0.005029585798821364,0.39597859775167943
817,ADX_gt25 & EMA9_gt_EMA21,2,6232,51.010911424903725,0.05737923510721887,0.04605315824926158,49.903722721437745,0.09280260022399442,-0.001321977761589911,0.40083319009834595
818,MACD_bull & Stoch_bull & CCI_gt100 & EMA9_gt_EMA21,4,254,41.732283464566926,-0.1760142276169116,-0.2730128982471666,55.90551181102362,0.09275624471478341,0.025744948532207816,0.3566044155118075
819,ADX_gt25 & Stoch_bull & ROC10_pos,3,922,48.04772234273319,0.04304091792919147,-0.07063877407998125,51.40997830802603,0.09266090399110632,0.013826013117374237,0.3827483626337427
820,BB_pctB_0.8-1.0 & ADX_gt25 & CCI_gt100 & EMA9_gt_EMA21 & ROC10_pos,5,1996,50.20040080160321,0.009388904465251703,0.009716229132610596,49.8496993987976,0.0921060426342192,-0.001493732315574521,0.3863480754697255
821,BB_pctB_0.8-1.0 & ADX_gt25 & CCI_gt100 & EMA9_gt_EMA21,4,1997,50.17526289434151,0.009281273643868191,0.009446438692617718,49.87481221832749,0.09208414999079204,-0.0013954121571009453,0.3862525696266246
822,Stoch_bull & WilliamsR_gt-50,2,3625,49.37931034482759,0.03160831502284997,-0.01180637544274512,51.255172413793105,0.09200899881415306,0.007494307208944603,0.3825829809375109
823,BB_pctB_0.8-1.0 & ADX_gt25 & CCI_gt100 & WilliamsR_gt-50 & EMA9_gt_EMA21 & ROC10_pos,6,1992,50.25100401606426,0.010544915504440944,0.010492047454712577,49.84939759036144,0.09188849976898225,-0.001493732315574521,0.38634423281749647
824,BB_pctB_0.8-1.0 & ADX_gt25 & CCI_gt100 & WilliamsR_gt-50 & EMA9_gt_EMA21,5,1993,50.22579026593076,0.01043648862970835,0.009986019572603472,49.8745609633718,0.09186667233995123,-0.0013954121571009453,0.38624852392512943
825,RSI_50_70 & BB_pctB_0.8-1.0 & ADX_gt25 & WilliamsR_gt-50 & EMA9_gt_EMA21 & ROC10_pos,6,1169,48.93071000855432,-0.05067206431616581,-0.02020406101626025,50.213857998289136,0.09176106649740748,0.001374003847212994,0.3903347173981878
826,RSI_50_70 & MACD_bull & ADX_gt25 & ROC10_pos,4,2366,49.323753169907015,-0.005211807151387521,-0.009414016999258205,49.196956889264584,0.09170126594463936,-0.006170108912584611,0.3942947792256497
827,RSI_50_70 & BB_pctB_0.8-1.0 & ADX_gt25 & EMA9_gt_EMA21 & ROC10_pos,5,1176,48.724489795918366,-0.05452222336057912,-0.025576123335847693,50.17006802721088,0.09164851044435329,0.000992193863600488,0.3899756419530631
828,RSI_50_70 & ADX_gt25 & Stoch_bull & EMA9_gt_EMA21 & ROC10_pos,5,539,49.16512059369202,0.07388032953004783,-0.015300462839008707,51.76252319109462,0.09161662872747907,0.016266463218764782,0.37747332299369446
829,RSI_50_70 & BB_pctB_0.8-1.0 & ADX_gt25 & WilliamsR_gt-50 & EMA9_gt_EMA21,5,1174,48.9778534923339,-0.04967074668245435,-0.017957490052511908,50.170357751277685,0.09147012071719116,0.000992193863600488,0.38985730938273666
830,RSI_50_70 & BB_pctB_0.8-1.0 & ADX_gt25 & EMA9_gt_EMA21,4,1181,48.772226926333616,-0.05351054029775158,-0.02305209774089966,50.12701100762066,0.09135976568084044,0.000610383879987982,0.38950206809240584
831,RSI_50_70 & MACD_bull & ADX_gt25,3,2440,49.34426229508197,-0.006931665285573032,-0.009414016999258205,49.01639344262295,0.09073402994773075,-0.007666337940516169,0.39293635635054547
832,RSI_50_70 & MACD_bull & ADX_gt25 & WilliamsR_gt-50 & ROC10_pos,5,2268,49.074074074074076,-0.018952559677235133,-0.018650162938955512,49.11816578483245,0.09072122172396922,-0.0073168369668915895,0.3950575151703109
833,RSI_50_70 & MACD_bull & BB_pctB_0.8-1.0 & ADX_gt25 & ROC10_pos,5,1067,49.01593252108716,-0.03613023418486677,-0.02020406101626025,48.73477038425492,0.09070184710777164,-0.011237690673875141,0.39174689628092446
834,RSI_50_70 & MACD_bull & BB_pctB_0.8-1.0 & ADX_gt25,4,1069,48.92422825070159,-0.037961223084561686,-0.02112527286810201,48.73713751169318,0.09046978278134149,-0.011237690673875141,0.391432927736909
835,RSI_50_70 & ADX_gt25 & WilliamsR_gt-50,3,3440,50.72674418604651,0.04024188410879336,0.03034853378437901,49.47674418604651,0.09042314002894039,-0.00497322103334784,0.39684093619374916
836,RSI_50_70 & MACD_bull & BB_pctB_0.8-1.0 & ADX_gt25 & WilliamsR_gt-50 & ROC10_pos,6,1060,49.24528301886792,-0.02928831120659572,-0.009414016999258205,48.77358490566038,0.09038383255024508,-0.011175347808389639,0.39158768054405413
837,MACD_bull & Stoch_bull & ROC10_pos,3,1812,46.30242825607064,-0.05941146168986559,-0.09978731550586964,50.44150110375276,0.09034725895628218,0.0027379764592455106,0.38731242254232734
838,RSI_50_70 & MACD_bull & BB_pctB_0.8-1.0 & ADX_gt25 & WilliamsR_gt-50,5,1062,49.152542372881356,-0.031144253748714757,-0.012906474798443257,48.7758945386064,0.0901508375070824,-0.011175347808389639,0.3912716235197918
839,ADX_gt25 & Stoch_bull,2,2974,50.201748486886345,0.08694126937897041,0.015844836895092484,51.344989912575656,0.08982986221633789,0.011676931443265821,0.3799507093953974
840,RSI_50_70 & MACD_bull & Stoch_bull,3,1329,46.72686230248307,-0.07917277465955057,-0.08872327211427558,50.41384499623778,0.08968478858807008,0.002215140680853148,0.3837572712826643
841,MACD_bull & WilliamsR_gt-50,2,12228,49.17402682368335,0.011469128800946086,-0.019371033660923156,49.23945044160942,0.0895535402031992,-0.006230401280103251,0.3929834839259967
842,Stoch_bull & WilliamsR_gt-50 & ROC10_pos,3,2498,48.919135308246595,-0.011019173222382581,-0.022099768740759473,51.00080064051241,0.08938520371198387,0.006786145717724155,0.3795881797075588
843,RSI_50_70 & MACD_bull & Stoch_bull & WilliamsR_gt-50,4,1257,46.77804295942721,-0.07429498037290895,-0.08504162563781117,50.278440731901355,0.08937048463206622,0.002099922486088349,0.3853355096809794
844,RSI_50_70 & MACD_bull & ADX_gt25 & WilliamsR_gt-50,4,2323,49.16056823073612,-0.02000956376604885,-0.015815277558118,48.90228153250107,0.08919268639473203,-0.008745663684511512,0.3933004664452195
845,MACD_bull & WilliamsR_gt-50 & ROC10_pos,3,11428,49.15120756037802,0.0051933683133458105,-0.019595377419582553,49.2299614980749,0.08911752055978142,-0.006512394578291168,0.39158626277250375
846,RSI_50_70 & ADX_gt25,2,4419,50.780719619823486,0.04356289173050877,0.03268945022288667,49.24190993437429,0.08889173899312595,-0.006192849404111968,0.39858524020927266
847,ADX_gt25,1,10116,51.16646896006327,0.07369880900730533,0.05260133651456767,49.75286674574931,0.08849258969300865,-0.0019157665349102014,0.39326681499883553
848,RSI_50_70 & MACD_bull & BB_pctB_0.8-1.0 & ADX_gt25 & EMA9_gt_EMA21 & ROC10_pos,6,979,48.825331971399386,-0.0402595837545829,-0.02112527286810201,49.43820224719101,0.08791754493251541,-0.007638351279702884,0.38418080215449946
849,RSI_50_70 & MACD_bull & Stoch_bull & ROC10_pos,4,1136,45.686619718309856,-0.13253939912169357,-0.12072473737634556,50.176056338028175,0.08789368736802575,0.0015439094781916553,0.3772869175203327
850,RSI_50_70 & MACD_bull & BB_pctB_0.8-1.0 & ADX_gt25 & WilliamsR_gt-50 & EMA9_gt_EMA21 & ROC10_pos,7,974,48.97330595482546,-0.037344884486479296,-0.017957490052511908,49.48665297741273,0.08776795665060018,-0.007249427191634357,0.38423252751865483
851,RSI_50_70 & MACD_bull & BB_pctB_0.8-1.0 & ADX_gt25 & EMA9_gt_EMA21,5,981,48.725790010193684,-0.042246401730764806,-0.02305209774089966,49.43934760448522,0.08767033987583515,-0.007638351279702884,0.3838456867492713
852,RSI_50_70 & MACD_bull & Stoch_bull & WilliamsR_gt-50 & ROC10_pos,5,1080,45.925925925925924,-0.12095878484677267,-0.10821910939967794,50.09259259259259,0.0876496963134057,0.0015439094781916553,0.3782922183619995
853,RSI_50_70 & BB_pctB_0.8-1.0 & ADX_gt25 & Stoch_bull & VolRatio_gt1.2 & CCI_gt100 & EMA9_gt_EMA21,7,28,32.142857142857146,-0.38894797420498856,-1.3040745507118536,50.0,0.08759284585564762,0.033199958999001904,0.35070464886505
854,RSI_50_70 & BB_pctB_0.8-1.0 & ADX_gt25 & Stoch_bull & VolRatio_gt1.2 & CCI_gt100 & WilliamsR_gt-50 & EMA9_gt_EMA21,8,28,32.142857142857146,-0.38894797420498856,-1.3040745507118536,50.0,0.08759284585564762,0.033199958999001904,0.35070464886505
855,RSI_50_70 & BB_pctB_0.8-1.0 & ADX_gt25 & Stoch_bull & VolRatio_gt1.2 & CCI_gt100 & EMA9_gt_EMA21 & ROC10_pos,8,28,32.142857142857146,-0.38894797420498856,-1.3040745507118536,50.0,0.08759284585564762,0.033199958999001904,0.35070464886505
856,RSI_50_70 & BB_pctB_0.8-1.0 & ADX_gt25 & Stoch_bull & VolRatio_gt1.2 & CCI_gt100 & WilliamsR_gt-50 & EMA9_gt_EMA21 & ROC10_pos,9,28,32.142857142857146,-0.38894797420498856,-1.3040745507118536,50.0,0.08759284585564762,0.033199958999001904,0.35070464886505
857,RSI_50_70 & MACD_bull & BB_pctB_0.8-1.0 & ADX_gt25 & CCI_gt100 & ROC10_pos,6,919,49.83677910772579,-0.0037905737135208797,0.0,48.96626768226333,0.08754877130740146,-0.009770397703978594,0.3906761733648
858,RSI_50_70 & MACD_bull & BB_pctB_0.8-1.0 & ADX_gt25 & WilliamsR_gt-50 & EMA9_gt_EMA21,6,976,48.87295081967213,-0.03934785357784268,-0.02066466694218113,49.48770491803279,0.08751979170793678,-0.007249427191634357,0.38389553691325784
859,RSI_50_70 & MACD_bull & BB_pctB_0.8-1.0 & ADX_gt25 & CCI_gt100,5,920,49.78260869565217,-0.004009877270177513,0.0,49.02173913043478,0.08750620354914361,-0.009600769443624058,0.3904659240119764
860,WilliamsR_gt-50 & ROC10_pos,2,13454,49.814181656013076,0.02562699457173026,0.0,49.25672662405233,0.08732475790989759,-0.00662953622416936,0.38771050724517686
861,RSI_50_70 & ADX_gt25 & EMA9_gt_EMA21 & ROC10_pos,4,3246,50.554528650646944,0.040613602786372396,0.020278637688781187,49.32224276032039,0.08729391122469014,-0.006503935762311541,0.38903512859598316
862,RSI_50_70 & MACD_bull & BB_pctB_0.8-1.0 & ADX_gt25 & CCI_gt100 & WilliamsR_gt-50 & ROC10_pos,7,915,49.94535519125683,-0.0013314960333570833,0.0,48.96174863387978,0.08705524729334756,-0.009770397703978594,0.390680895588001
863,RSI_50_70 & MACD_bull & BB_pctB_0.8-1.0 & ADX_gt25 & CCI_gt100 & WilliamsR_gt-50,6,916,49.890829694323145,-0.0015544418300866161,0.0,49.0174672489083,0.0870130324313572,-0.009600769443624058,0.3904696716148237
864,RSI_50_70 & ADX_gt25 & WilliamsR_gt-50 & EMA9_gt_EMA21 & ROC10_pos,5,2916,50.10288065843621,0.02336591117898337,0.006460366625050633,49.34842249657064,0.08682524195385968,-0.007249427191634357,0.38606288226015684
865,MACD_bull & WilliamsR_gt-50 & EMA9_gt_EMA21 & ROC10_pos,4,9469,49.31882986587813,-0.003188274880194841,-0.015736348717486047,49.24490442496568,0.0866005610034844,-0.006663205261335945,0.38792641198828576
866,WilliamsR_gt-50,1,15251,49.9114812143466,0.03168625436645602,0.0,49.22300177037571,0.08656535423401794,-0.006563327773973135,0.38728219799980523
867,RSI_50_70 & Stoch_bull & WilliamsR_gt-50,3,2590,49.42084942084942,-0.0046775538194802945,-0.012806595243326965,50.965250965250966,0.08640975977534616,0.0064035774689202365,0.37501413150958146
868,MACD_bull & Stoch_bull & EMA9_gt_EMA21,3,965,46.21761658031088,-0.07882750527719863,-0.10872519706441736,51.917098445595855,0.08631179531492501,0.007084188911700204,0.3764841385827312
869,RSI_50_70 & Stoch_bull & WilliamsR_gt-50 & ROC10_pos,4,1913,48.771562990067956,-0.039610805008709914,-0.025474461852006407,51.01934134866701,0.0860196568834772,0.0070698586028239,0.3731546828935229
870,RSI_50_70 & BB_pctB_0.8-1.0 & ADX_gt25 & CCI_gt100 & ROC10_pos,5,1069,49.39195509822264,-0.03632808684346768,-0.007412074268977434,49.11131898971001,0.0856367328519414,-0.009431141183269522,0.38733391087591584
871,RSI_50_70 & BB_pctB_0.8-1.0 & ADX_gt25 & CCI_gt100,4,1070,49.34579439252336,-0.03648623802009772,-0.008069038879685447,49.1588785046729,0.08560191948825752,-0.008562732892299488,0.3871545446448539
872,MACD_bull & WilliamsR_gt-50 & EMA9_gt_EMA21,3,9797,49.280391956721445,-0.0030555849659075827,-0.016129032258068183,49.045626212105745,0.08555055218678251,-0.007890769449594983,0.38823915826015865
873,Stoch_bull & ROC10_pos,2,3108,48.359073359073356,-0.023344053057769945,-0.04255338412577196,50.67567567567568,0.08540419240828169,0.004839652483893219,0.3765630169295266
874,RSI_50_70 & BB_pctB_0.8-1.0 & ADX_gt25 & CCI_gt100 & WilliamsR_gt-50 & ROC10_pos,6,1065,49.483568075117375,-0.03433756475442534,-0.005955660110472078,49.10798122065728,0.0852055378973112,-0.009431141183269522,0.3873233149163468
875,RSI_50_70 & BB_pctB_0.8-1.0 & ADX_gt25 & CCI_gt100 & WilliamsR_gt-50,5,1066,49.43714821763602,-0.0344981766503758,-0.006683867189724756,49.15572232645403,0.08517099839994992,-0.008562732892299488,0.3871432418373605
876,WilliamsR_gt-50 & EMA9_gt_EMA21 & ROC10_pos,3,11233,49.93323244013175,0.018045894695941422,0.0,49.22994747618624,0.08495404493960204,-0.006958630318166805,0.3849420666909819
877,RSI_50_70 & MACD_bull & Stoch_bull & EMA9_gt_EMA21,4,938,46.375266524520256,-0.06743454055703181,-0.10029466111102156,51.91897654584222,0.08485263114782834,0.007948701398738833,0.37595054763591085
878,RSI_50_70 & ADX_gt25 & WilliamsR_gt-50 & EMA9_gt_EMA21,4,3207,50.545681322107896,0.031047486408533324,0.017197643922779157,49.3607733083879,0.08453275603160727,-0.006847383896574023,0.3875954730627352
879,RSI_50_70 & CCI_gt100 & WilliamsR_gt-50 & ROC10_pos,4,4945,49.30232558139535,0.00015440547958121557,-0.015958295654024755,49.30232558139535,0.08447953797183327,-0.006995322654080296,0.3810725780281476
880,MACD_bull & ROC10_pos,2,12424,49.28364455891822,0.009937572850915104,-0.01611533877673109,48.832904056664525,0.08435248764426573,-0.008927082800190434,0.38711683663287333
881,RSI_50_70 & Stoch_bull & ROC10_pos,3,2153,48.49047840222945,-0.044834888641201665,-0.0380059542661698,50.85926614026939,0.08434083027099513,0.005593869731812231,0.3701027376772543
882,RSI_50_70 & CCI_gt100 & WilliamsR_gt-50,3,4989,49.36861094407697,0.0010411890125682749,-0.013400976356858432,49.30847865303668,0.08433394702354255,-0.006995322654080296,0.3805527550446434
883,RSI_50_70 & MACD_bull & Stoch_bull & EMA9_gt_EMA21 & ROC10_pos,5,834,45.80335731414868,-0.09238283006292279,-0.12072473737634556,51.91846522781775,0.0842915134397803,0.009525762984172213,0.3663846393216495
884,MACD_bull & Stoch_bull & EMA9_gt_EMA21 & ROC10_pos,4,856,45.677570093457945,-0.10175774311319291,-0.14237511829870417,51.98598130841121,0.08426152638292288,0.009525762984172213,0.36459589946141113
885,RSI_50_70 & CCI_gt100,2,5017,49.33227028104445,0.0012848576256641354,-0.015710919088763566,49.23260912896153,0.08408084551808304,-0.008042993577593574,0.38034871074611143
886,RSI_50_70 & CCI_gt100 & ROC10_pos,3,4970,49.27565392354125,0.00045278550327429744,-0.016298018249159246,49.21529175050302,0.08406295729433075,-0.008198094838635895,0.3807783261543762
887,RSI_50_70 & ADX_gt25 & EMA9_gt_EMA21,3,4164,50.720461095100866,0.039024376940361774,0.028421934145756125,49.08741594620557,0.08403798543268598,-0.00844967601374565,0.39182401270817074
888,MACD_bull & EMA9_gt_EMA21 & ROC10_pos,3,9942,49.38644135988734,0.0005153797991763146,-0.013820486058971388,48.98410782538725,0.08402722389849104,-0.008411731381047349,0.38573743570776814
889,MACD_bull & Stoch_bull & WilliamsR_gt-50 & EMA9_gt_EMA21,4,913,46.22124863088718,-0.07686930432340303,-0.10771302173493853,51.69769989047097,0.08393108958821092,0.006631639648886227,0.374938457560357
890,RSI_50_70 & MACD_bull & Stoch_bull & WilliamsR_gt-50 & EMA9_gt_EMA21 & ROC10_pos,6,796,45.97989949748744,-0.08742193938768862,-0.10821910939967794,51.88442211055276,0.08376731925852035,0.010407499839952667,0.36600344487318615
891,RSI_50_70 & MACD_bull & Stoch_bull & WilliamsR_gt-50 & EMA9_gt_EMA21,5,895,46.36871508379888,-0.07123760521235407,-0.0935934374483843,51.73184357541899,0.08372109318207832,0.007084188911700204,0.37562608000022935
892,MACD_bull & Stoch_bull & WilliamsR_gt-50 & EMA9_gt_EMA21 & ROC10_pos,5,812,45.812807881773395,-0.09304902490828308,-0.1205598137741796,51.847290640394085,0.08348082923197675,0.009525762984172213,0.3645724101039143
893,RSI_50_70 & MACD_bull & ADX_gt25 & Stoch_bull & VolRatio_gt1.2 & EMA9_gt_EMA21 & ROC10_pos,7,35,40.0,0.011723462782630964,-0.32846715328466325,51.42857142857142,0.08333656021292148,0.06658006435795003,0.3848061010391357
894,MACD_bull,1,14591,49.38660818312658,0.013578478580546758,-0.01380681504390881,48.67384003837982,0.08321330739208632,-0.010174418604658434,0.3862008784530049
895,RSI_50_70 & MACD_bull & ADX_gt25 & EMA9_gt_EMA21 & ROC10_pos,5,2151,49.09344490934449,-0.016280833530123374,-0.015815277558118,49.04695490469549,0.08307134091827521,-0.008615078047157559,0.3800897382363764
896,RSI_50_70 & MACD_bull & ADX_gt25 & Stoch_bull & VolRatio_gt1.2 & WilliamsR_gt-50 & EMA9_gt_EMA21 & ROC10_pos,8,34,41.17647058823529,0.08799627951040703,-0.32278070838058615,50.0,0.08290154406884997,0.03249400594195096,0.3904155231525646
897,WilliamsR_gt-50 & EMA9_gt_EMA21,2,12193,49.98769785942754,0.018804222511494727,0.0,48.98712375953416,0.08284260862108948,-0.008990912750911304,0.3844424331506141
898,RSI_50_70 & MACD_bull & CCI_gt100 & WilliamsR_gt-50 & ROC10_pos,5,4616,48.98180242634315,-0.009112147371159675,-0.02468332097683068,49.06845753899481,0.08281062588584409,-0.008828723861396305,0.3783471660190825
899,RSI_50_70 & MACD_bull & CCI_gt100 & ROC10_pos,4,4636,48.94305435720449,-0.009130811981329836,-0.025857021800085943,49.00776531492666,0.08260077853525656,-0.009568369038739442,0.3781067949981088
900,RSI_50_70 & MACD_bull & CCI_gt100 & WilliamsR_gt-50,4,4652,49.01117798796217,-0.009054899990872336,-0.023887112441001633,49.075666380051594,0.0825669956980689,-0.008828723861396305,0.377933767258052
901,RSI_50_70 & MACD_bull & BB_pctB_0.8-1.0 & ADX_gt25 & CCI_gt100 & EMA9_gt_EMA21 & ROC10_pos,7,850,49.529411764705884,-0.012930521388470416,-0.0049853784371502174,49.1764705882353,0.08254100390365168,-0.008562732892299488,0.3815653339090816
902,MACD_bull & EMA9_gt_EMA21,2,10478,49.38919641152892,0.0015302155951992767,-0.014010401413778233,48.73067379270854,0.08250576293027505,-0.010540292132281845,0.38507335506813295
903,RSI_50_70 & MACD_bull & BB_pctB_0.8-1.0 & ADX_gt25 & CCI_gt100 & EMA9_gt_EMA21,6,851,49.471210340775556,-0.013156866070549321,-0.005955660110472078,49.23619271445359,0.08250086927357711,-0.007694324601329453,0.3813428767630066
904,RSI_50_70 & MACD_bull & CCI_gt100,3,4674,48.973042362002566,-0.009093023167851018,-0.025456530516385006,49.01583226358579,0.08246492581098873,-0.009568369038739442,0.3778044029030085
905,RSI_50_70 & ADX_gt25 & Stoch_bull,3,900,49.888888888888886,0.07014997563539539,0.0,50.888888888888886,0.08235107378220138,0.0064035774689202365,0.36821022506512147
906,EMA9_gt_EMA21 & ROC10_pos,2,12299,50.17481096024067,0.024809461447689474,0.009426403355804417,48.89828441336694,0.08217121444951093,-0.009611650485432725,0.3839742770701689
907,ROC10_pos,1,15370,50.05204944697462,0.02966870867269583,0.004233316609867132,48.757319453480804,0.0821324954040773,-0.010199944902117761,0.3839748874696263
908,RSI_50_70 & Stoch_bull & WilliamsR_gt-50 & EMA9_gt_EMA21 & ROC10_pos,5,1498,49.13217623497997,-0.019139093886192136,-0.015938669049015433,52.00267022696929,0.08200704197407738,0.015587620837320043,0.3664810805391906
909,RSI_50_70 & CCI_gt100 & WilliamsR_gt-50 & EMA9_gt_EMA21 & ROC10_pos,5,4615,49.14409534127844,0.0022620679134272978,-0.01885014137605657,49.42578548212351,0.08199920966417733,-0.0064289219695795605,0.3760102027495323
910,RSI_50_70 & MACD_bull & BB_pctB_0.8-1.0 & ADX_gt25 & CCI_gt100 & WilliamsR_gt-50 & EMA9_gt_EMA21 & ROC10_pos,8,846,49.645390070921984,-0.010314095517725632,-0.0020075483819141783,49.1725768321513,0.08198355054375296,-0.008562732892299488,0.38151974618620593
911,RSI_50_70 & MACD_bull & BB_pctB_0.8-1.0 & ADX_gt25 & CCI_gt100 & WilliamsR_gt-50 & EMA9_gt_EMA21,7,847,49.586776859504134,-0.010544598174537782,-0.004015096763828357,49.23258559622196,0.08194388452623991,-0.007694324601329453,0.3812962068883502
912,RSI_50_70 & CCI_gt100 & WilliamsR_gt-50 & EMA9_gt_EMA21,4,4656,49.22680412371135,0.004253860464699047,-0.016298018249159246,49.420103092783506,0.08191310814436892,-0.006512394578291168,0.3755608806871658
913,Stoch_bull & EMA9_gt_EMA21 & ROC10_pos,3,1733,48.75937680323139,-0.02545078583229408,-0.02020406101626025,51.81765724177726,0.08184011297888517,0.01209925606890548,0.3642232470089437
914,Stoch_bull & WilliamsR_gt-50 & EMA9_gt_EMA21 & ROC10_pos,4,1523,48.916611950098485,-0.023177992182776396,-0.01843657817110088,51.936966513460284,0.08176859296182035,0.014888509885671485,0.3654146383718927
915,RSI_50_70 & MACD_bull & ADX_gt25 & WilliamsR_gt-50 & EMA9_gt_EMA21 & ROC10_pos,6,2056,48.735408560311285,-0.03544866572511215,-0.022088685304500838,48.97859922178988,0.08171552538211284,-0.009036147019255356,0.38029543871326116
916,RSI_50_70 & CCI_gt100 & EMA9_gt_EMA21 & ROC10_pos,4,4639,49.105410648846735,0.0025529075545353062,-0.01945525291828407,49.34253071782712,0.08158880477476455,-0.006802472845912749,0.37575273008373916
917,RSI_50_70 & MACD_bull & ADX_gt25 & EMA9_gt_EMA21,4,2217,49.12043301759134,-0.02048175852126138,-0.015815277558118,48.84979702300406,0.08155985394496752,-0.009431141183269522,0.37805768191147726
918,RSI_50_70 & Stoch_bull & EMA9_gt_EMA21 & ROC10_pos,4,1689,49.02309058614564,-0.015305314228246353,-0.018375597206918625,51.865008880994665,0.08153318220793858,0.013688554733789745,0.3655911812483277
919,RSI_50_70 & CCI_gt100 & EMA9_gt_EMA21,3,4682,49.18838103374627,0.004626744709947366,-0.018334210456586144,49.33788979068774,0.08151459851786869,-0.006804285404276961,0.37527680192240215
920,RSI_50_70 & BB_pctB_0.8-1.0 & ADX_gt25 & CCI_gt100 & EMA9_gt_EMA21 & ROC10_pos,6,1000,49.1,-0.04634213077314112,-0.009520488750085928,49.3,0.08124819990532733,-0.007666337940516169,0.3792799239887776
921,RSI_50_70 & BB_pctB_0.8-1.0 & ADX_gt25 & CCI_gt100 & EMA9_gt_EMA21,5,1001,49.05094905094905,-0.04650117943953919,-0.010102030508122948,49.35064935064935,0.08121537096806947,-0.007638351279702884,0.37909184761593684
922,RSI_50_70 & BB_pctB_0.8-1.0 & ADX_gt25 & CCI_gt100 & WilliamsR_gt-50 & EMA9_gt_EMA21 & ROC10_pos,7,996,49.19678714859438,-0.04425392811339074,-0.008832475241221185,49.29718875502008,0.08076950838076147,-0.007666337940516169,0.37923018470072783
923,RSI_50_70 & BB_pctB_0.8-1.0 & ADX_gt25 & CCI_gt100 & WilliamsR_gt-50 & EMA9_gt_EMA21,6,997,49.14744232698094,-0.044415709374899484,-0.00893894699204891,49.34804413239719,0.08073702786454223,-0.007638351279702884,0.37904133742155965
924,RSI_50_70 & Stoch_bull,2,3452,49.159907300115876,-0.00939253518492072,-0.01703493473960493,50.02896871378911,0.08014515291790096,9.30282243292541e-05,0.37312976209075743
925,Stoch_bull & WilliamsR_gt-50 & EMA9_gt_EMA21,3,1970,49.035532994923855,-0.014613453321048579,-0.017327726552686308,51.52284263959391,0.08008145937704973,0.010407499839952667,0.3669618156468068
926,RSI_50_70 & MACD_bull & CCI_gt100 & WilliamsR_gt-50 & EMA9_gt_EMA21 & ROC10_pos,6,4287,48.775367389783064,-0.008552266804127334,-0.028579594169763873,49.19524142757173,0.08006441866446871,-0.007694324601329453,0.3725985765580833
927,RSI_50_70 & MACD_bull & CCI_gt100 & EMA9_gt_EMA21 & ROC10_pos,5,4306,48.72271249419415,-0.008596296794980909,-0.03022911920706911,49.14073385973061,0.07987507043260951,-0.008411731381047349,0.3724011110446213
928,RSI_50_70 & MACD_bull & CCI_gt100 & WilliamsR_gt-50 & EMA9_gt_EMA21,5,4320,48.81944444444444,-0.007358730617028067,-0.027873685192526858,49.18981481481482,0.07987368291740803,-0.007868659089461513,0.37226475082475885
929,RSI_50_70 & Stoch_bull & WilliamsR_gt-50 & EMA9_gt_EMA21,4,1942,49.22760041194645,-0.010127770373476076,-0.014602400496259856,51.544799176107105,0.07983767760852623,0.010589281619839248,0.3674509358039397
930,RSI_50_70 & MACD_bull & ADX_gt25 & WilliamsR_gt-50 & EMA9_gt_EMA21,5,2105,48.78859857482185,-0.03951939017514498,-0.02112527286810201,48.74109263657957,0.07966843498104338,-0.009770397703978594,0.3779210872055676
931,RSI_50_70 & MACD_bull & CCI_gt100 & EMA9_gt_EMA21,4,4340,48.77880184331797,-0.007272420762782898,-0.029001860977272264,49.12442396313364,0.07962352256522075,-0.00854267235478702,0.3720503209264775
932,MACD_bull & BB_pctB_0.8-1.0 & WilliamsR_gt-50 & ROC10_pos,4,4826,49.00538748445918,-0.021852128800845645,-0.022212467308553172,49.10899295482801,0.07957877324710837,-0.007669409682492499,0.37624709615720864
933,MACD_bull & BB_pctB_0.8-1.0 & WilliamsR_gt-50,3,4859,49.04301296563079,-0.02062457826220588,-0.02112527286810201,49.104754064622355,0.07954055366318785,-0.007694324601329453,0.37611143474048514
934,MACD_bull & BB_pctB_0.8-1.0 & ROC10_pos,3,4836,48.924731182795696,-0.02499918199425985,-0.025109159551252844,49.069478908188586,0.07949708147771448,-0.007966881513594279,0.37625943206846796
935,MACD_bull & BB_pctB_0.8-1.0,2,4869,48.962826042308485,-0.02375282323011255,-0.024305555555553186,49.06551653316903,0.07945949406143192,-0.008042993577593574,0.37612396196442566
936,BB_pctB_0.8-1.0 & WilliamsR_gt-50,2,5269,49.212374264566336,-0.015244057405280415,-0.017198876340079765,49.174416397798446,0.07929980620415554,-0.007644494763655543,0.37550881233092726
937,ADX_gt25 & Stoch_bull & EMA9_gt_EMA21,3,898,49.88864142538976,0.09226547684501682,0.0,51.44766146993318,0.07921334605065199,0.011612180595319117,0.35865777173668745
938,BB_pctB_0.8-1.0,1,5281,49.11948494603295,-0.018481515902351732,-0.01945525291828407,49.13842075364514,0.07918123083908728,-0.007890769449594983,0.37545860178284646
939,BB_pctB_0.8-1.0 & WilliamsR_gt-50 & ROC10_pos,3,5224,49.119448698315466,-0.018068346865273414,-0.019420366596777018,49.15773353751914,0.07903335634495051,-0.007669409682492499,0.37559063788502906
940,BB_pctB_0.8-1.0 & ROC10_pos,2,5236,49.02597402597403,-0.021327156424004075,-0.02085947971610361,49.12146676852559,0.07891437255873678,-0.007966881513594279,0.3755397346751413
941,Stoch_bull,1,8793,49.914704878880926,0.029158821912832242,0.0,49.56215171158876,0.07866311099268261,-0.0030032220803898418,0.3650652160697162
942,MACD_bull & BB_pctB_0.8-1.0 & CCI_gt100 & ROC10_pos,4,4229,49.01868053913454,-0.00990183338219832,-0.02015722636565667,49.01868053913454,0.07831735435698596,-0.007890769449594983,0.37521984242116174
943,RSI_50_70 & WilliamsR_gt-50 & ROC10_pos,3,10114,49.5847340320348,0.007004954842455448,-0.008890183638897785,48.34882341309076,0.07831585631116778,-0.013428000836073133,0.37822762373929614
944,MACD_bull & BB_pctB_0.8-1.0 & CCI_gt100 & WilliamsR_gt-50 & ROC10_pos,5,4224,49.053030303030305,-0.00924361012092154,-0.019787988632185408,49.02935606060606,0.07826833139984835,-0.007792547025462218,0.3752227281912355
945,MACD_bull & ADX_gt25 & Stoch_bull & VolRatio_gt1.2 & EMA9_gt_EMA21 & ROC10_pos,6,37,37.83783783783784,-0.08837521466215344,-0.41687936021780586,48.64864864864865,0.07825289135675143,-0.0015920524740480966,0.3748678404894677
946,MACD_bull & BB_pctB_0.8-1.0 & CCI_gt100,3,4251,49.04728299223712,-0.010479533720164767,-0.02012072434608675,49.000235238767345,0.07804614681369672,-0.008042993577593574,0.37513766324123954
947,MACD_bull & BB_pctB_0.8-1.0 & CCI_gt100 & WilliamsR_gt-50,4,4246,49.0814884597268,-0.009825401229834278,-0.019420366596777018,49.010833725859634,0.07799705849323847,-0.007966881513594279,0.3751404025076703
948,MACD_bull & BB_pctB_0.8-1.0 & WilliamsR_gt-50 & EMA9_gt_EMA21,4,4529,49.105762861558844,-0.017990577750611688,-0.01945525291828407,49.21616250827998,0.07790919676466482,-0.006860503103565829,0.3706830827720107
949,EMA9_gt_EMA21,1,15851,50.482619393098226,0.033601582665077505,0.019379844961244716,48.205160557693524,0.07789899091462117,-0.014629077791715359,0.38369436588748074
950,MACD_bull & BB_pctB_0.8-1.0 & EMA9_gt_EMA21,3,4535,49.06284454244763,-0.01876166868550527,-0.02015722636565667,49.195148842337375,0.07789039229174427,-0.006926327392974154,0.37067034979193814
951,RSI_50_70 & ADX_gt25 & Stoch_bull & EMA9_gt_EMA21,4,832,50.0,0.0880066805708432,0.004723219346308859,50.84134615384615,0.0777793507599446,0.00609924351071803,0.36393990275982424
952,MACD_bull & BB_pctB_0.8-1.0 & WilliamsR_gt-50 & EMA9_gt_EMA21 & ROC10_pos,5,4501,49.07798267051766,-0.01953881022334437,-0.02012072434608675,49.21128638080427,0.07776043373462842,-0.006860503103565829,0.3706970198791538
953,MACD_bull & BB_pctB_0.8-1.0 & EMA9_gt_EMA21 & ROC10_pos,4,4507,49.03483470157533,-0.020312630501779224,-0.02020406101626025,49.19014865764367,0.07774171048046502,-0.006926327392974154,0.37068418217412236
954,MACD_bull & ADX_gt25 & Stoch_bull & VolRatio_gt1.2 & WilliamsR_gt-50 & EMA9_gt_EMA21 & ROC10_pos,7,36,38.88888888888889,-0.019120295459386663,-0.3726732567512345,47.22222222222222,0.07770082975245694,-0.0031166318986433892,0.3800238392926406
955,BB_pctB_0.8-1.0 & WilliamsR_gt-50 & EMA9_gt_EMA21,3,4937,49.28093984200932,-0.01166353972682602,-0.014108551192865172,49.260684626291265,0.0776863141226928,-0.006860503103565829,0.3705248860634095
956,BB_pctB_0.8-1.0 & EMA9_gt_EMA21,2,4945,49.22143579373104,-0.012746210913675109,-0.015958295654024755,49.24165824064712,0.07762268646217793,-0.006926327392974154,0.3704471637193874
957,RSI_50_70 & MACD_bull & WilliamsR_gt-50 & ROC10_pos,4,8294,48.79430913913673,-0.020309784882378955,-0.02955656771484711,48.022666988184234,0.0774671715609909,-0.015142857142859916,0.3796458160177038
958,BB_pctB_0.8-1.0 & WilliamsR_gt-50 & EMA9_gt_EMA21 & ROC10_pos,4,4898,49.20375663536137,-0.01482177447909791,-0.016212649947137534,49.24458962841976,0.0772796099834587,-0.006893415248269991,0.3704622548051438
959,RSI_50_70 & WilliamsR_gt-50,2,11281,49.80941405903732,0.013629500547167316,0.0,48.266997606595154,0.0772321959846761,-0.01362918282349498,0.3783220491892342
960,BB_pctB_0.8-1.0 & EMA9_gt_EMA21 & ROC10_pos,3,4906,49.143905421932324,-0.015907902310518734,-0.018266248168420436,49.22543823889116,0.0772161397127428,-0.006942478855570479,0.37038393347113324
961,RSI_50_70 & ROC10_pos,2,10930,49.72552607502288,0.013918273060419015,-0.005896515479318376,48.2067703568161,0.07715058906206818,-0.01418891387502337,0.37876949536905696
962,RSI_50_70 & MACD_bull & WilliamsR_gt-50,3,8675,48.899135446685875,-0.014135253569140353,-0.027137042062412554,47.907780979827095,0.07686217736489909,-0.015321401211777533,0.3800214208954369
963,RSI_50_70 & MACD_bull & ROC10_pos,3,8605,48.82045322486926,-0.015671883133122778,-0.029424127784780655,47.94886693782684,0.07656803421416386,-0.015276673306009389,0.3784825793288921
964,BB_pctB_0.8-1.0 & CCI_gt100 & ROC10_pos,3,4521,49.12629949126299,-0.006446977447888504,-0.01823184274207141,48.92722848927228,0.07629509982038718,-0.00878083853862685,0.3724192149178836
965,BB_pctB_0.8-1.0 & CCI_gt100 & WilliamsR_gt-50 & ROC10_pos,4,4516,49.158547387068204,-0.005827489109689953,-0.016212649947137534,48.93711248892825,0.07624700764952087,-0.00870234733996306,0.37241856681133756
966,BB_pctB_0.8-1.0 & CCI_gt100,2,4545,49.152915291529155,-0.006930831991376539,-0.016467004240250313,48.91089108910891,0.0761413016392021,-0.009431141183269522,0.37234871881423304
967,BB_pctB_0.8-1.0 & CCI_gt100 & WilliamsR_gt-50,3,4540,49.18502202643172,-0.0063151513608507275,-0.0158473221857554,48.920704845814974,0.07609329431881924,-0.009105989860948186,0.37234797656548374
968,RSI_50_70 & MACD_bull,2,9066,48.930068387381425,-0.009666525607574007,-0.026871110601976556,47.78292521508934,0.07544493607306034,-0.016317122384245788,0.378380018231111
969,MACD_bull & BB_pctB_0.8-1.0 & CCI_gt100 & EMA9_gt_EMA21 & ROC10_pos,5,3999,49.0622655663916,-0.005503589408750537,-0.019385480275269963,48.98724681170293,0.07536109702500698,-0.008042993577593574,0.3674753585166425
970,MACD_bull & BB_pctB_0.8-1.0 & CCI_gt100 & WilliamsR_gt-50 & EMA9_gt_EMA21 & ROC10_pos,6,3994,49.09864797195794,-0.004801955388845583,-0.018368615882935167,48.99849774661993,0.0753055501402776,-0.007966881513594279,0.3674682447049494
971,MACD_bull & BB_pctB_0.8-1.0 & CCI_gt100 & EMA9_gt_EMA21,4,4018,49.1040318566451,-0.004914615356072529,-0.018368615882935167,48.954703832752614,0.07513923295734172,-0.008202606305546943,0.36750214464112313
972,MACD_bull & BB_pctB_0.8-1.0 & CCI_gt100 & WilliamsR_gt-50 & EMA9_gt_EMA21,5,4013,49.14029404435584,-0.0042155694687653405,-0.01823184274207141,48.9658609519063,0.07508367263390602,-0.008052016511415672,0.36749506491923767
973,RSI_50_70,1,13601,49.863980589662525,0.01791033584543482,0.0,47.95235644437909,0.07507782351641319,-0.016168193717285027,0.3796060305724774
974,Stoch_bull & EMA9_gt_EMA21,2,2770,48.59205776173285,-0.011974307685505624,-0.022399271053550596,50.28880866425993,0.07496962675867555,0.0023718994031361454,0.3650919844863662
975,RSI_50_70 & WilliamsR_gt-50 & EMA9_gt_EMA21 & ROC10_pos,4,8973,49.73810319848434,0.0059298511098423885,-0.0030771597815363485,48.32274601582525,0.07496632308868964,-0.014428929466511446,0.37457411670456586
976,RSI_50_70 & Stoch_bull & EMA9_gt_EMA21,3,2589,48.744689069138666,-0.0027621476814821207,-0.018878934541587487,50.28968713789108,0.07479067462629349,0.002215140680853148,0.3669907162807992
977,RSI_50_70 & BB_pctB_0.8-1.0 & WilliamsR_gt-50,3,4015,48.567870485678704,-0.04470176094151611,-0.038714672861006626,48.99128268991283,0.07457409463735698,-0.009770397703978594,0.3717030724521288
978,RSI_50_70 & BB_pctB_0.8-1.0,2,4027,48.44797616091383,-0.04885957715224339,-0.04375483827538469,48.94462378942141,0.0744326772139341,-0.01048676805173216,0.37164606151231794
979,RSI_50_70 & BB_pctB_0.8-1.0 & WilliamsR_gt-50 & ROC10_pos,4,3970,48.4382871536524,-0.04875205937933325,-0.04391598663080874,48.96725440806045,0.07416991552274914,-0.00983783922838722,0.37176360238096995
980,RSI_50_70 & EMA9_gt_EMA21 & ROC10_pos,3,9738,49.938385705483675,0.016309897332215825,0.0,48.19264736085439,0.07415353579697073,-0.015142857142859916,0.3759004347313087
981,RSI_50_70 & BB_pctB_0.8-1.0 & ROC10_pos,3,3982,48.31742842792566,-0.052944656641850815,-0.05107574715744932,48.92014063284781,0.07402811798012017,-0.010540292132281845,0.3717056193951058
982,RSI_50_70 & MACD_bull & WilliamsR_gt-50 & EMA9_gt_EMA21 & ROC10_pos,5,7318,48.93413500956545,-0.021759434763051155,-0.02329765065999076,48.04591418420333,0.07376123765586431,-0.016207079592643833,0.3747321948073961
983,BB_pctB_0.8-1.0 & CCI_gt100 & EMA9_gt_EMA21 & ROC10_pos,4,4290,49.184149184149184,-0.0011661962392125577,-0.015723633903124805,48.88111888111888,0.07337711079702133,-0.009568369038739442,0.36500731460993
984,BB_pctB_0.8-1.0 & CCI_gt100 & WilliamsR_gt-50 & EMA9_gt_EMA21 & ROC10_pos,5,4285,49.218203033838975,-0.0005071499751873491,-0.014108551192865172,48.89148191365227,0.07332302113803672,-0.009431141183269522,0.36499746162379065
985,BB_pctB_0.8-1.0 & CCI_gt100 & EMA9_gt_EMA21,3,4311,49.2229181164463,-0.0005616456063852076,-0.014108551192865172,48.8517745302714,0.07327539027411036,-0.009738305528309395,0.3650407687656553
986,BB_pctB_0.8-1.0 & CCI_gt100 & WilliamsR_gt-50 & EMA9_gt_EMA21,4,4306,49.25685090571296,9.488853075185009e-05,-0.013307908311241741,48.862052949372966,0.07322144629097899,-0.009721951211259378,0.36503098856247607
987,RSI_50_70 & WilliamsR_gt-50 & EMA9_gt_EMA21,3,9895,49.86356745831228,0.008500847280421404,0.0,48.13542193026781,0.07317622844407436,-0.015276673306009389,0.3745364503923089
988,RSI_50_70 & MACD_bull & EMA9_gt_EMA21 & ROC10_pos,4,7610,48.98817345597897,-0.01473886831591666,-0.021680304965027108,47.96320630749015,0.07289183768478145,-0.016331852617023676,0.37373224355060797
989,RSI_50_70 & MACD_bull & WilliamsR_gt-50 & EMA9_gt_EMA21,4,7614,48.962437614919885,-0.019888744732708515,-0.02329765065999076,47.87234042553192,0.07285777858141619,-0.016629610242520784,0.3752040890746029
990,RSI_50_70 & BB_pctB_0.8-1.0 & WilliamsR_gt-50 & EMA9_gt_EMA21,4,3707,48.637712435932016,-0.03926182661164031,-0.03076923076922465,49.096304289182626,0.07281681512062638,-0.009129912476410939,0.3670334369805476
991,RSI_50_70 & BB_pctB_0.8-1.0 & EMA9_gt_EMA21,3,3715,48.559892328398384,-0.040643528556159894,-0.035969458659651635,49.07133243606999,0.07274260710199125,-0.009431141183269522,0.36693549539238557
992,RSI_50_70 & MACD_bull & BB_pctB_0.8-1.0 & WilliamsR_gt-50,4,3664,48.36244541484716,-0.05111748437098364,-0.04939905361684323,48.635371179039296,0.07273469110705481,-0.011430274947103917,0.37038595168343985
993,RSI_50_70 & MACD_bull & BB_pctB_0.8-1.0 & WilliamsR_gt-50 & ROC10_pos,5,3631,48.3062517212889,-0.05302616649741303,-0.051361068310210645,48.6367391903057,0.07272363471698266,-0.011421419072217564,0.370516987660473
994,RSI_50_70 & MACD_bull & BB_pctB_0.8-1.0,3,3674,48.25802939575395,-0.05518022135727916,-0.05347289769782096,48.58464888405008,0.07264579056938787,-0.01167994343196943,0.3704167107060859
995,RSI_50_70 & MACD_bull & BB_pctB_0.8-1.0 & ROC10_pos,4,3641,48.20104366932161,-0.05712048368125962,-0.055224210293805344,48.58555341939027,0.07263395880061692,-0.011673563434587026,0.3705476519154381
996,RSI_50_70 & BB_pctB_0.8-1.0 & WilliamsR_gt-50 & EMA9_gt_EMA21 & ROC10_pos,5,3668,48.527808069792805,-0.043772559164839735,-0.03817328615845986,49.07306434023992,0.07222195488751593,-0.00928052682984023,0.3669039629289912
997,RSI_50_70 & BB_pctB_0.8-1.0 & EMA9_gt_EMA21 & ROC10_pos,4,3676,48.449401523395,-0.045159103469373095,-0.03905788804594662,49.047878128400434,0.07214825415101846,-0.009568369038739442,0.3668051086717784
998,RSI_50_70 & MACD_bull & ADX_gt25 & Stoch_bull & VolRatio_gt1.2 & WilliamsR_gt-50 & EMA9_gt_EMA21,7,35,42.857142857142854,0.12703137270948167,-0.3170942634765091,48.57142857142857,0.07196149995259717,-0.0015920524740480966,0.39004945390093804
999,RSI_50_70 & EMA9_gt_EMA21,2,11984,49.86648865153538,0.01693292835529461,0.0,47.79706275033378,0.07166454321375884,-0.0171823338379389,0.37681274479963695
1000,RSI_50_70 & MACD_bull & ADX_gt25 & Stoch_bull & VolRatio_gt1.2 & EMA9_gt_EMA21,6,37,40.54054054054054,0.04961682985157501,-0.3170942634765091,51.35135135135135,0.07165888567429854,0.034599162496791944,0.37943511969582533
1001,RSI_50_70 & MACD_bull & EMA9_gt_EMA21,3,7969,49.014932864851296,-0.013228109799664106,-0.021899408715965497,47.747521646379724,0.07152153426317032,-0.017104873321346192,0.3738476049450773
1002,RSI_50_70 & MACD_bull & BB_pctB_0.8-1.0 & WilliamsR_gt-50 & EMA9_gt_EMA21,5,3358,48.421679571173314,-0.04686212849850864,-0.03998893039989177,48.74925550923169,0.07077826082880315,-0.011268961870587946,0.3650171668935259
1003,RSI_50_70 & MACD_bull & BB_pctB_0.8-1.0 & EMA9_gt_EMA21,4,3364,48.36504161712247,-0.04785013922539773,-0.04297042009646773,48.721759809750296,0.07076562923870816,-0.011336964969898458,0.36500954890729637
1004,RSI_50_70 & MACD_bull & BB_pctB_0.8-1.0 & WilliamsR_gt-50 & EMA9_gt_EMA21 & ROC10_pos,6,3330,48.37837837837838,-0.04919756326749087,-0.04129502116079875,48.73873873873874,0.07051722521186682,-0.011268961870587946,0.3649837189164982
1005,RSI_50_70 & MACD_bull & BB_pctB_0.8-1.0 & EMA9_gt_EMA21 & ROC10_pos,5,3336,48.32134292565947,-0.050189666228114674,-0.04391598663080874,48.71103117505996,0.07050495708975116,-0.011336964969898458,0.36497608751993
1006,RSI_50_70 & MACD_bull & BB_pctB_0.8-1.0 & CCI_gt100 & ROC10_pos,5,3149,48.39631629088599,-0.036699221458081854,-0.04218600191755077,48.58685296919657,0.07037890649991431,-0.011373696872496168,0.3668814729575141
1007,RSI_50_70 & MACD_bull & BB_pctB_0.8-1.0 & CCI_gt100 & WilliamsR_gt-50 & ROC10_pos,6,3144,48.44147582697201,-0.035857507680965545,-0.03998893039989177,48.60050890585242,0.07030041883762594,-0.011336964969898458,0.36687046083267577
1008,RSI_50_70 & MACD_bull & BB_pctB_0.8-1.0 & CCI_gt100,4,3171,48.438978240302745,-0.03728776185512567,-0.04040404040404672,48.56512141280353,0.07007040526570839,-0.011405586256164727,0.36682004952678016
1009,RSI_50_70 & MACD_bull & BB_pctB_0.8-1.0 & CCI_gt100 & WilliamsR_gt-50,5,3166,48.48389134554643,-0.03645282647506615,-0.039487461813311725,48.57864813644978,0.06999197579116459,-0.011389641564330448,0.36680894927407054
1010,RSI_50_70 & BB_pctB_0.8-1.0 & CCI_gt100 & ROC10_pos,4,3390,48.43657817109144,-0.03485744373470391,-0.039487461813311725,48.73156342182891,0.0699750153462992,-0.011175347808389639,0.3653425265958396
1011,RSI_50_70 & BB_pctB_0.8-1.0 & CCI_gt100 & WilliamsR_gt-50 & ROC10_pos,5,3385,48.47858197932054,-0.03407293649574657,-0.038714672861006626,48.74446085672083,0.06990151913773118,-0.011113004942904138,0.3653298968906811
1012,RSI_50_70 & BB_pctB_0.8-1.0 & CCI_gt100,3,3414,48.476859988283536,-0.035301868957102724,-0.03905788804594662,48.7111892208553,0.06981469586589263,-0.011268961870587946,0.36529394458909137
1013,RSI_50_70 & BB_pctB_0.8-1.0 & CCI_gt100 & WilliamsR_gt-50,4,3409,48.518627163391024,-0.03452353663743167,-0.03842459173870695,48.72396597242593,0.06974148194292261,-0.011237690673875141,0.36528129879348475
1014,MACD_bull & ADX_gt25 & Stoch_bull & VolRatio_gt1.2 & WilliamsR_gt-50 & EMA9_gt_EMA21,6,37,40.54054054054054,0.020699835268651347,-0.32846715328466325,45.94594594594595,0.0674926992186068,-0.004641211323238682,0.3798240901846007
1015,MACD_bull & ADX_gt25 & Stoch_bull & VolRatio_gt1.2 & EMA9_gt_EMA21,5,39,38.46153846153847,-0.04729183167649963,-0.32846715328466325,48.717948717948715,0.06743477288965632,-0.0015920524740480966,0.37002684871032765
1016,RSI_50_70 & MACD_bull & BB_pctB_0.8-1.0 & CCI_gt100 & EMA9_gt_EMA21 & ROC10_pos,6,2939,48.41782919360327,-0.02975750459819567,-0.038714672861006626,48.55392990813201,0.06677211260108226,-0.011405586256164727,0.3584941345335885
1017,RSI_50_70 & MACD_bull & BB_pctB_0.8-1.0 & CCI_gt100 & WilliamsR_gt-50 & EMA9_gt_EMA21 & ROC10_pos,7,2934,48.466257668711656,-0.028843715675375928,-0.03838260489472843,48.56850715746421,0.06668186066525104,-0.011389641564330448,0.3584667174628908
1018,RSI_50_70 & BB_pctB_0.8-1.0 & CCI_gt100 & EMA9_gt_EMA21 & ROC10_pos,5,3179,48.47436300723498,-0.02698345015894459,-0.0380059542661698,48.69455803711859,0.06653919093873756,-0.01130023306730075,0.3574882588848848
1019,RSI_50_70 & MACD_bull & BB_pctB_0.8-1.0 & CCI_gt100 & EMA9_gt_EMA21,5,2958,48.478701825557806,-0.02880168237633643,-0.03838260489472843,48.51250845165652,0.06652591276341342,-0.011547491253402296,0.35858328188848143
1020,RSI_50_70 & BB_pctB_0.8-1.0 & CCI_gt100 & WilliamsR_gt-50 & EMA9_gt_EMA21 & ROC10_pos,6,3174,48.519218651543795,-0.026134386840813085,-0.03424277706345766,48.70825456836799,0.06645539642454709,-0.011268961870587946,0.3574612030248039
1021,RSI_50_70 & BB_pctB_0.8-1.0 & CCI_gt100 & EMA9_gt_EMA21,4,3200,48.53125,-0.025999581374434252,-0.03424277706345766,48.65625,0.06644702817084838,-0.011389641564330448,0.357581943993743
1022,RSI_50_70 & MACD_bull & BB_pctB_0.8-1.0 & CCI_gt100 & WilliamsR_gt-50 & EMA9_gt_EMA21,6,2953,48.52692177446664,-0.027892154502762972,-0.0380059542661698,48.52692177446664,0.06643582465677031,-0.011421419072217564,0.3585561371917337
1023,RSI_50_70 & BB_pctB_0.8-1.0 & CCI_gt100 & WilliamsR_gt-50 & EMA9_gt_EMA21,5,3195,48.575899843505475,-0.025154559053410165,-0.03210616438356286,48.6697965571205,0.06636364018903931,-0.011373696872496168,0.3575551981737667
